ABloss,Bobloss,Eveloss
9.165822982788086,8.243820813085351,10.243876457214355
9.12928295135498,8.128537917010751,10.238313674926758
9.174782752990723,8.232210513437167,10.18530559539795
9.195564270019531,8.291982821488222,10.267745971679688
9.15414810180664,8.164917445641809,10.309638977050781
9.100669860839844,8.210619541350752,10.201502799987793
9.097167015075684,8.173982221766241,10.27025318145752
9.077482223510742,8.163020535738074,10.277841567993164
9.057053565979004,8.108307306089305,10.326101303100586
9.08432388305664,8.113959582954912,10.252155303955078
9.085206985473633,8.108885754565044,10.24683952331543
9.112936973571777,8.155147225296657,10.283077239990234
9.060320854187012,8.202771045899551,10.2560453414917
9.083721160888672,8.10856749546448,10.323397636413574
9.029693603515625,8.134075355815835,10.201179504394531
9.139165878295898,8.124771081410081,10.414018630981445
9.094596862792969,8.172130638500676,10.240483283996582
9.017702102661133,8.08551966808071,10.316431045532227
9.042672157287598,8.121577882673591,10.320384979248047
9.01484489440918,8.120090467156842,10.303906440734863
9.047683715820312,8.158920778094657,10.353654861450195
9.086723327636719,8.16759355342947,10.432710647583008
8.969514846801758,7.998523337467175,10.300324440002441
8.999616622924805,8.010560846288822,10.374931335449219
9.094897270202637,8.112006412220321,10.318914413452148
9.098706245422363,8.184125981227096,10.334833145141602
9.092514038085938,8.11391637005311,10.34528923034668
9.089990615844727,8.177468484034762,10.250831604003906
9.055293083190918,8.142202864467565,10.344501495361328
9.061219215393066,8.137725460143493,10.350004196166992
8.990180015563965,8.138009675013434,10.361063003540039
9.022939682006836,8.05201290793983,10.362543106079102
9.031322479248047,8.099070869286411,10.381524085998535
9.133797645568848,8.190433766559831,10.329906463623047
9.028989791870117,8.10129040699186,10.382735252380371
9.020926475524902,8.138895699920665,10.407392501831055
9.118913650512695,8.198740332420648,10.3583984375
8.967276573181152,8.058823028346524,10.39840030670166
9.083990097045898,8.187219831094676,10.40925407409668
9.054919242858887,8.133341963103572,10.409037590026855
9.087825775146484,8.16689180413128,10.415714263916016
8.998563766479492,8.065962317998387,10.314986228942871
8.96247386932373,8.045977401114733,10.323724746704102
9.025805473327637,8.071539667767606,10.32602596282959
9.013355255126953,8.039835738084678,10.386545181274414
8.9614896774292,8.06496257388166,10.463587760925293
9.01705265045166,8.078870827631492,10.330221176147461
9.021037101745605,8.13715271518699,10.361127853393555
9.02031421661377,8.114319372589566,10.364615440368652
9.03115177154541,8.104009064313557,10.34337043762207
9.016119003295898,8.124860046431422,10.351375579833984
9.002420425415039,8.090847299933168,10.353910446166992
8.993260383605957,8.118273044204605,10.412276268005371
9.060571670532227,8.166964467980767,10.445566177368164
9.001873970031738,8.099687544030271,10.485326766967773
9.05337142944336,8.15849077319061,10.45663070678711
9.0189790725708,8.11844930661443,10.346783638000488
9.00471019744873,8.082755443872884,10.42367172241211
9.01903247833252,8.113584764168731,10.456792831420898
9.048401832580566,8.170312054754634,10.49141788482666
9.030570030212402,8.128759497510535,10.522876739501953
9.011886596679688,8.155989423593773,10.449651718139648
8.963850021362305,8.101949346983538,10.510457992553711
8.931726455688477,8.106826869637839,10.48231315612793
9.033224105834961,8.144654154311866,10.536325454711914
9.010957717895508,8.15373510421653,10.39836311340332
9.048008918762207,8.206167380092666,10.430559158325195
9.011484146118164,8.066938861772153,10.396087646484375
9.044635772705078,8.160878197788925,10.509817123413086
8.950881004333496,8.121939975136359,10.423532485961914
8.930554389953613,8.074658696839053,10.478943824768066
8.951349258422852,8.124338928144425,10.444686889648438
8.94105052947998,8.094713666176954,10.386767387390137
9.07311725616455,8.181663862828698,10.516579627990723
8.95003890991211,8.118153546570934,10.457992553710938
8.881032943725586,8.06530117912085,10.462715148925781
8.898239135742188,8.080995302015383,10.463738441467285
9.030409812927246,8.169714624993503,10.427491188049316
9.029550552368164,8.1537195556531,10.407129287719727
8.971209526062012,8.149034221157699,10.448861122131348
9.027548789978027,8.1753031651689,10.498046875
9.024757385253906,8.133268667451505,10.498836517333984
9.010971069335938,8.16516667813994,10.480123519897461
9.062418937683105,8.172868696407281,10.542454719543457
8.970942497253418,8.170116130162828,10.388903617858887
8.879164695739746,8.040375950546668,10.452960014343262
9.005029678344727,8.167887916189752,10.493730545043945
8.982336044311523,8.101763519225642,10.490546226501465
8.94731616973877,8.10144268019524,10.53972053527832
8.901315689086914,8.041479411934104,10.422707557678223
8.949971199035645,8.086254129186273,10.419608116149902
9.003649711608887,8.140235820319504,10.522998809814453
9.033098220825195,8.199642848389756,10.39355182647705
8.931516647338867,8.095249537045934,10.471430778503418
9.031394958496094,8.14718696365266,10.53494930267334
8.985355377197266,8.135584315584442,10.499222755432129
8.972877502441406,8.12812742301529,10.44131088256836
8.962180137634277,8.092712312737214,10.499420166015625
8.916387557983398,8.039115762703918,10.546642303466797
8.93796443939209,8.150460272428713,10.529740333557129
8.922028541564941,8.086904053975429,10.63450813293457
8.99193000793457,8.196936618802802,10.499221801757812
8.97628116607666,8.104315067109253,10.484325408935547
8.957767486572266,8.114929491155117,10.485538482666016
8.967193603515625,8.155427982598276,10.444929122924805
8.986092567443848,8.10690749566337,10.475833892822266
8.942300796508789,8.146264884255029,10.534930229187012
8.905863761901855,8.119623998180032,10.493035316467285
9.014939308166504,8.154462072965025,10.473777770996094
8.95351505279541,8.098892694172848,10.58880615234375
8.891334533691406,8.107826867240615,10.479073524475098
8.9050874710083,8.073965457035229,10.424551010131836
8.948981285095215,8.149743999886727,10.448528289794922
8.927072525024414,8.159523150617524,10.362726211547852
8.998745918273926,8.166063242425611,10.422405242919922
9.039548873901367,8.180401588956427,10.446573257446289
8.885432243347168,8.044151540646062,10.461527824401855
8.99704360961914,8.170454809242594,10.551826477050781
8.864900588989258,8.094164852185973,10.43630313873291
8.883606910705566,8.060069787515594,10.476791381835938
8.872682571411133,8.140305985330738,10.547060012817383
8.920611381530762,8.138006440031209,10.534833908081055
8.980875968933105,8.164199417091108,10.475297927856445
8.884689331054688,8.101487252994309,10.539512634277344
8.971580505371094,8.148895483962926,10.485278129577637
8.829915046691895,8.005106557759323,10.47300910949707
8.949929237365723,8.128694109851494,10.467960357666016
8.956930160522461,8.136974537977949,10.576656341552734
8.888338088989258,8.140477142363254,10.491111755371094
8.942278861999512,8.094565800657229,10.603374481201172
8.942117691040039,8.158248530534495,10.535679817199707
8.870168685913086,8.07744471668931,10.502731323242188
8.898025512695312,8.098114721942693,10.550361633300781
8.854072570800781,8.054028121089296,10.612659454345703
9.01803970336914,8.193509250380366,10.387384414672852
8.886004447937012,8.087054882564448,10.467792510986328
8.898442268371582,8.153746410239755,10.432666778564453
8.918871879577637,8.10938523423725,10.436649322509766
8.89818000793457,8.114048053177871,10.480513572692871
8.892782211303711,8.113803538194459,10.528302192687988
8.86497974395752,8.104719252026241,10.511430740356445
8.87087345123291,8.089474547887221,10.589271545410156
8.881926536560059,8.107100496434473,10.511455535888672
8.939155578613281,8.147963656977351,10.498827934265137
8.920817375183105,8.152576540729829,10.518656730651855
8.921311378479004,8.129785154447225,10.527542114257812
8.915689468383789,8.117865882880453,10.538185119628906
8.903565406799316,8.150879993901722,10.51685905456543
8.832935333251953,8.082663480890915,10.52513313293457
8.95861530303955,8.166624245466664,10.541845321655273
8.922857284545898,8.095182066483954,10.567482948303223
8.937020301818848,8.154195197758131,10.604223251342773
8.911492347717285,8.166795151640793,10.473926544189453
8.869645118713379,8.03711374716035,10.53303050994873
8.882261276245117,8.079589074710384,10.525995254516602
8.881099700927734,8.077766986264447,10.511528015136719
8.942610740661621,8.143078301135183,10.465657234191895
8.845813751220703,8.064062557914959,10.45680046081543
8.897381782531738,8.108272690525546,10.528512001037598
8.902078628540039,8.141665403598122,10.691658973693848
8.87487506866455,8.103260330789324,10.555069923400879
8.86440372467041,8.142135989985295,10.467737197875977
8.933354377746582,8.203046399767379,10.421797752380371
8.860621452331543,8.079523244440288,10.54273796081543
8.937514305114746,8.195474923322244,10.595033645629883
8.937346458435059,8.175482025336741,10.543601036071777
8.833856582641602,8.09485292800569,10.486284255981445
8.916533470153809,8.163899510001231,10.626324653625488
8.804731369018555,8.098680919734761,10.462573051452637
8.87409782409668,8.173157266075059,10.602899551391602
8.83858585357666,8.111551436695404,10.478812217712402
8.881743431091309,8.162386091692106,10.525728225708008
8.936464309692383,8.18392262853948,10.552366256713867
8.854491233825684,8.101823837097202,10.494050025939941
8.83915901184082,8.1200657014602,10.441608428955078
8.932072639465332,8.163670338523973,10.560735702514648
8.897818565368652,8.117187604374651,10.594561576843262
8.81860065460205,8.088490742425035,10.504260063171387
8.89167594909668,8.124412973211813,10.604321479797363
8.880989074707031,8.155426355078816,10.670202255249023
8.830438613891602,8.099799885880202,10.53848934173584
8.859904289245605,8.117983519532052,10.60063648223877
8.862367630004883,8.124289526969992,10.567994117736816
8.87673282623291,8.147371752919364,10.51009750366211
8.8983736038208,8.1338866292499,10.56851577758789
8.823041915893555,8.110594911733642,10.51878547668457
8.849595069885254,8.099730070148196,10.558319091796875
8.758807182312012,8.084192185463117,10.494282722473145
8.879106521606445,8.17989614855365,10.574408531188965
8.725852966308594,8.09004790538789,10.494454383850098
8.789973258972168,8.040467278832304,10.498270034790039
8.888923645019531,8.205137907860003,10.509815216064453
8.832011222839355,8.13339730455274,10.49377727508545
8.907495498657227,8.184392798259587,10.472799301147461
8.852778434753418,8.118776558133375,10.526578903198242
8.869938850402832,8.13623259738753,10.520941734313965
8.792169570922852,8.046269942706983,10.504032135009766
8.810981750488281,8.03714653746491,10.58776569366455
8.859766960144043,8.185812572749064,10.524490356445312
8.808101654052734,8.10837902314961,10.480247497558594
8.770689010620117,8.076137704508644,10.569565773010254
8.834534645080566,8.091763600906624,10.610158920288086
8.848224639892578,8.138350599013002,10.493995666503906
8.828524589538574,8.100248619448394,10.459877014160156
8.784502029418945,8.052538581658155,10.469366073608398
8.903421401977539,8.16794012975879,10.570693969726562
8.794896125793457,8.107628622757538,10.642252922058105
8.839679718017578,8.113295352019902,10.552392959594727
8.874184608459473,8.1306168614288,10.517436981201172
8.795320510864258,8.095970785345084,10.521635055541992
8.852089881896973,8.15688823595909,10.470975875854492
8.788846969604492,8.074436906259507,10.588530540466309
8.842381477355957,8.124374475197069,10.520453453063965
8.870184898376465,8.15031202021055,10.498798370361328
8.82761001586914,8.14683172502555,10.526106834411621
8.75487232208252,8.010669829323888,10.697999954223633
8.806903839111328,8.078083862816648,10.457364082336426
8.786992073059082,8.125541158053759,10.488189697265625
8.827848434448242,8.118885476774137,10.482839584350586
8.79834270477295,8.104978447813274,10.550994873046875
8.818033218383789,8.127217820246837,10.570662498474121
8.837464332580566,8.158558646117203,10.458375930786133
8.774747848510742,8.139609736556718,10.543460845947266
8.818556785583496,8.143354183628357,10.499353408813477
8.794591903686523,8.144707089090454,10.478981018066406
8.809081077575684,8.09125897913639,10.452020645141602
8.87054443359375,8.146066738858021,10.497101783752441
8.820151329040527,8.090495303472771,10.569581031799316
8.813822746276855,8.114974620718774,10.548369407653809
8.890121459960938,8.216421735206884,10.619650840759277
8.899409294128418,8.186217455293185,10.581679344177246
8.817193984985352,8.127433268785742,10.57029914855957
8.785822868347168,8.118345462085147,10.510377883911133
8.771174430847168,8.096345169968638,10.553969383239746
8.771991729736328,8.07777654329714,10.541596412658691
8.713128089904785,8.100462557415344,10.546005249023438
8.797870635986328,8.053381919262133,10.578896522521973
8.735639572143555,8.099687592093167,10.59675407409668
8.804349899291992,8.111063239730097,10.556564331054688
8.770153999328613,8.093040217445898,10.557595252990723
8.780357360839844,8.069726088217326,10.584988594055176
8.753532409667969,8.074634283581481,10.569025993347168
8.719106674194336,8.063090328359976,10.503254890441895
8.794686317443848,8.12046176770569,10.519505500793457
8.794429779052734,8.100047704431095,10.556414604187012
8.814452171325684,8.130906977890325,10.568465232849121
8.746243476867676,7.9957706512816795,10.545724868774414
8.82766056060791,8.103059433733247,10.5514554977417
8.776304244995117,8.118331815182632,10.427780151367188
8.841461181640625,8.148363811562636,10.648530960083008
8.857037544250488,8.116398020647466,10.607585906982422
8.758520126342773,8.077629508849766,10.49206829071045
8.755583763122559,8.028767561373702,10.487619400024414
8.850505828857422,8.214987552126072,10.510734558105469
8.788987159729004,8.098828881014406,10.585492134094238
8.772214889526367,8.074364697959806,10.628830909729004
8.852995872497559,8.136455234705604,10.631939888000488
8.815675735473633,8.124418111950424,10.494524002075195
8.788827896118164,8.123901602213405,10.543283462524414
8.8337984085083,8.155704045901075,10.595684051513672
8.770745277404785,8.138742823652658,10.411477088928223
8.87946605682373,8.161866954328225,10.530457496643066
8.772515296936035,8.095405022879795,10.553638458251953
8.830406188964844,8.122157471487299,10.560102462768555
8.78967571258545,8.087550024801333,10.569253921508789
8.81782054901123,8.134335303712371,10.527377128601074
8.749042510986328,8.066737667025466,10.47166633605957
8.775179862976074,8.103227211694632,10.533516883850098
8.757946014404297,8.087083646861304,10.561063766479492
8.793100357055664,8.115387300528319,10.543573379516602
8.815779685974121,8.162402425826128,10.51445484161377
8.705511093139648,8.054037270335746,10.511222839355469
8.833780288696289,8.16127149604394,10.532445907592773
8.790849685668945,8.105569254008255,10.550024032592773
8.849747657775879,8.168161424874727,10.494723320007324
8.764639854431152,8.079193263913371,10.490486145019531
8.796183586120605,8.153455775497214,10.506163597106934
8.770909309387207,8.063921403505706,10.563248634338379
8.771724700927734,8.12812172588227,10.542295455932617
8.72044563293457,8.020297439369772,10.51101016998291
8.76426887512207,8.079969940474257,10.546197891235352
8.786856651306152,8.131511295713217,10.49460506439209
8.761836051940918,8.121207742386366,10.526481628417969
8.789002418518066,8.134542461351625,10.521378517150879
8.831122398376465,8.159816000078406,10.461173057556152
8.77464485168457,8.105388676814204,10.585325241088867
8.779088973999023,8.125533865299076,10.567557334899902
8.812949180603027,8.176775562876303,10.54281997680664
8.819229125976562,8.185340126111571,10.509256362915039
8.821564674377441,8.148402018771906,10.502283096313477
8.779640197753906,8.153618125411283,10.536214828491211
8.663017272949219,8.034252384344914,10.476414680480957
8.714696884155273,8.055727434145021,10.51220703125
8.7550687789917,8.111594600336893,10.482365608215332
8.722088813781738,8.127831890513855,10.56911849975586
8.6651611328125,8.070098095207609,10.602972984313965
8.750445365905762,8.086763692919964,10.479718208312988
8.698108673095703,8.006631875976122,10.500208854675293
8.750972747802734,8.102135187680167,10.553592681884766
8.79688835144043,8.120489754880378,10.3878812789917
8.758158683776855,8.104567065469123,10.406920433044434
8.763057708740234,8.123411418537476,10.46317195892334
8.718921661376953,8.122589919117413,10.625909805297852
8.737733840942383,8.104999552214784,10.491265296936035
8.72598648071289,8.112012260393904,10.481658935546875
8.800933837890625,8.122740388615057,10.429420471191406
8.708984375,8.047689706319943,10.572431564331055
8.800914764404297,8.153190711413377,10.504283905029297
8.780378341674805,8.172357475518115,10.576623916625977
8.709416389465332,8.087460174591147,10.555535316467285
8.690797805786133,8.063689264601894,10.524478912353516
8.706379890441895,8.080787638368617,10.529324531555176
8.763254165649414,8.164083017967641,10.464356422424316
8.688169479370117,8.113703875569627,10.559389114379883
8.693225860595703,8.057544853305444,10.50289535522461
8.713334083557129,8.074421298157956,10.383764266967773
8.763656616210938,8.090048819713827,10.398709297180176
8.730101585388184,8.119550501495334,10.49365234375
8.706809043884277,8.00579123724518,10.502130508422852
8.754685401916504,8.11732889189651,10.51539421081543
8.636263847351074,7.979768795393674,10.469104766845703
8.780330657958984,8.164723364203903,10.52700138092041
8.580459594726562,7.9628434106042345,10.442180633544922
8.734254837036133,8.084999968929749,10.512626647949219
8.789960861206055,8.066380216573764,10.528284072875977
8.831214904785156,8.182975731823328,10.553506851196289
8.750321388244629,8.099349616993484,10.617929458618164
8.715988159179688,8.037849615328014,10.514440536499023
8.74300765991211,8.07916022860445,10.579733848571777
8.805861473083496,8.139597559148179,10.504690170288086
8.67047119140625,8.028911732336772,10.535431861877441
8.720264434814453,8.10026903254246,10.448891639709473
8.797533988952637,8.16048238253487,10.423837661743164
8.76102066040039,8.086617397776406,10.469856262207031
8.673216819763184,8.07154075418865,10.54715633392334
8.71788501739502,8.112907565365147,10.52408504486084
8.694411277770996,8.08250621110866,10.442571640014648
8.690978050231934,8.029907276488043,10.648930549621582
8.644570350646973,8.04260902569097,10.524210929870605
8.692508697509766,8.120881680033303,10.383745193481445
8.702014923095703,8.049404465227521,10.470733642578125
8.73898696899414,8.134772911800871,10.590227127075195
8.71138858795166,8.124711978082944,10.549488067626953
8.728507041931152,8.118905402453883,10.522260665893555
8.843561172485352,8.148460248352162,10.470191955566406
8.700697898864746,8.077638046050977,10.553120613098145
8.749491691589355,8.085178940989342,10.605981826782227
8.70034408569336,8.063869650575466,10.498244285583496
8.703121185302734,8.059454306494445,10.545633316040039
8.775821685791016,8.19419509312138,10.530317306518555
8.715704917907715,8.094052007554897,10.39437484741211
8.675469398498535,8.090146338799968,10.532219886779785
8.68053150177002,8.094840730274361,10.35632610321045
8.691126823425293,8.0093723419455,10.531501770019531
8.73864459991455,8.101044453214854,10.6033935546875
8.757797241210938,8.143658387474716,10.490848541259766
8.725072860717773,8.135085879558964,10.426933288574219
8.673019409179688,8.068587567490924,10.551864624023438
8.649188041687012,8.050444681263928,10.47804069519043
8.758166313171387,8.148486887603733,10.4896240234375
8.653562545776367,8.016513819673232,10.434317588806152
8.721339225769043,8.10709106010784,10.498382568359375
8.746830940246582,8.077286378713325,10.560733795166016
8.699878692626953,8.068432820694786,10.436158180236816
8.728017807006836,8.1157309145201,10.53610610961914
8.630624771118164,8.034283672758777,10.591489791870117
8.752023696899414,8.090070587050702,10.431195259094238
8.704305648803711,8.084688836243004,10.454813957214355
8.720455169677734,8.108981179239759,10.50951099395752
8.667671203613281,8.083245702620063,10.450040817260742
8.637593269348145,8.046199913169922,10.475210189819336
8.712348937988281,8.126336297153362,10.578012466430664
8.83773136138916,8.220223145193554,10.470345497131348
8.761922836303711,8.16023765457794,10.529349327087402
8.622992515563965,8.039719885048855,10.482230186462402
8.7537841796875,8.122064418358995,10.476655006408691
8.731164932250977,8.134824290173128,10.480706214904785
8.630541801452637,8.05200830650782,10.475831031799316
8.743453979492188,8.124796506749199,10.496520042419434
8.75163745880127,8.144137336340334,10.411762237548828
8.764598846435547,8.08319453895092,10.485437393188477
8.68660831451416,8.083897728971872,10.508121490478516
8.737578392028809,8.138389684226631,10.474349975585938
8.708629608154297,8.122319339242365,10.469390869140625
8.698925018310547,8.092157200411227,10.492918968200684
8.681361198425293,8.079414362420462,10.563992500305176
8.711674690246582,8.10481854315315,10.428637504577637
8.673043251037598,8.057286909515305,10.460895538330078
8.737943649291992,8.098128050964858,10.516502380371094
8.613653182983398,7.980824719748593,10.50938606262207
8.738429069519043,8.140026026937578,10.466815948486328
8.730622291564941,8.126509921192856,10.5672607421875
8.68508243560791,8.10499833171655,10.508060455322266
8.696672439575195,8.118239006360195,10.550620079040527
8.655430793762207,8.053533224322436,10.496856689453125
8.72850513458252,8.12763444587056,10.508310317993164
8.735455513000488,8.169650511649836,10.496156692504883
8.743165969848633,8.137107908759,10.531776428222656
8.688743591308594,8.132138260008235,10.534549713134766
8.723785400390625,8.092820608256652,10.421985626220703
8.658719062805176,8.071164835510508,10.454959869384766
8.744635581970215,8.13695415851128,10.513526916503906
8.678112030029297,8.066602792823687,10.487516403198242
8.665487289428711,8.074852918075132,10.422035217285156
8.77226448059082,8.119571099789548,10.456419944763184
8.723190307617188,8.121113018299054,10.430996894836426
8.724688529968262,8.114715286131418,10.520941734313965
8.728428840637207,8.149994445399248,10.478219985961914
8.623096466064453,8.101859032642096,10.607924461364746
8.703027725219727,8.102833622035437,10.497507095336914
8.766098976135254,8.136528589130778,10.54948616027832
8.75815200805664,8.163931225526278,10.594144821166992
8.713301658630371,8.144335099662255,10.507506370544434
8.682076454162598,8.102132730618385,10.556290626525879
8.630716323852539,8.073752456976633,10.46989631652832
8.724488258361816,8.152657209562935,10.495122909545898
8.696968078613281,8.10618264763616,10.410989761352539
8.640654563903809,8.099063488920885,10.49549674987793
8.599414825439453,8.041974053319011,10.476771354675293
8.700047492980957,8.104721580698556,10.431905746459961
8.7080659866333,8.125022949052177,10.483572959899902
8.668160438537598,8.042040565450277,10.54599666595459
8.674592971801758,8.136197860652048,10.492036819458008
8.664565086364746,8.144911162788048,10.510795593261719
8.66392707824707,8.059360163452636,10.452594757080078
8.737835884094238,8.139857968082651,10.463171005249023
8.646403312683105,8.026213279060487,10.464247703552246
8.630500793457031,8.108785010874273,10.513798713684082
8.76091194152832,8.119724390762192,10.552658081054688
8.670414924621582,8.106847376363085,10.48206615447998
8.641796112060547,8.047691651852801,10.491877555847168
8.630099296569824,8.062591734076186,10.527761459350586
8.650425910949707,8.077086860546842,10.517576217651367
8.66529655456543,8.127250487749864,10.553581237792969
8.622111320495605,8.033136008972567,10.485159873962402
8.67068099975586,8.068347852677107,10.542388916015625
8.618611335754395,8.083134619053453,10.457924842834473
8.627127647399902,8.049621797000459,10.442148208618164
8.603771209716797,8.047090975933575,10.455511093139648
8.619983673095703,8.076975875966516,10.50239086151123
8.657281875610352,8.041476480097376,10.509559631347656
8.596663475036621,8.047169467966471,10.55032730102539
8.699525833129883,8.113858951521772,10.46219253540039
8.598311424255371,8.04115592661713,10.57553482055664
8.656794548034668,8.092421907465905,10.460477828979492
8.623838424682617,8.055825809648793,10.33773422241211
8.736309051513672,8.1035327990872,10.433615684509277
8.667098999023438,8.100932192988694,10.428894996643066
8.622034072875977,8.0768695693197,10.474781036376953
8.66163158416748,8.069394359797505,10.404258728027344
8.621017456054688,8.065652481247007,10.470552444458008
8.686148643493652,8.094897434913687,10.5089111328125
8.57394790649414,8.06628117730309,10.484004974365234
8.687150001525879,8.078083457791113,10.491707801818848
8.64356803894043,8.136544119333848,10.519990921020508
8.69801139831543,8.143765978215795,10.422924041748047
8.685798645019531,8.118733426023805,10.517790794372559
8.690173149108887,8.152978666293034,10.476511001586914
8.712491035461426,8.142060961674101,10.51842975616455
8.752796173095703,8.182817736707095,10.378448486328125
8.6539888381958,8.042602629733404,10.535222053527832
8.656590461730957,8.120834860252216,10.417139053344727
8.674060821533203,8.126520254516176,10.532411575317383
8.785316467285156,8.175764874422125,10.46357250213623
8.665812492370605,8.074740252490821,10.444430351257324
8.70931339263916,8.113918314887476,10.492871284484863
8.635440826416016,8.070679978001863,10.480128288269043
8.65595531463623,8.112383520297174,10.499391555786133
8.638155937194824,8.082410455515076,10.536426544189453
8.64570140838623,8.060343926805738,10.493073463439941
8.644529342651367,7.992532431513869,10.477758407592773
8.564332962036133,8.026649920935078,10.410972595214844
8.681024551391602,8.110145717360346,10.521577835083008
8.63916015625,8.104634676760595,10.460490226745605
8.64077377319336,8.092156782779576,10.503515243530273
8.679641723632812,8.146953275094608,10.441475868225098
8.566819190979004,8.086513186705165,10.46183967590332
8.64057731628418,8.099709576694295,10.456971168518066
8.713004112243652,8.179270690340283,10.463106155395508
8.686556816101074,8.144597406299518,10.480111122131348
8.674914360046387,8.0281805434996,10.43897819519043
8.680927276611328,8.12091709593577,10.458395957946777
8.65158462524414,8.08509924086476,10.434659957885742
8.675797462463379,8.110144946724176,10.521282196044922
8.575729370117188,8.081317782934223,10.44963550567627
8.681090354919434,8.172819010281405,10.522926330566406
8.7003812789917,8.135576169106312,10.47608757019043
8.733396530151367,8.158040528185666,10.50960636138916
8.613399505615234,8.033777364895546,10.434176445007324
8.593628883361816,8.10679746824982,10.537116050720215
8.564051628112793,8.0702935316866,10.576639175415039
8.625019073486328,8.12637894321233,10.461421966552734
8.691313743591309,8.122375107303792,10.406149864196777
8.59628677368164,8.098883032399629,10.381305694580078
8.602028846740723,8.060992470410252,10.441402435302734
8.604479789733887,8.006641213649086,10.415571212768555
8.63572883605957,8.053443100037319,10.508106231689453
8.575935363769531,8.035579126694106,10.479047775268555
8.59921646118164,8.04002033566524,10.464065551757812
8.587057113647461,8.067969204192714,10.573617935180664
8.595611572265625,8.06686476212261,10.486604690551758
8.589634895324707,8.04647778749599,10.454607009887695
8.595036506652832,8.098739752379647,10.508819580078125
8.569546699523926,8.026435491861776,10.360662460327148
8.671051979064941,8.086708943126723,10.522241592407227
8.66082763671875,8.123820757925778,10.44141960144043
8.616326332092285,8.073497087894275,10.484525680541992
8.619369506835938,8.069219338907194,10.360742568969727
8.598090171813965,8.046649552582362,10.454671859741211
8.620816230773926,8.083399310741306,10.461188316345215
8.670609474182129,8.102155629412405,10.437885284423828
8.573095321655273,8.101106976890671,10.416510581970215
8.67081356048584,8.138498034827144,10.42123031616211
8.659212112426758,8.136904437128187,10.509170532226562
8.63496208190918,8.102355150971562,10.531113624572754
8.621718406677246,8.10248611019259,10.474191665649414
8.66696834564209,8.148698576227096,10.459772109985352
8.634992599487305,8.078817867640673,10.471710205078125
8.63959789276123,8.082609205839358,10.460296630859375
8.537541389465332,8.029767403778221,10.488044738769531
8.647038459777832,8.109317435051448,10.430724143981934
8.607924461364746,8.13868525620949,10.37826919555664
8.604466438293457,8.081106404175184,10.443280220031738
8.659294128417969,8.155824842596694,10.543099403381348
8.654767990112305,8.155052544748678,10.440505981445312
8.601242065429688,8.076294306898491,10.402396202087402
8.656487464904785,8.09662826359272,10.45698070526123
8.629897117614746,8.040190405245603,10.449530601501465
8.602837562561035,8.042497243399598,10.457172393798828
8.532341003417969,8.001827525507126,10.525665283203125
8.651692390441895,8.110721554806721,10.486221313476562
8.66430377960205,8.151677685823024,10.472576141357422
8.570939064025879,8.089755663581725,10.492569923400879
8.591595649719238,8.142373588069209,10.543582916259766
8.61135196685791,8.077470501286111,10.438468933105469
8.61242389678955,8.103336461952754,10.380602836608887
8.626178741455078,8.141490934516435,10.48008918762207
8.596405029296875,8.037221397772166,10.575231552124023
8.574311256408691,8.051570589953501,10.491113662719727
8.641290664672852,8.084646797472878,10.433585166931152
8.63370132446289,8.167851821286604,10.395735740661621
8.530587196350098,8.035904910548458,10.439580917358398
8.565635681152344,8.044994569150731,10.463053703308105
8.602617263793945,8.09147387959196,10.42027473449707
8.620993614196777,8.126165237344269,10.56329345703125
8.535526275634766,8.025034071977384,10.472432136535645
8.589310646057129,8.067642919852265,10.43675708770752
8.679431915283203,8.145527816943027,10.459980010986328
8.657980918884277,8.104617996972852,10.459969520568848
8.63033390045166,8.181415811347376,10.482015609741211
8.573266983032227,8.035615542238311,10.440160751342773
8.616445541381836,8.073083295486867,10.458913803100586
8.613757133483887,8.107860089080143,10.556026458740234
8.589914321899414,8.092263244990527,10.483465194702148
8.5964994430542,8.096058497604515,10.434364318847656
8.606017112731934,8.108330852019467,10.444249153137207
8.60216999053955,8.069287097114803,10.554496765136719
8.617064476013184,8.076664943314556,10.458333969116211
8.601757049560547,8.117941327958501,10.492424011230469
8.516646385192871,7.977287314931996,10.489936828613281
8.627299308776855,8.167889816353895,10.543625831604004
8.560176849365234,8.076438282117515,10.521943092346191
8.623437881469727,8.107617131101765,10.43668270111084
8.606864929199219,8.132624833212633,10.468424797058105
8.641890525817871,8.081856435031764,10.460504531860352
8.62206745147705,8.076620811762819,10.397712707519531
8.587906837463379,8.074810896534473,10.470976829528809
8.664819717407227,8.110643848909863,10.440858840942383
8.604466438293457,8.095287349873356,10.402725219726562
8.590502738952637,8.093167617983584,10.464179992675781
8.665860176086426,8.122048650103222,10.474824905395508
8.538002014160156,8.080217467554446,10.513578414916992
8.557416915893555,8.07494494162633,10.545387268066406
8.6487455368042,8.121497733086082,10.462809562683105
8.627236366271973,8.098682816639277,10.444262504577637
8.637248992919922,8.149403532135434,10.440409660339355
8.602728843688965,8.067826882237568,10.495716094970703
8.551005363464355,8.065523039316759,10.408576965332031
8.594406127929688,8.079542393297222,10.441861152648926
8.597131729125977,8.094177212166999,10.54086685180664
8.545418739318848,8.082716476371777,10.42632007598877
8.583072662353516,8.160502471994342,10.35822582244873
8.646541595458984,8.129657977027819,10.572065353393555
8.620462417602539,8.14397366524541,10.5623197555542
8.580445289611816,8.114321509908354,10.477916717529297
8.55712604522705,8.038931259586077,10.465963363647461
8.673375129699707,8.1497751113493,10.412878036499023
8.560589790344238,8.032419172514762,10.476988792419434
8.522887229919434,8.017942407833678,10.520966529846191
8.551002502441406,8.051398253866603,10.396202087402344
8.574732780456543,8.09006422465401,10.481304168701172
8.545125007629395,8.026670256629586,10.516153335571289
8.654585838317871,8.11430966471588,10.436673164367676
8.564790725708008,8.118606470092864,10.47752571105957
8.531133651733398,8.08167048267621,10.592008590698242
8.58446979522705,8.057942671135866,10.570900917053223
8.575477600097656,8.118227746171344,10.563822746276855
8.486283302307129,7.999727943679318,10.49195671081543
8.614075660705566,8.091269080427342,10.370015144348145
8.53173828125,8.02951929169441,10.50443172454834
8.635003089904785,8.109935018400261,10.473325729370117
8.607295989990234,8.094506568408438,10.531133651733398
8.538257598876953,8.04447845253162,10.498727798461914
8.599480628967285,8.12768556107767,10.447925567626953
8.580327033996582,8.070831685227208,10.448711395263672
8.612665176391602,8.167053114123908,10.49040699005127
8.632478713989258,8.1222673167275,10.449739456176758
8.595743179321289,8.088789461646229,10.429880142211914
8.606821060180664,8.129921436110246,10.451433181762695
8.589463233947754,8.102437272235484,10.476049423217773
8.665781021118164,8.172200634942524,10.466185569763184
8.534424781799316,8.089716918500406,10.487099647521973
8.486983299255371,8.016201502211127,10.40246868133545
8.55080509185791,8.092072001990994,10.49801254272461
8.617607116699219,8.15004820892188,10.541519165039062
8.587265968322754,8.081054290623538,10.423553466796875
8.632328987121582,8.14538074241552,10.410099983215332
8.57097053527832,8.055747059706068,10.420614242553711
8.549798011779785,8.124013979320546,10.482257843017578
8.583447456359863,8.059562829655729,10.454120635986328
8.555327415466309,8.08017156086862,10.467682838439941
8.575499534606934,8.103184535234634,10.439559936523438
8.551126480102539,8.086421979790819,10.383623123168945
8.566118240356445,8.083982261895601,10.403257369995117
8.539386749267578,8.057981782493048,10.450057983398438
8.623899459838867,8.157648445838795,10.450136184692383
8.518136978149414,8.044425502951656,10.47460651397705
8.555712699890137,8.051041953465237,10.429616928100586
8.530922889709473,8.068369947174299,10.408227920532227
8.61771297454834,8.118796469311096,10.414847373962402
8.581538200378418,8.086234099930152,10.45712661743164
8.556117057800293,8.083061498490029,10.489208221435547
8.488191604614258,8.017597247347501,10.38516616821289
8.58362102508545,8.092111688007467,10.486820220947266
8.626602172851562,8.136636696888932,10.42805290222168
8.650385856628418,8.142614011785813,10.400247573852539
8.601926803588867,8.134533194592223,10.433841705322266
8.51317310333252,8.02314549694503,10.408552169799805
8.527708053588867,8.032780704853524,10.432812690734863
8.648847579956055,8.159391276438589,10.463109970092773
8.582154273986816,8.065785217597815,10.422353744506836
8.624646186828613,8.116983223773007,10.459146499633789
8.444415092468262,7.974749384414671,10.395167350769043
8.61111068725586,8.144829265041542,10.412357330322266
8.556164741516113,8.059972096600436,10.413039207458496
8.559455871582031,8.096343282843009,10.473609924316406
8.585759162902832,8.129804920771026,10.41222858428955
8.556315422058105,8.085149892073657,10.526610374450684
8.616365432739258,8.09808200072231,10.473152160644531
8.565598487854004,8.090557244972192,10.42691421508789
8.589279174804688,8.09932157876236,10.490964889526367
8.495001792907715,8.045952724326137,10.44536304473877
8.570465087890625,8.103750816812473,10.453201293945312
8.566278457641602,8.11700179930111,10.439239501953125
8.546175003051758,8.092665547571544,10.441025733947754
8.528841018676758,8.032354415361104,10.36390495300293
8.537242889404297,8.087550522260633,10.464409828186035
8.571507453918457,8.1059714219799,10.34711742401123
8.577108383178711,8.12857567944697,10.442781448364258
8.60623550415039,8.108761354249769,10.440032005310059
8.530073165893555,8.023918907723523,10.517866134643555
8.574779510498047,8.109143210308892,10.445712089538574
8.513802528381348,8.066907447230603,10.444568634033203
8.576539993286133,8.058735383341887,10.405080795288086
8.529146194458008,8.102998510967673,10.545821189880371
8.572017669677734,8.077552045063515,10.377822875976562
8.488974571228027,8.055021984037012,10.48780345916748
8.543190002441406,8.10696461720259,10.396924018859863
8.563424110412598,8.110209524897593,10.417242050170898
8.492956161499023,8.07657130671266,10.33378791809082
8.599859237670898,8.095123030511395,10.474419593811035
8.515745162963867,8.040742435958236,10.472835540771484
8.506402969360352,8.08110258714961,10.461776733398438
8.465940475463867,8.041972679451906,10.481840133666992
8.620291709899902,8.108912260637487,10.433442115783691
8.537911415100098,8.084570056891867,10.37330436706543
8.491353034973145,8.024778115430049,10.42392635345459
8.562207221984863,8.08471427621719,10.413766860961914
8.54891300201416,8.06020417210779,10.37242603302002
8.522226333618164,8.028774922480807,10.448740005493164
8.47870922088623,8.063703990042477,10.320050239562988
8.565464973449707,8.063449437696752,10.4645414352417
8.574441909790039,8.133664420805871,10.441089630126953
8.53884220123291,8.118674932280555,10.458060264587402
8.50830364227295,8.05809135126349,10.454288482666016
8.529651641845703,8.102123111519697,10.437440872192383
8.468521118164062,8.06596578418144,10.450634956359863
8.53901481628418,8.097733224243191,10.41917610168457
8.574897766113281,8.100979412639779,10.385074615478516
8.574301719665527,8.098460140238915,10.420936584472656
8.539814949035645,8.07542673711266,10.431659698486328
8.487089157104492,8.044984263866874,10.461270332336426
8.507343292236328,8.048515272326767,10.510255813598633
8.500722885131836,8.051131279839735,10.283884048461914
8.547321319580078,8.137359383715584,10.350515365600586
8.545592308044434,8.105122355178796,10.407207489013672
8.58792781829834,8.119092314670395,10.393437385559082
8.558697700500488,8.102720016081419,10.462090492248535
8.59826374053955,8.188689845414567,10.478621482849121
8.533787727355957,8.108987609356909,10.428956985473633
8.51941204071045,8.086004035514113,10.244913101196289
8.550955772399902,8.13782663812994,10.37452220916748
8.49013614654541,8.07095954480714,10.373261451721191
8.508842468261719,8.035079936929312,10.428425788879395
8.468340873718262,8.039489378686994,10.408600807189941
8.492674827575684,8.1038037231192,10.491729736328125
8.492857933044434,8.069228006227474,10.398516654968262
8.552998542785645,8.119149749300309,10.4257230758667
8.583040237426758,8.122151058366788,10.47442626953125
8.505415916442871,8.100650972986061,10.457518577575684
8.467087745666504,7.981223536588784,10.526155471801758
8.481855392456055,8.058851946577695,10.322713851928711
8.532389640808105,8.094185863421965,10.406876564025879
8.503318786621094,8.078810832230374,10.410540580749512
8.499096870422363,8.076315808642123,10.399497985839844
8.524248123168945,8.05665785859206,10.356356620788574
8.54867172241211,8.110766144336335,10.414674758911133
8.509354591369629,8.024089076489743,10.426569938659668
8.466957092285156,8.073316948222262,10.38674545288086
8.45326042175293,8.01744613127916,10.447680473327637
8.521520614624023,8.10727546843035,10.411749839782715
8.494504928588867,8.073746118694544,10.415919303894043
8.535313606262207,8.090640854356545,10.388988494873047
8.517495155334473,8.086088516882487,10.503120422363281
8.444947242736816,8.026957849905427,10.385740280151367
8.417742729187012,8.030211665301715,10.368317604064941
8.608078002929688,8.139900086647167,10.387556076049805
8.499629974365234,8.094434438306573,10.445697784423828
8.482872009277344,8.021816844419975,10.356228828430176
8.52531909942627,8.062662620363492,10.521607398986816
8.593047142028809,8.153197119444874,10.40821361541748
8.495162963867188,8.04678611700157,10.308752059936523
8.528188705444336,8.120928977050685,10.377721786499023
8.548839569091797,8.08246304869785,10.432962417602539
8.495283126831055,8.060564600729517,10.409379959106445
8.484395027160645,8.059186820872128,10.436697006225586
8.508031845092773,8.084537106865486,10.322787284851074
8.52268123626709,8.097820726522643,10.364036560058594
8.54581069946289,8.13998739361497,10.373065948486328
8.475701332092285,8.076044925987455,10.417234420776367
8.477092742919922,8.046991670603996,10.353202819824219
8.41439151763916,7.985670758411288,10.431774139404297
8.432372093200684,7.9632093711490075,10.40802001953125
8.515911102294922,8.046768417415608,10.478038787841797
8.595939636230469,8.16679941676557,10.318310737609863
8.456681251525879,8.062754256118621,10.438008308410645
8.526140213012695,8.084695448899376,10.466510772705078
8.536298751831055,8.084648312036213,10.41999626159668
8.472272872924805,8.052911529384021,10.430252075195312
8.450313568115234,8.03211701149121,10.336490631103516
8.511384010314941,8.090141566636573,10.406983375549316
8.464106559753418,8.05319746404088,10.363155364990234
8.513221740722656,8.122002337394015,10.346758842468262
8.540437698364258,8.077647303530414,10.485637664794922
8.476880073547363,8.035315600523193,10.351426124572754
8.456304550170898,8.077210390042248,10.402219772338867
8.512569427490234,8.07108353773531,10.464448928833008
8.523877143859863,8.097538420863982,10.427925109863281
8.464094161987305,8.07021356693336,10.390442848205566
8.524873733520508,8.124375005818106,10.360925674438477
8.44434928894043,8.084185699599661,10.3640718460083
8.54853343963623,8.12496090856647,10.366074562072754
8.493888854980469,8.064968946589424,10.366819381713867
8.527295112609863,8.128376251119853,10.364214897155762
8.507970809936523,8.105683648759234,10.399877548217773
8.448176383972168,8.048910272839878,10.357391357421875
8.493325233459473,8.120218480737613,10.389593124389648
8.468910217285156,8.11303361265787,10.479365348815918
8.484556198120117,8.062546405675157,10.508797645568848
8.485888481140137,8.089350866486452,10.326539993286133
8.480462074279785,8.089333949909944,10.383380889892578
8.461977005004883,8.029540750031758,10.399909973144531
8.53370475769043,8.138310568540223,10.36126708984375
8.453768730163574,8.085205427370965,10.362566947937012
8.479236602783203,8.019863419268015,10.446138381958008
8.503995895385742,8.06106440669724,10.389918327331543
8.471786499023438,8.073224210679264,10.251380920410156
8.484046936035156,8.060817793444064,10.38724422454834
8.47268295288086,8.03011423249596,10.285124778747559
8.44140911102295,7.9692137698376815,10.335713386535645
8.50461483001709,8.090682849986479,10.420381546020508
8.4774169921875,8.100433088207087,10.362645149230957
8.46048355102539,8.099833714443127,10.465364456176758
8.486838340759277,8.066386500573053,10.370725631713867
8.465364456176758,8.084617398645996,10.431381225585938
8.462077140808105,8.083351987946246,10.471906661987305
8.502052307128906,8.059279220710907,10.400010108947754
8.461750030517578,8.0653103537791,10.442388534545898
8.475992202758789,8.054170695732214,10.397689819335938
8.47515869140625,8.068850102934189,10.434288024902344
8.462946891784668,8.049581023365526,10.288803100585938
8.453083038330078,8.05148659254025,10.428483963012695
8.437305450439453,8.036320937764165,10.371414184570312
8.480607032775879,8.036612897013713,10.436741828918457
8.467649459838867,8.05254673525425,10.370504379272461
8.458096504211426,8.118695195099072,10.440303802490234
8.441149711608887,8.076218072591084,10.333370208740234
8.465559959411621,8.040434521589694,10.422834396362305
8.472367286682129,8.102156179192075,10.440450668334961
8.481139183044434,8.046331469634815,10.355241775512695
8.487357139587402,8.07307607723799,10.326204299926758
8.46405029296875,8.103818485313761,10.390207290649414
8.477785110473633,8.112494130219732,10.366645812988281
8.460538864135742,8.035394474597915,10.413833618164062
8.418715476989746,8.040495449477541,10.276262283325195
8.449190139770508,8.073246315487527,10.342277526855469
8.460308074951172,8.110571711357418,10.451135635375977
8.430500030517578,8.088674225744658,10.430868148803711
8.473831176757812,8.046581188449636,10.384251594543457
8.470283508300781,8.095139067387208,10.34727668762207
8.452603340148926,8.09174887849284,10.32711124420166
8.4198637008667,8.089943092948356,10.408574104309082
8.44379711151123,8.07253303565085,10.357576370239258
8.445915222167969,8.058999929676897,10.342260360717773
8.477837562561035,8.083273701403023,10.29741096496582
8.378710746765137,8.052483559519585,10.431680679321289
8.440452575683594,8.055190890994188,10.431989669799805
8.414180755615234,8.073423265446245,10.336447715759277
8.404118537902832,8.036127019407493,10.352867126464844
8.43111515045166,8.055405189283192,10.368375778198242
8.417250633239746,8.069925411404776,10.423913955688477
8.468695640563965,8.087551924865693,10.438514709472656
8.422327041625977,8.005539851462734,10.443404197692871
8.441896438598633,8.04979362571612,10.4000883102417
8.42012882232666,8.049470353040046,10.32227611541748
8.417572021484375,8.102659481943451,10.360908508300781
8.42581844329834,8.045154516186033,10.380048751831055
8.487885475158691,8.061741702790771,10.320237159729004
8.374655723571777,8.017350697723616,10.358600616455078
8.415830612182617,8.024019722028502,10.405345916748047
8.404396057128906,8.089761386758516,10.342552185058594
8.417350769042969,8.022077321540564,10.404790878295898
8.522786140441895,8.115324166370556,10.396431922912598
8.40603256225586,8.038455981861002,10.270132064819336
8.444583892822266,8.066670827501055,10.318391799926758
8.404804229736328,8.059584457726617,10.377903938293457
8.420451164245605,8.082880177867732,10.425639152526855
8.437416076660156,8.039205459345665,10.348455429077148
8.42081356048584,8.046268582909502,10.341731071472168
8.45019817352295,8.044726844910267,10.318488121032715
8.451160430908203,8.051430280786008,10.28006362915039
8.451126098632812,8.073218028027831,10.392699241638184
8.422677993774414,8.069960168862183,10.383116722106934
8.469008445739746,8.0812749825418,10.329484939575195
8.382390022277832,8.018141575656564,10.359752655029297
8.402432441711426,8.020285934974838,10.384371757507324
8.45496654510498,8.089160859950685,10.377004623413086
8.412310600280762,8.046355844674897,10.387163162231445
8.38183879852295,8.039319345195379,10.405458450317383
8.425908088684082,8.058545177004167,10.390649795532227
8.421262741088867,8.067190015023309,10.344265937805176
8.391802787780762,8.045000356256164,10.427745819091797
8.41136360168457,8.034656020280506,10.346417427062988
8.409798622131348,8.036703745568438,10.30843734741211
8.445541381835938,8.078452315913248,10.450114250183105
8.388405799865723,7.9954511822600445,10.300189971923828
8.414389610290527,8.063346927420103,10.388326644897461
8.361310958862305,7.979481604715277,10.36001205444336
8.344016075134277,8.016145201300137,10.318119049072266
8.421096801757812,8.07092615336712,10.438919067382812
8.417439460754395,8.020262911184027,10.285541534423828
8.440873146057129,8.078208866795258,10.352134704589844
8.420063018798828,8.030939356856315,10.367999076843262
8.476390838623047,8.087101193710364,10.394563674926758
8.36136531829834,8.01173108756276,10.397354125976562
8.490416526794434,8.093129554863221,10.390338897705078
8.393939971923828,8.034007836898256,10.431392669677734
8.476390838623047,8.065417413533266,10.38216495513916
8.371274948120117,8.04408016355176,10.38038158416748
8.384163856506348,8.046143983257934,10.312542915344238
8.3609619140625,8.064126483597128,10.374676704406738
8.352134704589844,8.011860715857308,10.378507614135742
8.385557174682617,8.07670857780613,10.372163772583008
8.45529842376709,8.042046544374898,10.46392822265625
8.326189994812012,8.011975691520743,10.308059692382812
8.394174575805664,8.063741991762072,10.36771011352539
8.446542739868164,8.088978290790692,10.388025283813477
8.457772254943848,8.102364256512374,10.3663969039917
8.481328010559082,8.123419721344753,10.332306861877441
8.45273494720459,8.09261572856589,10.38113784790039
8.384154319763184,7.989322465545099,10.407188415527344
8.420485496520996,8.034599532306725,10.378292083740234
8.38279914855957,8.054446640823569,10.338830947875977
8.39499568939209,8.117532070460063,10.326089859008789
8.419496536254883,8.076977275444992,10.35932445526123
8.367392539978027,8.01778315277105,10.28659439086914
8.340620994567871,8.018539437824593,10.315021514892578
8.406319618225098,8.057874693734838,10.316452026367188
8.376419067382812,7.998786747322551,10.295570373535156
8.359952926635742,8.056853002702285,10.264886856079102
8.416372299194336,8.05332953675783,10.329757690429688
8.393237113952637,8.025808672021542,10.266366958618164
8.37476634979248,8.03008113728304,10.367485046386719
8.408188819885254,8.051725194955777,10.388665199279785
8.392386436462402,8.062252532358148,10.420904159545898
8.387781143188477,8.024351669342389,10.348206520080566
8.319499015808105,8.04542718119254,10.386367797851562
8.352686882019043,8.044019439324204,10.334102630615234
8.35661792755127,8.038586434509075,10.385795593261719
8.325491905212402,8.054252245297123,10.323155403137207
8.392885208129883,8.076051798649132,10.322466850280762
8.404570579528809,8.055190356015894,10.27814769744873
8.399930000305176,8.058223545917178,10.344099044799805
8.439225196838379,8.104078377796604,10.333239555358887
8.381929397583008,8.098859604015681,10.357809066772461
8.315300941467285,7.954867935240536,10.30335807800293
8.335724830627441,8.015213101935972,10.343295097351074
8.36616325378418,8.044594812040616,10.372711181640625
8.369422912597656,8.0177050585792,10.314874649047852
8.388432502746582,8.07072478399745,10.2879638671875
8.35639762878418,8.029560931359551,10.281511306762695
8.387516021728516,8.07028626633941,10.380636215209961
8.385797500610352,8.080440699156107,10.33508014678955
8.356099128723145,8.011838408785739,10.2921781539917
8.37287425994873,8.044049832105104,10.28343391418457
8.348219871520996,8.045053961786575,10.344575881958008
8.334721565246582,8.036629253399692,10.28113842010498
8.391378402709961,8.04760118859953,10.25964641571045
8.32961654663086,7.988721588959119,10.27463436126709
8.424949645996094,8.083649158377998,10.233100891113281
8.363551139831543,8.062885061072718,10.332517623901367
8.322357177734375,8.031498733043138,10.242300987243652
8.340353965759277,8.068640630658981,10.407201766967773
8.30922794342041,7.990519922758852,10.31024169921875
8.27322006225586,7.990474322478154,10.366405487060547
8.349899291992188,8.03581073361316,10.329288482666016
8.351400375366211,8.019089042541703,10.288498878479004
8.316583633422852,8.025871784193441,10.297300338745117
8.384604454040527,8.065439536801673,10.365156173706055
8.363407135009766,8.052017071450662,10.299266815185547
8.324053764343262,8.068683279412133,10.314269065856934
8.291584968566895,8.007600269812558,10.325883865356445
8.323518753051758,8.00365539896302,10.35161018371582
8.342156410217285,8.044773429299573,10.298942565917969
8.2999906539917,8.003537690666105,10.288496971130371
8.308348655700684,7.9957056347546835,10.31032943725586
8.3439302444458,8.037412431357161,10.302371978759766
8.347357749938965,8.066658711992204,10.299335479736328
8.350122451782227,8.005635724170135,10.312914848327637
8.365242958068848,8.028129601252399,10.32911205291748
8.288582801818848,7.951713633191372,10.356585502624512
8.37633991241455,8.054062360332214,10.221805572509766
8.34805965423584,8.051124273366959,10.264460563659668
8.348365783691406,8.072459626776565,10.32290267944336
8.34679889678955,8.041509438971325,10.360020637512207
8.352453231811523,8.027922252692017,10.353656768798828
8.330734252929688,8.06174639888507,10.385321617126465
8.412017822265625,8.06279005968411,10.280268669128418
8.401527404785156,8.08676664225225,10.301717758178711
8.310669898986816,8.041645627867963,10.249714851379395
8.332358360290527,8.049814547378835,10.361754417419434
8.359028816223145,8.04126259255489,10.335195541381836
8.35530948638916,8.02199548506178,10.372207641601562
8.350753784179688,8.022869606502354,10.249330520629883
8.300668716430664,8.0743148795196,10.348651885986328
8.313654899597168,8.0353176407516,10.362988471984863
8.313437461853027,8.013234481647876,10.343443870544434
8.321572303771973,8.046430498527895,10.297624588012695
8.281928062438965,8.035751695777954,10.303163528442383
8.243821144104004,7.988213777841469,10.301702499389648
8.335160255432129,8.029198596120946,10.3544921875
8.317843437194824,8.011331939504348,10.32620620727539
8.35892105102539,8.040543620241806,10.255386352539062
8.28117561340332,8.024427042874906,10.266352653503418
8.317329406738281,8.019637363696736,10.308237075805664
8.305649757385254,7.998144719150982,10.310906410217285
8.307290077209473,8.033258840375181,10.352194786071777
8.306134223937988,8.014531601586246,10.336101531982422
8.294069290161133,7.96622596002583,10.339212417602539
8.279984474182129,7.9679238161604315,10.401503562927246
8.304830551147461,8.001389242908251,10.314973831176758
8.28487491607666,7.993124203922759,10.368258476257324
8.279236793518066,7.976740445376242,10.285810470581055
8.349130630493164,8.039785914455674,10.231449127197266
8.279550552368164,7.949027167766223,10.288995742797852
8.323995590209961,8.041173405446377,10.244424819946289
8.323266983032227,8.041410609148443,10.302921295166016
8.291741371154785,8.002888528862968,10.168973922729492
8.279823303222656,8.011354943837171,10.255419731140137
8.3378324508667,8.08283875303875,10.291943550109863
8.254800796508789,7.976822638850926,10.374776840209961
8.32132339477539,8.051936403748446,10.358626365661621
8.256855010986328,8.015704158527244,10.490333557128906
8.319120407104492,7.998727362602949,10.375532150268555
8.31550121307373,8.015935155263703,10.289995193481445
8.329265594482422,8.07866754279738,10.270195007324219
8.300690650939941,7.996417194870967,10.376382827758789
8.276036262512207,8.032744363482509,10.244197845458984
8.33641242980957,8.035185059831877,10.297323226928711
8.275497436523438,8.01248569380758,10.277864456176758
8.254812240600586,7.997136801813863,10.324666976928711
8.25943660736084,8.021663551784252,10.321346282958984
8.248973846435547,8.00665069837123,10.311084747314453
8.285492897033691,7.959977726651622,10.369063377380371
8.33940315246582,8.015197722307807,10.31275463104248
8.353693008422852,8.023799322445743,10.35249137878418
8.301521301269531,8.00737540028058,10.287015914916992
8.259225845336914,7.981955994885148,10.354771614074707
8.237737655639648,7.967388233934929,10.277114868164062
8.252963066101074,7.989373701757618,10.310165405273438
8.246057510375977,7.975288270240915,10.396240234375
8.306065559387207,8.005773919069075,10.300308227539062
8.296260833740234,8.00254485806051,10.277301788330078
8.289247512817383,7.978458675821976,10.34713363647461
8.272041320800781,8.010108133611668,10.299860954284668
8.286140441894531,8.013998703498926,10.340947151184082
8.299072265625,8.035601435029614,10.30538558959961
8.262676239013672,7.967490530872185,10.375486373901367
8.28606128692627,7.983400088967755,10.402755737304688
8.298409461975098,7.982768822993551,10.222421646118164
8.285589218139648,8.002571193202,10.288715362548828
8.284550666809082,7.996727268677205,10.361372947692871
8.249588966369629,7.982976749273282,10.270333290100098
8.241205215454102,8.011554590127032,10.272608757019043
8.193134307861328,7.944099581101909,10.315081596374512
8.299016952514648,7.9975099405273795,10.36334228515625
8.257583618164062,7.962009881623089,10.308842658996582
8.253619194030762,7.9736200183230865,10.308099746704102
8.246393203735352,8.00970139693735,10.366211891174316
8.235480308532715,7.929459098227588,10.357966423034668
8.283926963806152,7.993448118812271,10.306112289428711
8.213434219360352,7.953055555233732,10.311979293823242
8.254820823669434,7.974083809614448,10.347182273864746
8.263975143432617,7.982314114059721,10.293949127197266
8.278626441955566,8.061850135846596,10.317689895629883
8.2130765914917,7.938322756871848,10.23073673248291
8.347579956054688,8.037956422361146,10.392341613769531
8.21441650390625,7.968101481341623,10.34616470336914
8.264175415039062,7.984730686826099,10.19419002532959
8.223726272583008,7.969633995655126,10.286471366882324
8.215507507324219,8.043175949648555,10.267478942871094
8.220187187194824,8.00510768991496,10.325201034545898
8.27901554107666,8.02727603090794,10.283525466918945
8.215679168701172,8.07048395505574,10.299662590026855
8.227888107299805,7.947209752530658,10.273183822631836
8.2279634475708,7.964417918186102,10.279184341430664
8.232563972473145,8.002494409946458,10.28215503692627
8.1942138671875,7.990352694676924,10.286775588989258
8.233077049255371,8.01901336459975,10.233031272888184
8.20385456085205,8.000269554056493,10.265523910522461
8.21596622467041,7.95281111532157,10.29249382019043
8.19090461730957,8.006505113727014,10.305354118347168
8.25619888305664,7.9451084497517765,10.347307205200195
8.256075859069824,7.9995151156160444,10.269918441772461
8.248188018798828,8.01928481798885,10.332334518432617
8.266100883483887,7.973788130329923,10.383966445922852
8.204824447631836,7.942975198251329,10.350837707519531
8.219112396240234,7.9126928403108785,10.320820808410645
8.243804931640625,8.016024288987476,10.2351713180542
8.17470932006836,7.944326302602089,10.339760780334473
8.233633995056152,7.939425171652276,10.266018867492676
8.245542526245117,7.981677851839257,10.322196006774902
8.202611923217773,8.00670207913832,10.39983081817627
8.21218204498291,7.972645861529081,10.258410453796387
8.219968795776367,7.973926369666255,10.369028091430664
8.219558715820312,7.930333723912814,10.255302429199219
8.297364234924316,8.005288593803664,10.282249450683594
8.275386810302734,7.993973144496392,10.28726863861084
8.212843894958496,7.966185602259689,10.294828414916992
8.256059646606445,8.026696073490061,10.368165969848633
8.218766212463379,7.993217826222203,10.25074577331543
8.198486328125,7.937236333565254,10.290654182434082
8.231471061706543,7.993074326044215,10.347505569458008
8.223156929016113,7.976606255131109,10.282143592834473
8.180810928344727,7.9786704268772155,10.278060913085938
8.196471214294434,7.963324294159454,10.252352714538574
8.229070663452148,7.965069821437023,10.283721923828125
8.172014236450195,7.957717077740068,10.226917266845703
8.220820426940918,7.989893412649898,10.340892791748047
8.176612854003906,7.940057846817321,10.229440689086914
8.189929962158203,7.981026078740667,10.332918167114258
8.248552322387695,8.017718569641666,10.259872436523438
8.153365135192871,7.966295236189451,10.274320602416992
8.21279525756836,7.971135971568791,10.325124740600586
8.107254981994629,7.938210206073044,10.369539260864258
8.150285720825195,7.948533282049798,10.326196670532227
8.1827974319458,7.9894457102553655,10.345725059509277
8.156529426574707,7.954356269245701,10.226982116699219
8.198413848876953,7.925966890495536,10.25288200378418
8.201239585876465,7.9475953400002,10.246399879455566
8.190017700195312,7.95998247982269,10.242557525634766
8.198972702026367,7.939353455955695,10.27828598022461
8.152127265930176,7.937421154463664,10.228471755981445
8.156797409057617,7.947120531495395,10.305113792419434
8.192082405090332,7.966275190967799,10.32201862335205
8.203558921813965,7.9543440856505185,10.324472427368164
8.180675506591797,7.960052428700562,10.315483093261719
8.1652193069458,7.925147564017347,10.302252769470215
8.163568496704102,7.958382809534669,10.36451530456543
8.19281005859375,7.993455090094358,10.364546775817871
8.18518352508545,7.988265606674499,10.287077903747559
8.20052433013916,7.956043017662262,10.25334644317627
8.17539119720459,7.926315704626695,10.321579933166504
8.204676628112793,7.972347706123919,10.354320526123047
8.179291725158691,7.9451998321539055,10.365933418273926
8.16247844696045,7.957992501523612,10.344527244567871
8.18062686920166,8.018031846632116,10.360777854919434
8.169775009155273,7.962024878244847,10.288817405700684
8.146389961242676,7.93644839335632,10.4010009765625
8.157320022583008,7.976012692287831,10.27731704711914
8.174882888793945,7.96388221129642,10.318424224853516
8.141733169555664,7.945081560273788,10.255975723266602
8.167496681213379,8.018058238783851,10.259273529052734
8.176163673400879,8.011652807472274,10.326282501220703
8.089577674865723,7.908710017434455,10.330933570861816
8.22616958618164,7.989188925795523,10.259700775146484
8.132484436035156,7.940816514626412,10.39425277709961
8.131611824035645,7.897976238313797,10.322479248046875
8.097496032714844,7.926947804799836,10.206278800964355
8.150197982788086,7.980964101385325,10.369552612304688
8.184833526611328,7.970763972261921,10.348103523254395
8.137985229492188,7.9059224392154395,10.334722518920898
8.11709976196289,7.8868858506237824,10.280954360961914
8.120610237121582,7.9487825220650326,10.339309692382812
8.142657279968262,7.917724525223353,10.27173137664795
8.102361679077148,7.9555068097875585,10.327198028564453
8.140737533569336,7.945109890175185,10.245187759399414
8.191079139709473,7.955355713676129,10.343673706054688
8.09223747253418,7.946318105861013,10.306183815002441
8.139267921447754,7.982471816940233,10.301857948303223
8.106988906860352,7.958250628451683,10.27518081665039
8.103437423706055,7.9704452070208,10.337303161621094
8.118789672851562,7.983492838983824,10.372020721435547
8.19431209564209,7.991371694020927,10.300023078918457
8.13638973236084,7.908675394386852,10.246868133544922
8.154458045959473,7.927177060827878,10.320764541625977
8.148713111877441,7.93216208371866,10.328556060791016
8.132705688476562,7.929521289554291,10.266569137573242
8.095610618591309,7.903621131288154,10.378643035888672
8.142029762268066,7.952006967073041,10.326456069946289
8.19449234008789,7.9468185063118915,10.276902198791504
8.169794082641602,7.939207282316472,10.283239364624023
8.140997886657715,7.959560451496925,10.357927322387695
8.14591121673584,7.876956352797736,10.327341079711914
8.171220779418945,8.040909259114414,10.327177047729492
8.082450866699219,7.985108030993225,10.306537628173828
8.127753257751465,7.934270553723245,10.324854850769043
8.131882667541504,7.936248228885233,10.26925277709961
8.111936569213867,7.908748600964566,10.313652992248535
8.159966468811035,7.926337836110699,10.26466178894043
8.10767650604248,7.914263372143198,10.309989929199219
8.108128547668457,7.899608917301521,10.330547332763672
8.140506744384766,7.9351862845609755,10.320236206054688
8.108072280883789,7.962980158227895,10.40496826171875
8.18297290802002,7.962220433999651,10.348591804504395
8.156949996948242,7.936792091699317,10.338550567626953
8.046379089355469,7.879887635620046,10.369988441467285
8.1092529296875,7.94440398228887,10.236570358276367
8.097871780395508,7.944731651406203,10.308525085449219
8.09373664855957,7.957194417648551,10.181268692016602
8.103377342224121,7.9347557004740725,10.266155242919922
8.095481872558594,7.948472951106462,10.291604042053223
8.071274757385254,7.904464863440288,10.328818321228027
8.124059677124023,7.89586723123544,10.328683853149414
8.132741928100586,7.907125347626529,10.341421127319336
8.156340599060059,7.991478159225412,10.369674682617188
8.069674491882324,7.931107909651474,10.376928329467773
8.061758995056152,7.8896169543399335,10.31639289855957
8.056543350219727,7.8432222742786895,10.259116172790527
8.075273513793945,7.884199654816516,10.395761489868164
8.085397720336914,7.9114162544719875,10.31608772277832
8.0648832321167,7.856852160134752,10.264364242553711
8.083221435546875,7.936982432047703,10.28128719329834
8.028828620910645,7.89709032223826,10.306103706359863
8.075510025024414,7.871030535914802,10.22773551940918
8.06084156036377,7.927532926002251,10.282733917236328
8.064698219299316,7.924802810785227,10.390811920166016
8.107967376708984,7.905454835255764,10.298562049865723
8.0747709274292,7.84756045602262,10.36436653137207
8.108306884765625,7.919265023066795,10.256131172180176
8.113029479980469,7.930331732445796,10.353385925292969
8.109375,7.912705059362842,10.213512420654297
8.077707290649414,7.896114829794637,10.261064529418945
8.064343452453613,7.87854892121894,10.172799110412598
8.055854797363281,7.859258341037536,10.21628475189209
8.067310333251953,7.942660191961165,10.345491409301758
8.082377433776855,7.914802555028083,10.305307388305664
8.072616577148438,7.913622114408229,10.348657608032227
8.045628547668457,7.906012137852875,10.32602310180664
8.05766487121582,7.876766642688642,10.351057052612305
8.082438468933105,7.8852000595403045,10.266485214233398
8.049293518066406,7.884731791614156,10.275781631469727
7.993680953979492,7.9017353327944875,10.346202850341797
8.069454193115234,7.882491962086143,10.352180480957031
8.083932876586914,7.922803517663851,10.35653305053711
8.052916526794434,7.925217102414797,10.361427307128906
8.019858360290527,7.903692061746759,10.374855041503906
8.029480934143066,7.891762417807643,10.314069747924805
8.099359512329102,7.89453470430869,10.264114379882812
8.04312515258789,7.8804674370081305,10.27121353149414
8.075663566589355,7.943981342982235,10.325885772705078
8.033187866210938,7.843086837558075,10.30687141418457
8.0438232421875,7.873505472504933,10.425716400146484
8.014327049255371,7.886382762375952,10.297818183898926
8.062424659729004,7.907118343448799,10.2681303024292
8.01574993133545,7.837161132966035,10.35326862335205
8.038017272949219,7.865249422711454,10.303840637207031
8.02009105682373,7.856042336805591,10.289017677307129
8.049479484558105,7.86629705483626,10.338602066040039
8.038229942321777,7.889172841295866,10.347101211547852
8.002680778503418,7.812930531267608,10.271050453186035
8.006237983703613,7.883150247856974,10.293702125549316
8.014457702636719,7.882071183329181,10.367829322814941
8.036988258361816,7.86458422569558,10.365279197692871
8.021648406982422,7.8851049869387815,10.331361770629883
8.021388053894043,7.851441147371328,10.303903579711914
7.994030475616455,7.8347134529280344,10.409733772277832
7.999495506286621,7.869611228117719,10.307144165039062
8.038374900817871,7.9354038404500375,10.361274719238281
7.994962215423584,7.855712198186666,10.380945205688477
8.039655685424805,7.90247253594654,10.369000434875488
8.013191223144531,7.866064940545974,10.365559577941895
8.012693405151367,7.889581237487229,10.278553009033203
8.038434982299805,7.850284334471715,10.268274307250977
8.025161743164062,7.8728640479967,10.289438247680664
8.051116943359375,7.865935012498604,10.313995361328125
7.984941482543945,7.8811737292978385,10.315116882324219
8.021936416625977,7.867130268764283,10.321531295776367
8.001386642456055,7.835956750404355,10.223533630371094
7.989207744598389,7.849512603666101,10.355210304260254
7.998448848724365,7.870456661463582,10.33773136138916
7.987640380859375,7.813991665474273,10.376731872558594
8.065617561340332,7.911669438139402,10.355653762817383
7.960539817810059,7.820010803407058,10.299488067626953
8.027464866638184,7.8745810632327835,10.322318077087402
7.989382266998291,7.859314742631145,10.268301963806152
7.98899507522583,7.855976663962274,10.389917373657227
8.034440040588379,7.854429692928014,10.453215599060059
8.045384407043457,7.918287420645356,10.35051441192627
7.9832539558410645,7.825375948733251,10.344412803649902
7.962784767150879,7.796963221227218,10.324440002441406
8.07651138305664,7.8947718407227,10.271060943603516
8.02200984954834,7.857145008730835,10.396032333374023
7.977637767791748,7.852651891132284,10.319293022155762
7.991330623626709,7.847849726809987,10.396015167236328
7.985054969787598,7.87516823524077,10.312891960144043
8.030799865722656,7.88369924784638,10.426630020141602
7.99500036239624,7.861605541581022,10.251766204833984
7.9395060539245605,7.802281196960913,10.289709091186523
7.991581439971924,7.852878370920994,10.321136474609375
7.98102331161499,7.843473425700463,10.381669998168945
7.954025745391846,7.845013311931066,10.297478675842285
8.039393424987793,7.8583516570340315,10.364302635192871
7.984611988067627,7.863197035023144,10.175024032592773
7.980616092681885,7.822791371228439,10.391998291015625
7.944794654846191,7.831329251074099,10.230342864990234
7.906929016113281,7.781619295045468,10.387491226196289
7.978794097900391,7.878054740439568,10.207175254821777
7.985832214355469,7.8519036093660235,10.31391716003418
7.955463886260986,7.8132743862391045,10.278732299804688
8.019097328186035,7.823118066215622,10.294328689575195
7.94900369644165,7.82880201210667,10.273143768310547
8.014957427978516,7.877846374076658,10.319050788879395
7.950881004333496,7.83724247201878,10.317414283752441
7.971283912658691,7.8593714235550065,10.253067016601562
7.9999237060546875,7.89120972645469,10.251913070678711
7.9254937171936035,7.789445330455367,10.261384010314941
7.9554362297058105,7.847038649654548,10.335042953491211
7.9261651039123535,7.809261849449415,10.336182594299316
7.976868629455566,7.859938444037524,10.295516014099121
7.9837541580200195,7.838041665764258,10.406546592712402
7.952414512634277,7.834985740682376,10.230890274047852
7.938714981079102,7.845377580063151,10.400335311889648
7.928415298461914,7.798847342741543,10.282899856567383
7.94929313659668,7.826081559560928,10.31491756439209
7.957387924194336,7.809662137114044,10.267373085021973
7.9525532722473145,7.8400968322863,10.296053886413574
7.957061290740967,7.845849970721506,10.419346809387207
7.9973039627075195,7.83251732823971,10.35467529296875
7.912508964538574,7.8043898762137225,10.263163566589355
7.935924053192139,7.777529845579661,10.386566162109375
7.921874046325684,7.808329799245778,10.29673957824707
7.897889614105225,7.786003506476326,10.396505355834961
7.92531156539917,7.845859125921769,10.330487251281738
7.917837142944336,7.795324849995918,10.347081184387207
7.977914333343506,7.861072340181896,10.321036338806152
7.909970283508301,7.823073395793991,10.353591918945312
7.966702938079834,7.88870125190754,10.275115966796875
7.911635398864746,7.812398091191426,10.40635871887207
7.932845115661621,7.8056953884328575,10.323216438293457
7.935266017913818,7.834193898963609,10.244190216064453
7.928620338439941,7.806456492515281,10.312475204467773
7.871318340301514,7.795184001359822,10.277342796325684
7.913609981536865,7.764979731491101,10.263262748718262
7.893774032592773,7.785407716042496,10.34431266784668
7.904198169708252,7.794156787384834,10.395055770874023
7.876407146453857,7.794067604966196,10.339877128601074
7.949337482452393,7.810656563844532,10.282984733581543
7.907034873962402,7.766499380747388,10.357687950134277
7.903387069702148,7.833198775437527,10.25439453125
7.906577110290527,7.7966663231075355,10.351228713989258
7.994532108306885,7.891251153878069,10.305183410644531
7.899658679962158,7.735560494840944,10.383685111999512
7.910618305206299,7.816282107295201,10.366750717163086
7.891633987426758,7.82860961476607,10.329837799072266
7.87731409072876,7.799513046164066,10.352548599243164
7.863084316253662,7.751079580380715,10.226335525512695
7.906108379364014,7.811532124211746,10.377559661865234
7.891814708709717,7.839192888666211,10.391836166381836
7.945740222930908,7.8363534014539,10.319738388061523
7.86041259765625,7.847359775199688,10.329656600952148
7.9178948402404785,7.797586073466976,10.270095825195312
7.897576808929443,7.718324215617031,10.385324478149414
7.89033842086792,7.76931391486765,10.427728652954102
7.888615608215332,7.803853813093156,10.326981544494629
7.846545219421387,7.785014663955995,10.347660064697266
7.8650970458984375,7.742099418837045,10.271565437316895
7.837255954742432,7.735989964766693,10.355040550231934
7.82828950881958,7.74114884708875,10.394845008850098
7.908218860626221,7.8436120501719415,10.289247512817383
7.877651691436768,7.764642419326783,10.347260475158691
7.884260654449463,7.769475979098518,10.249215126037598
7.830953598022461,7.774626856736306,10.388965606689453
7.856547832489014,7.776730757871908,10.333064079284668
7.880036354064941,7.800662924635358,10.324357032775879
7.866349697113037,7.756176753734637,10.36818790435791
7.900861740112305,7.844345854029857,10.371709823608398
7.842653751373291,7.713375959944512,10.268850326538086
7.867094039916992,7.754443060373887,10.30179500579834
7.8652801513671875,7.760374279958862,10.321554183959961
7.86106538772583,7.769197181166549,10.432994842529297
7.893640518188477,7.775099652087581,10.338737487792969
7.845154285430908,7.796180859407677,10.369033813476562
7.849029064178467,7.793017004749605,10.358831405639648
7.856115818023682,7.778980360865326,10.373445510864258
7.828258037567139,7.747857869070556,10.363571166992188
7.83568811416626,7.727266563767833,10.33521842956543
7.888014793395996,7.7641391858591575,10.354693412780762
7.901481628417969,7.792653131664598,10.330951690673828
7.851384162902832,7.7105567543102165,10.287773132324219
7.844169616699219,7.7460263655520984,10.323512077331543
7.845521450042725,7.798033305709915,10.33508014678955
7.822787761688232,7.78093428197982,10.318954467773438
7.825412273406982,7.740380145742424,10.306280136108398
7.8422393798828125,7.764780301999833,10.38740062713623
7.8117780685424805,7.767277966852166,10.328381538391113
7.837305545806885,7.69706983026117,10.348278999328613
7.810356140136719,7.7246904655891875,10.361490249633789
7.826521396636963,7.724765660806692,10.3031587600708
7.83117151260376,7.791771018478488,10.223278045654297
7.812489032745361,7.759011175350418,10.355265617370605
7.825930595397949,7.74782093421423,10.30726432800293
7.860041618347168,7.728895161932867,10.279129981994629
7.851757049560547,7.76979492963957,10.36478042602539
7.789362907409668,7.732777275111793,10.338306427001953
7.833995819091797,7.769748663496492,10.297752380371094
7.798037528991699,7.730018067040614,10.337902069091797
7.811756134033203,7.732667193116088,10.281341552734375
7.810644149780273,7.714946626519253,10.26854133605957
7.847254276275635,7.74650083492244,10.347830772399902
7.808071613311768,7.759757437044755,10.334541320800781
7.783356666564941,7.74131963275639,10.353716850280762
7.7938456535339355,7.752249307863946,10.342777252197266
7.798211574554443,7.708521550388209,10.411165237426758
7.815856456756592,7.698111015671332,10.273063659667969
7.8359832763671875,7.744036725123546,10.344671249389648
7.834721565246582,7.694736537057907,10.300222396850586
7.807210445404053,7.7401949925281635,10.367103576660156
7.780114650726318,7.7326209442690015,10.328731536865234
7.806079387664795,7.749222257008244,10.382780075073242
7.817126750946045,7.688176136796495,10.34926986694336
7.811295032501221,7.693279161018187,10.383293151855469
7.825951099395752,7.6649245664676915,10.355538368225098
7.799655437469482,7.663314780187128,10.317278861999512
7.798190116882324,7.754695350902954,10.322059631347656
7.787775993347168,7.73198217675755,10.378835678100586
7.802112579345703,7.723078490733834,10.290410041809082
7.80618143081665,7.692583210034561,10.352052688598633
7.787598133087158,7.6662936187681865,10.381694793701172
7.780531406402588,7.710619699542544,10.339066505432129
7.770506858825684,7.7255452382045675,10.33746337890625
7.737593650817871,7.7354968514493,10.346675872802734
7.79027795791626,7.730909571284428,10.345664024353027
7.777782917022705,7.736753202442612,10.456071853637695
7.763702392578125,7.658533450049747,10.267318725585938
7.778729438781738,7.690782018105632,10.293299674987793
7.77675724029541,7.6712593183120985,10.36262321472168
7.797998428344727,7.754013824609241,10.374643325805664
7.749080181121826,7.7043988803135495,10.389914512634277
7.803025722503662,7.730064989433491,10.454992294311523
7.756118297576904,7.680432670816247,10.318408966064453
7.788661956787109,7.714148123981431,10.265216827392578
7.7521748542785645,7.642847098277084,10.413948059082031
7.776147365570068,7.689565705967002,10.327347755432129
7.795805931091309,7.6914585301918645,10.308845520019531
7.794334888458252,7.762721578524048,10.435720443725586
7.713220596313477,7.655693238700874,10.307469367980957
7.76615047454834,7.680551482131705,10.305875778198242
7.752546310424805,7.703177688111152,10.340377807617188
7.791815757751465,7.675733286421746,10.328998565673828
7.735733509063721,7.664878466000248,10.27568244934082
7.758090496063232,7.674223061551207,10.316095352172852
7.706177711486816,7.664597062859685,10.380141258239746
7.746347427368164,7.688557911531202,10.395309448242188
7.719362735748291,7.690341332993869,10.309150695800781
7.728932857513428,7.686593368649483,10.388313293457031
7.766580581665039,7.730010005944808,10.309022903442383
7.720688819885254,7.6566362685656975,10.22149658203125
7.746307849884033,7.6633416289197545,10.265071868896484
7.710394859313965,7.681189701726128,10.362085342407227
7.745082855224609,7.66186210908927,10.34347915649414
7.735516548156738,7.675868807127699,10.330582618713379
7.738080024719238,7.685313342305433,10.361621856689453
7.739931583404541,7.7066927848915965,10.286026000976562
7.724939823150635,7.679008095491944,10.387269020080566
7.761993885040283,7.661799386343254,10.310445785522461
7.733606338500977,7.65631933430476,10.276217460632324
7.732852458953857,7.670744037987399,10.26296615600586
7.705924987792969,7.625774654992191,10.246593475341797
7.723515510559082,7.684237877206344,10.28515625
7.687115669250488,7.63483990313086,10.4325590133667
7.723302364349365,7.643830698748518,10.343921661376953
7.7254157066345215,7.69391904418756,10.340760231018066
7.697507858276367,7.623974358396871,10.31947135925293
7.729085922241211,7.692482986454187,10.324246406555176
7.728033542633057,7.683529295492917,10.329000473022461
7.677818775177002,7.628708331712655,10.3189058303833
7.732669353485107,7.665398347923266,10.415144920349121
7.69617223739624,7.609904825820454,10.380720138549805
7.696694374084473,7.605885971503864,10.323125839233398
7.640905380249023,7.595779429455953,10.32401180267334
7.710549354553223,7.654034363172416,10.317239761352539
7.663998603820801,7.643423791176506,10.326765060424805
7.686182022094727,7.600830427171395,10.280952453613281
7.675869941711426,7.618946419862498,10.35053825378418
7.670434951782227,7.622591437838439,10.285503387451172
7.679614543914795,7.624561425697591,10.316783905029297
7.66550874710083,7.661746764455788,10.242786407470703
7.689573764801025,7.655561131957387,10.201325416564941
7.695963382720947,7.633876036420198,10.314138412475586
7.719150543212891,7.622655662342108,10.288290977478027
7.6746134757995605,7.634418442679037,10.31824016571045
7.683196544647217,7.632012565553721,10.27721881866455
7.680539131164551,7.633007742165189,10.391286849975586
7.679335594177246,7.651446133353083,10.396974563598633
7.69444465637207,7.62898274973434,10.246561050415039
7.62950325012207,7.626874116914613,10.290664672851562
7.675903797149658,7.62309082923457,10.393987655639648
7.634397029876709,7.592662171893087,10.400328636169434
7.664272785186768,7.582381586244862,10.348323822021484
7.627988338470459,7.613215707841197,10.383269309997559
7.678140163421631,7.645571477245539,10.364166259765625
7.676858425140381,7.614858260943687,10.48423957824707
7.693828105926514,7.6072813498654535,10.358621597290039
7.648348331451416,7.624819200885083,10.329476356506348
7.630145072937012,7.628958360890724,10.402861595153809
7.602914333343506,7.606005958081888,10.327198028564453
7.637646675109863,7.558572486741468,10.20439338684082
7.636446952819824,7.653843956234465,10.28514575958252
7.641679763793945,7.5938081303278775,10.427595138549805
7.601008415222168,7.595208992715925,10.282352447509766
7.647066593170166,7.632584011714373,10.29603385925293
7.63225793838501,7.627401024335995,10.34426212310791
7.638024806976318,7.596053973339233,10.357114791870117
7.600688457489014,7.546003049538871,10.27250862121582
7.626679420471191,7.628385105103787,10.346299171447754
7.677494049072266,7.606263808274109,10.319823265075684
7.6474409103393555,7.557330699604271,10.222421646118164
7.660434246063232,7.6117323431785096,10.374073028564453
7.607862949371338,7.578243527694472,10.38207721710205
7.646623611450195,7.595210350883592,10.363125801086426
7.661046504974365,7.564710669518847,10.382675170898438
7.642279624938965,7.609466095255421,10.318809509277344
7.591711521148682,7.57408661298853,10.34665298461914
7.6210713386535645,7.562818014229249,10.297172546386719
7.646437644958496,7.604265259778393,10.309948921203613
7.6375861167907715,7.637177125317976,10.375650405883789
7.604401111602783,7.564173945658175,10.285737037658691
7.608731269836426,7.571255755311411,10.344001770019531
7.631248950958252,7.594272823139493,10.360605239868164
7.6130452156066895,7.543499793391675,10.225878715515137
7.638799667358398,7.583640062349981,10.37553596496582
7.594009876251221,7.592821276580382,10.334590911865234
7.5904130935668945,7.567076708489497,10.325927734375
7.590905666351318,7.555019175833357,10.30746841430664
7.6039581298828125,7.577867972797581,10.356061935424805
7.604435920715332,7.587910921080038,10.347240447998047
7.61491060256958,7.506707620208283,10.234508514404297
7.578426837921143,7.547281247962799,10.334300994873047
7.593999862670898,7.538386321892695,10.402437210083008
7.591466426849365,7.558033502760476,10.372880935668945
7.574199199676514,7.587478458249409,10.341004371643066
7.583990097045898,7.577309083991816,10.320367813110352
7.552890777587891,7.559484940321584,10.31184196472168
7.559309959411621,7.501644030978371,10.269742965698242
7.56728982925415,7.508268556989995,10.308087348937988
7.542295932769775,7.538684717446033,10.337794303894043
7.595168113708496,7.587461136148445,10.230062484741211
7.546200752258301,7.534191614149936,10.33521556854248
7.577917098999023,7.582444932843958,10.306941032409668
7.504338264465332,7.5082929372854,10.34536361694336
7.569181442260742,7.520161984455107,10.378461837768555
7.614871501922607,7.523361108498648,10.353923797607422
7.561129570007324,7.54449122974516,10.290311813354492
7.580327987670898,7.566507435137671,10.369152069091797
7.55559778213501,7.542061779947419,10.425432205200195
7.518799304962158,7.470414146681183,10.347916603088379
7.592271327972412,7.556354812013783,10.378191947937012
7.5390400886535645,7.549310958578385,10.297616004943848
7.538125991821289,7.523099393184696,10.293628692626953
7.536689758300781,7.519845812681264,10.350846290588379
7.531763076782227,7.493802928265983,10.35746955871582
7.542322635650635,7.513811048585921,10.355382919311523
7.545138359069824,7.5082042616725495,10.323151588439941
7.482820510864258,7.466793898093913,10.366432189941406
7.590028285980225,7.5406422436769525,10.352155685424805
7.4973883628845215,7.465525062388873,10.3256196975708
7.50552225112915,7.516199543473443,10.329957008361816
7.512327194213867,7.543264757542472,10.303454399108887
7.509228706359863,7.52492785576864,10.302267074584961
7.528437614440918,7.520896169656355,10.372925758361816
7.501917362213135,7.494542209098913,10.421345710754395
7.541199207305908,7.503273649806422,10.32575798034668
7.544834136962891,7.526183228607156,10.4384765625
7.487972736358643,7.494389738654717,10.383615493774414
7.519194602966309,7.529503583409158,10.316679954528809
7.567809104919434,7.510987100923169,10.411988258361816
7.469193458557129,7.488572086806276,10.343185424804688
7.539461135864258,7.506793387533564,10.322589874267578
7.514138698577881,7.498238912683778,10.311677932739258
7.522812366485596,7.507771967045431,10.31387710571289
7.52508020401001,7.525114943206843,10.450481414794922
7.52031946182251,7.510147675439448,10.295352935791016
7.514039516448975,7.470341070255796,10.35490894317627
7.52433967590332,7.5270275602981975,10.372417449951172
7.5091166496276855,7.5073950493575206,10.328726768493652
7.522071361541748,7.526747791329399,10.447071075439453
7.506453037261963,7.4959670282301625,10.412904739379883
7.483410835266113,7.477358275026615,10.436473846435547
7.467319488525391,7.447196600160428,10.305685997009277
7.5362114906311035,7.472547797452924,10.37515926361084
7.470900535583496,7.467203988893223,10.362584114074707
7.505682468414307,7.541213522099756,10.394895553588867
7.491116046905518,7.467914984628026,10.328239440917969
7.477427959442139,7.488574534288741,10.242654800415039
7.463034152984619,7.505222189572772,10.312429428100586
7.480793476104736,7.447867331427655,10.321304321289062
7.4872050285339355,7.482114153282184,10.350326538085938
7.471574783325195,7.518028287715944,10.320773124694824
7.507503509521484,7.489823363654848,10.439794540405273
7.493777751922607,7.513793871837802,10.382888793945312
7.423568248748779,7.445052345649206,10.358531951904297
7.459287643432617,7.449119691371119,10.28866958618164
7.491803169250488,7.4751431555487216,10.392882347106934
7.432553768157959,7.437305295108153,10.391550064086914
7.455970764160156,7.441993484772475,10.384115219116211
7.457406520843506,7.420711323718673,10.354826927185059
7.43201208114624,7.48684456428912,10.358379364013672
7.438648223876953,7.441906841105915,10.255050659179688
7.474792003631592,7.462754535122906,10.252351760864258
7.435689926147461,7.420067260939893,10.355426788330078
7.449254989624023,7.465650958507987,10.264546394348145
7.432404518127441,7.419863082135895,10.279303550720215
7.419856071472168,7.439169400305088,10.408830642700195
7.428248882293701,7.423349488958983,10.425355911254883
7.433131217956543,7.443752133719888,10.408522605895996
7.41735315322876,7.418864325354142,10.313679695129395
7.436628818511963,7.4254437977381595,10.392705917358398
7.446866035461426,7.429905047939558,10.368943214416504
7.429623603820801,7.45656199547063,10.44776725769043
7.418946266174316,7.4174419722985485,10.42765998840332
7.3935346603393555,7.393064604107556,10.350631713867188
7.459094524383545,7.4788843897903075,10.338068008422852
7.398498058319092,7.44226059650204,10.323163986206055
7.432052135467529,7.421970751934818,10.456040382385254
7.378649711608887,7.37206281525349,10.427730560302734
7.40762996673584,7.400642786740458,10.292379379272461
7.408139228820801,7.424910219452744,10.28189468383789
7.39459228515625,7.430273653806321,10.286149024963379
7.411153316497803,7.387430345606324,10.370155334472656
7.435091972351074,7.447946133025521,10.313190460205078
7.402026176452637,7.44687408997145,10.41116714477539
7.4103312492370605,7.417855095650469,10.339320182800293
7.385775566101074,7.404616615868042,10.361394882202148
7.426311492919922,7.456168065413035,10.372081756591797
7.433262348175049,7.409488360763394,10.362732887268066
7.421091079711914,7.399317407847516,10.335526466369629
7.412478446960449,7.437762424715661,10.422492980957031
7.3765387535095215,7.3672656142152855,10.357027053833008
7.36163854598999,7.366760791944606,10.299670219421387
7.4084038734436035,7.390895760784458,10.311078071594238
7.404024600982666,7.408732918922656,10.36767292022705
7.3913044929504395,7.371310347458348,10.399406433105469
7.398342609405518,7.418360544368625,10.374817848205566
7.415570259094238,7.426694490215076,10.43139362335205
7.41253662109375,7.437978852739823,10.286569595336914
7.388897895812988,7.408054209879732,10.365074157714844
7.358191013336182,7.38650063698047,10.394172668457031
7.3691534996032715,7.412272830493748,10.385522842407227
7.382371425628662,7.457936504656183,10.3519287109375
7.336114883422852,7.3621784954864005,10.419475555419922
7.387120246887207,7.398531674440684,10.331750869750977
7.340812683105469,7.374441847205163,10.392433166503906
7.389460563659668,7.418319436954334,10.31313705444336
7.342577934265137,7.379812654207593,10.229098320007324
7.367834568023682,7.390641926721272,10.327284812927246
7.380928993225098,7.393605007523938,10.352127075195312
7.344503402709961,7.36056427873804,10.424373626708984
7.3504638671875,7.397879092322132,10.324897766113281
7.262357234954834,7.348483740119264,10.349071502685547
7.322597980499268,7.389479075891099,10.244959831237793
7.332878589630127,7.356049131369218,10.421220779418945
7.330292701721191,7.347417718897175,10.260598182678223
7.3644914627075195,7.368955133582598,10.320821762084961
7.362603187561035,7.365336210932583,10.420486450195312
7.341350555419922,7.4090646922787915,10.226096153259277
7.371621608734131,7.411499015521258,10.350691795349121
7.357352256774902,7.352680517792968,10.384042739868164
7.371247291564941,7.368423772709711,10.332275390625
7.303177833557129,7.3874257578115365,10.28966999053955
7.332714557647705,7.3824896359749665,10.301841735839844
7.34350061416626,7.364474517126967,10.321807861328125
7.316351890563965,7.321841804809602,10.247719764709473
7.350216865539551,7.407119100747098,10.324935913085938
7.314247131347656,7.349540827995433,10.30051040649414
7.275387287139893,7.311025765192296,10.329351425170898
7.304086208343506,7.329398729472555,10.37081241607666
7.335269927978516,7.378523706957432,10.296820640563965
7.296377658843994,7.336884359064113,10.331801414489746
7.3206305503845215,7.355140258458311,10.261465072631836
7.297956466674805,7.328724153872049,10.395663261413574
7.281224250793457,7.338623752551419,10.368499755859375
7.320610523223877,7.371719824083681,10.318645477294922
7.305771350860596,7.3277319831374506,10.297587394714355
7.299291133880615,7.309304685265358,10.299398422241211
7.29201078414917,7.3392683877277065,10.35446548461914
7.315443992614746,7.314686054131016,10.346940994262695
7.276245594024658,7.341197667709951,10.334331512451172
7.304129600524902,7.348393929224196,10.327936172485352
7.274899482727051,7.303090563942012,10.369586944580078
7.269981384277344,7.334050309877577,10.444171905517578
7.27500057220459,7.30745789698059,10.342365264892578
7.286473751068115,7.3170589420811405,10.430154800415039
7.33339262008667,7.329874887962693,10.370035171508789
7.256725311279297,7.268352332325386,10.287541389465332
7.28184175491333,7.313724204798096,10.367925643920898
7.269218921661377,7.354191160594512,10.326706886291504
7.227027893066406,7.259164797873901,10.305834770202637
7.227264881134033,7.308148117104013,10.284255981445312
7.262872695922852,7.274034385635918,10.362948417663574
7.249227523803711,7.2586037256821445,10.345080375671387
7.237168312072754,7.260768785906423,10.331811904907227
7.214179992675781,7.296957905936453,10.344301223754883
7.250598907470703,7.2738690816331655,10.321542739868164
7.245021343231201,7.3244822237840195,10.342551231384277
7.23736572265625,7.298604032390617,10.315595626831055
7.234296798706055,7.31557546708999,10.272067070007324
7.232858180999756,7.310026071932432,10.36923599243164
7.218936443328857,7.270888931583613,10.357078552246094
7.246664047241211,7.279584644694945,10.31000804901123
7.245874881744385,7.2780619768891475,10.358854293823242
7.197510719299316,7.259831589779683,10.303367614746094
7.253861904144287,7.317279207287356,10.32415771484375
7.23042106628418,7.265112106488752,10.342397689819336
7.206183433532715,7.2685585749402115,10.330183029174805
7.181005001068115,7.262392105002488,10.429814338684082
7.241442680358887,7.312952436540009,10.358413696289062
7.215823650360107,7.236777959125383,10.409708976745605
7.211623191833496,7.27890232950449,10.342201232910156
7.216036319732666,7.264297426611716,10.402421951293945
7.2107415199279785,7.252707106892817,10.348888397216797
7.204994201660156,7.280138930838023,10.37001895904541
7.207825183868408,7.2791390732329875,10.328824996948242
7.196763515472412,7.268852801294997,10.242645263671875
7.244979381561279,7.274090393612694,10.372100830078125
7.192522048950195,7.263555881301207,10.27696418762207
7.2108306884765625,7.282926603952157,10.362425804138184
7.202877044677734,7.254294006020896,10.383150100708008
7.207555770874023,7.265711782799501,10.30116081237793
7.200651168823242,7.270630899683705,10.290756225585938
7.213150978088379,7.263220599752717,10.321874618530273
7.141374111175537,7.236186032083684,10.398943901062012
7.17810583114624,7.282349733635783,10.384782791137695
7.156960964202881,7.233795648407457,10.369511604309082
7.157650947570801,7.238297150603363,10.349486351013184
7.214136123657227,7.249963156679379,10.393218040466309
7.15770149230957,7.234438989843641,10.368228912353516
7.144870758056641,7.233612775569781,10.305289268493652
7.1847639083862305,7.262548745909174,10.390911102294922
7.192563533782959,7.26154544367455,10.33560848236084
7.199855804443359,7.280393571792436,10.3220796585083
7.186810493469238,7.23640924103425,10.368104934692383
7.16947078704834,7.262231575491439,10.272884368896484
7.183164119720459,7.243182933589975,10.345956802368164
7.163584232330322,7.2076460671877225,10.36940860748291
7.17038106918335,7.24119147721545,10.384891510009766
7.183513641357422,7.265676454075479,10.308234214782715
7.1929402351379395,7.25340397349958,10.307157516479492
7.142719745635986,7.22818807562414,10.443374633789062
7.144820690155029,7.22800055971103,10.351797103881836
7.1420578956604,7.1885898689340255,10.3115234375
7.138506889343262,7.226232974923083,10.255766868591309
7.129950523376465,7.213682472173657,10.315632820129395
7.1437859535217285,7.181806937924453,10.33602523803711
7.1132917404174805,7.228566617605143,10.40292739868164
7.147481441497803,7.206391285007287,10.317928314208984
7.126471519470215,7.205080852644252,10.323440551757812
7.149290084838867,7.223283929051831,10.350568771362305
7.139066219329834,7.202538976678625,10.243120193481445
7.140789031982422,7.223381813815129,10.338071823120117
7.106486797332764,7.20995466963255,10.30785083770752
7.152507305145264,7.243792521334918,10.38526725769043
7.145946502685547,7.199146159059767,10.264601707458496
7.120364665985107,7.208520313758137,10.346641540527344
7.137988567352295,7.212019788799807,10.366703033447266
7.100742816925049,7.148043874817501,10.329753875732422
7.110152244567871,7.177915223973936,10.327516555786133
7.124419212341309,7.192731304892472,10.353055000305176
7.1229753494262695,7.2189529300667346,10.375977516174316
7.119593620300293,7.168219681529861,10.357583999633789
7.103577136993408,7.1783042624925395,10.2784423828125
7.105785846710205,7.1861521706783344,10.364877700805664
7.123618125915527,7.221063134892446,10.377620697021484
7.081740856170654,7.1790118907312195,10.34260368347168
7.084483623504639,7.18727331285897,10.447046279907227
7.121788501739502,7.214206619520805,10.300490379333496
7.079670429229736,7.183091750368476,10.293769836425781
7.098392009735107,7.165935386105308,10.36231803894043
7.07927131652832,7.198164493244675,10.374464988708496
7.100955486297607,7.163763265857207,10.39010238647461
7.072390556335449,7.15594781103677,10.388893127441406
7.055307388305664,7.167643213711147,10.373479843139648
7.067947864532471,7.164235665296604,10.292451858520508
7.076379299163818,7.20267667355282,10.278457641601562
7.093682289123535,7.165074728562364,10.414728164672852
7.041186809539795,7.144746744672634,10.318279266357422
7.013035774230957,7.107995379982249,10.380927085876465
7.074978351593018,7.1561343894074,10.379133224487305
7.047794818878174,7.166571812271805,10.441808700561523
7.034469127655029,7.148038011576448,10.339967727661133
7.04709005355835,7.155227793147787,10.450799942016602
7.09337854385376,7.211903656999183,10.378409385681152
7.073459148406982,7.114692150315802,10.366579055786133
7.060131549835205,7.119041016824278,10.36290454864502
7.039065837860107,7.148404468150277,10.491203308105469
7.052295207977295,7.143980190290936,10.348682403564453
7.04368257522583,7.1379297325454125,10.340161323547363
7.01635217666626,7.154889749728941,10.330942153930664
7.047093391418457,7.178046437512551,10.295588493347168
6.983409881591797,7.149174611150686,10.341292381286621
7.036862850189209,7.1967385841333975,10.38469123840332
6.997951030731201,7.137400656140277,10.433893203735352
7.026630401611328,7.170044276264629,10.39674186706543
7.014883995056152,7.138505474032303,10.374924659729004
7.038408279418945,7.204366573199098,10.384224891662598
7.018389701843262,7.122141430287488,10.341409683227539
7.028192520141602,7.090015328289676,10.34749698638916
7.0311408042907715,7.126351820371513,10.314516067504883
6.996047019958496,7.118300230707973,10.405879974365234
7.018439292907715,7.1279698967867136,10.288434028625488
7.0453200340271,7.093403091354828,10.349653244018555
7.031291961669922,7.160171715775505,10.327485084533691
7.009131908416748,7.115162254909852,10.360335350036621
6.983705997467041,7.128862058178388,10.363739013671875
6.982071876525879,7.113429828580204,10.31599235534668
7.018619060516357,7.173779300447287,10.28230094909668
6.991528034210205,7.131001542887784,10.309659957885742
6.983805179595947,7.116280260329534,10.345441818237305
6.992431163787842,7.08517899799959,10.356771469116211
6.999596118927002,7.117200252067828,10.4009428024292
6.957895278930664,7.077249264145004,10.328900337219238
6.970335483551025,7.09932502322564,10.491458892822266
6.9697723388671875,7.113146494109449,10.454305648803711
6.989139556884766,7.168199216115421,10.389249801635742
6.9733781814575195,7.072324427975608,10.424495697021484
6.955787658691406,7.100468447631491,10.314644813537598
6.964315891265869,7.095515355334749,10.360136985778809
6.987715244293213,7.126434443651566,10.30642318725586
6.933835506439209,7.069781881025327,10.324291229248047
6.985311508178711,7.087213698175869,10.387078285217285
6.965685844421387,7.069917958994795,10.370433807373047
6.9582133293151855,7.1049075356152445,10.42538833618164
6.93458366394043,7.089347313391045,10.290238380432129
6.934548377990723,7.066034352539905,10.358345985412598
6.944122791290283,7.0679135283322205,10.314009666442871
6.941605091094971,7.099340047454462,10.344231605529785
6.953487396240234,7.087071080525805,10.408052444458008
6.91177225112915,7.03465615665274,10.34377384185791
6.959859848022461,7.12079727044329,10.368983268737793
6.914114952087402,7.055343628761226,10.342132568359375
6.951863765716553,7.095142984529957,10.331557273864746
6.913906574249268,7.067952934452998,10.391350746154785
6.920711517333984,7.109161783608474,10.272424697875977
6.945255756378174,7.0778796493208835,10.26059627532959
6.906719207763672,7.036509949946776,10.395442008972168
6.95564079284668,7.053621867605086,10.4038667678833
6.92385721206665,7.059298868889788,10.332886695861816
6.904969215393066,7.0448036090736945,10.347623825073242
6.881109237670898,7.039388630372871,10.33949089050293
6.900681972503662,7.050140382788543,10.346065521240234
6.913703441619873,7.037649779647057,10.390813827514648
6.8868536949157715,7.081602179877725,10.357294082641602
6.914083957672119,7.048359142516607,10.389123916625977
6.932310581207275,7.114346923040492,10.295267105102539
6.904617786407471,7.0767250287213495,10.367222785949707
6.914827823638916,7.082144946924278,10.378212928771973
6.889624118804932,7.027773187894907,10.381912231445312
6.918839454650879,7.075243822565035,10.299798965454102
6.902318000793457,7.013154181984387,10.405065536499023
6.89714241027832,7.004048725523587,10.349214553833008
6.921230316162109,7.0598699938106755,10.230632781982422
6.884846210479736,7.043161189915347,10.348136901855469
6.880979061126709,7.067206799518317,10.3903169631958
6.871303558349609,7.013616711067568,10.382739067077637
6.885781288146973,7.055428662536932,10.376079559326172
6.883907794952393,7.003041047968768,10.336862564086914
6.853853225708008,6.978185793484694,10.312868118286133
6.845889091491699,6.994105991608064,10.322408676147461
6.86018705368042,7.0221475095355075,10.364933013916016
6.852750301361084,7.020185106134573,10.409727096557617
6.84810209274292,6.987769899756781,10.41006088256836
6.867068290710449,7.042074196705862,10.36215877532959
6.836211681365967,7.009514253320439,10.316905975341797
6.853358268737793,7.008951938411753,10.38286304473877
6.8471598625183105,7.000927674284737,10.331249237060547
6.8547821044921875,6.991863804470215,10.377635955810547
6.861708164215088,7.012569706155253,10.41427993774414
6.856409072875977,7.024792448817088,10.311105728149414
6.821808815002441,7.011044663975813,10.410274505615234
6.822696685791016,7.013275318779051,10.35303020477295
6.835832595825195,7.016906637199488,10.402642250061035
6.850351333618164,7.0235811298313955,10.248188972473145
6.843054294586182,7.009105194559587,10.296343803405762
6.806682109832764,7.018055909246739,10.294867515563965
6.8162970542907715,6.987065278093463,10.402350425720215
6.814023494720459,6.974347444783364,10.380647659301758
6.82422399520874,6.99019530462101,10.411907196044922
6.827295780181885,7.026534797989631,10.310563087463379
6.786404609680176,6.997472587241127,10.486129760742188
6.80916166305542,6.987645459660729,10.304125785827637
6.8117804527282715,7.000320340539993,10.350847244262695
6.8238091468811035,7.0029782554733435,10.374335289001465
6.819997787475586,6.9946219709236175,10.365961074829102
6.826934337615967,7.013486965027239,10.257530212402344
6.80674409866333,6.999058168414714,10.336811065673828
6.8134331703186035,7.015242238728595,10.349787712097168
6.799333572387695,7.0006926442563,10.402756690979004
6.816138744354248,6.994824196577872,10.403797149658203
6.784019947052002,6.993765008037112,10.34559154510498
6.754300117492676,6.907111502618395,10.399826049804688
6.769284248352051,6.973695425017338,10.399044036865234
6.7851057052612305,6.964781417744234,10.458074569702148
6.798992156982422,6.996614951341014,10.398321151733398
6.763254165649414,6.955564133856179,10.4306058883667
6.790193557739258,6.9542101535147856,10.384583473205566
6.785262584686279,6.968016126625505,10.34823989868164
6.78787899017334,6.972242500433431,10.399860382080078
6.779763698577881,6.987273375038058,10.377713203430176
6.772956371307373,6.9725511389718,10.35376262664795
6.742502689361572,6.954768870724365,10.368303298950195
6.755527019500732,6.924170560901985,10.370368003845215
6.77035665512085,6.948002702124151,10.382393836975098
6.740609645843506,6.921574423821377,10.34782600402832
6.753785133361816,6.9512744231615216,10.378538131713867
6.761144638061523,6.935096747541268,10.379976272583008
6.738845348358154,6.943944255987715,10.376119613647461
6.746467590332031,6.9486323010974695,10.364212036132812
6.730607509613037,6.944651689912591,10.505763053894043
6.731851577758789,6.937929140137775,10.387018203735352
6.726768970489502,6.921940017325273,10.394928932189941
6.717174530029297,6.967136038567073,10.305795669555664
6.734673023223877,6.920542996942198,10.325418472290039
6.728212833404541,6.882888765539974,10.333221435546875
6.735966205596924,6.957997393594789,10.471908569335938
6.724667549133301,6.919365642093388,10.401956558227539
6.729719161987305,6.945139838216295,10.329524993896484
6.743110179901123,6.94819948998546,10.465307235717773
6.7207932472229,6.9347281085460315,10.384332656860352
6.716097831726074,6.896543732944078,10.333176612854004
6.702605247497559,6.888314486514511,10.283140182495117
6.7275590896606445,6.944833229595263,10.323135375976562
6.697992324829102,6.923255051885333,10.34036636352539
6.681324005126953,6.913287082620497,10.366340637207031
6.704874038696289,6.8857502193256686,10.329891204833984
6.704422950744629,6.907994521482448,10.380659103393555
6.707015514373779,6.93603673540721,10.321219444274902
6.712899684906006,6.886880321694271,10.38722038269043
6.6849870681762695,6.883723162280929,10.376106262207031
6.6996355056762695,6.897060336811203,10.338794708251953
6.721073627471924,6.946607128317867,10.386214256286621
6.675107002258301,6.910756799725018,10.376333236694336
6.682861804962158,6.879342177916052,10.304635047912598
6.694845199584961,6.9012968287736705,10.39306926727295
6.686645030975342,6.9117053720900525,10.391763687133789
6.670881271362305,6.8726428878560135,10.40129566192627
6.660359859466553,6.881535361554208,10.325642585754395
6.6771345138549805,6.872767620553662,10.292173385620117
6.661073684692383,6.9437644253484905,10.329736709594727
6.6413493156433105,6.898056369607469,10.313531875610352
6.657236576080322,6.902850283176772,10.402297973632812
6.660462379455566,6.854177514323965,10.408214569091797
6.665010929107666,6.91303993379032,10.298980712890625
6.693450927734375,6.878339083366363,10.42339038848877
6.689967632293701,6.920781241696593,10.396748542785645
6.663666725158691,6.867268240378637,10.337143898010254
6.656028747558594,6.9105281599996875,10.380849838256836
6.648119926452637,6.919258533976972,10.344110488891602
6.640796184539795,6.881346571824646,10.317434310913086
6.663376808166504,6.8923029506446,10.355184555053711
6.663158416748047,6.873113100317174,10.29873275756836
6.652838706970215,6.859938291533451,10.321245193481445
6.630486488342285,6.827680483294119,10.302830696105957
6.630953788757324,6.863376827910543,10.398669242858887
6.61072301864624,6.824706036630752,10.351378440856934
6.628573894500732,6.863804222650028,10.426883697509766
6.637275695800781,6.893226981562163,10.302013397216797
6.635901927947998,6.887815885711462,10.379058837890625
6.636148452758789,6.888898623308965,10.336301803588867
6.603665351867676,6.865803623039808,10.39236068725586
6.61807918548584,6.876727088387789,10.364546775817871
6.600038051605225,6.8934590666155735,10.340531349182129
6.6037373542785645,6.867185027637917,10.333106994628906
6.611081123352051,6.8849381692374925,10.44048023223877
6.623055934906006,6.881221423357992,10.32339859008789
6.623713493347168,6.850197253349636,10.383537292480469
6.604979515075684,6.830218623791422,10.378981590270996
6.577742099761963,6.831091115184661,10.363582611083984
6.63036584854126,6.857125172823934,10.291107177734375
6.608788013458252,6.849980230110564,10.355810165405273
6.583564281463623,6.820502915286593,10.317173957824707
6.592050075531006,6.826253858461443,10.342695236206055
6.595800399780273,6.876729028199667,10.41165828704834
6.563509464263916,6.7900494934791435,10.396306991577148
6.578766822814941,6.802302508182557,10.402764320373535
6.5401177406311035,6.789841760581892,10.346684455871582
6.58333158493042,6.826887821745394,10.403438568115234
6.5698981285095215,6.853114217253667,10.361465454101562
6.583835124969482,6.818118389895452,10.310759544372559
6.566784858703613,6.82030588804212,10.440567016601562
6.563408851623535,6.835189514627148,10.394022941589355
6.557657718658447,6.818069870051528,10.369178771972656
6.56177282333374,6.820274737430736,10.411553382873535
6.566703796386719,6.85620588682858,10.37558364868164
6.555965423583984,6.781574469159491,10.348601341247559
6.568261623382568,6.815654233530431,10.353113174438477
6.552346229553223,6.770691945849519,10.449600219726562
6.5602707862854,6.818792885601786,10.359951972961426
6.5520172119140625,6.841375303188604,10.383077621459961
6.541601181030273,6.793441013931963,10.290655136108398
6.5606160163879395,6.829440149212521,10.331164360046387
6.558084487915039,6.805848351047773,10.387627601623535
6.530952453613281,6.77902829118206,10.353933334350586
6.551540374755859,6.831186510389671,10.340137481689453
6.532032012939453,6.7892017963541935,10.343612670898438
6.529542446136475,6.792590308535312,10.337846755981445
6.546178340911865,6.813085557161165,10.463815689086914
6.534721851348877,6.747978751913512,10.386293411254883
6.502639293670654,6.754437597368711,10.332355499267578
6.524017333984375,6.8052221216327915,10.381134986877441
6.521459579467773,6.793233220166128,10.36066722869873
6.51251220703125,6.798822501840602,10.406993865966797
6.514645099639893,6.788358565419912,10.437313079833984
6.5459113121032715,6.788994478261364,10.370083808898926
6.53710412979126,6.791535350760179,10.356228828430176
6.525167942047119,6.782598711516974,10.34789752960205
6.4868645668029785,6.776516741806907,10.355324745178223
6.522881031036377,6.775054022503484,10.370768547058105
6.492392063140869,6.785126936522179,10.389500617980957
6.483002662658691,6.7855607331730425,10.329483985900879
6.491349220275879,6.756581586153646,10.326136589050293
6.493038177490234,6.770076128022214,10.392642974853516
6.479557037353516,6.723500371411708,10.35224437713623
6.526009559631348,6.785888154791403,10.347940444946289
6.489831447601318,6.742621337562533,10.407721519470215
6.485990047454834,6.776123214280233,10.323269844055176
6.505118370056152,6.776733068416694,10.373964309692383
6.4662957191467285,6.724384059996478,10.368914604187012
6.49515962600708,6.776644365662443,10.410808563232422
6.464564800262451,6.779508433304727,10.43414306640625
6.464412212371826,6.762110429749425,10.375415802001953
6.498842716217041,6.767129960669471,10.318573951721191
6.4874420166015625,6.73284366414217,10.302791595458984
6.477895259857178,6.766919997154869,10.3568754196167
6.470649242401123,6.728135775342318,10.320669174194336
6.465144634246826,6.766149603728471,10.354741096496582
6.495031833648682,6.730837115419231,10.301417350769043
6.472320079803467,6.710345044366217,10.318180084228516
6.48118257522583,6.745421242667362,10.299650192260742
6.465640068054199,6.730209069426304,10.43276596069336
6.475718021392822,6.759475272148848,10.300416946411133
6.47459077835083,6.724541551732857,10.414392471313477
6.4402995109558105,6.7192279000300905,10.366369247436523
6.446522235870361,6.738922979416593,10.471482276916504
6.438108444213867,6.736878566477181,10.321623802185059
6.439955711364746,6.747244601769905,10.414798736572266
6.434634208679199,6.69779260476519,10.391454696655273
6.419308185577393,6.73551431278299,10.411458015441895
6.444676399230957,6.745292296200725,10.364691734313965
6.4431843757629395,6.720070262339766,10.397052764892578
6.426658630371094,6.72631192283838,10.391695022583008
6.425761699676514,6.734512731166822,10.331228256225586
6.448300838470459,6.72941174497828,10.335725784301758
6.426919937133789,6.691197772942749,10.285893440246582
6.431962013244629,6.73330797993445,10.347708702087402
6.43670129776001,6.738194224790536,10.276816368103027
6.417405605316162,6.71950744761021,10.436880111694336
6.4127607345581055,6.733047020954213,10.345054626464844
6.414604187011719,6.7275401845108735,10.412734031677246
6.397175312042236,6.705143376785729,10.361278533935547
6.398125171661377,6.74149359200549,10.432124137878418
6.4314680099487305,6.7440041639576,10.446611404418945
6.415730953216553,6.712220990730981,10.354793548583984
6.394734859466553,6.670319974788331,10.387908935546875
6.398514270782471,6.664785706438124,10.308591842651367
6.393560409545898,6.691259212758659,10.375049591064453
6.3946003913879395,6.702794861680429,10.275702476501465
6.398628234863281,6.6764123424488515,10.480300903320312
6.3863325119018555,6.70676682879483,10.406822204589844
6.37719202041626,6.70021880740699,10.26245403289795
6.378281116485596,6.706272039495941,10.34179973602295
6.397339820861816,6.706689126822831,10.38774299621582
6.384143352508545,6.70137288521177,10.37004280090332
6.375729084014893,6.7219883945570995,10.382250785827637
6.370944976806641,6.676075992107924,10.328011512756348
6.38483190536499,6.6888680498315285,10.320995330810547
6.360968589782715,6.69970917086383,10.331398010253906
6.361485481262207,6.6817562069544305,10.354398727416992
6.371160507202148,6.716436260546159,10.337467193603516
6.371800422668457,6.7066326483285845,10.335062026977539
6.362614631652832,6.682759638543107,10.390213966369629
6.375154495239258,6.642962303777624,10.350936889648438
6.363799571990967,6.682455848337018,10.422654151916504
6.362421989440918,6.674183383251408,10.460542678833008
6.350064277648926,6.633648434088433,10.387222290039062
6.358711242675781,6.70019939658232,10.36863899230957
6.352010726928711,6.661156515058661,10.417869567871094
6.366487503051758,6.654503169336489,10.3902587890625
6.3659563064575195,6.682421938017277,10.400352478027344
6.346042633056641,6.709750085570184,10.320335388183594
6.353216648101807,6.681569372869229,10.364429473876953
6.322410583496094,6.646678800228983,10.347013473510742
6.339643478393555,6.6480690822936594,10.391773223876953
6.356467247009277,6.654764175115686,10.369499206542969
6.342718124389648,6.6456802571525,10.307950019836426
6.33714485168457,6.670742045522535,10.4816255569458
6.33944034576416,6.667539934261834,10.428207397460938
6.321218490600586,6.624848807962345,10.371635437011719
6.3397016525268555,6.6296551040307214,10.387166976928711
6.3065032958984375,6.623315399612433,10.337438583374023
6.313588619232178,6.635966258456133,10.248044967651367
6.3252458572387695,6.627984212744715,10.400834083557129
6.323708534240723,6.628321710275486,10.381510734558105
6.307636260986328,6.6189856666938525,10.346684455871582
6.322134494781494,6.6495792647557606,10.394205093383789
6.30698299407959,6.6739812436447075,10.452651977539062
6.299147605895996,6.620939403040601,10.410176277160645
6.292232036590576,6.609042249719745,10.397085189819336
6.303077220916748,6.654994535725565,10.364876747131348
6.302264213562012,6.625443852839194,10.392681121826172
6.312243461608887,6.611756438722036,10.38872241973877
6.278164863586426,6.607935040856578,10.336433410644531
6.287821292877197,6.61101958395115,10.321572303771973
6.301205158233643,6.608223173867113,10.352304458618164
6.312525749206543,6.627164343139157,10.34470272064209
6.2832465171813965,6.614121390340317,10.354965209960938
6.297739028930664,6.673479999515361,10.425008773803711
6.2806549072265625,6.600373848674021,10.320435523986816
6.2952961921691895,6.6405788817376425,10.395408630371094
6.28183650970459,6.616714802404333,10.398926734924316
6.270420551300049,6.61982454745365,10.317262649536133
6.290648460388184,6.6400610708099395,10.318485260009766
6.2673115730285645,6.619341228423374,10.500510215759277
6.283471584320068,6.58822085758272,10.277671813964844
6.270531177520752,6.655788467831112,10.397920608520508
6.26670503616333,6.588976430673418,10.35379409790039
6.257443428039551,6.549324497746836,10.377744674682617
6.276078224182129,6.581757827562147,10.361780166625977
6.269498348236084,6.62411016624953,10.31571102142334
6.262444019317627,6.6384542554816495,10.322690963745117
6.292769908905029,6.62350819718891,10.358870506286621
6.23532247543335,6.612995705700347,10.360536575317383
6.254112720489502,6.605804223766817,10.315143585205078
6.254859447479248,6.58648218633607,10.36080265045166
6.248050689697266,6.604337621713057,10.407100677490234
6.238841533660889,6.574477926528614,10.360199928283691
6.238253116607666,6.617386476535881,10.322497367858887
6.2452192306518555,6.617592066293582,10.339559555053711
6.2463884353637695,6.637460130765768,10.425504684448242
6.2296600341796875,6.620337735096525,10.392878532409668
6.227072238922119,6.548058589820617,10.418649673461914
6.234430313110352,6.630229435894371,10.390113830566406
6.2456464767456055,6.5832257520607005,10.354665756225586
6.2246928215026855,6.601404670692448,10.426445007324219
6.213696002960205,6.561695437080094,10.427154541015625
6.217535495758057,6.557663782300161,10.332050323486328
6.243499755859375,6.6090126176630815,10.355445861816406
6.23151159286499,6.595500939725232,10.437600135803223
6.2057576179504395,6.585306476668588,10.327579498291016
6.2202630043029785,6.5538918812027465,10.356557846069336
6.221340179443359,6.5855390803688865,10.480688095092773
6.230597972869873,6.5399860950918605,10.332757949829102
6.224679946899414,6.608343931280875,10.30755615234375
6.2098846435546875,6.591445579393101,10.41899585723877
6.2010416984558105,6.5519789587373705,10.335731506347656
6.205205917358398,6.577604377010305,10.395517349243164
6.2292704582214355,6.57448836961495,10.3870210647583
6.212366580963135,6.582172224065289,10.386091232299805
6.214091777801514,6.580577065137082,10.406850814819336
6.182007789611816,6.5455728828840485,10.30561637878418
6.174088001251221,6.541808361187577,10.430190086364746
6.223260402679443,6.562587285647169,10.440367698669434
6.193221092224121,6.570186204975471,10.392383575439453
6.192744255065918,6.596374367496797,10.41517448425293
6.202218055725098,6.586656980582379,10.384212493896484
6.197056293487549,6.567166841156515,10.342257499694824
6.202928066253662,6.54936379333958,10.431474685668945
6.172330856323242,6.545375418982335,10.388995170593262
6.184544086456299,6.562648878299764,10.424867630004883
6.165789604187012,6.539551367118423,10.338714599609375
6.176689147949219,6.537165224618677,10.389007568359375
6.161762237548828,6.53552816113058,10.354511260986328
6.177472114562988,6.537764108706533,10.43274211883545
6.174034118652344,6.534230278538805,10.473613739013672
6.167601585388184,6.5749900933089,10.432844161987305
6.157689094543457,6.576443414669484,10.436283111572266
6.154433250427246,6.553691338847524,10.360453605651855
6.174252510070801,6.540611826947758,10.473661422729492
6.167923450469971,6.558383230286251,10.43679141998291
6.166085720062256,6.528727938786947,10.303441047668457
6.155063629150391,6.546382176523496,10.335163116455078
6.159111499786377,6.513770397120555,10.389001846313477
6.17630672454834,6.504240860497314,10.364925384521484
6.131964206695557,6.529872967229624,10.426841735839844
6.123770713806152,6.523056082859902,10.31348991394043
6.144298076629639,6.526802408409172,10.381110191345215
6.141786098480225,6.542631490987592,10.367382049560547
6.151012420654297,6.556762586647112,10.325179100036621
6.159078121185303,6.50994297995099,10.366730690002441
6.165737628936768,6.526763376347454,10.35141658782959
6.142483234405518,6.479913042459105,10.409059524536133
6.1419525146484375,6.528313887737957,10.390806198120117
6.142685890197754,6.549550810396405,10.355062484741211
6.12103796005249,6.510796538421086,10.3475341796875
6.131594657897949,6.5449830167594225,10.296451568603516
6.124049186706543,6.505987791178216,10.393599510192871
6.132653713226318,6.526629077802811,10.407495498657227
6.112534523010254,6.48103276184494,10.324615478515625
6.118564128875732,6.47097430517897,10.391799926757812
6.127645492553711,6.446793998392033,10.360575675964355
6.1250762939453125,6.572177623598171,10.460636138916016
6.107502460479736,6.49153903176609,10.366973876953125
6.105119228363037,6.503285931057429,10.394096374511719
6.08713960647583,6.511290288463767,10.295490264892578
6.113436698913574,6.502204125347946,10.327107429504395
6.093757152557373,6.495120203521634,10.348248481750488
6.109409332275391,6.4852580745771,10.444828033447266
6.087757110595703,6.524632182371404,10.370753288269043
6.092467308044434,6.486926540067153,10.455793380737305
6.075170516967773,6.487014416438926,10.371973037719727
6.104477405548096,6.493534836984638,10.398027420043945
6.112975597381592,6.470274204188691,10.30339527130127
6.072658061981201,6.5076673072430165,10.417289733886719
6.087240695953369,6.528948393583829,10.36060619354248
6.083652496337891,6.488639018132485,10.388853073120117
6.082043647766113,6.482992090550916,10.37879753112793
6.07430362701416,6.481378478131123,10.280200958251953
6.076821327209473,6.466098914754444,10.393616676330566
6.074910640716553,6.511195383001385,10.417839050292969
6.077149868011475,6.50218641734682,10.488391876220703
6.090125560760498,6.476926109720287,10.36392879486084
6.048817157745361,6.46792696679144,10.369588851928711
6.0559515953063965,6.466796691329884,10.325385093688965
6.07672119140625,6.42627674238091,10.472471237182617
6.075321674346924,6.462870782839932,10.40272045135498
6.063687801361084,6.480487338367052,10.406352996826172
6.080892086029053,6.468037690634707,10.353994369506836
6.0428009033203125,6.452778144806092,10.35097599029541
6.071577548980713,6.470514777548877,10.342730522155762
6.0503716468811035,6.47080145649878,10.367345809936523
6.057586193084717,6.494345072523823,10.370063781738281
6.054654121398926,6.458021111087874,10.381916999816895
6.05576753616333,6.494013909516591,10.326756477355957
6.0297746658325195,6.485336478965889,10.458184242248535
6.037258148193359,6.459516797680408,10.4383544921875
6.045524597167969,6.45675183124175,10.406758308410645
6.030801773071289,6.464729532865542,10.365609169006348
6.040344715118408,6.484418441940631,10.42921257019043
6.027499198913574,6.445889578367185,10.324020385742188
6.035459518432617,6.457340452687016,10.439741134643555
6.038758754730225,6.478581042095487,10.491271018981934
6.00477933883667,6.435372253846644,10.35995101928711
6.02520227432251,6.426619345222467,10.326269149780273
6.032985687255859,6.47147563771744,10.414261817932129
6.017826080322266,6.460297909731578,10.284079551696777
6.020935535430908,6.458446147751861,10.39100456237793
6.035070896148682,6.450623876880854,10.365729331970215
6.031148433685303,6.43481660847153,10.408920288085938
6.011600494384766,6.431678984879649,10.408459663391113
6.022054672241211,6.408159214703899,10.352527618408203
6.008240222930908,6.462463442834893,10.414384841918945
6.020051956176758,6.434726193480726,10.372211456298828
6.00678825378418,6.4407680480674445,10.432392120361328
6.005001544952393,6.434103505120479,10.375005722045898
6.021178245544434,6.446252271566274,10.37802791595459
6.010534286499023,6.434367288369685,10.447312355041504
6.010429382324219,6.447575350025934,10.341269493103027
5.9914350509643555,6.441170598147437,10.3556489944458
6.014466285705566,6.467535901648391,10.294179916381836
5.983635902404785,6.438777525177492,10.297311782836914
5.997592926025391,6.412862026631567,10.360495567321777
5.993639945983887,6.434097857946264,10.417327880859375
5.996733665466309,6.462189323967323,10.4136962890625
5.997851371765137,6.449558710014181,10.395988464355469
5.988621234893799,6.427667962653296,10.348289489746094
5.998035430908203,6.406512520608625,10.406623840332031
5.958723068237305,6.415601235182424,10.437448501586914
5.984856128692627,6.412829628679901,10.415078163146973
5.978855133056641,6.4141631518889755,10.371623992919922
5.980101108551025,6.442331136204301,10.261503219604492
5.981661796569824,6.383775496156886,10.371631622314453
5.976986885070801,6.38613427902705,10.34446907043457
5.964941024780273,6.398470334974782,10.430495262145996
5.9580888748168945,6.408304937649518,10.447986602783203
5.958211898803711,6.399868145119398,10.347094535827637
5.981018543243408,6.415089331367718,10.401632308959961
5.978261947631836,6.427020393511547,10.331703186035156
5.976406097412109,6.421916447546598,10.46246337890625
5.983406066894531,6.387248943759395,10.389819145202637
5.966737747192383,6.428835958209155,10.499289512634277
5.939577102661133,6.378464290007417,10.409075736999512
5.941612243652344,6.395654440092455,10.464442253112793
5.967338562011719,6.400961102285822,10.412946701049805
5.941800117492676,6.45246317620123,10.258010864257812
5.955560684204102,6.384436591129218,10.462632179260254
5.944127559661865,6.385271101092387,10.346271514892578
5.939572811126709,6.369275143503078,10.425058364868164
5.947956085205078,6.416487744610224,10.401317596435547
5.9401326179504395,6.418537839681708,10.3709716796875
5.936954498291016,6.389384662998575,10.388005256652832
5.945096015930176,6.390022164011109,10.39419174194336
5.924742221832275,6.404010719120769,10.357211112976074
5.939778804779053,6.382676324607538,10.34954833984375
5.921281814575195,6.399794197009344,10.311656951904297
5.954954147338867,6.417303610659603,10.379853248596191
5.9255571365356445,6.403966390926923,10.422433853149414
5.934627532958984,6.375937902401867,10.397177696228027
5.918785572052002,6.36074194624754,10.37893009185791
5.937880992889404,6.379372679295815,10.426288604736328
5.939074516296387,6.404751370527914,10.42434310913086
5.950296878814697,6.379765437184168,10.362546920776367
5.940140247344971,6.409081400604919,10.361440658569336
5.940028190612793,6.412319103388914,10.341979026794434
5.9030890464782715,6.388119968319578,10.412575721740723
5.912245273590088,6.375321888497897,10.361639976501465
5.924210071563721,6.390219349281064,10.457509994506836
5.911599159240723,6.342410260246002,10.304443359375
5.923635005950928,6.398837602830358,10.493370056152344
5.911494731903076,6.342871189616354,10.446894645690918
5.913298606872559,6.387324727373198,10.385756492614746
5.897036075592041,6.402434582156795,10.382682800292969
5.899547576904297,6.354186339170805,10.390326499938965
5.901340007781982,6.367212438157627,10.329256057739258
5.911016464233398,6.412847183678033,10.430537223815918
5.876687526702881,6.349805136577094,10.36674690246582
5.917545795440674,6.351945151242295,10.420918464660645
5.863590717315674,6.368750978327754,10.381815910339355
5.909338474273682,6.396286012870926,10.335962295532227
5.905451774597168,6.411066348232063,10.361756324768066
5.890334129333496,6.3723819346300195,10.376604080200195
5.880026340484619,6.3290520429145545,10.386741638183594
5.8637542724609375,6.352498857903162,10.435173988342285
5.894375324249268,6.383054528485185,10.414628982543945
5.890392780303955,6.374993913374574,10.395618438720703
5.873691558837891,6.3682931242510685,10.369632720947266
5.874425888061523,6.370197299734823,10.334924697875977
5.8707146644592285,6.396710019991068,10.41598892211914
5.837996006011963,6.3678688264252346,10.306490898132324
5.882287502288818,6.3313944147500605,10.295666694641113
5.874251365661621,6.348804806425635,10.381614685058594
5.867713451385498,6.341639710856335,10.392047882080078
5.852484226226807,6.353658067395113,10.446732521057129
5.84895133972168,6.310840610481267,10.422075271606445
5.8780622482299805,6.340023353795654,10.437385559082031
5.867509841918945,6.347789892095274,10.324549674987793
5.861568927764893,6.324514769050958,10.400713920593262
5.867524147033691,6.35662137201455,10.367396354675293
5.8478217124938965,6.347745734898906,10.337224006652832
5.850855350494385,6.334035388859255,10.338068962097168
5.832482814788818,6.342007956201477,10.364157676696777
5.8345112800598145,6.343376170411441,10.342235565185547
5.853884220123291,6.351188381634919,10.417057037353516
5.839955806732178,6.37439403307092,10.287254333496094
5.854364395141602,6.344996275180684,10.318323135375977
5.84713888168335,6.344710510024535,10.382193565368652
5.838374614715576,6.314135294873267,10.426858901977539
5.845215320587158,6.369642598388184,10.311363220214844
5.843763828277588,6.360190118130829,10.315816879272461
5.827425479888916,6.337986903431426,10.395574569702148
5.840133190155029,6.335251128101455,10.410146713256836
5.82803201675415,6.30745097615623,10.381904602050781
5.818238735198975,6.301751915165888,10.323076248168945
5.845882892608643,6.381542348835084,10.400664329528809
5.838407039642334,6.321873353461601,10.425604820251465
5.809689521789551,6.307070718146861,10.541940689086914
5.820729732513428,6.355522299152134,10.311036109924316
5.837907314300537,6.318206364887634,10.282588958740234
5.81136417388916,6.291387098342447,10.410662651062012
5.817319869995117,6.331097875256092,10.286959648132324
5.83580207824707,6.335816219848181,10.391414642333984
5.804444313049316,6.297733241060217,10.335227966308594
5.808076858520508,6.308554626269532,10.369064331054688
5.819498062133789,6.3331868801864655,10.405688285827637
5.812431335449219,6.3236298831844975,10.431137084960938
5.826606273651123,6.3213669893864015,10.402976989746094
5.813718795776367,6.286346896551549,10.274431228637695
5.813053607940674,6.327000978801931,10.447583198547363
5.791017532348633,6.327356198004313,10.406567573547363
5.800833225250244,6.332807768768232,10.408729553222656
5.782576560974121,6.330971744743042,10.37990665435791
5.778530597686768,6.344426379372765,10.320699691772461
5.790400505065918,6.3207424875415334,10.329997062683105
5.799497127532959,6.295480435747387,10.36008358001709
5.772504806518555,6.330463740542265,10.337202072143555
5.786006927490234,6.278995189649452,10.366775512695312
5.769386291503906,6.327054513718135,10.324712753295898
5.792107105255127,6.341018218114706,10.37411880493164
5.76395320892334,6.308492045450423,10.432697296142578
5.787738800048828,6.292241399409249,10.444746971130371
5.776460647583008,6.266077342775783,10.431686401367188
5.771368503570557,6.324375666079245,10.419631004333496
5.794928073883057,6.30715248647279,10.387223243713379
5.753037452697754,6.296754641724485,10.410411834716797
5.744541168212891,6.2950014629999975,10.292147636413574
5.761315822601318,6.266791583171913,10.414711952209473
5.768938064575195,6.306489382937019,10.353716850280762
5.748445510864258,6.290790958662651,10.429365158081055
5.7562055587768555,6.304053580222119,10.383155822753906
5.776827335357666,6.266508762059467,10.35310173034668
5.765036582946777,6.237196199130266,10.351241111755371
5.74975061416626,6.275283970504201,10.403282165527344
5.757110595703125,6.254052915610373,10.334238052368164
5.748539924621582,6.269202555995435,10.289897918701172
5.752960205078125,6.272450737422331,10.46072006225586
5.77425479888916,6.2678771479653985,10.410533905029297
5.724682331085205,6.3045472415563255,10.476265907287598
5.742883682250977,6.260719924766039,10.387237548828125
5.749825477600098,6.259949197793113,10.373857498168945
5.757699012756348,6.219799622793548,10.406083106994629
5.760898113250732,6.271341450645456,10.416727066040039
5.766404628753662,6.299832635858495,10.401681900024414
5.752351760864258,6.295088913624308,10.395469665527344
5.733229637145996,6.270128270311813,10.325275421142578
5.732974529266357,6.23438433517835,10.425497055053711
5.739217281341553,6.24139398542632,10.39464282989502
5.744414329528809,6.288528239620583,10.397846221923828
5.738030910491943,6.257499416857692,10.324416160583496
5.723773956298828,6.258571020493815,10.400373458862305
5.738122463226318,6.27223623001815,10.358746528625488
5.716000556945801,6.246629131259397,10.431499481201172
5.7199273109436035,6.290809793164954,10.391990661621094
5.737892150878906,6.3156312912968655,10.385326385498047
5.703956127166748,6.275190382863261,10.340526580810547
5.724871635437012,6.266103742877021,10.297067642211914
5.726751327514648,6.251882056539347,10.381757736206055
5.716848850250244,6.227821625503046,10.416646003723145
5.706286907196045,6.272826191204201,10.382553100585938
5.7303924560546875,6.232043968180992,10.35853099822998
5.733267784118652,6.233726030049313,10.430006980895996
5.716348171234131,6.253200348899035,10.3131685256958
5.7095723152160645,6.199989800141858,10.448471069335938
5.718449592590332,6.272149077117709,10.394229888916016
5.723637580871582,6.2522933061035095,10.44597053527832
5.717904090881348,6.2507986717059145,10.3117094039917
5.701949119567871,6.25549057275722,10.396444320678711
5.687541961669922,6.261552162135818,10.427790641784668
5.694976806640625,6.24842836282083,10.34705924987793
5.720181941986084,6.283992489899642,10.464378356933594
5.712182521820068,6.249514991317743,10.312538146972656
5.69705867767334,6.254183085169643,10.426802635192871
5.71134614944458,6.278520074573213,10.305191040039062
5.698476314544678,6.220237087890771,10.437923431396484
5.67673921585083,6.22226237542262,10.303475379943848
5.693986415863037,6.257705540329751,10.349367141723633
5.713414192199707,6.259995104279369,10.31844425201416
5.698267936706543,6.239933862517189,10.437649726867676
5.658697128295898,6.278475590116744,10.363635063171387
5.676682949066162,6.219451959943398,10.361955642700195
5.677616596221924,6.185061553626189,10.459016799926758
5.683296203613281,6.259267576903636,10.376150131225586
5.672589302062988,6.224926997375276,10.300958633422852
5.6963348388671875,6.274361044201734,10.406134605407715
5.699544429779053,6.231164822654267,10.302450180053711
5.668333053588867,6.224852147578661,10.397709846496582
5.683543682098389,6.220516709511035,10.359783172607422
5.6509199142456055,6.283963711832517,10.29362678527832
5.669006824493408,6.277127564951245,10.354757308959961
5.646063327789307,6.217031812661195,10.411325454711914
5.649986267089844,6.2664134931817115,10.359825134277344
5.672349452972412,6.222025427634696,10.372135162353516
5.655331134796143,6.2378326282903025,10.410428047180176
5.637452602386475,6.222475037477644,10.446253776550293
5.657190322875977,6.228500768010105,10.42245101928711
5.651473522186279,6.208828113307911,10.38161849975586
5.657290458679199,6.235306219996086,10.376127243041992
5.651098251342773,6.203984702604689,10.383491516113281
5.633841514587402,6.212381156527305,10.356803894042969
5.649238586425781,6.198126050444054,10.448800086975098
5.636603355407715,6.210985754982436,10.353628158569336
5.647924900054932,6.210696590099749,10.384283065795898
5.61678409576416,6.246064629206168,10.35566520690918
5.641036033630371,6.162693578450542,10.31879711151123
5.629248142242432,6.177934764052874,10.375983238220215
5.625616550445557,6.217796852945217,10.353442192077637
5.639376640319824,6.204986795018028,10.379003524780273
5.628461837768555,6.2153584488800595,10.442679405212402
5.632030487060547,6.185364266458366,10.333345413208008
5.619604587554932,6.1753285699523985,10.415339469909668
5.631265640258789,6.188498598423653,10.359432220458984
5.6225504875183105,6.218859566674967,10.394084930419922
5.635839939117432,6.21313809653345,10.388800621032715
5.620533466339111,6.194078377248453,10.345563888549805
5.616199493408203,6.197849331822779,10.389510154724121
5.62890100479126,6.188682310050353,10.437808990478516
5.615570545196533,6.217509616266137,10.5052490234375
5.612886905670166,6.197744776827417,10.375347137451172
5.608822822570801,6.171829575406654,10.406536102294922
5.6040449142456055,6.183642493461125,10.343732833862305
5.58604621887207,6.2156343955679665,10.394956588745117
5.6016950607299805,6.2325462358338495,10.426819801330566
5.593995094299316,6.183263293533986,10.386541366577148
5.629423141479492,6.211918830206352,10.389975547790527
5.618504524230957,6.208105225348845,10.429895401000977
5.618037700653076,6.166814591469509,10.392790794372559
5.616344928741455,6.168314817161964,10.464153289794922
5.609055995941162,6.200028652558103,10.424497604370117
5.5947489738464355,6.175417515349441,10.36156177520752
5.572535991668701,6.2306690327157925,10.330493927001953
5.587277889251709,6.187803946302406,10.39555549621582
5.590831279754639,6.199999717563124,10.403905868530273
5.605569839477539,6.1523758933347255,10.394058227539062
5.603670597076416,6.166712327394634,10.454444885253906
5.59771728515625,6.137156685847523,10.357358932495117
5.577320098876953,6.208255942179156,10.418577194213867
5.596168518066406,6.150780197399269,10.46119499206543
5.601292133331299,6.165135397442749,10.38729476928711
5.574592590332031,6.203738310939765,10.348312377929688
5.601489543914795,6.21650016816732,10.345685958862305
5.586912155151367,6.165271419499602,10.362308502197266
5.591256141662598,6.136171408363484,10.370864868164062
5.584125995635986,6.17829205009288,10.414124488830566
5.561416149139404,6.1613685729846885,10.392203330993652
5.556641101837158,6.168906134486731,10.352198600769043
5.589818954467773,6.1553579611105045,10.25582218170166
5.582329273223877,6.186673646160801,10.443958282470703
5.54906702041626,6.157188049417788,10.356287956237793
5.548078536987305,6.182464677507856,10.365217208862305
5.574951648712158,6.1540291706166625,10.350875854492188
5.577086925506592,6.159889750914382,10.351541519165039
5.579847812652588,6.145600455680064,10.373250961303711
5.5405402183532715,6.161406323047621,10.414623260498047
5.558002471923828,6.136820499652199,10.375753402709961
5.570342063903809,6.168378791339429,10.399517059326172
5.544406890869141,6.149501981546305,10.41362476348877
5.548942565917969,6.18817776614534,10.457727432250977
5.552943229675293,6.16173699005906,10.289101600646973
5.527394771575928,6.189023617322423,10.319221496582031
5.555710792541504,6.188480099197478,10.383042335510254
5.561058521270752,6.152215067197436,10.344493865966797
5.561643600463867,6.118377304170281,10.353782653808594
5.523836135864258,6.168093999681462,10.403968811035156
5.546481132507324,6.153509622107126,10.345843315124512
5.544224262237549,6.1452824539571465,10.392868041992188
5.536069869995117,6.1684113967764596,10.42149543762207
5.514919281005859,6.151417107221537,10.346078872680664
5.515880584716797,6.14044666306914,10.341699600219727
5.54223108291626,6.18063230187233,10.390633583068848
5.515928745269775,6.15331908904149,10.420705795288086
5.519205093383789,6.1691221698586425,10.45242977142334
5.535048484802246,6.1264422217250925,10.394038200378418
5.493470191955566,6.1552270273678005,10.281200408935547
5.517724990844727,6.159967470814341,10.344501495361328
5.532835960388184,6.1082433845315665,10.382976531982422
5.520690441131592,6.151168733269775,10.45213508605957
5.545557022094727,6.12408864009194,10.427718162536621
5.539498329162598,6.178155728948436,10.312967300415039
5.511880397796631,6.09570626974372,10.39384651184082
5.5025434494018555,6.108414672015767,10.318438529968262
5.517974376678467,6.13453493250667,10.419565200805664
5.524916648864746,6.172543957097722,10.479879379272461
5.495285511016846,6.144718694234534,10.377357482910156
5.507604598999023,6.103038600845529,10.329385757446289
5.492001533508301,6.142954107706568,10.311237335205078
5.5042033195495605,6.129650215618312,10.39098834991455
5.50736665725708,6.152051885678832,10.360757827758789
5.490809917449951,6.125089907686093,10.418258666992188
5.52304220199585,6.087913284344332,10.313212394714355
5.505507469177246,6.0978408204058985,10.457198143005371
5.504218101501465,6.14846296585165,10.382567405700684
5.512200355529785,6.1116253728978345,10.442817687988281
5.465291976928711,6.114756489738024,10.384869575500488
5.491007328033447,6.1114984218230735,10.381305694580078
5.496882438659668,6.054307888794158,10.302979469299316
5.505840301513672,6.150462784671357,10.466777801513672
5.472022533416748,6.133723555664932,10.393973350524902
5.496213912963867,6.118398519498961,10.31889820098877
5.48202657699585,6.11825720500201,10.444878578186035
5.491038799285889,6.090024178049395,10.430244445800781
5.469421863555908,6.148975980068956,10.425368309020996
5.461050987243652,6.124544853910005,10.340482711791992
5.474359035491943,6.127603811178622,10.35479736328125
5.492437839508057,6.141853401537186,10.383639335632324
5.520190238952637,6.153120872963751,10.357853889465332
5.443368434906006,6.078256982312139,10.25511360168457
5.455002307891846,6.120618359152494,10.390132904052734
5.460251331329346,6.094545504510669,10.375082969665527
5.472629547119141,6.108488986567994,10.307022094726562
5.461522579193115,6.112622724480129,10.419143676757812
5.466020584106445,6.115848245731156,10.412677764892578
5.459076404571533,6.09314878760571,10.416309356689453
5.441373825073242,6.098780109048156,10.40172004699707
5.4618401527404785,6.109720405889675,10.396560668945312
5.454231262207031,6.071460684495313,10.492304801940918
5.457240581512451,6.081780293790091,10.406682014465332
5.465019702911377,6.115401426064117,10.517528533935547
5.460412979125977,6.126708890577512,10.349024772644043
5.450285911560059,6.08513510613037,10.465376853942871
5.452605247497559,6.075302086338135,10.416732788085938
5.437079429626465,6.104625684741352,10.42318344116211
5.455438137054443,6.091505704680457,10.307863235473633
5.434525966644287,6.131096732569858,10.426892280578613
5.428555965423584,6.0745771385596266,10.31564712524414
5.445611000061035,6.098475402753268,10.370399475097656
5.4386820793151855,6.124542656753745,10.368388175964355
5.432804107666016,6.121018590804721,10.413427352905273
5.444602012634277,6.110205136106482,10.308781623840332
5.424555778503418,6.126669114987766,10.282100677490234
5.435772895812988,6.044614540745637,10.440890312194824
5.443159580230713,6.112674912836935,10.371028900146484
5.427514553070068,6.084883275907487,10.469711303710938
5.431040287017822,6.092605642675022,10.417333602905273
5.428500652313232,6.1225190277410935,10.344202995300293
5.431127071380615,6.085899102834187,10.430527687072754
5.4130024909973145,6.097084840759635,10.433847427368164
5.422884941101074,6.090767955939685,10.296690940856934
5.432748794555664,6.040649629996291,10.4128999710083
5.407393932342529,6.083689911623619,10.392603874206543
5.439756870269775,6.103742562134617,10.407306671142578
5.420860767364502,6.09833767474629,10.41956615447998
5.398608207702637,6.0836080310400575,10.419443130493164
5.418590068817139,6.074254637018644,10.426411628723145
5.422384262084961,6.104628623962136,10.405563354492188
5.41907262802124,6.08090404833534,10.363142013549805
5.402547836303711,6.092255277126761,10.331647872924805
5.411553382873535,6.067829399702272,10.338753700256348
5.409950256347656,6.088249053839328,10.450658798217773
5.407519817352295,6.096507347488243,10.367674827575684
5.39888858795166,6.102088458703033,10.426750183105469
5.401391983032227,6.079172531675015,10.430139541625977
5.385256290435791,6.060666171467997,10.34908676147461
5.393382549285889,6.103214253804514,10.424518585205078
5.398730754852295,6.075647350201117,10.414328575134277
5.411834716796875,6.057155777201323,10.36172866821289
5.404517650604248,6.096665545832367,10.428009986877441
5.385126113891602,6.041291187683654,10.513235092163086
5.364079475402832,6.032449555350468,10.496406555175781
5.381263256072998,6.010526574017214,10.39979362487793
5.399060249328613,6.058600466365792,10.292964935302734
5.371240615844727,6.112848314589688,10.45026969909668
5.370034694671631,6.0572736640128175,10.33800220489502
5.388553619384766,6.093959149039749,10.382736206054688
5.360969066619873,6.0890547488150855,10.388517379760742
5.380956649780273,6.022574236416923,10.398688316345215
5.354813098907471,6.079600343979629,10.3736572265625
5.364596843719482,6.064598368514064,10.325811386108398
5.371114253997803,6.0704653578743875,10.385772705078125
5.353849411010742,6.0124541601897885,10.406208038330078
5.364227771759033,6.067678256459268,10.396934509277344
5.369879245758057,6.067432356067002,10.426734924316406
5.370035171508789,6.052489032303648,10.36856460571289
5.3552117347717285,6.068378917872906,10.286388397216797
5.375244617462158,6.038309333945757,10.420234680175781
5.377349376678467,6.076457450399175,10.418539047241211
5.354644298553467,6.045809114651222,10.423574447631836
5.3608293533325195,6.02486897333126,10.391470909118652
5.341243743896484,6.076250837882981,10.315019607543945
5.330615043640137,6.049722702708096,10.460304260253906
5.345458030700684,5.9975212717295765,10.383065223693848
5.376375675201416,6.047438225076934,10.336244583129883
5.341559410095215,6.103516817957694,10.324743270874023
5.342782497406006,6.024803892642791,10.382810592651367
5.345565319061279,6.0788991971473605,10.310430526733398
5.3393874168396,6.0749432403660775,10.4649076461792
5.35499906539917,6.042661545166213,10.33305549621582
5.333334922790527,6.0556852023582906,10.406789779663086
5.314112663269043,6.045302256476134,10.363001823425293
5.3334269523620605,6.047093488043173,10.400561332702637
5.358713626861572,6.050066225363739,10.435271263122559
5.333181381225586,6.0388235656345,10.376826286315918
5.337399005889893,6.025750571462725,10.388652801513672
5.334670543670654,6.041457761245381,10.343635559082031
5.353718280792236,6.048745020459007,10.398514747619629
5.323059558868408,6.0566905287560076,10.445396423339844
5.332003116607666,6.051691256130913,10.444570541381836
5.334318161010742,6.0015893004102905,10.359304428100586
5.336573600769043,6.023664983887492,10.400341033935547
5.3383097648620605,6.044766627052533,10.329355239868164
5.320590019226074,6.032382006357823,10.368271827697754
5.332076549530029,6.056779558969928,10.403264999389648
5.329241752624512,6.03160331012415,10.348956108093262
5.336275577545166,6.046958995251251,10.43476676940918
5.3295698165893555,6.039404859699841,10.430286407470703
5.315684795379639,6.027097289383944,10.334667205810547
5.312777519226074,6.038766648853198,10.3793363571167
5.322412490844727,6.056186543112355,10.32077693939209
5.321824073791504,5.996507347528157,10.298320770263672
5.344684600830078,6.05597042608341,10.392512321472168
5.296672344207764,5.979173705048327,10.397720336914062
5.323235034942627,6.002427536827912,10.42598819732666
5.3138909339904785,5.9957873916386495,10.486618041992188
5.299046516418457,6.015561511972919,10.470881462097168
5.289649486541748,6.011517765066985,10.258818626403809
5.323909759521484,6.032773701806685,10.408079147338867
5.305514335632324,6.024385129700282,10.435362815856934
5.305480480194092,6.007072743992986,10.377364158630371
5.316344261169434,6.0345387863593976,10.409605979919434
5.28460168838501,6.039069058872493,10.445186614990234
5.293941974639893,6.006294485381139,10.453906059265137
5.297164440155029,5.988619021439392,10.357048034667969
5.293097019195557,6.037330624015469,10.432397842407227
5.289060115814209,6.085545655838878,10.426007270812988
5.267795085906982,6.0151547434340635,10.334782600402832
5.279364585876465,6.009185681651745,10.316287994384766
5.294827938079834,6.051554485357233,10.36201286315918
5.288997173309326,6.015168238930138,10.362060546875
5.26445198059082,5.994790283963084,10.330726623535156
5.234012126922607,5.9997624397676965,10.437005043029785
5.245006561279297,5.997626105755835,10.417093276977539
5.264918327331543,6.034071862331725,10.305343627929688
5.2638092041015625,5.995541997519987,10.383010864257812
5.243350982666016,6.0045516392814795,10.42308235168457
5.240333080291748,6.0098448335858325,10.343341827392578
5.266595363616943,5.9808032822662165,10.395787239074707
5.279965400695801,5.96780388080515,10.337773323059082
5.273815155029297,5.971048346886944,10.519519805908203
5.25278902053833,6.0115141285184235,10.367884635925293
5.244570255279541,6.002538367074781,10.48971176147461
5.294757843017578,5.943271354273227,10.389719009399414
5.2618727684021,6.010524518388722,10.354500770568848
5.252180576324463,5.981649265923937,10.427863121032715
5.238502025604248,5.977976696532485,10.296363830566406
5.255980968475342,5.98544013420386,10.351203918457031
5.24720573425293,5.980488129957978,10.33785343170166
5.2678937911987305,6.012690819700115,10.395564079284668
5.264163494110107,6.026493118377402,10.374669075012207
5.242791652679443,6.002340025035664,10.422040939331055
5.246150493621826,6.0020811533156255,10.351262092590332
5.2300028800964355,5.9742365043078145,10.435165405273438
5.255025386810303,5.96219529910013,10.42724895477295
5.225921630859375,6.005983711486416,10.393218040466309
5.2658586502075195,6.0107885185363035,10.347146034240723
5.255965232849121,6.008103469320173,10.341601371765137
5.228374481201172,6.010796562768519,10.376028060913086
5.230339527130127,6.02883570438384,10.398472785949707
5.208799839019775,5.966892345076693,10.396292686462402
5.238767623901367,5.988998707084518,10.275805473327637
5.250526428222656,5.9963185143257896,10.337428092956543
5.236636161804199,6.002769588193456,10.385750770568848
5.225130081176758,5.9618786191235165,10.455989837646484
5.2489914894104,5.951586741455166,10.380525588989258
5.24595832824707,5.913027150988844,10.408915519714355
5.243154048919678,5.953443778612252,10.426769256591797
5.211184024810791,5.956303199453812,10.41229248046875
5.216799736022949,5.966445524278762,10.42329216003418
5.236380577087402,5.9511615283055495,10.421249389648438
5.215344429016113,5.977033252295639,10.394641876220703
5.23032808303833,5.967323021264747,10.38022518157959
5.262004375457764,5.979705124062352,10.359296798706055
5.209072113037109,5.9471543690389295,10.416337013244629
5.2423810958862305,5.991408403796544,10.363794326782227
5.206503391265869,5.982632316150037,10.401449203491211
5.204680919647217,5.994126411420958,10.349151611328125
5.19651460647583,5.98738135523828,10.402433395385742
5.225337982177734,5.9312795638106754,10.458361625671387
5.227539539337158,5.944404432849426,10.299673080444336
5.166539669036865,5.949941105541907,10.410686492919922
5.223465442657471,5.925874563632533,10.350776672363281
5.208708763122559,5.946986257331445,10.347219467163086
5.18812370300293,5.966973316789206,10.367839813232422
5.176133632659912,6.000145425388057,10.344009399414062
5.221682071685791,5.9416262791492045,10.394584655761719
5.194341659545898,5.92245291369701,10.37148666381836
5.18711519241333,5.975995647953823,10.394412994384766
5.163928508758545,5.9428635771452845,10.396656036376953
5.196788787841797,5.983554505909394,10.372363090515137
5.17747688293457,5.961864235611367,10.3876953125
5.169044494628906,5.91568302662511,10.383848190307617
5.195101261138916,5.982499547269461,10.488046646118164
5.179943561553955,5.952704445691779,10.345074653625488
5.17421817779541,5.9390705535853545,10.355104446411133
5.16509485244751,5.953536515423496,10.287343978881836
5.1833062171936035,5.949108504091522,10.379310607910156
5.180237293243408,5.941327035892754,10.380864143371582
5.21392297744751,5.953829790399011,10.348838806152344
5.174181938171387,5.956944599947227,10.33553695678711
5.187387466430664,5.9569923743006905,10.484090805053711
5.164022922515869,5.982973318214396,10.350729942321777
5.183596611022949,5.952533474424853,10.38720989227295
5.1474480628967285,5.894514348757054,10.461567878723145
5.172171115875244,5.949796943592706,10.370828628540039
5.188531875610352,5.932733646527465,10.321023941040039
5.143577575683594,5.957940959271842,10.346166610717773
5.142532825469971,5.8986035812912245,10.381573677062988
5.1994709968566895,5.943169742057632,10.402584075927734
5.146247863769531,5.8852947190004805,10.43807601928711
5.165469646453857,5.9661643386020184,10.31665325164795
5.138786792755127,5.939318809990904,10.359582901000977
5.1570000648498535,5.922824371439805,10.317288398742676
5.152304172515869,5.927292859048715,10.360061645507812
5.147404193878174,5.923783140290262,10.35065746307373
5.166914463043213,5.903232221691204,10.378416061401367
5.181393146514893,5.917762683305356,10.374966621398926
5.147472381591797,5.910076771596713,10.387893676757812
5.16513204574585,5.9235931510837485,10.302821159362793
5.131422996520996,5.92305217896189,10.390573501586914
5.132508277893066,5.946222544481445,10.333587646484375
5.138886451721191,5.9109480777489285,10.375866889953613
5.155118465423584,5.9333050638171185,10.404382705688477
5.1502580642700195,5.956583852979488,10.369750022888184
5.131997585296631,5.912546888027074,10.37843132019043
5.124213218688965,5.94837897121241,10.358573913574219
5.1357197761535645,5.90276273323356,10.369489669799805
5.133340358734131,5.938599736629319,10.323354721069336
5.14886999130249,5.932091964009617,10.372605323791504
5.143561840057373,5.885184876055323,10.424742698669434
5.131799697875977,5.934350858575532,10.32723617553711
5.119072437286377,5.913498408393934,10.343345642089844
5.158565998077393,5.938588605528431,10.3622407913208
5.11238431930542,5.865869040966833,10.376655578613281
5.150856018066406,5.890553386981732,10.41989803314209
5.131000518798828,5.93686837646445,10.361557960510254
5.113705158233643,5.942863794708891,10.318660736083984
5.10547399520874,5.88393774359221,10.438780784606934
5.127819538116455,5.901991041144355,10.43361759185791
5.107616424560547,5.9185078243525435,10.286280632019043
5.142996311187744,5.95970744792638,10.331141471862793
5.1232757568359375,5.970014268166519,10.37279224395752
5.086451530456543,5.966342757223174,10.418638229370117
5.135383605957031,5.899935644452593,10.377469062805176
5.085796356201172,5.8746925735114415,10.499053955078125
5.113153457641602,5.864493876728893,10.39936637878418
5.13347864151001,5.910831503437034,10.448171615600586
5.105105400085449,5.865849537409044,10.395225524902344
5.104815483093262,5.906144891000752,10.315290451049805
5.099656581878662,5.94249196886085,10.408803939819336
5.100154876708984,5.901332460876023,10.464216232299805
5.067324638366699,5.87546330321181,10.380859375
5.107924938201904,5.903452685834575,10.263343811035156
5.1348652839660645,5.916892403337573,10.341821670532227
5.092665672302246,5.886883999786473,10.376399040222168
5.069618225097656,5.924024526162872,10.349767684936523
5.102041721343994,5.862521148486329,10.41379451751709
5.101772785186768,5.871147110326482,10.380838394165039
5.082645416259766,5.932941150385886,10.401329040527344
5.11250114440918,5.9192175393524975,10.295814514160156
5.1041765213012695,5.943010360567963,10.36124038696289
5.090307712554932,5.88342785396214,10.364070892333984
5.081448554992676,5.90348025095383,10.322054862976074
5.10566520690918,5.874107400853453,10.353060722351074
5.093895435333252,5.898540750278959,10.375028610229492
5.078681468963623,5.908060346231131,10.343606948852539
5.050633907318115,5.86701182176226,10.492353439331055
5.037844181060791,5.9111674258019775,10.363337516784668
5.063407897949219,5.881341708524685,10.417417526245117
5.048701286315918,5.919029201713523,10.516060829162598
5.055311679840088,5.894728034235803,10.450445175170898
5.055297374725342,5.856163309122037,10.391572952270508
5.055300235748291,5.8921951629953195,10.392355918884277
5.062464714050293,5.8849143002714435,10.311217308044434
5.050592422485352,5.892266691994986,10.421677589416504
5.0113301277160645,5.890058373733025,10.326187133789062
5.054714202880859,5.871712864409866,10.367496490478516
5.086577415466309,5.896824448136613,10.344101905822754
5.055273056030273,5.881953778510381,10.375653266906738
5.053287029266357,5.869707807898521,10.420673370361328
5.052000522613525,5.8168961570066,10.354511260986328
5.0823073387146,5.881051576663075,10.299358367919922
5.088209629058838,5.895765944018162,10.38691520690918
5.0238871574401855,5.915077673404344,10.413896560668945
5.012772083282471,5.884076377643007,10.3644380569458
5.079901695251465,5.860258851067297,10.273969650268555
5.033045291900635,5.88746887558539,10.40945816040039
5.036165714263916,5.870741622921612,10.449911117553711
5.034785270690918,5.8683956630993634,10.426939964294434
5.03768253326416,5.890311140799895,10.441965103149414
5.051202774047852,5.901103232521564,10.445902824401855
5.042296409606934,5.847297127990584,10.328834533691406
4.992883205413818,5.874560896174184,10.444221496582031
4.994560241699219,5.87031347271321,10.458642959594727
5.031442165374756,5.890856270944434,10.410634994506836
5.0394368171691895,5.855777580989525,10.430870056152344
5.041666030883789,5.877622447242694,10.3324556350708
5.014100551605225,5.886695624728288,10.34282398223877
4.999108791351318,5.895105930710478,10.345541000366211
4.991061210632324,5.872648328409663,10.41940975189209
5.034029006958008,5.867856712612722,10.342567443847656
5.028541088104248,5.8611399298201174,10.393924713134766
5.0007429122924805,5.850429752276146,10.397285461425781
5.028498649597168,5.832178707034992,10.34613037109375
5.016209125518799,5.834387921295794,10.394063949584961
5.042335033416748,5.861597392042833,10.484674453735352
4.987969398498535,5.8928084024228164,10.420828819274902
5.029219150543213,5.880420679791963,10.38003158569336
5.00144624710083,5.837755471102095,10.29212760925293
5.001803398132324,5.855244437365659,10.49642562866211
5.00681734085083,5.827023600361176,10.3228759765625
5.006467342376709,5.845256945750276,10.429680824279785
5.011307716369629,5.850454583497984,10.329313278198242
5.015476703643799,5.880151779923056,10.369928359985352
5.003168106079102,5.858402392028698,10.31955623626709
4.993173599243164,5.808325017236971,10.392743110656738
5.027937889099121,5.830056565081967,10.388279914855957
5.019678592681885,5.859001768120963,10.384703636169434
5.021518230438232,5.843029038182327,10.295764923095703
4.99526309967041,5.863272160491241,10.451356887817383
4.995303153991699,5.861750689567998,10.416940689086914
4.961879730224609,5.820153752574696,10.466667175292969
4.989536762237549,5.833316251070106,10.369735717773438
5.009889602661133,5.822136908104377,10.439899444580078
5.011250972747803,5.827666746951373,10.407023429870605
5.013896465301514,5.872727496682533,10.31544303894043
4.991466045379639,5.872034846572205,10.411460876464844
4.957334041595459,5.8338634712355475,10.403783798217773
4.961278915405273,5.847474712080189,10.44359016418457
4.9693732261657715,5.831490994098464,10.327308654785156
4.988375186920166,5.8731738890720795,10.405372619628906
4.961104869842529,5.845952124401395,10.355518341064453
4.935239791870117,5.83341504028067,10.449453353881836
4.975673198699951,5.841134586171913,10.439597129821777
4.965838432312012,5.784997638481269,10.420161247253418
4.938724517822266,5.823136951707836,10.416656494140625
4.962835788726807,5.801017191959545,10.396631240844727
4.956491947174072,5.820178673868733,10.452272415161133
4.973196029663086,5.86610173387453,10.390058517456055
5.0080695152282715,5.863018402430629,10.368232727050781
4.95477819442749,5.850135610671714,10.460963249206543
4.963844299316406,5.823490610944906,10.38721752166748
4.961554527282715,5.836682048859075,10.287374496459961
4.955647945404053,5.866109652810597,10.38644027709961
4.955163478851318,5.781844273109787,10.36888313293457
4.976762771606445,5.840125945197152,10.384061813354492
4.92942476272583,5.8282046640025715,10.426671028137207
4.938622951507568,5.82075630071839,10.425182342529297
4.960423946380615,5.831917925604752,10.423931121826172
4.924337387084961,5.834673012706584,10.28493881225586
4.9539666175842285,5.8193040437597245,10.375920295715332
4.94921875,5.825240634182202,10.337037086486816
4.934815883636475,5.753695602096351,10.479098320007324
4.922538757324219,5.849775303022138,10.361603736877441
4.972009181976318,5.826091448876208,10.369729995727539
4.93344783782959,5.762664557235049,10.304252624511719
4.926319599151611,5.748042515711859,10.39730453491211
4.928482532501221,5.793665382578703,10.393019676208496
4.924057960510254,5.829398083500564,10.468530654907227
4.955196857452393,5.821727138378524,10.393007278442383
4.919370651245117,5.817041757815916,10.39433479309082
4.949777126312256,5.781030325651436,10.385457038879395
4.942044258117676,5.763438766489603,10.446523666381836
4.945430278778076,5.818694566043892,10.366908073425293
4.902337074279785,5.791494605331017,10.498477935791016
4.945905685424805,5.77021035555351,10.317670822143555
4.9124345779418945,5.814014396197828,10.41893482208252
4.9293694496154785,5.782852217821138,10.389528274536133
4.9074177742004395,5.80636072937133,10.329080581665039
4.900096416473389,5.746725164021233,10.486692428588867
4.923224449157715,5.814947070953036,10.475587844848633
4.930825710296631,5.820194890789156,10.35114860534668
4.904149532318115,5.75302080763504,10.443649291992188
4.891491413116455,5.815034820931033,10.377521514892578
4.932809352874756,5.792203585218106,10.482566833496094
4.929342269897461,5.7947588679380715,10.387680053710938
4.930682182312012,5.796275480550581,10.273924827575684
4.921232223510742,5.853030410229361,10.456765174865723
4.933650970458984,5.777695232935781,10.428056716918945
4.915209770202637,5.776091289407174,10.377323150634766
4.90595006942749,5.7880007170606405,10.363910675048828
4.902176380157471,5.8103556765043844,10.372507095336914
4.892781734466553,5.778452595496284,10.319127082824707
4.931563377380371,5.832736265014058,10.4163179397583
4.918431282043457,5.8031741649112005,10.44314193725586
4.877516269683838,5.78801345575734,10.391885757446289
4.911273956298828,5.81998978631704,10.350756645202637
4.8883891105651855,5.788010303928916,10.316676139831543
4.912909507751465,5.821974788459816,10.398218154907227
4.938016891479492,5.8425639664554705,10.392794609069824
4.906744480133057,5.79019607756553,10.363313674926758
4.893820285797119,5.7398164283284645,10.3378324508667
4.9019880294799805,5.8028323168400675,10.343595504760742
4.9061126708984375,5.795752111689321,10.341976165771484
4.880533695220947,5.809457801215883,10.354636192321777
4.916522026062012,5.789878748290773,10.406061172485352
4.897666931152344,5.809411149970921,10.277356147766113
4.878710746765137,5.772822439870132,10.371673583984375
4.880228519439697,5.78587487942007,10.323312759399414
4.866078853607178,5.77921293948644,10.415666580200195
4.927290439605713,5.772105998359621,10.354744911193848
4.89201545715332,5.746239486815674,10.350419998168945
4.891836643218994,5.797398558451927,10.283984184265137
4.864235877990723,5.804832844263208,10.354269981384277
4.899818420410156,5.759752148097115,10.370882034301758
4.846418857574463,5.787352805025875,10.350749015808105
4.84928035736084,5.792297359755529,10.338354110717773
4.859859943389893,5.781020190500255,10.347721099853516
4.86099100112915,5.8014382024495195,10.420881271362305
4.849068641662598,5.789186713285745,10.352564811706543
4.867331027984619,5.778937515170712,10.429964065551758
4.885860443115234,5.807440153489422,10.345134735107422
4.85795783996582,5.7560355429471075,10.476546287536621
4.88836145401001,5.701000606408343,10.380362510681152
4.889581680297852,5.767684392664316,10.354108810424805
4.857204914093018,5.776455808497433,10.411115646362305
4.8811845779418945,5.740172410250774,10.362539291381836
4.878452777862549,5.776079560197624,10.311320304870605
4.850080490112305,5.784062362409063,10.382528305053711
4.883212089538574,5.732082083122804,10.40419864654541
4.880509376525879,5.733890570467338,10.325666427612305
4.850606918334961,5.732521710584738,10.37680435180664
4.8470330238342285,5.74660957305293,10.314258575439453
4.8305487632751465,5.744048185380442,10.409475326538086
4.812595844268799,5.765804330884878,10.483697891235352
4.867279529571533,5.742169784747862,10.396907806396484
4.836599349975586,5.784448724439634,10.466821670532227
4.849627494812012,5.7486878480163535,10.43553638458252
4.816966533660889,5.72626547728266,10.409568786621094
4.830728530883789,5.749313792845767,10.386510848999023
4.864868640899658,5.7133817905560145,10.36343765258789
4.822640895843506,5.755478517684553,10.401962280273438
4.8176984786987305,5.752958426418315,10.413151741027832
4.836920261383057,5.718979043121052,10.360488891601562
4.819784641265869,5.701593057917697,10.47946548461914
4.814321517944336,5.711068131195914,10.405801773071289
4.845312118530273,5.707162459813325,10.408967971801758
4.868465423583984,5.7149044476183395,10.449337005615234
4.855020046234131,5.746763025476997,10.33619213104248
4.796200752258301,5.7597337082760145,10.361481666564941
4.868253231048584,5.782325010513887,10.375247955322266
4.815793991088867,5.737937852640504,10.38964557647705
4.8400373458862305,5.756610353244469,10.442801475524902
4.798984527587891,5.74195630176525,10.371484756469727
4.834292888641357,5.750435906728464,10.397765159606934
4.848260402679443,5.780036992992142,10.370166778564453
4.7789201736450195,5.7310264102582416,10.39265251159668
4.794917583465576,5.756150102841535,10.35079288482666
4.81246280670166,5.724381884892605,10.38081169128418
4.796590805053711,5.679386226127722,10.373153686523438
4.792054653167725,5.736637477530166,10.476360321044922
4.81742000579834,5.738137333720391,10.329895973205566
4.809370994567871,5.7321252907360245,10.392282485961914
4.822482585906982,5.699175268844036,10.331857681274414
4.786846160888672,5.753319466153958,10.326988220214844
4.799030780792236,5.719780630132715,10.393281936645508
4.8004069328308105,5.751391329104081,10.455070495605469
4.811270236968994,5.745643812597596,10.406217575073242
4.796947956085205,5.745545980919685,10.348926544189453
4.797104358673096,5.742656734339627,10.409221649169922
4.8449835777282715,5.71320092545024,10.370166778564453
4.787212371826172,5.709327641142798,10.35173511505127
4.812814235687256,5.82952769885638,10.356306076049805
4.762860298156738,5.68795071279497,10.362979888916016
4.779865264892578,5.7290421446585755,10.416275024414062
4.80352258682251,5.690899413611208,10.328489303588867
4.791525363922119,5.707033623941244,10.35063362121582
4.789533615112305,5.721670041559265,10.415818214416504
4.801129341125488,5.700465107469686,10.415071487426758
4.762087345123291,5.736102608065786,10.360950469970703
4.759143829345703,5.750972225530338,10.343077659606934
4.762763500213623,5.7627624523759415,10.434356689453125
4.828240394592285,5.692798161047644,10.423613548278809
4.770425319671631,5.774248362319279,10.48397159576416
4.775794506072998,5.680848099424371,10.406184196472168
4.726749897003174,5.727201627900026,10.447847366333008
4.740102767944336,5.722314702180612,10.433451652526855
4.759779930114746,5.7348493642306755,10.374024391174316
4.782202243804932,5.690321082714944,10.404617309570312
4.741975784301758,5.662128635515859,10.506401062011719
4.745004653930664,5.688063687777945,10.359097480773926
4.789580345153809,5.725864821313215,10.366283416748047
4.779019832611084,5.749840901266516,10.395021438598633
4.8109941482543945,5.716093337130068,10.457414627075195
4.743263244628906,5.668720254741077,10.312063217163086
4.700153827667236,5.716966098141191,10.388643264770508
4.770000457763672,5.697129357373342,10.307562828063965
4.730393409729004,5.716245244157368,10.35877513885498
4.776082992553711,5.724324379315865,10.415678977966309
4.789941787719727,5.727450048318133,10.409124374389648
4.750507354736328,5.663042580974953,10.347957611083984
4.752539157867432,5.677075479844851,10.389790534973145
4.7151899337768555,5.650659181942631,10.416679382324219
4.75241756439209,5.725885326175817,10.363069534301758
4.734795570373535,5.73738735797815,10.421420097351074
4.749022960662842,5.752261008601637,10.36727523803711
4.760720729827881,5.690119896549732,10.351256370544434
4.754236698150635,5.683914946857841,10.363044738769531
4.7699761390686035,5.711219787198518,10.387200355529785
4.72832727432251,5.701210761974965,10.319421768188477
4.73367166519165,5.687210383359342,10.492582321166992
4.729031085968018,5.729303451088656,10.353368759155273
4.7155351638793945,5.661832473007962,10.420073509216309
4.7136383056640625,5.675628197978118,10.29149055480957
4.756526947021484,5.6911489762964536,10.400064468383789
4.711008071899414,5.78052308516843,10.428919792175293
4.688002586364746,5.691333597060293,10.414091110229492
4.730521202087402,5.688825308877442,10.368081092834473
4.764120578765869,5.697932874983443,10.438762664794922
4.728478908538818,5.728049667651899,10.366695404052734
4.728537559509277,5.7021615359865665,10.411262512207031
4.719143867492676,5.700775190090228,10.420613288879395
4.725976467132568,5.706069239548274,10.287187576293945
4.7394514083862305,5.740580159572087,10.335132598876953
4.710119247436523,5.629658874157551,10.373026847839355
4.691006660461426,5.765102915698662,10.374265670776367
4.717501163482666,5.669528662925585,10.398777961730957
4.735733985900879,5.699860712480066,10.413445472717285
4.729802131652832,5.657206388888881,10.340181350708008
4.715667724609375,5.688480301061644,10.378817558288574
4.692750453948975,5.694189023958253,10.438535690307617
4.680681228637695,5.641477945427011,10.379982948303223
4.70470666885376,5.695687048336757,10.404854774475098
4.698892593383789,5.683551149376269,10.446540832519531
4.703410625457764,5.681133528506117,10.432870864868164
4.710487365722656,5.676799348987905,10.456521987915039
4.720386028289795,5.643259935613189,10.441815376281738
4.725513458251953,5.634968198669542,10.485513687133789
4.713476181030273,5.703264322131872,10.306646347045898
4.726505279541016,5.663829668491547,10.346151351928711
4.7076849937438965,5.688573523923488,10.429656982421875
4.714454174041748,5.7529014722510645,10.359879493713379
4.7147088050842285,5.655744142464496,10.420626640319824
4.699235439300537,5.661591139655294,10.402229309082031
4.668713092803955,5.657873639171677,10.29864501953125
4.646172523498535,5.656673082682704,10.408235549926758
4.691948890686035,5.675542111375503,10.37734603881836
4.632957458496094,5.666201515988048,10.358011245727539
4.716646194458008,5.681148857643295,10.39525032043457
4.726621150970459,5.670770203727963,10.317363739013672
4.700489044189453,5.646280401353058,10.40243911743164
4.706879615783691,5.680997699465868,10.438645362854004
4.6629743576049805,5.6396056060745785,10.368261337280273
4.649707317352295,5.6529713100753725,10.373794555664062
4.660271167755127,5.673092877359262,10.356886863708496
4.666436672210693,5.671474491911275,10.356770515441895
4.666367053985596,5.6347213162641445,10.42199420928955
4.679723739624023,5.672523843191032,10.406880378723145
4.669435024261475,5.686758959433064,10.390887260437012
4.630812644958496,5.675189182361855,10.419981002807617
4.666664123535156,5.668721538369677,10.410621643066406
4.678526878356934,5.619869616581127,10.37018871307373
4.686241149902344,5.676690123310047,10.395089149475098
4.6838250160217285,5.672979862462464,10.399009704589844
4.650764465332031,5.645548755303026,10.461837768554688
4.646299839019775,5.651882801071873,10.404630661010742
4.672338485717773,5.686380160872692,10.3798189163208
4.6351165771484375,5.6389465178363025,10.397629737854004
4.670762538909912,5.699405715235375,10.42878532409668
4.676613807678223,5.645480927113177,10.399080276489258
4.6548895835876465,5.666719653976283,10.416057586669922
4.665443420410156,5.668701558373868,10.350860595703125
4.6421709060668945,5.5924061282670925,10.513208389282227
4.629768371582031,5.639994086198775,10.395432472229004
4.629969596862793,5.678847099188715,10.47144889831543
4.678256034851074,5.594931839033961,10.402239799499512
4.681307315826416,5.6462788894506435,10.41610336303711
4.6790008544921875,5.648041509923392,10.43846321105957
4.683150291442871,5.597242484501164,10.472482681274414
4.699624061584473,5.6167701491420825,10.377351760864258
4.631165981292725,5.615180697990581,10.310531616210938
4.685239791870117,5.651855687244928,10.394991874694824
4.620517253875732,5.644614190561697,10.426278114318848
4.6074090003967285,5.634989535436033,10.367315292358398
4.633146286010742,5.663271548825183,10.408492088317871
4.639476776123047,5.6270779047627,10.424558639526367
4.650755882263184,5.652794602825971,10.331025123596191
4.633767127990723,5.622366719712902,10.383209228515625
4.618515968322754,5.639902092516422,10.389263153076172
4.63886022567749,5.669903382293081,10.418246269226074
4.60291862487793,5.660842775533508,10.362627029418945
4.648224353790283,5.635856630579968,10.309747695922852
4.607905864715576,5.577419201876701,10.469860076904297
4.607140064239502,5.609885701942923,10.406044960021973
4.61576509475708,5.624739369909678,10.382463455200195
4.59304141998291,5.644327442793708,10.370454788208008
4.642916679382324,5.691704671197971,10.462337493896484
4.600319862365723,5.641762114662145,10.447002410888672
4.635061740875244,5.5911707959270895,10.32196044921875
4.614409923553467,5.62114583082231,10.373010635375977
4.609958648681641,5.640773287009714,10.509803771972656
4.612344741821289,5.627613766384976,10.376689910888672
4.598233222961426,5.649407408266727,10.516057968139648
4.607916355133057,5.6154669668591985,10.375547409057617
4.602999210357666,5.62621637011346,10.436279296875
4.649448871612549,5.650438230218632,10.390052795410156
4.654500961303711,5.608248824386724,10.394308090209961
4.608954906463623,5.660464835951903,10.414745330810547
4.592691421508789,5.647000075617273,10.325309753417969
4.622802734375,5.669275959288435,10.431068420410156
4.569320201873779,5.608105284594266,10.444037437438965
4.593999862670898,5.6126030757358025,10.482101440429688
4.602699279785156,5.571724811369287,10.384133338928223
4.610782146453857,5.5869404435756485,10.43718147277832
4.668211460113525,5.641837369018634,10.356956481933594
4.606252193450928,5.6450448397081345,10.339265823364258
4.568436622619629,5.650481897905204,10.355552673339844
4.608474254608154,5.623292653255963,10.377278327941895
4.608591079711914,5.607260057370046,10.433874130249023
4.644412040710449,5.629407992819325,10.45189094543457
4.573171138763428,5.610026070881369,10.35970687866211
4.581783771514893,5.642193332181446,10.351080894470215
4.552806377410889,5.666780945113195,10.398906707763672
4.61577033996582,5.617112828318828,10.4362211227417
4.625629425048828,5.621432623193998,10.433887481689453
4.59876823425293,5.640308304323948,10.395486831665039
4.57128381729126,5.6087648123835345,10.397090911865234
4.613816261291504,5.658074529542189,10.433731079101562
4.539930820465088,5.591947141702153,10.351203918457031
4.600801944732666,5.670094461745715,10.4129638671875
4.56953239440918,5.601925445620769,10.336512565612793
4.590958595275879,5.595134153263643,10.338223457336426
4.556057929992676,5.610162154472034,10.448246002197266
4.563598155975342,5.619132735566901,10.409557342529297
4.576664447784424,5.619440410485757,10.379518508911133
4.603725433349609,5.583830200701154,10.35342025756836
4.583056449890137,5.597561520989984,10.418935775756836
4.587673187255859,5.65636147641843,10.381599426269531
4.54334831237793,5.634489154077268,10.443621635437012
4.570287704467773,5.599094466938237,10.363974571228027
4.557612419128418,5.599445875135384,10.369726181030273
4.573848724365234,5.59603943642495,10.38221549987793
4.558637619018555,5.612252540354218,10.42764663696289
4.556055068969727,5.5999302597982545,10.429144859313965
4.558317184448242,5.615985583380929,10.423991203308105
4.5656561851501465,5.59052550812651,10.43553352355957
4.541541576385498,5.611365247783917,10.358040809631348
4.505480766296387,5.576355660467276,10.36581802368164
4.557633399963379,5.58417338082966,10.428086280822754
4.547901153564453,5.593190529483504,10.448673248291016
4.545216083526611,5.617549702259047,10.359212875366211
4.584061622619629,5.612296748473974,10.36508560180664
4.553581714630127,5.629704489272887,10.355643272399902
4.551719665527344,5.6179962175831735,10.42978286743164
4.488306045532227,5.625832142541185,10.38894271850586
4.5107855796813965,5.5384094470978855,10.425559997558594
4.549765110015869,5.499167297667425,10.427324295043945
4.565167427062988,5.626640769453453,10.300098419189453
4.547614574432373,5.576776053257553,10.33384895324707
4.5255513191223145,5.546438123498644,10.329620361328125
4.542787075042725,5.592733384775264,10.465133666992188
4.521824836730957,5.539083821200101,10.432672500610352
4.493035316467285,5.5657724682906915,10.369369506835938
4.550182819366455,5.603087989280798,10.33401870727539
4.490103244781494,5.6009958291293245,10.325106620788574
4.519518852233887,5.560172515455633,10.42708969116211
4.542189598083496,5.547229730391077,10.394476890563965
4.5387115478515625,5.571841766924731,10.340057373046875
4.5245184898376465,5.599201868254957,10.303865432739258
4.553800106048584,5.590764058188403,10.340591430664062
4.552129745483398,5.579595102363133,10.335979461669922
4.531838417053223,5.636910373744155,10.360113143920898
4.514552593231201,5.618179952027276,10.432254791259766
4.525844097137451,5.606892514242126,10.366925239562988
4.515266418457031,5.585369182883629,10.374371528625488
4.563160419464111,5.591013692485701,10.381232261657715
4.497450828552246,5.587371363903263,10.346647262573242
4.505003452301025,5.597242843891893,10.36166763305664
4.536128997802734,5.603048012824729,10.392104148864746
4.518831729888916,5.619173889514059,10.353107452392578
4.501367092132568,5.603793257814167,10.369075775146484
4.52598762512207,5.548204922383385,10.399083137512207
4.516863822937012,5.602660987459656,10.384958267211914
4.511207580566406,5.606760162427755,10.452649116516113
4.508527755737305,5.581286404514685,10.358318328857422
4.448245525360107,5.53515896600272,10.434473037719727
4.497574806213379,5.51459961125095,10.355361938476562
4.521548271179199,5.551310957409441,10.318723678588867
4.50894021987915,5.60598705609196,10.31051254272461
4.505420684814453,5.628100189945794,10.459514617919922
4.491144180297852,5.600218432024121,10.388641357421875
4.506275177001953,5.568755466956644,10.378616333007812
4.5076117515563965,5.519035453043346,10.387313842773438
4.475604057312012,5.6095013101252595,10.376977920532227
4.507302284240723,5.590075282912169,10.39607048034668
4.484833240509033,5.544910705881193,10.419037818908691
4.527450084686279,5.54586368370136,10.429771423339844
4.517189979553223,5.568973725728159,10.467290878295898
4.460984706878662,5.516020017509748,10.361414909362793
4.5190348625183105,5.5551788425738255,10.355363845825195
4.55098819732666,5.586603591517944,10.38461685180664
4.5071516036987305,5.564588646670537,10.426946640014648
4.477470397949219,5.586933348760275,10.356683731079102
4.558784484863281,5.530486171399909,10.436426162719727
4.491053581237793,5.531411982839927,10.44412612915039
4.478236675262451,5.525431795777488,10.30277156829834
4.446783065795898,5.574794195791972,10.397403717041016
4.480546951293945,5.600106230304975,10.318793296813965
4.471519947052002,5.5238699282719095,10.374246597290039
4.476850986480713,5.526911919870015,10.352429389953613
4.482919216156006,5.538150138720604,10.348102569580078
4.47740364074707,5.524376983554768,10.342050552368164
4.469565391540527,5.548123756257285,10.349257469177246
4.4940080642700195,5.562469204787964,10.394078254699707
4.478231430053711,5.4891096777282655,10.314516067504883
4.42732572555542,5.563675849964576,10.336393356323242
4.471340656280518,5.604138692441795,10.346370697021484
4.442366600036621,5.548215826308089,10.45300579071045
4.501889705657959,5.520976416467291,10.387524604797363
4.439609527587891,5.514778019494511,10.49838924407959
4.4386982917785645,5.537514337138938,10.362203598022461
4.4498090744018555,5.539678104255083,10.423320770263672
4.437788486480713,5.5276957085422636,10.395639419555664
4.478116035461426,5.562219424273021,10.400450706481934
4.468159198760986,5.509617333067581,10.457804679870605
4.466015815734863,5.573698338952714,10.347028732299805
4.4421539306640625,5.574967026943341,10.371079444885254
4.430092811584473,5.524136988612423,10.363268852233887
4.445038795471191,5.519475755680885,10.387028694152832
4.419058322906494,5.516658652440778,10.465596199035645
4.466044902801514,5.503906305812831,10.41649055480957
4.421674728393555,5.481720797817356,10.371084213256836
4.454263687133789,5.555582321182426,10.385042190551758
4.441066265106201,5.539355753621618,10.467934608459473
4.438416004180908,5.524073958230604,10.375590324401855
4.420891284942627,5.5066558775891155,10.392369270324707
4.4668145179748535,5.5354899607399215,10.434123992919922
4.462233543395996,5.545215456081288,10.393019676208496
4.452390670776367,5.538685580316399,10.46238899230957
4.388809680938721,5.564586347734023,10.407693862915039
4.414195537567139,5.534891186681177,10.36080265045166
4.436427116394043,5.563115183530109,10.523300170898438
4.43532657623291,5.5247869579387565,10.392716407775879
4.422293186187744,5.556989372674642,10.356062889099121
4.464814186096191,5.50550568073855,10.413322448730469
4.444669723510742,5.517156172177887,10.346006393432617
4.418938159942627,5.537616755979668,10.390816688537598
4.407881259918213,5.493965153549133,10.403409004211426
4.3881707191467285,5.520803906588949,10.373740196228027
4.413026332855225,5.521925891317161,10.386237144470215
4.35551643371582,5.498872352897056,10.466297149658203
4.430649757385254,5.529769210011831,10.374958992004395
4.409912109375,5.55213631307041,10.373147010803223
4.415808200836182,5.498786876077897,10.490711212158203
4.429424285888672,5.56170788673418,10.389751434326172
4.430445671081543,5.524438805212932,10.366284370422363
4.424943447113037,5.481345214548388,10.431208610534668
4.42615270614624,5.494978231677253,10.345111846923828
4.373037815093994,5.546378038923389,10.386491775512695
4.379344463348389,5.502419142052531,10.426026344299316
4.407600402832031,5.4379291479542315,10.40614128112793
4.373945236206055,5.491387649239707,10.414012908935547
4.467937469482422,5.504933956045924,10.424432754516602
4.39829158782959,5.475618445114899,10.398748397827148
4.340378284454346,5.497029890273033,10.392711639404297
4.387572765350342,5.570614927481594,10.454407691955566
4.458858013153076,5.5019755893652995,10.353909492492676
4.349731922149658,5.513128771047508,10.427664756774902
4.409008502960205,5.488661394787154,10.305455207824707
4.391719818115234,5.469409328253408,10.380699157714844
4.428108215332031,5.452776304113546,10.26620864868164
4.38641357421875,5.50580363514434,10.3629150390625
4.404776573181152,5.482179574102962,10.332708358764648
4.428867816925049,5.474648277541356,10.358137130737305
4.398711204528809,5.572450296321351,10.415447235107422
4.394532203674316,5.490737203874492,10.410978317260742
4.391442775726318,5.486081375441115,10.34859848022461
4.387423038482666,5.4937963626414,10.357227325439453
4.422980785369873,5.503076758435261,10.366897583007812
4.355114459991455,5.489578751980194,10.469565391540527
4.382702350616455,5.484581185770886,10.378485679626465
4.381572723388672,5.49975423777609,10.392816543579102
4.3610615730285645,5.4789340092933605,10.278383255004883
4.385329246520996,5.457250563461067,10.407161712646484
4.328600883483887,5.533796890605507,10.347681045532227
4.385815620422363,5.496343059465289,10.300520896911621
4.359009742736816,5.498641718611387,10.397936820983887
4.370578289031982,5.4340187883603255,10.436437606811523
4.422845840454102,5.499256681684138,10.418100357055664
4.354153156280518,5.441774243289339,10.406228065490723
4.3902668952941895,5.480791230852317,10.36727237701416
4.390548229217529,5.495182400170181,10.371329307556152
4.415652275085449,5.553458632967834,10.471622467041016
4.374990940093994,5.493755632811891,10.382749557495117
4.356853008270264,5.465650730999187,10.26702880859375
4.342970371246338,5.480583409612466,10.435245513916016
4.3684306144714355,5.47540057803105,10.338781356811523
4.318636417388916,5.4753983854316175,10.387803077697754
4.326167583465576,5.517051150722962,10.429544448852539
4.379403114318848,5.488331948406994,10.39677906036377
4.326229572296143,5.425238231729184,10.381453514099121
4.339934825897217,5.472855219185086,10.389039993286133
4.365271091461182,5.468218851002997,10.42746639251709
4.384425640106201,5.472923005132802,10.450845718383789
4.321156024932861,5.421387535287068,10.296501159667969
4.359437942504883,5.452205822270896,10.36063003540039
4.342887878417969,5.452308519643598,10.355512619018555
4.3518781661987305,5.446520196473491,10.37325382232666
4.3332414627075195,5.422120223586846,10.393058776855469
4.364121913909912,5.5016531981527805,10.3450345993042
4.355448246002197,5.430111350724474,10.33087158203125
4.369121551513672,5.390348470736562,10.418188095092773
4.352685928344727,5.466524531333041,10.327857971191406
4.333126544952393,5.470710682582909,10.366719245910645
4.359386444091797,5.516650601256904,10.320669174194336
4.332915306091309,5.40068873580146,10.320389747619629
4.3694305419921875,5.452531382308475,10.415557861328125
4.340147972106934,5.450527352580268,10.435644149780273
4.357781410217285,5.49119868309104,10.382281303405762
4.376694679260254,5.4652315820899915,10.415807723999023
4.3143229484558105,5.494430479394006,10.355401992797852
4.328280925750732,5.447570174899218,10.422859191894531
4.3917388916015625,5.468341027053871,10.413368225097656
4.351024627685547,5.516678137638207,10.347709655761719
4.319958209991455,5.4418189110500474,10.36492919921875
4.302245140075684,5.431591548823884,10.518752098083496
4.3180365562438965,5.428504345306594,10.43498706817627
4.339478015899658,5.446099115968018,10.409728050231934
4.311878681182861,5.492204447077321,10.493715286254883
4.35798454284668,5.492602031378608,10.366601943969727
4.3230509757995605,5.475248482244622,10.429755210876465
4.3250508308410645,5.507297967361021,10.368849754333496
4.334607124328613,5.432660211742456,10.462316513061523
4.258121967315674,5.466788551504058,10.338547706604004
4.338685035705566,5.443698457142871,10.430413246154785
4.337903022766113,5.503750642395712,10.447476387023926
4.320860862731934,5.5097036559933,10.42463207244873
4.307304382324219,5.453533344569483,10.270999908447266
4.313432216644287,5.45980715621928,10.43198013305664
4.32141637802124,5.46060372825845,10.43072509765625
4.276931285858154,5.533303815439078,10.255071640014648
4.326720237731934,5.469607049632552,10.31948471069336
4.3085103034973145,5.383090588430474,10.30356216430664
4.283009052276611,5.456263176597922,10.349020957946777
4.244704246520996,5.415712811851075,10.39033031463623
4.3022284507751465,5.460924008129431,10.356595039367676
4.3051910400390625,5.420058520477531,10.35324478149414
4.290219306945801,5.438812979131139,10.362141609191895
4.284337520599365,5.474340064051961,10.349929809570312
4.313500881195068,5.460710117560146,10.37759017944336
4.273446083068848,5.487198909511791,10.434253692626953
4.282182693481445,5.415490981690319,10.485563278198242
4.303659915924072,5.480251809681899,10.269046783447266
4.2987165451049805,5.397104727769537,10.41972541809082
4.274936676025391,5.450364207815644,10.436294555664062
4.265467643737793,5.4947680347332994,10.456740379333496
4.27398157119751,5.487560556270182,10.425634384155273
4.2896833419799805,5.474298258711185,10.38842487335205
4.259800910949707,5.435185060437236,10.37041187286377
4.260735034942627,5.445036572570514,10.39021110534668
4.2354888916015625,5.413763085180627,10.388089179992676
4.309759616851807,5.475127172223957,10.38827896118164
4.246272087097168,5.403052335305671,10.470576286315918
4.282318592071533,5.4531583740442455,10.43841552734375
4.253207683563232,5.402362099848687,10.469278335571289
4.279172897338867,5.424212785537487,10.348196983337402
4.299244403839111,5.480655908883948,10.33774185180664
4.287472248077393,5.473259131590436,10.393044471740723
4.262007713317871,5.4303068403553745,10.378958702087402
4.2701592445373535,5.426597153834466,10.341541290283203
4.2178568840026855,5.436874739060711,10.340154647827148
4.243814945220947,5.408819942535566,10.41059684753418
4.224448204040527,5.392935700282188,10.397669792175293
4.3176703453063965,5.441163142211735,10.428213119506836
4.202084064483643,5.4038621226126065,10.343175888061523
4.291996002197266,5.499291144910135,10.406919479370117
4.247856616973877,5.445920020408397,10.358977317810059
4.225216388702393,5.419280535607998,10.336760520935059
4.271514892578125,5.430880770752473,10.394351959228516
4.2470245361328125,5.41014216048643,10.391663551330566
4.231012344360352,5.394734015488731,10.378602981567383
4.233883857727051,5.392805050293516,10.384766578674316
4.260995388031006,5.402835587538512,10.441886901855469
4.253628253936768,5.49057996409413,10.310162544250488
4.255636692047119,5.466943203504863,10.309571266174316
4.257079601287842,5.446614328472476,10.3292236328125
4.217215538024902,5.435839195170306,10.566068649291992
4.244246482849121,5.369168254380513,10.38664436340332
4.223781585693359,5.398418874080692,10.36601448059082
4.25006628036499,5.386549581906626,10.410869598388672
4.270129203796387,5.423286938640687,10.465473175048828
4.250876426696777,5.447491612385161,10.369138717651367
4.209911346435547,5.3608624414607355,10.410835266113281
4.200564861297607,5.434389131675873,10.407404899597168
4.197903633117676,5.402528654883749,10.45496940612793
4.245800971984863,5.389791173993477,10.358207702636719
4.272192001342773,5.4589627842152755,10.365782737731934
4.257038116455078,5.439637430777241,10.417220115661621
4.202531337738037,5.427765801515696,10.39571475982666
4.271122932434082,5.41697373500626,10.447441101074219
4.242473602294922,5.426995043609557,10.348320960998535
4.222150802612305,5.383641565551184,10.403526306152344
4.228604316711426,5.434651944620002,10.461064338684082
4.18459939956665,5.41210753071521,10.46027946472168
4.242791175842285,5.388603038819773,10.441488265991211
4.233109951019287,5.4162312881754975,10.378521919250488
4.1554856300354,5.406683913332277,10.350936889648438
4.195321083068848,5.408499976187678,10.360258102416992
4.2630510330200195,5.410194558390815,10.40635871887207
4.24808406829834,5.46158565474408,10.336524963378906
4.207594871520996,5.392171038148392,10.385817527770996
4.229417324066162,5.450788701551833,10.367959976196289
4.16099739074707,5.359926153606336,10.346755027770996
4.194761753082275,5.40123384911567,10.37600326538086
4.254049301147461,5.401368983489062,10.541015625
4.2536821365356445,5.449042524710031,10.412013053894043
4.17317533493042,5.388321006171671,10.452285766601562
4.22032356262207,5.3877557825430165,10.353460311889648
4.204136371612549,5.334617806166144,10.364863395690918
4.270414352416992,5.403963390238849,10.38049602508545
4.251676082611084,5.371964165375434,10.407485008239746
4.182716369628906,5.406112390270989,10.43339729309082
4.199028015136719,5.4191457371759615,10.226736068725586
4.1881184577941895,5.347048105605479,10.302228927612305
4.181035995483398,5.406363436120695,10.489754676818848
4.200215816497803,5.422552357161684,10.426219940185547
4.180333614349365,5.392727015706311,10.29620361328125
4.236658573150635,5.419150983415811,10.42988395690918
4.168998718261719,5.332707105137939,10.384110450744629
4.172008991241455,5.360469040926546,10.404102325439453
4.206969261169434,5.376801615348086,10.407395362854004
4.184355735778809,5.393015914563356,10.308064460754395
4.212869167327881,5.3541633899190595,10.416805267333984
4.248348236083984,5.40777996059374,10.472283363342285
4.217837333679199,5.381573897121208,10.383810997009277
4.144628524780273,5.352237458540393,10.41329574584961
4.15637731552124,5.331790045901601,10.446706771850586
4.178811073303223,5.386424439659875,10.314037322998047
4.169655799865723,5.343202036206744,10.450295448303223
4.159769535064697,5.318484753370285,10.351157188415527
4.191275119781494,5.40801465225273,10.334845542907715
4.144848823547363,5.361164679551232,10.381708145141602
4.160423278808594,5.360560325606327,10.34800910949707
4.171382427215576,5.424127354785535,10.32837963104248
4.201206207275391,5.3764810298369925,10.444117546081543
4.197786808013916,5.390128943503702,10.305420875549316
4.182455062866211,5.371991559829829,10.42956256866455
4.1433939933776855,5.358714709224712,10.4469633102417
4.198854446411133,5.4052274618297815,10.45384407043457
4.151917934417725,5.349056597266879,10.338197708129883
4.142069339752197,5.391000005782449,10.38898754119873
4.200981616973877,5.369506548857316,10.434982299804688
4.168589115142822,5.379418028851173,10.409317970275879
4.143056869506836,5.391008130740374,10.387136459350586
4.160400390625,5.379949194113059,10.371273040771484
4.142728805541992,5.365272306670834,10.279390335083008
4.136305332183838,5.302156049026443,10.434839248657227
4.126344203948975,5.327691716374829,10.386554718017578
4.154735088348389,5.37521443822022,10.454773902893066
4.195148468017578,5.372867498812932,10.487798690795898
4.154848575592041,5.368187853966707,10.490177154541016
4.15453577041626,5.342769450441535,10.40518569946289
4.116415977478027,5.336897038721612,10.37203598022461
4.156436443328857,5.406774774858993,10.45411491394043
4.158546447753906,5.325303399702534,10.453301429748535
4.156848907470703,5.320881142114688,10.377574920654297
4.161104202270508,5.349601674558861,10.437236785888672
4.166986465454102,5.314790554244869,10.281110763549805
4.1855573654174805,5.304951282484191,10.439239501953125
4.157797336578369,5.3744207951572855,10.339204788208008
4.198134899139404,5.370548820522214,10.419124603271484
4.102075099945068,5.35271866380104,10.380005836486816
4.138057708740234,5.361270299680265,10.435589790344238
4.127204418182373,5.3379639141993325,10.430295944213867
4.170548915863037,5.3481143974432985,10.371845245361328
4.100600242614746,5.3275068142517865,10.383816719055176
4.143580913543701,5.328136033445065,10.426860809326172
4.124922275543213,5.338939931842366,10.385961532592773
4.163763046264648,5.418191126348185,10.383134841918945
4.1388726234436035,5.403617563524416,10.378416061401367
4.111587047576904,5.31277815701573,10.330656051635742
4.140252590179443,5.356794597348198,10.378726959228516
4.124633312225342,5.331358954177371,10.324701309204102
4.162663459777832,5.343377992244703,10.384109497070312
4.175115585327148,5.3988579738818645,10.443194389343262
4.082071304321289,5.286012495601816,10.38109016418457
4.094793319702148,5.353443684588585,10.446860313415527
4.077125072479248,5.329777711836089,10.39166259765625
4.095757484436035,5.30935186570111,10.350448608398438
4.113195419311523,5.302848039893434,10.318758010864258
4.093597412109375,5.319641257004279,10.363943099975586
4.13896369934082,5.35356548724563,10.401134490966797
4.1008453369140625,5.3179635710215996,10.382975578308105
4.087960720062256,5.360503984349114,10.39114761352539
4.100300312042236,5.37830621712575,10.386905670166016
4.120476245880127,5.371317520704387,10.424147605895996
4.094089031219482,5.322205590317026,10.4061861038208
4.088809013366699,5.297413957837436,10.362098693847656
4.149855136871338,5.320920505161797,10.375741004943848
4.076656818389893,5.373631244724883,10.40921401977539
4.114981651306152,5.323453472328504,10.371647834777832
4.085376739501953,5.372951176616231,10.397003173828125
4.12050724029541,5.285370260277497,10.45559310913086
4.118514537811279,5.395714046400306,10.444236755371094
4.103297710418701,5.3201750255788545,10.415502548217773
4.116096019744873,5.3408874208440205,10.489331245422363
4.084079742431641,5.317470768067454,10.437538146972656
4.077237129211426,5.3574160846016765,10.331781387329102
4.089409351348877,5.316154986453642,10.43381118774414
4.138794422149658,5.313081228839499,10.370956420898438
4.088070392608643,5.278576359651717,10.380043029785156
4.061646461486816,5.361907287667107,10.361635208129883
4.0944390296936035,5.306694851988661,10.394062995910645
4.091517448425293,5.34938125195913,10.451595306396484
4.12736701965332,5.287342061155609,10.371950149536133
4.07707405090332,5.363009319341343,10.43474292755127
4.083855628967285,5.332566544513351,10.429576873779297
4.109033107757568,5.331775224368488,10.321563720703125
4.084306240081787,5.286436922715179,10.366605758666992
4.062884330749512,5.367855793896265,10.397659301757812
4.093539714813232,5.413222448867081,10.419617652893066
4.094440937042236,5.3321673376485705,10.378023147583008
4.106098175048828,5.314705935107278,10.41229248046875
4.065722942352295,5.309357509549175,10.431897163391113
4.085139274597168,5.332584809046239,10.29468822479248
4.069095611572266,5.319350649602711,10.505733489990234
4.076837539672852,5.325195077474096,10.3908052444458
4.0724639892578125,5.255995638934629,10.368712425231934
4.026087284088135,5.346834408618244,10.428644180297852
4.110413074493408,5.333065747782322,10.497322082519531
4.077332019805908,5.298247198441199,10.279098510742188
4.0898919105529785,5.353278160760445,10.451631546020508
4.017241954803467,5.315737709170207,10.362239837646484
4.075929641723633,5.3018059277840495,10.37761402130127
4.09837007522583,5.2713295910840055,10.382465362548828
4.060315132141113,5.356992816053597,10.522102355957031
4.018758296966553,5.346327283020531,10.331291198730469
4.050413131713867,5.300393887795508,10.401280403137207
4.057995796203613,5.306822541302869,10.401813507080078
4.043936252593994,5.3224381262636085,10.402935028076172
4.072425842285156,5.300349713968379,10.47634506225586
4.051959037780762,5.270948419081313,10.45322036743164
4.062586784362793,5.301393551984803,10.373076438903809
4.014117240905762,5.284931147437808,10.401927947998047
4.056987285614014,5.29319406383937,10.34848690032959
4.049410820007324,5.3155308090749065,10.458246231079102
4.004599571228027,5.267155225255659,10.332850456237793
3.981701135635376,5.275219701696187,10.367060661315918
4.070827960968018,5.279921283745872,10.399703979492188
4.078495025634766,5.283245736034587,10.40577507019043
4.091269493103027,5.344183974566736,10.327934265136719
4.08613920211792,5.26685732030975,10.370389938354492
3.9929373264312744,5.285485927813819,10.388202667236328
4.071150302886963,5.299266574904323,10.401042938232422
4.058200836181641,5.29508016890447,10.389219284057617
4.080654144287109,5.268756079687072,10.405298233032227
3.9704067707061768,5.281191289524681,10.3713960647583
4.042247295379639,5.390520097754364,10.455248832702637
4.046724319458008,5.331633479600506,10.400424003601074
4.046436786651611,5.224561698435406,10.44254207611084
3.998565912246704,5.310665563314355,10.341474533081055
4.014148712158203,5.293844672452126,10.433263778686523
4.018360137939453,5.284410249508385,10.316263198852539
4.058344841003418,5.285281143550361,10.483467102050781
4.010925769805908,5.348538584142391,10.37856674194336
4.016607284545898,5.266191762672471,10.403696060180664
4.047148704528809,5.308805027544232,10.43038558959961
3.9726195335388184,5.25452877830581,10.38432502746582
4.023395538330078,5.303656543372199,10.333037376403809
4.058233737945557,5.225590164773167,10.40488052368164
4.059911727905273,5.31478626457309,10.395036697387695
3.9882750511169434,5.2688566904648075,10.368854522705078
4.01901388168335,5.289172456965649,10.40060043334961
4.033370018005371,5.217775156854519,10.286718368530273
4.017390251159668,5.299527575727552,10.301626205444336
3.983874559402466,5.2631335635336916,10.434389114379883
4.02488374710083,5.30192778089882,10.415901184082031
4.030908584594727,5.279701263810109,10.330612182617188
4.060811519622803,5.298071116142507,10.372239112854004
4.024258136749268,5.2432711588751,10.3330717086792
3.973241090774536,5.271883466680134,10.431614875793457
3.9951581954956055,5.256532629885311,10.43678092956543
4.020340442657471,5.277082300412336,10.368694305419922
4.0131049156188965,5.258032371788951,10.416340827941895
4.052942752838135,5.2730621781998455,10.41343879699707
3.9931387901306152,5.285986885095813,10.38001537322998
4.0173163414001465,5.26916101338741,10.38184642791748
3.996060848236084,5.250772179636572,10.335575103759766
4.002877235412598,5.25845961216172,10.371776580810547
4.017087459564209,5.297969650443909,10.356833457946777
4.026166915893555,5.321824862654986,10.370814323425293
4.01590633392334,5.3203798964220494,10.346025466918945
4.050034523010254,5.326454270564551,10.445951461791992
4.006516933441162,5.304630749027377,10.429122924804688
3.985415458679199,5.285535673012158,10.316278457641602
4.034737586975098,5.247386455136751,10.458703994750977
3.9631717205047607,5.223270971727158,10.399942398071289
3.981328010559082,5.245439646266667,10.459762573242188
4.011609077453613,5.256228155789099,10.346250534057617
3.9736242294311523,5.280014893705291,10.452978134155273
3.898347854614258,5.185871875878157,10.439165115356445
4.010153770446777,5.243973809161357,10.289668083190918
3.992166757583618,5.227347599841387,10.365120887756348
3.9487991333007812,5.229366795592276,10.401714324951172
3.997905969619751,5.3125251023697535,10.38692569732666
4.007266521453857,5.293103293515742,10.431378364562988
3.966954231262207,5.282889561627859,10.39403247833252
3.9967222213745117,5.252871944602313,10.307479858398438
3.9841513633728027,5.2478216951712975,10.508477210998535
3.9673266410827637,5.258927095515121,10.367290496826172
3.982189178466797,5.284572620377211,10.394872665405273
3.9676566123962402,5.238049216335639,10.367596626281738
3.9829518795013428,5.290830858085037,10.443008422851562
3.9572818279266357,5.23985870551717,10.403575897216797
3.9893524646759033,5.2032512760322005,10.402833938598633
3.9735403060913086,5.259426697124063,10.35562515258789
3.939143657684326,5.192069983675277,10.38747501373291
3.9442219734191895,5.272317004456585,10.470022201538086
3.9176108837127686,5.2408908396360605,10.424737930297852
3.9266364574432373,5.266956172584157,10.350968360900879
3.924438714981079,5.228337581369228,10.416666030883789
3.992630958557129,5.257348856256742,10.440922737121582
3.954465627670288,5.295087540156341,10.40977668762207
3.96172833442688,5.292462884581515,10.399757385253906
3.9987618923187256,5.253648828382471,10.354631423950195
3.9197030067443848,5.202530380371693,10.408626556396484
3.9267361164093018,5.2388263110271,10.421584129333496
3.9642751216888428,5.23265664216264,10.437460899353027
3.9380719661712646,5.232631639710495,10.438175201416016
3.9672908782958984,5.297667948761955,10.47625732421875
3.9603822231292725,5.2028937576604735,10.244307518005371
3.987002372741699,5.214269558666274,10.427282333374023
3.9617345333099365,5.27840453675682,10.390022277832031
4.008610725402832,5.2559941173531115,10.379552841186523
3.913604974746704,5.261949763500265,10.394774436950684
3.8399646282196045,5.215817706326821,10.429286003112793
3.906242847442627,5.204611783381552,10.313575744628906
3.92439866065979,5.2446548013415715,10.476139068603516
3.9657609462738037,5.231785412944322,10.472561836242676
3.927248001098633,5.237468055682256,10.338685035705566
3.96508526802063,5.206661185149901,10.435530662536621
3.96378755569458,5.2612938819719215,10.395021438598633
3.92388653755188,5.176628899527714,10.427169799804688
3.939610242843628,5.229679564246908,10.41055965423584
3.8945562839508057,5.207249572167972,10.407244682312012
3.963045120239258,5.258787750266492,10.41816234588623
3.9307734966278076,5.238945405564404,10.39744758605957
3.9590280055999756,5.230151647801644,10.370039939880371
3.9685723781585693,5.265116210128847,10.420000076293945
3.8496487140655518,5.2356085906670025,10.408358573913574
3.9439940452575684,5.241620525052505,10.461130142211914
3.920560598373413,5.196852635825054,10.40135383605957
3.9762439727783203,5.214830459893814,10.385412216186523
3.952495574951172,5.195903330442628,10.415754318237305
3.9140994548797607,5.203699485664921,10.36711311340332
3.916283130645752,5.23556213037643,10.31025218963623
3.900712490081787,5.194075572271166,10.393636703491211
3.940402030944824,5.260637259443423,10.372945785522461
3.903102159500122,5.2191059974887,10.368228912353516
3.93397855758667,5.222265541054575,10.463905334472656
3.9570088386535645,5.237717423621299,10.422309875488281
3.9324193000793457,5.2263435202185065,10.330170631408691
3.8834457397460938,5.2490700339964995,10.309505462646484
3.9150259494781494,5.274080265512956,10.434814453125
3.921875476837158,5.242638594238087,10.386070251464844
3.9338438510894775,5.2450766179244965,10.384706497192383
3.9198291301727295,5.206846005449604,10.306266784667969
3.898625373840332,5.189008904321652,10.390264511108398
3.882646083831787,5.14541439369454,10.450410842895508
3.9234304428100586,5.235469828925229,10.357276916503906
3.8500473499298096,5.239188453415408,10.425594329833984
3.9182052612304688,5.198101359219955,10.441211700439453
3.923177719116211,5.242892858472519,10.375595092773438
3.91019606590271,5.201779464492574,10.506328582763672
3.879509687423706,5.175015756294929,10.428583145141602
3.869483232498169,5.225232724699059,10.322383880615234
3.885084867477417,5.1990735516218205,10.40566349029541
3.890177011489868,5.200556773559323,10.394882202148438
3.9288079738616943,5.235920338226216,10.397310256958008
3.8609941005706787,5.161674205779231,10.380155563354492
3.9065074920654297,5.181584902473592,10.357215881347656
3.8622004985809326,5.186815292541204,10.37861442565918
3.875246524810791,5.204818689763281,10.349624633789062
3.8646459579467773,5.234212408906647,10.4034423828125
3.8553669452667236,5.159748585295996,10.4039888381958
3.8475937843322754,5.154188927562375,10.42341423034668
3.929347515106201,5.2039583013392985,10.44643497467041
3.886787176132202,5.128948730250288,10.381011009216309
3.861741542816162,5.243358288026814,10.402132987976074
3.8948066234588623,5.193660516291857,10.37656021118164
3.877593994140625,5.177501030964777,10.417444229125977
3.9158849716186523,5.153073250049992,10.492143630981445
3.878967761993408,5.195709165185689,10.351112365722656
3.8900928497314453,5.246203124689471,10.335308074951172
3.9411470890045166,5.236545319901779,10.472391128540039
3.868669033050537,5.2438922478218695,10.387113571166992
3.8361599445343018,5.1773794921381135,10.337650299072266
3.868440628051758,5.177610975523878,10.443246841430664
3.9070849418640137,5.152413662157155,10.35421371459961
3.8303403854370117,5.19427153883901,10.392942428588867
3.8894622325897217,5.242741040286741,10.43245792388916
3.8614816665649414,5.191211595565879,10.426827430725098
3.9121551513671875,5.180554374719837,10.367856979370117
3.8312671184539795,5.122030061802695,10.455653190612793
3.9060816764831543,5.257777037564665,10.37134075164795
3.903745651245117,5.20361706780802,10.354349136352539
3.91872501373291,5.181971872890634,10.434650421142578
3.8433334827423096,5.164270853657009,10.468663215637207
3.883976459503174,5.2822464201266754,10.424640655517578
3.820079803466797,5.191877901221494,10.41305160522461
3.8572373390197754,5.249303210127566,10.292983055114746
3.8476266860961914,5.181143940825548,10.354811668395996
3.831399440765381,5.18984001948099,10.443826675415039
3.7827014923095703,5.179585098721353,10.317770004272461
3.913672924041748,5.158485246157007,10.42520809173584
3.8803462982177734,5.2190002280819625,10.382365226745605
3.827650785446167,5.1411707336083055,10.447212219238281
3.8565611839294434,5.193615397604715,10.386969566345215
3.8145246505737305,5.185437877562696,10.39832592010498
3.8531112670898438,5.183099358176281,10.406197547912598
3.863524913787842,5.168450073704921,10.392213821411133
3.8833630084991455,5.232036689263103,10.408517837524414
3.9015450477600098,5.276119825629784,10.469679832458496
3.813399076461792,5.196172158400128,10.334611892700195
3.8440706729888916,5.170337090634608,10.36224365234375
3.8226795196533203,5.130415682082198,10.39029312133789
3.8099591732025146,5.152490783848666,10.389474868774414
3.816599130630493,5.188019571060847,10.41341495513916
3.8377256393432617,5.151897514471783,10.393182754516602
3.780458688735962,5.15004980707142,10.340885162353516
3.8221607208251953,5.1590220427606255,10.467242240905762
3.75899600982666,5.197425190558923,10.42674446105957
3.81877064704895,5.1257288105386705,10.393158912658691
3.818617582321167,5.167500289922048,10.405765533447266
3.7970941066741943,5.168793945706316,10.482540130615234
3.8110642433166504,5.149972916281383,10.390180587768555
3.736966133117676,5.134621435476999,10.37002944946289
3.819800615310669,5.170986605442263,10.409323692321777
3.8310747146606445,5.1851034655368755,10.278924942016602
3.8473005294799805,5.132772858287873,10.432489395141602
3.83960223197937,5.184262680754598,10.440786361694336
3.826115846633911,5.1684034915441375,10.44858169555664
3.8058407306671143,5.217139221461756,10.397629737854004
3.8392763137817383,5.139285109770883,10.443020820617676
3.830134391784668,5.205959631695545,10.384471893310547
3.810133218765259,5.133976610876354,10.339365005493164
3.773063898086548,5.156199240391808,10.432433128356934
3.8241093158721924,5.152269304297598,10.419373512268066
3.8227896690368652,5.194187676534056,10.454116821289062
3.7845263481140137,5.182939371825862,10.338823318481445
3.728555679321289,5.166857046906704,10.440006256103516
3.8329038619995117,5.176841690304823,10.410502433776855
3.8576607704162598,5.165529082629032,10.403841018676758
3.8608198165893555,5.193247341218271,10.329248428344727
3.824737548828125,5.1629882764204265,10.42775821685791
3.774044990539551,5.0770956249575,10.448967933654785
3.7717087268829346,5.19093639174077,10.33194351196289
3.822948694229126,5.107225398034124,10.467893600463867
3.817333936691284,5.151807113783434,10.45968246459961
3.7501776218414307,5.1726084776289225,10.40536880493164
3.8397696018218994,5.1935853177149385,10.343646049499512
3.739018678665161,5.133119429960581,10.377828598022461
3.8478403091430664,5.1427378664458425,10.39354133605957
3.8204362392425537,5.11396371513339,10.403406143188477
3.7792365550994873,5.129573470014813,10.442926406860352
3.830319881439209,5.143224454318572,10.461568832397461
3.7641451358795166,5.097264075152842,10.356851577758789
3.8380320072174072,5.213268332549238,10.456092834472656
3.780259132385254,5.178637428275708,10.369129180908203
3.8165602684020996,5.130936139296474,10.37458610534668
3.700756549835205,5.127103640265497,10.379215240478516
3.8174827098846436,5.134254027623684,10.330810546875
3.8142497539520264,5.160737835303215,10.371790885925293
3.812401056289673,5.172228204252731,10.388279914855957
3.791996479034424,5.137593882657321,10.397937774658203
3.7995100021362305,5.198946917130213,10.464117050170898
3.749920129776001,5.161953302798793,10.402036666870117
3.765160083770752,5.097417277317228,10.362770080566406
3.768012046813965,5.125568312459758,10.426104545593262
3.825624465942383,5.065529526444152,10.387649536132812
3.7603769302368164,5.126238959142938,10.286075592041016
3.810429573059082,5.147168993617274,10.447033882141113
3.7986042499542236,5.179103720933199,10.414125442504883
3.7410664558410645,5.059940508234181,10.358436584472656
3.7311174869537354,5.146670826843806,10.415210723876953
3.835085153579712,5.113175459671766,10.345071792602539
3.7464327812194824,5.123903420687254,10.412261009216309
3.7181735038757324,5.14510526730945,10.419563293457031
3.702319860458374,5.121875964005344,10.298453330993652
3.7704460620880127,5.129887518805584,10.386962890625
3.714470386505127,5.126220951655081,10.44018268585205
3.739706516265869,5.186250926860208,10.394859313964844
3.7998194694519043,5.114167499622064,10.3514986038208
3.7493412494659424,5.089135972383832,10.34303092956543
3.714641571044922,5.089161031480346,10.371248245239258
3.740100622177124,5.158818061097658,10.387681007385254
3.7508177757263184,5.064522303075396,10.336891174316406
3.742368698120117,5.112421944371558,10.42605209350586
3.7211596965789795,5.057634708870734,10.3316650390625
3.7639377117156982,5.182205484913928,10.419588088989258
3.7810416221618652,5.195089864478047,10.310262680053711
3.736826181411743,5.131513224548794,10.38772964477539
3.7274537086486816,5.123150385882972,10.378572463989258
3.737518548965454,5.031938953325152,10.313823699951172
3.764695882797241,5.162446136819198,10.40404224395752
3.6999354362487793,5.0885049782227725,10.43637752532959
3.709895372390747,5.128343535653714,10.406157493591309
3.7094132900238037,5.146911071247555,10.355634689331055
3.7662363052368164,5.08925975067541,10.354533195495605
3.7705605030059814,5.135856588703713,10.36953353881836
3.690744400024414,5.116135817520054,10.361614227294922
3.679577350616455,5.046562787544514,10.448492050170898
3.644502639770508,5.054666593604322,10.397459983825684
3.779632806777954,5.094150963904602,10.320932388305664
3.7690346240997314,5.192309773926224,10.369440078735352
3.742216110229492,5.070305029628798,10.407655715942383
3.7474417686462402,5.149750820926523,10.375882148742676
3.74137020111084,5.033795566165021,10.35307502746582
3.7184956073760986,5.12178461908895,10.405029296875
3.752427577972412,5.141419960917639,10.319321632385254
3.7225308418273926,5.0510442838671485,10.44791030883789
3.771794319152832,5.104569377410891,10.387919425964355
3.733933448791504,5.09925265936181,10.34123420715332
3.742466449737549,5.157915619102174,10.421457290649414
3.673257827758789,5.090995998587459,10.406957626342773
3.7419347763061523,5.095281699905171,10.353999137878418
3.7560508251190186,5.090960375731811,10.316535949707031
3.689523458480835,5.081655173196591,10.391096115112305
3.710731267929077,5.051452118337952,10.363670349121094
3.7531802654266357,5.1331593093595345,10.333185195922852
3.695091724395752,5.104862947615662,10.430402755737305
3.7316107749938965,5.070847957627848,10.376554489135742
3.750375986099243,5.128360552646752,10.408385276794434
3.7549662590026855,5.079240544100424,10.364546775817871
3.6968512535095215,5.1107001375140895,10.45922565460205
3.6904501914978027,5.045590753999672,10.360475540161133
3.7149245738983154,5.114821249619126,10.468135833740234
3.745206594467163,5.097941324015014,10.369100570678711
3.7655205726623535,5.065480851036097,10.33782958984375
3.667635440826416,5.018805683291117,10.373697280883789
3.722691297531128,5.091347975922482,10.422784805297852
3.679964542388916,5.063551226098623,10.399028778076172
3.706979274749756,5.086097998112174,10.443015098571777
3.7821996212005615,5.157099165022373,10.355579376220703
3.6697049140930176,5.1250681708500325,10.414011001586914
3.7407383918762207,5.1044551710864265,10.31684398651123
3.701543092727661,5.128847624507865,10.501361846923828
3.7313761711120605,5.154519638778376,10.339995384216309
3.746612548828125,5.140661521781502,10.437867164611816
3.653165102005005,5.106012882332185,10.404890060424805
3.6556246280670166,5.069130576947439,10.439936637878418
3.7638747692108154,5.196496048742638,10.366085052490234
3.7682712078094482,5.129435628752358,10.42735481262207
3.711181402206421,5.024804761666538,10.385575294494629
3.667485237121582,5.088326631080625,10.377467155456543
3.7137908935546875,5.176378066784569,10.471406936645508
3.74896502494812,5.039133395766839,10.404939651489258
3.7412426471710205,5.128772315037038,10.399496078491211
3.7048685550689697,5.117940328848947,10.34625244140625
3.692392587661743,5.11916263830582,10.407890319824219
3.6867339611053467,5.107658676370713,10.42368221282959
3.7600131034851074,5.100325500891943,10.407777786254883
3.7429111003875732,5.122105176427535,10.361242294311523
3.731963872909546,5.068614394736609,10.41408920288086
3.666724920272827,5.084762477016609,10.401535034179688
3.6164803504943848,5.0555880458892455,10.358322143554688
3.7046916484832764,5.135884083607899,10.347639083862305
3.6756174564361572,5.0870613224604835,10.3917236328125
3.710648775100708,5.0867561156794965,10.350357055664062
3.7147216796875,5.023586167122371,10.429323196411133
3.7059974670410156,5.150897255466719,10.414127349853516
3.672067642211914,5.067912162580926,10.428443908691406
3.7011208534240723,5.0606533666473945,10.390777587890625
3.6831870079040527,5.086420036686053,10.31140422821045
3.7459299564361572,5.061978971286278,10.36588191986084
3.6679394245147705,5.03340334202429,10.367618560791016
3.688713312149048,5.044111509907192,10.443841934204102
3.701878070831299,5.061839152593166,10.295101165771484
3.7208313941955566,5.062151155966733,10.297639846801758
3.6752984523773193,5.075895429356024,10.354094505310059
3.6677005290985107,5.1183814187534145,10.421666145324707
3.6773324012756348,5.079833578950327,10.42921257019043
3.6337027549743652,5.122207491891459,10.32654857635498
3.669269323348999,5.124154890554824,10.428926467895508
3.781406879425049,5.140240011370874,10.445392608642578
3.712953567504883,5.114685406442732,10.319761276245117
3.7029778957366943,5.09221213773292,10.330936431884766
3.7487709522247314,5.13150592740359,10.34635066986084
3.6861371994018555,5.116115557029843,10.419595718383789
3.661682367324829,5.063276833455477,10.382157325744629
3.682868719100952,5.1199300780759325,10.329462051391602
3.7213549613952637,5.12000346536349,10.339516639709473
3.6728522777557373,5.0500196210175226,10.28707218170166
3.7130138874053955,5.096955915414063,10.385615348815918
3.6593308448791504,5.074340988216656,10.364372253417969
3.682166814804077,5.066089893325365,10.42657470703125
3.6837799549102783,5.092995245408799,10.347182273864746
3.644845962524414,5.003959544402148,10.369478225708008
3.6631689071655273,5.089043207366817,10.315301895141602
3.662565231323242,5.134136289291615,10.332883834838867
3.6659061908721924,5.030130992244397,10.3366117477417
3.6951663494110107,5.149132062947111,10.505470275878906
3.6745169162750244,5.111004805658013,10.41925048828125
3.675443172454834,5.079422101977149,10.415194511413574
3.7056820392608643,5.085608152539602,10.342926979064941
3.683899402618408,5.117329106599624,10.361821174621582
3.6848323345184326,5.067055086339158,10.395721435546875
3.6468617916107178,5.04909631596612,10.447904586791992
3.647381544113159,5.056020345372547,10.381921768188477
3.658399820327759,5.022715575959801,10.34957218170166
3.7104251384735107,5.122010673961735,10.309378623962402
3.6949710845947266,5.059462389941993,10.405198097229004
3.657078742980957,5.015427300839553,10.383343696594238
3.668548822402954,5.0564004950158825,10.432164192199707
3.689415693283081,5.137947226841269,10.376800537109375
3.653451919555664,5.090935946442187,10.379502296447754
3.699617385864258,5.059237542761756,10.427518844604492
3.6526379585266113,5.092994667922279,10.398293495178223
3.7178170680999756,5.053896335618837,10.326397895812988
3.6816320419311523,5.077565298116367,10.295180320739746
3.6772072315216064,5.131032262529645,10.424148559570312
3.7080869674682617,5.107260443436513,10.359067916870117
3.650423288345337,5.036949476193904,10.363871574401855
3.615952253341675,5.0070390648408125,10.410141944885254
3.6215736865997314,5.049784998309666,10.477813720703125
3.6475393772125244,5.077313395915554,10.396728515625
3.6573708057403564,5.080273862063352,10.397963523864746
3.6900994777679443,5.040476912000615,10.346750259399414
3.6542673110961914,5.0557104948176335,10.348417282104492
3.648688554763794,5.03602645506284,10.363730430603027
3.7241642475128174,5.135089419017147,10.442981719970703
3.6361196041107178,4.999304892960936,10.388313293457031
3.629470109939575,5.024515504217041,10.363919258117676
3.7014107704162598,5.033337412601604,10.289392471313477
3.5946266651153564,5.040412221569568,10.345063209533691
3.6959915161132812,5.053794102710006,10.43562126159668
3.655111789703369,5.066522717974814,10.474005699157715
3.6689276695251465,5.028372238855809,10.279470443725586
3.6804492473602295,5.05058262899651,10.392026901245117
3.6855244636535645,5.030831061935584,10.407794952392578
3.6104109287261963,5.040054058123912,10.338679313659668
3.6740832328796387,5.07479831612935,10.344026565551758
3.6654677391052246,5.129655376076698,10.335628509521484
3.6622300148010254,5.019949136135567,10.385737419128418
3.682706356048584,5.051960100186988,10.419087409973145
3.6191985607147217,5.015040657316733,10.423419952392578
3.641970634460449,5.060528082739828,10.353569030761719
3.678687810897827,5.078619755904323,10.358009338378906
3.651411533355713,5.053326991453235,10.356953620910645
3.6668050289154053,5.098701664579234,10.450638771057129
3.6391518115997314,5.039821431040764,10.350204467773438
3.606295108795166,5.042269528444324,10.419393539428711
3.636422634124756,5.040089836909568,10.363004684448242
3.636817455291748,5.0097398491509795,10.377635955810547
3.633800745010376,5.041481626419617,10.360944747924805
3.738344192504883,5.091808425129524,10.417412757873535
3.6541643142700195,5.070214400932724,10.379796981811523
3.66628360748291,5.045417850737327,10.409649848937988
3.6491894721984863,5.042946060387683,10.425908088684082
3.6563494205474854,5.056752210516216,10.378063201904297
3.6862306594848633,5.037734276215945,10.368093490600586
3.616924524307251,5.094862836013947,10.465155601501465
3.663234233856201,5.055591790737317,10.398387908935547
3.573709487915039,5.052194248552301,10.483077049255371
3.70049786567688,5.060182669798711,10.38634204864502
3.6296374797821045,5.075574501849977,10.3677978515625
3.6643128395080566,5.046842494846454,10.489830017089844
3.6549136638641357,5.05726515358713,10.397192001342773
3.6265971660614014,5.067150864051656,10.439263343811035
3.6465961933135986,5.062386728656877,10.41447639465332
3.6146838665008545,5.059349010532189,10.387850761413574
3.680509567260742,5.103855846416471,10.394767761230469
3.643280029296875,5.104352628146963,10.3641357421875
3.644641637802124,4.975913034818535,10.383068084716797
3.592850923538208,4.9697249195804565,10.324270248413086
3.6271398067474365,5.0450665467152636,10.447142601013184
3.599109411239624,5.0581545836425255,10.380622863769531
3.615100860595703,5.063293810168814,10.471589088439941
3.700089693069458,5.074087507291032,10.487695693969727
3.6089611053466797,5.018365585045623,10.2855863571167
3.600121021270752,5.020976593485102,10.417634963989258
3.628533124923706,5.046185433199363,10.324845314025879
3.647181987762451,5.05296065003079,10.447776794433594
3.6673617362976074,5.027031256617713,10.312885284423828
3.618980646133423,5.107470025541261,10.437602043151855
3.6317853927612305,4.983004024019464,10.410425186157227
3.7025296688079834,5.048307225873161,10.33890151977539
3.6321117877960205,4.9927527832333,10.392457008361816
3.5696640014648438,5.018815330761885,10.35228157043457
3.6089653968811035,5.061248094109552,10.441610336303711
3.6243574619293213,5.005756558883669,10.282470703125
3.6473660469055176,5.048268899787217,10.371681213378906
3.697906494140625,5.110080093012324,10.345455169677734
3.618852376937866,4.981924200796389,10.344467163085938
3.673485040664673,5.000760013636733,10.411773681640625
3.63576078414917,5.073261228622869,10.36808967590332
3.6490869522094727,5.037296314657267,10.422415733337402
3.642544746398926,5.103325325164145,10.397103309631348
3.6218698024749756,5.024011994279655,10.415782928466797
3.666722536087036,5.070682752544859,10.431785583496094
3.6374893188476562,5.076613738999835,10.410787582397461
3.6167874336242676,4.965338694297576,10.343284606933594
3.653735399246216,5.060458063048178,10.492012023925781
3.603222608566284,5.004603632659252,10.43046760559082
3.6317951679229736,4.96095486377765,10.395496368408203
3.6810390949249268,5.094620990966047,10.382135391235352
3.62185001373291,5.0376427550800145,10.368855476379395
3.6487815380096436,5.110010574638311,10.35738754272461
3.635715961456299,5.018821022872414,10.485769271850586
3.64986515045166,5.064521119597234,10.405830383300781
3.6846044063568115,5.104353858889746,10.300787925720215
3.6605865955352783,4.968755707943013,10.360231399536133
3.620948076248169,5.0528997119981796,10.274785995483398
3.631352424621582,5.034227264778955,10.294926643371582
3.6172046661376953,5.04738727601112,10.280328750610352
3.6255292892456055,5.06313475560663,10.377601623535156
3.62139892578125,4.998637229836147,10.369396209716797
3.655482530593872,5.053086679994261,10.35713005065918
3.605937957763672,5.036939841362514,10.357975006103516
3.6545727252960205,5.047482578649319,10.405557632446289
3.6486711502075195,5.120129093294963,10.397029876708984
3.6568443775177,5.005771501122841,10.363120079040527
3.60992431640625,4.950967257509807,10.424016952514648
3.6379570960998535,5.044013585296593,10.393940925598145
3.6358144283294678,4.969568333921155,10.326555252075195
3.603442430496216,4.995006112148985,10.42090129852295
3.5391721725463867,5.0213204510177345,10.461830139160156
3.5879945755004883,5.034515752457081,10.383369445800781
3.620847702026367,5.001342127764864,10.363933563232422
3.621774435043335,5.030197300914941,10.387609481811523
3.66068696975708,5.016540956949548,10.33209228515625
3.6223642826080322,5.102140311883496,10.460611343383789
3.6026065349578857,5.019014082350103,10.441396713256836
3.654707670211792,5.023241096575346,10.300849914550781
3.58073353767395,4.981957017743428,10.303533554077148
3.5738861560821533,4.968877137139706,10.468120574951172
3.610337734222412,4.988376902615918,10.332588195800781
3.633610725402832,5.013904754671135,10.487415313720703
3.6231284141540527,5.034462916398687,10.372232437133789
3.645477533340454,5.068411363022668,10.454395294189453
3.5875868797302246,5.0181105950448135,10.34376049041748
3.6308789253234863,5.0323462873431195,10.371262550354004
3.6415209770202637,5.032614835837324,10.409021377563477
3.6502485275268555,5.055726792829643,10.320194244384766
3.610379219055176,5.086436413261773,10.381160736083984
3.6652660369873047,5.0678526299473425,10.413684844970703
3.6188271045684814,5.024843901495582,10.356302261352539
3.63435435295105,5.056103218413358,10.480873107910156
3.6772005558013916,5.012121642174731,10.390424728393555
3.626591682434082,5.008637749423672,10.292038917541504
3.6373026371002197,5.068276061443612,10.359477043151855
3.6425743103027344,5.013413618651352,10.38256549835205
3.6132214069366455,5.024575919578118,10.502050399780273
3.6260499954223633,5.0163843785745215,10.29490852355957
3.6236531734466553,5.04642926944819,10.358622550964355
3.608851432800293,5.03202132534768,10.38357925415039
3.6058666706085205,4.985812553470689,10.483503341674805
3.53212308883667,4.890546678765012,10.404536247253418
3.6137313842773438,5.096318395276155,10.36521053314209
3.577078342437744,4.980826564798398,10.497082710266113
3.6563844680786133,5.025982740401689,10.382955551147461
3.6221208572387695,4.992264118078829,10.372483253479004
3.6025338172912598,5.004360013508371,10.31949234008789
3.5694756507873535,4.956043085682072,10.398683547973633
3.590346336364746,4.985105210981731,10.431204795837402
3.6344778537750244,5.030920059652999,10.370881080627441
3.611351251602173,4.942361456375303,10.34394645690918
3.6376004219055176,4.956637318312589,10.30630111694336
3.610612392425537,5.006184815129798,10.376808166503906
3.590388059616089,4.982481708617083,10.506793975830078
3.591618061065674,5.02539956423321,10.340825080871582
3.7026922702789307,4.957767526086952,10.401311874389648
3.6251258850097656,5.041773306505222,10.377269744873047
3.6189229488372803,4.976293672541423,10.384613990783691
3.627258539199829,5.028721349746255,10.419742584228516
3.6157023906707764,4.941931988046106,10.421929359436035
3.559875249862671,5.0728767740074545,10.351536750793457
3.593318462371826,5.014876658396263,10.475778579711914
3.524515390396118,4.978190264830898,10.403349876403809
3.5501320362091064,5.027765133285096,10.402399063110352
3.621644973754883,5.008916789599295,10.43604850769043
3.553539514541626,4.9301349945765525,10.305572509765625
3.554669141769409,4.991497615817934,10.385400772094727
3.5528786182403564,4.973122556228191,10.365472793579102
3.6440346240997314,5.070835097526599,10.439949989318848
3.5722696781158447,5.046216556369992,10.38381290435791
3.5757052898406982,5.047514942341617,10.368752479553223
3.6389036178588867,4.993771370200973,10.397309303283691
3.5755648612976074,5.011059438011476,10.426752090454102
3.6160733699798584,4.933815772611914,10.380345344543457
3.599454879760742,5.002106522209942,10.366384506225586
3.5924086570739746,4.987166246266238,10.399012565612793
3.640183687210083,5.019837707181328,10.299206733703613
3.594787359237671,4.960574515529775,10.437164306640625
3.623969316482544,5.041969006215886,10.340201377868652
3.6423895359039307,5.0613452233041505,10.368478775024414
3.631744623184204,5.055184056616521,10.307870864868164
3.5618278980255127,4.996683866118214,10.384652137756348
3.556389093399048,5.021614026311519,10.355792999267578
3.5817861557006836,5.0168650694790164,10.378451347351074
3.560866117477417,4.948618680870693,10.38162899017334
3.5889151096343994,5.0678598855489065,10.433963775634766
3.622800588607788,5.038917269092053,10.305763244628906
3.548818826675415,5.02241475966626,10.334488868713379
3.561237096786499,4.994636293134785,10.45339584350586
3.6140666007995605,4.958857606065326,10.412035942077637
3.6577985286712646,5.078397215210965,10.395280838012695
3.6500165462493896,5.01349027564616,10.459695816040039
3.6340432167053223,4.9375372575595975,10.375731468200684
3.55843186378479,5.013689694660051,10.347667694091797
3.619931221008301,4.992711112069499,10.397529602050781
3.5933563709259033,5.01183046793033,10.325456619262695
3.63208270072937,5.021391961025073,10.449871063232422
3.6229569911956787,5.012914977169463,10.485687255859375
3.5631937980651855,4.930543938585158,10.327476501464844
3.5669734477996826,4.995500419488443,10.463441848754883
3.6101856231689453,5.039043957633631,10.367512702941895
3.61567759513855,5.019234202403044,10.409799575805664
3.6252694129943848,5.1175508887307455,10.446747779846191
3.5754852294921875,4.961858356803922,10.356246948242188
3.5871055126190186,5.018078173311161,10.368692398071289
3.6203508377075195,4.997965424687468,10.32380485534668
3.5727479457855225,5.071230219444261,10.392398834228516
3.5104217529296875,4.9586151709913135,10.368508338928223
3.618584394454956,5.051855067157053,10.430996894836426
3.578268051147461,4.950706296500616,10.369086265563965
3.585649013519287,4.995524094440043,10.450746536254883
3.603144884109497,5.013705898675003,10.322840690612793
3.5533499717712402,4.997853957981404,10.411981582641602
3.607409715652466,4.958965504076332,10.383161544799805
3.5783417224884033,5.071665466397202,10.404090881347656
3.653911828994751,4.968699950325702,10.460561752319336
3.60618257522583,4.942912386830098,10.438460350036621
3.586121082305908,4.9779578804570646,10.425339698791504
3.5865063667297363,4.979897739365698,10.329237937927246
3.564460515975952,5.036875027032303,10.393378257751465
3.5344650745391846,4.992534455710223,10.312906265258789
3.579292058944702,4.950069193728267,10.406610488891602
3.653378963470459,4.973425167978609,10.464643478393555
3.5450186729431152,4.927603719124038,10.419364929199219
3.6490330696105957,5.008568434443857,10.365547180175781
3.5629663467407227,4.9338011271320275,10.50854206085205
3.5746679306030273,4.9926068799437155,10.412232398986816
3.5930962562561035,4.981796809039744,10.422386169433594
3.4741666316986084,4.9054210088881,10.370229721069336
3.583719491958618,4.99475117453507,10.405016899108887
3.6287269592285156,5.007719939042414,10.404705047607422
3.5684568881988525,4.979867342427107,10.316607475280762
3.65177059173584,5.019197406646396,10.362056732177734
3.609605312347412,5.02088263411341,10.385299682617188
3.554053544998169,4.965281128450962,10.452951431274414
3.5611910820007324,4.984236999481384,10.390303611755371
3.6349453926086426,5.05363528563508,10.416769027709961
3.588266134262085,5.013479829000842,10.460044860839844
3.5978872776031494,5.005252058285155,10.361288070678711
3.6093509197235107,4.969581744434046,10.43382453918457
3.5935182571411133,4.9853442923298905,10.383249282836914
3.6363027095794678,5.010631439176255,10.376325607299805
3.6037232875823975,5.0041464475382655,10.351641654968262
3.5830392837524414,5.029033578067486,10.473490715026855
3.626753330230713,5.0706070772970895,10.434749603271484
3.601915121078491,4.962139628029296,10.498716354370117
3.6150970458984375,4.9424274715129295,10.483219146728516
3.5990054607391357,5.001243556650089,10.399415016174316
3.5882513523101807,5.02743736501517,10.476984024047852
3.5884008407592773,4.992368904308282,10.287367820739746
3.570617198944092,5.00096096317949,10.45750617980957
3.5892868041992188,5.007303867156484,10.459734916687012
3.5650017261505127,4.927102901706738,10.429059982299805
3.6004934310913086,5.068350879675044,10.366119384765625
3.6044206619262695,4.998959408873427,10.407113075256348
3.554429054260254,4.9690730676188,10.385773658752441
3.611915111541748,4.977317571074568,10.478164672851562
3.566882610321045,4.999931048734911,10.366228103637695
3.5383667945861816,4.988489332409309,10.387537002563477
3.56030011177063,4.994294399994293,10.455921173095703
3.6147091388702393,4.98939665902539,10.46345329284668
3.585852861404419,5.009388066229543,10.33809757232666
3.5363593101501465,4.902944719718237,10.412158012390137
3.5541160106658936,5.014815639571419,10.465620040893555
3.622684955596924,5.052102434881298,10.380230903625488
3.5846333503723145,5.01268158370762,10.392504692077637
3.601700782775879,4.899335599371366,10.37576675415039
3.6510283946990967,5.009135081466021,10.398231506347656
3.5430026054382324,4.91654436067412,10.455684661865234
3.5843217372894287,4.966658645143201,10.39728832244873
3.656102180480957,5.033539276570082,10.361689567565918
3.5941967964172363,5.071955397558797,10.547578811645508
3.641932249069214,5.009275777830876,10.337638854980469
3.6275339126586914,4.961995857734499,10.464305877685547
3.600329875946045,5.045735566610737,10.413814544677734
3.6241893768310547,4.93356459644357,10.405187606811523
3.5380663871765137,4.992582534805738,10.318913459777832
3.5723814964294434,4.947170984166275,10.372762680053711
3.5844600200653076,4.99183855395365,10.416322708129883
3.5879738330841064,5.0160606597949355,10.407360076904297
3.5819458961486816,5.00843821026917,10.41683292388916
3.6081554889678955,5.074846468899132,10.308686256408691
3.5335819721221924,4.955072776946638,10.400477409362793
3.6516032218933105,4.977291813619169,10.313304901123047
3.5837574005126953,4.880125901495505,10.492615699768066
3.573294162750244,4.902752524042237,10.47176742553711
3.5928258895874023,5.022856482271371,10.398005485534668
3.541534662246704,4.978248238995937,10.387899398803711
3.612051248550415,4.9490394464560925,10.389293670654297
3.591430902481079,5.022409164213709,10.422229766845703
3.5601978302001953,4.973200184625706,10.418176651000977
3.5671656131744385,4.98925241462088,10.470723152160645
3.6407504081726074,4.972619093921302,10.417484283447266
3.5525894165039062,4.990933298732021,10.457498550415039
3.562495231628418,4.995031945141298,10.447463035583496
3.532970905303955,4.997583036543802,10.33622932434082
3.605602741241455,4.9403416642786135,10.43657398223877
3.5943825244903564,4.997017624189279,10.46756362915039
3.5265772342681885,5.009398320024568,10.44426155090332
3.5743789672851562,5.013190524852169,10.429964065551758
3.5399725437164307,4.954846325297174,10.333647727966309
3.5508978366851807,4.850296155915462,10.38560676574707
3.5810458660125732,4.96321954135783,10.374316215515137
3.575758695602417,4.963638272136449,10.406587600708008
3.5604147911071777,5.004627192459469,10.415913581848145
3.5451529026031494,5.031326429219917,10.44935131072998
3.5491926670074463,4.9534887420678775,10.329556465148926
3.5640883445739746,5.0211842821445325,10.343193054199219
3.5900449752807617,5.043805120413058,10.353507995605469
3.6010990142822266,4.9921010639185885,10.370011329650879
3.578662872314453,4.983549944723824,10.5487642288208
3.5646283626556396,5.057756173191592,10.307592391967773
3.500474214553833,5.027561933367646,10.384729385375977
3.552643299102783,5.0049896945046,10.382394790649414
3.5738165378570557,4.970643260216873,10.348050117492676
3.544481039047241,4.9597660550581555,10.41900634765625
3.565373659133911,5.014931899694992,10.403196334838867
3.5655646324157715,5.0028092573796,10.382844924926758
3.5916097164154053,4.891685683745891,10.506044387817383
3.607562780380249,5.0078400800869405,10.384759902954102
3.6643879413604736,4.95856711115422,10.362982749938965
3.6049861907958984,5.000231632330854,10.395341873168945
3.5784103870391846,4.968470727692226,10.396865844726562
3.5575649738311768,4.940792893824566,10.402678489685059
3.5895259380340576,5.011467137107892,10.40397834777832
3.6069865226745605,4.984250607800537,10.286545753479004
3.582148551940918,5.014245940106256,10.395540237426758
3.5394251346588135,4.979755520787355,10.446691513061523
3.588646173477173,5.00157816425365,10.356327056884766
3.5924336910247803,5.013272201875225,10.444528579711914
3.5682601928710938,4.986343937560117,10.432427406311035
3.5367462635040283,4.935040186891066,10.341164588928223
3.5659117698669434,5.002028250002435,10.497720718383789
3.527100086212158,4.918402680029561,10.48981761932373
3.620633363723755,4.984613790176809,10.393956184387207
3.533726215362549,4.968672236926587,10.433065414428711
3.621762275695801,4.9472842661863465,10.432683944702148
3.5268683433532715,4.970585360823732,10.414958953857422
3.5140864849090576,4.942640295318727,10.366964340209961
3.5356178283691406,4.913026370573789,10.419857025146484
3.55426025390625,4.938818346476182,10.429093360900879
3.5932419300079346,4.98433249237548,10.378326416015625
3.572162628173828,4.982723371558157,10.481882095336914
3.503342628479004,4.935095028685672,10.36230754852295
3.518296480178833,4.906469891113894,10.307476043701172
3.598142385482788,4.99908801071745,10.40168285369873
3.5089967250823975,4.900013233967392,10.32531452178955
3.551863193511963,5.01112924778967,10.388423919677734
3.552546262741089,4.939090630704803,10.40916633605957
3.5692098140716553,4.963906407156693,10.342889785766602
3.5585408210754395,4.983625837535199,10.490527153015137
3.5518760681152344,4.908558645784588,10.420858383178711
3.546931505203247,4.971520243545196,10.405421257019043
3.619083881378174,5.033832753409765,10.449209213256836
3.574554204940796,4.972745778737591,10.48393440246582
3.564436912536621,4.971782600673448,10.349641799926758
3.515592098236084,4.918742374882901,10.39851188659668
3.5994818210601807,4.925387444407014,10.368829727172852
3.5343003273010254,4.932775347759681,10.336084365844727
3.554912567138672,4.96817461135132,10.393013000488281
3.5367507934570312,4.962057713119845,10.386857986450195
3.646545171737671,4.990653943968937,10.373714447021484
3.5725061893463135,4.969770428026095,10.402295112609863
3.5648350715637207,4.943916146776506,10.419193267822266
3.515639305114746,4.878343897106658,10.413309097290039
3.586101531982422,5.0255398119666745,10.31929874420166
3.5880959033966064,4.950906869024038,10.49839973449707
3.574119806289673,4.9314210032711605,10.38809585571289
3.6232643127441406,5.017187287731628,10.317646980285645
3.554445743560791,4.998990103502624,10.350723266601562
3.5902814865112305,4.946806157939136,10.427720069885254
3.554593086242676,4.971732299874669,10.42005729675293
3.5096943378448486,4.925162563266765,10.311870574951172
3.620617389678955,5.004955686795126,10.401687622070312
3.5402610301971436,4.983064195706642,10.383913040161133
3.5548646450042725,4.917709940578788,10.37392807006836
3.5474607944488525,4.904597863621477,10.42718505859375
3.565356731414795,4.9194639432244,10.362735748291016
3.5585367679595947,4.961523321723299,10.366140365600586
3.526317834854126,4.976074604317546,10.425762176513672
3.587946891784668,5.011303642797949,10.391100883483887
3.462909698486328,4.966246173118374,10.321125030517578
3.5200231075286865,4.937609272476817,10.439682006835938
3.604879140853882,5.001695918418201,10.412811279296875
3.5936193466186523,4.956743446511349,10.424034118652344
3.5958781242370605,4.954161644148241,10.417089462280273
3.5391225814819336,5.037394317598747,10.462692260742188
3.4559898376464844,4.965022297509547,10.440675735473633
3.551912784576416,4.973949983882319,10.450029373168945
3.5589559078216553,4.9886172866182665,10.348978042602539
3.559187889099121,4.962641147264679,10.410661697387695
3.560164213180542,4.893484209331551,10.387680053710938
3.628657341003418,4.962177357303777,10.442752838134766
3.6059820652008057,4.9749953869198045,10.342447280883789
3.5297811031341553,4.898821742573221,10.384827613830566
3.592203140258789,4.9090107804430385,10.451671600341797
3.4585447311401367,4.959421830551166,10.50680923461914
3.5782597064971924,4.977735666957284,10.395498275756836
3.5166752338409424,4.949181950917201,10.394034385681152
3.5517470836639404,4.8980918545275935,10.40526294708252
3.5480620861053467,4.946472561153184,10.49966812133789
3.5551037788391113,4.915875690590058,10.393994331359863
3.5622668266296387,4.961683951085434,10.406545639038086
3.5700416564941406,4.980090547785429,10.412919998168945
3.592071533203125,5.028857965055588,10.393606185913086
3.593036413192749,4.981287232001445,10.44601821899414
3.5836281776428223,5.0134856481371175,10.397966384887695
3.5465898513793945,4.941983075446583,10.45723819732666
3.534320592880249,4.884224566165358,10.445367813110352
3.5868773460388184,4.963550819050788,10.463249206542969
3.5536859035491943,4.985032252668004,10.35548210144043
3.544650077819824,4.976423836379711,10.428675651550293
3.573911666870117,4.930178542122511,10.407829284667969
3.569638729095459,4.959558374946937,10.345863342285156
3.49655818939209,4.973458739097364,10.347099304199219
3.5813262462615967,4.940077387095828,10.381566047668457
3.5779168605804443,4.977025361698387,10.354795455932617
3.5661749839782715,4.918511754833162,10.415229797363281
3.5868632793426514,4.973716869551156,10.400651931762695
3.5452373027801514,4.923254199392561,10.400689125061035
3.5121548175811768,4.912616975139827,10.357205390930176
3.579143762588501,4.94965989834496,10.398266792297363
3.5760011672973633,4.957586745132825,10.350366592407227
3.540841579437256,4.930676347642605,10.356393814086914
3.5739974975585938,4.962927852457922,10.35046672821045
3.544680595397949,4.9443679155249685,10.416170120239258
3.551942825317383,4.914047368203423,10.362531661987305
3.5233728885650635,4.953665119263211,10.395622253417969
3.5557234287261963,4.932050439994782,10.336236953735352
3.5193238258361816,4.876699175219984,10.404343605041504
3.5830624103546143,4.957848102818908,10.340972900390625
3.5664432048797607,4.944904879068158,10.337413787841797
3.5461835861206055,4.96084318825576,10.381194114685059
3.569242238998413,4.998389841988682,10.419106483459473
3.59391450881958,4.935489687968844,10.351577758789062
3.598919153213501,4.970094184258154,10.31010627746582
3.563560724258423,4.8894215834193995,10.415578842163086
3.5368895530700684,4.932134123685371,10.443256378173828
3.5385589599609375,4.937078813057658,10.306899070739746
3.5154459476470947,4.87795889005065,10.387798309326172
3.531660556793213,4.937644482058074,10.42385482788086
3.5716328620910645,4.925439669684108,10.441665649414062
3.524791717529297,4.9371598773037215,10.404257774353027
3.5594875812530518,4.94720683795666,10.392610549926758
3.5567708015441895,4.9357538631385465,10.41969108581543
3.5448431968688965,4.928645160681168,10.404190063476562
3.5390751361846924,4.89938758074173,10.392570495605469
3.525528907775879,5.016341571529795,10.440407752990723
3.59015154838562,4.947747972926924,10.382745742797852
3.6020305156707764,4.885856659118351,10.450340270996094
3.512169361114502,4.9312604450886806,10.524877548217773
3.51440691947937,4.905660942961861,10.410945892333984
3.574089765548706,4.929322869151033,10.430546760559082
3.5262937545776367,4.861600420404492,10.358953475952148
3.5485305786132812,4.977212833806074,10.396537780761719
3.542048454284668,4.953164282886843,10.349897384643555
3.524266004562378,4.918433403795851,10.343972206115723
3.520216464996338,4.986702169225152,10.33918285369873
3.534726142883301,4.8759505320340395,10.385383605957031
3.5383713245391846,4.92367673532239,10.397477149963379
3.484905481338501,4.880965838408364,10.401765823364258
3.5847597122192383,4.9146603300302685,10.411698341369629
3.536843776702881,4.958294232109828,10.399946212768555
3.5724499225616455,5.003331905630017,10.430768966674805
3.4941744804382324,4.940583981041398,10.395261764526367
3.50639009475708,4.90865975521904,10.39793586730957
3.537410259246826,4.96468429763003,10.410934448242188
3.5628275871276855,4.9594269511289895,10.346880912780762
3.5305943489074707,4.9233206186576615,10.324158668518066
3.508165121078491,4.90667719184421,10.413034439086914
3.5597667694091797,4.965410924017696,10.342638969421387
3.53490948677063,4.914429315432374,10.341506004333496
3.4942052364349365,4.8898426023245385,10.3851957321167
3.5327417850494385,5.005209113304902,10.417409896850586
3.4948983192443848,4.9008680158959965,10.305778503417969
3.537400484085083,4.970298886299133,10.314474105834961
3.538665771484375,4.953870951198041,10.402432441711426
3.5952374935150146,4.886472686692806,10.26209831237793
3.5353221893310547,4.94398308698354,10.327797889709473
3.5323309898376465,4.976302760453628,10.504798889160156
3.516458034515381,4.967290279721576,10.384925842285156
3.5419225692749023,4.95016909610214,10.36233139038086
3.5103096961975098,4.933573087511052,10.416687965393066
3.5280942916870117,4.923220444337598,10.396838188171387
3.497187852859497,4.938075888735641,10.438173294067383
3.5745465755462646,4.982692091526197,10.410253524780273
3.5261826515197754,4.94673641638032,10.413570404052734
3.580115795135498,4.9322261423803875,10.38217830657959
3.5680174827575684,4.9554766268868535,10.447199821472168
3.5748326778411865,4.9724266694060395,10.385604858398438
3.5650713443756104,4.899253616242537,10.377401351928711
3.548663377761841,4.896155917883983,10.425418853759766
3.59995436668396,4.944531445857137,10.342884063720703
3.5114481449127197,4.958277495511409,10.347185134887695
3.5675911903381348,4.925264848828582,10.368940353393555
3.574700355529785,4.9711272983279615,10.422599792480469
3.554795503616333,4.8716726239571075,10.430301666259766
3.5764925479888916,4.933136130084417,10.355544090270996
3.5817739963531494,4.953569473798519,10.38895034790039
3.548096179962158,4.939172529715246,10.46309757232666
3.5445196628570557,4.907083423342557,10.373552322387695
3.563199281692505,4.968108958731006,10.411206245422363
3.5502078533172607,4.971662027362202,10.421560287475586
3.532061815261841,4.972577802836894,10.40775203704834
3.611907958984375,4.997299323490422,10.3492431640625
3.5601747035980225,4.981546214582132,10.310384750366211
3.493756055831909,4.968561231324982,10.515664100646973
3.5237441062927246,4.934978218782428,10.452797889709473
3.5035407543182373,4.928867063285517,10.344429969787598
3.5098304748535156,4.880291884931337,10.441768646240234
3.53165864944458,4.9873440512456,10.457352638244629
3.5171782970428467,4.927569601950902,10.474470138549805
3.490434408187866,4.892537388950586,10.286514282226562
3.566718339920044,4.950827789958566,10.337054252624512
3.4965262413024902,4.943415362288111,10.309308052062988
3.4691946506500244,4.893772309047303,10.369892120361328
3.538726568222046,4.922286198175113,10.420133590698242
3.5294458866119385,4.923362943543387,10.374069213867188
3.5599191188812256,4.930964122825701,10.448907852172852
3.5585806369781494,4.952432083198801,10.395347595214844
3.527076482772827,4.979653891209247,10.308070182800293
3.5327212810516357,4.876842688137133,10.378456115722656
3.49481201171875,4.856144617278395,10.460227012634277
3.5112950801849365,4.9471049906819,10.408188819885254
3.525268316268921,4.9291851712124695,10.416109085083008
3.5029258728027344,4.853489393434886,10.394859313964844
3.531968593597412,4.88998328069491,10.380030632019043
3.5742597579956055,4.912216655843492,10.362543106079102
3.4997682571411133,4.88377542800403,10.382407188415527
3.445457935333252,4.854266740082364,10.424957275390625
3.4858431816101074,4.918088429042005,10.369070053100586
3.565638780593872,4.94015788256989,10.379605293273926
3.526794910430908,4.946908760549767,10.419768333435059
3.5686347484588623,4.992807908815198,10.345049858093262
3.4676263332366943,4.865735187561119,10.399008750915527
3.5607643127441406,4.953509661335764,10.419654846191406
3.550609827041626,4.924345689759191,10.452413558959961
3.5685806274414062,4.903430953023157,10.349538803100586
3.56365966796875,4.912599083335538,10.39543628692627
3.507380485534668,4.9972001013479055,10.389237403869629
3.5734241008758545,4.880661661038175,10.326518058776855
3.549672842025757,4.935624674893915,10.304120063781738
3.538212776184082,4.931295283504628,10.399497985839844
3.534844398498535,4.970406417468829,10.383333206176758
3.544072389602661,4.882064559131062,10.453681945800781
3.576857089996338,4.953577002809783,10.43734359741211
3.5488760471343994,4.875073418819479,10.381156921386719
3.519318103790283,4.852261140310604,10.449098587036133
3.549149990081787,4.985990116139874,10.293203353881836
3.53481125831604,4.979076362081937,10.321174621582031
3.6001269817352295,4.934001136072246,10.371618270874023
3.562913179397583,4.913269380140783,10.389163970947266
3.550208568572998,4.969778349223946,10.308971405029297
3.5461058616638184,4.904945920554122,10.476236343383789
3.538816452026367,4.920355483922841,10.3131742477417
3.5955703258514404,4.999245369973194,10.414514541625977
3.5447423458099365,4.873425624965291,10.343806266784668
3.5427887439727783,4.899774377600157,10.388155937194824
3.535856008529663,4.996050400892273,10.403482437133789
3.5729098320007324,4.9596265727388005,10.473422050476074
3.509178876876831,4.913325396798817,10.431221961975098
3.5488524436950684,4.923891498906803,10.30685806274414
3.474682331085205,4.924470363317856,10.388360023498535
3.5484302043914795,4.950890281803108,10.425365447998047
3.554692506790161,4.877905909770302,10.405153274536133
3.550462484359741,4.88373619441076,10.406537055969238
3.496077537536621,4.923945707036182,10.440305709838867
3.506514072418213,4.879555674968287,10.379660606384277
3.539107084274292,4.856526879094807,10.387434005737305
3.5018627643585205,4.849389348511717,10.456069946289062
3.4909915924072266,4.893162038177252,10.43073844909668
3.4934451580047607,4.89051449874283,10.388842582702637
3.5449910163879395,4.907141325895543,10.435166358947754
3.509920597076416,4.874018897834634,10.374757766723633
3.5178542137145996,4.925031112839601,10.339959144592285
3.488861322402954,4.865535570574658,10.320024490356445
3.5370259284973145,4.923889513227291,10.367429733276367
3.5450589656829834,4.977463643665293,10.394378662109375
3.521507978439331,4.878056078982938,10.378673553466797
3.5103979110717773,4.944510574286272,10.335670471191406
3.52878999710083,4.883468808439959,10.386796951293945
3.5325043201446533,4.917454712026354,10.450294494628906
3.5178141593933105,4.908006357927141,10.460058212280273
3.5340583324432373,4.879385907834928,10.37800407409668
3.525721311569214,4.905129508714059,10.367971420288086
3.554027557373047,4.881004710448907,10.223594665527344
3.4779551029205322,4.862392237709303,10.403345108032227
3.535731315612793,4.850178259058988,10.327346801757812
3.5280513763427734,4.900424618041143,10.343151092529297
3.557499408721924,4.965034678744685,10.417608261108398
3.5197384357452393,4.886877708502912,10.400097846984863
3.518709182739258,4.858509196700262,10.475040435791016
3.5055718421936035,4.916928104590624,10.367525100708008
3.5798041820526123,4.8716645953578075,10.341288566589355
3.537842035293579,4.923213763395324,10.425537109375
3.4845833778381348,4.925543698016554,10.41076374053955
3.579206705093384,4.894146043807268,10.386747360229492
3.5631260871887207,4.965019537967496,10.447737693786621
3.4796180725097656,4.877251605070861,10.327157020568848
3.543048858642578,4.893399654887617,10.310585975646973
3.6213583946228027,4.922698552886556,10.445751190185547
3.544315814971924,4.9023706202195685,10.445638656616211
3.5255682468414307,4.857467525106455,10.383647918701172
3.5222036838531494,4.913924356290538,10.38643741607666
3.5401506423950195,4.894797699326383,10.357535362243652
3.5344271659851074,4.905959864113746,10.323267936706543
3.5453455448150635,4.886404947277956,10.464558601379395
3.567835807800293,4.920338879938104,10.320015907287598
3.4858827590942383,4.867502334128534,10.371395111083984
3.521336793899536,4.867992428397494,10.377557754516602
3.512667655944824,4.906318584523563,10.397909164428711
3.5725884437561035,4.902751189656556,10.39490795135498
3.528102159500122,4.9791242445020805,10.345613479614258
3.512187957763672,4.867225519015586,10.414517402648926
3.5294978618621826,4.899804029913087,10.347015380859375
3.4830243587493896,4.954682426593665,10.344327926635742
3.5259768962860107,4.879141667691459,10.333062171936035
3.5194246768951416,4.858084974444605,10.384664535522461
3.4951720237731934,4.864616976485454,10.43937873840332
3.5157904624938965,4.92272490346139,10.459402084350586
3.5186939239501953,4.96365287068433,10.436416625976562
3.5351130962371826,4.924412089000855,10.424564361572266
3.487062454223633,4.867202078724013,10.303518295288086
3.516892433166504,4.993731643206307,10.319890022277832
3.493959426879883,4.906532057560979,10.38262939453125
3.553725004196167,4.830099755166365,10.414532661437988
3.5065972805023193,4.878510364697181,10.415922164916992
3.5320546627044678,4.947113756955202,10.499837875366211
3.5310490131378174,4.883702160092071,10.407209396362305
3.441657066345215,4.8832789089065045,10.369348526000977
3.528480291366577,4.805170600302517,10.39209270477295
3.544879913330078,4.866248839368512,10.402371406555176
3.501509428024292,4.919192847097292,10.34282398223877
3.5511021614074707,4.867912479277168,10.393434524536133
3.4803993701934814,4.927066179956975,10.429597854614258
3.502108097076416,4.930635462648103,10.366826057434082
3.530714511871338,4.90716810248393,10.418538093566895
3.5663819313049316,4.978829123611961,10.404492378234863
3.5172300338745117,4.923542186917205,10.344279289245605
3.536287784576416,4.87755013889234,10.413280487060547
3.5470685958862305,4.922233360453642,10.471250534057617
3.5317299365997314,4.864896953438542,10.349082946777344
3.554896116256714,4.909203189092556,10.456314086914062
3.4678516387939453,4.865366912912577,10.370965957641602
3.55946946144104,4.927786206227861,10.459888458251953
3.5041019916534424,4.989180279596309,10.413627624511719
3.541034460067749,4.909696742060727,10.335251808166504
3.556436538696289,4.908303153933957,10.379613876342773
3.4861745834350586,4.923771830874362,10.316214561462402
3.4489595890045166,4.798545869100574,10.365936279296875
3.536524772644043,4.9532300315996896,10.398953437805176
3.5809309482574463,4.902624053414912,10.384140968322754
3.5481183528900146,4.882134459580162,10.398771286010742
3.470855712890625,4.868385373315375,10.474142074584961
3.5739855766296387,4.921879687645872,10.400378227233887
3.502501964569092,4.863786904274353,10.425437927246094
3.57322096824646,4.889202135748097,10.366546630859375
3.4969325065612793,4.81560758737448,10.443628311157227
3.5026445388793945,4.861631339582216,10.40362548828125
3.4729249477386475,4.919641722426085,10.297530174255371
3.478590250015259,4.86065466954772,10.481988906860352
3.464137315750122,4.8638263348756094,10.41529369354248
3.513087749481201,4.859945207335321,10.412853240966797
3.4593100547790527,4.841521361543397,10.392117500305176
3.551913261413574,4.862770137909267,10.417277336120605
3.560344934463501,4.90984827815555,10.413902282714844
3.4913880825042725,4.907303119909817,10.484115600585938
3.5093860626220703,4.913167832119922,10.418816566467285
3.5626611709594727,4.9546770926431885,10.36212158203125
3.5571253299713135,4.881247101085526,10.391406059265137
3.480555772781372,4.840710952412337,10.354290008544922
3.531494617462158,4.931670102556901,10.35783863067627
3.5022971630096436,4.935132144850545,10.353039741516113
3.474924325942993,4.8982366107271185,10.336065292358398
3.5446345806121826,4.866182896840786,10.389745712280273
3.48110294342041,4.813348840789071,10.414440155029297
3.4873733520507812,4.8696014274443895,10.386554718017578
3.539152145385742,4.897859610450854,10.346263885498047
3.4486355781555176,4.907363000259336,10.39044189453125
3.533172607421875,4.937404761756105,10.436071395874023
3.449315309524536,4.894264161620023,10.386428833007812
3.480247735977173,4.774715988830265,10.380860328674316
3.5358171463012695,4.874147282747019,10.325227737426758
3.5138232707977295,4.83556526227455,10.345356941223145
3.4813356399536133,4.891465392961566,10.359489440917969
3.4405229091644287,4.851948322096307,10.404928207397461
3.5099339485168457,4.878114644304983,10.362302780151367
3.518662929534912,4.896489449943017,10.410066604614258
3.437669515609741,4.851143072392525,10.379302024841309
3.5416324138641357,4.883091682169054,10.420404434204102
3.523292064666748,4.891491176693568,10.409773826599121
3.5019338130950928,4.860025526357016,10.518571853637695
3.5206637382507324,4.931439616916967,10.34709358215332
3.5298471450805664,4.916050168885184,10.418984413146973
3.530672550201416,4.9078304036853035,10.409456253051758
3.507228136062622,4.90827098059734,10.373064994812012
3.5324058532714844,4.913647611924847,10.355134963989258
3.4960906505584717,4.90987834148109,10.422537803649902
3.469601631164551,4.869276811335503,10.395730972290039
3.5101025104522705,4.865804217190349,10.384687423706055
3.521324634552002,4.840650131027879,10.418474197387695
3.517198085784912,4.876102624328009,10.437187194824219
3.5602059364318848,4.865314979837941,10.325982093811035
3.5269997119903564,4.863029988416071,10.406639099121094
3.534698724746704,4.844177082746422,10.468233108520508
3.464169502258301,4.808355290974889,10.303953170776367
3.5363552570343018,4.892551732582174,10.421565055847168
3.474433183670044,4.917401863894027,10.349459648132324
3.5190231800079346,4.86689491749608,10.436859130859375
3.497882843017578,4.887858350861019,10.421659469604492
3.4548275470733643,4.881830307388945,10.36622428894043
3.5245862007141113,4.945953235429313,10.385488510131836
3.508761167526245,4.929595246378865,10.401660919189453
3.571413993835449,4.919756357824164,10.355536460876465
3.5416319370269775,4.882965741446241,10.391629219055176
3.4830541610717773,4.883053954424603,10.429376602172852
3.4759514331817627,4.860042492659497,10.405284881591797
3.580859661102295,4.913661637376728,10.385369300842285
3.5349621772766113,4.884169928729534,10.382299423217773
3.4505085945129395,4.862204486969858,10.360950469970703
3.50697922706604,4.8499143325856755,10.309764862060547
3.5554914474487305,4.875557168885799,10.368193626403809
3.5040042400360107,4.869183587941474,10.300996780395508
3.502225160598755,4.921231567759865,10.443763732910156
3.535456895828247,4.840774411102757,10.372283935546875
3.5440268516540527,4.861448678088241,10.390222549438477
3.485149383544922,4.910130509574499,10.426681518554688
3.505211591720581,4.859505541356547,10.400566101074219
3.4626336097717285,4.8952546171910525,10.407407760620117
3.4789788722991943,4.890006579059575,10.358314514160156
3.4452052116394043,4.900581782916561,10.366583824157715
3.51416277885437,4.874404146103188,10.449640274047852
3.538627862930298,4.869390793909718,10.385440826416016
3.5621235370635986,4.882828095794788,10.371726036071777
3.506519317626953,4.8493965484334955,10.454779624938965
3.519840717315674,4.924962964906757,10.395659446716309
3.5152175426483154,4.855591093489368,10.399324417114258
3.5016939640045166,4.964277897628823,10.370772361755371
3.4863178730010986,4.854860327672212,10.40390396118164
3.531576156616211,4.854690951627813,10.449920654296875
3.4662296772003174,4.845612908547212,10.343466758728027
3.433917760848999,4.876868465615969,10.479043006896973
3.461738348007202,4.912143182807735,10.441488265991211
3.5275766849517822,4.882622114482468,10.345898628234863
3.480189561843872,4.914349596515032,10.473438262939453
3.506582260131836,4.847227378881404,10.32970142364502
3.5292489528656006,4.895628198449101,10.32537841796875
3.539825916290283,4.935834258229339,10.38670539855957
3.4965198040008545,4.940275870962068,10.422449111938477
3.4792287349700928,4.824074419814029,10.40927791595459
3.4647421836853027,4.859565015616161,10.349937438964844
3.497936487197876,4.861130913120827,10.377798080444336
3.436674118041992,4.852209600486926,10.398996353149414
3.4943554401397705,4.90169228250826,10.325236320495605
3.4524385929107666,4.850969925556066,10.398383140563965
3.529623031616211,4.89668319966378,10.278389930725098
3.535191774368286,4.870135737150642,10.350090026855469
3.485299825668335,4.9082437432038475,10.351030349731445
3.4990546703338623,4.902640967995727,10.373963356018066
3.5164411067962646,4.776400031322347,10.287627220153809
3.4726500511169434,4.828173329421718,10.382136344909668
3.4855990409851074,4.931983032130769,10.417248725891113
3.497295618057251,4.921560962119007,10.352228164672852
3.5248324871063232,4.905543248767832,10.41534423828125
3.4842212200164795,4.899763222950112,10.302297592163086
3.4734206199645996,4.820526418608747,10.3499755859375
3.482645034790039,4.782815573038533,10.482487678527832
3.5059549808502197,4.872638046708225,10.433046340942383
3.5313706398010254,4.883497472985514,10.39342975616455
3.49430513381958,4.878567470004782,10.454974174499512
3.5601930618286133,4.9040456421872864,10.425043106079102
3.496945381164551,4.887447630587433,10.380051612854004
3.5190625190734863,4.932009843610493,10.3982515335083
3.542506456375122,4.873493144621275,10.327217102050781
3.4840054512023926,4.839965530737702,10.459356307983398
3.544027090072632,4.85549180785061,10.445940017700195
3.490832567214966,4.848174932612372,10.481752395629883
3.458343982696533,4.808598023639726,10.397748947143555
3.5163962841033936,4.882818942224341,10.337007522583008
3.444401979446411,4.845639846520498,10.39393424987793
3.5186095237731934,4.8649126722011715,10.332765579223633
3.512479543685913,4.808361264211792,10.474949836730957
3.475883722305298,4.859889132203534,10.401507377624512
3.4584546089172363,4.859901027953519,10.443552017211914
3.501319408416748,4.8463000293954135,10.371933937072754
3.48058819770813,4.776878698063749,10.291370391845703
3.4338667392730713,4.8308777855709195,10.397685050964355
3.557985305786133,4.819324612916846,10.296886444091797
3.4708335399627686,4.889730023951935,10.374780654907227
3.5193254947662354,4.89397738774174,10.370753288269043
3.4384703636169434,4.809893185339336,10.316915512084961
3.429428815841675,4.937602911510372,10.38424015045166
3.5391483306884766,4.87405240555693,10.420416831970215
3.4856154918670654,4.89804704254493,10.401759147644043
3.501950263977051,4.8436498955623914,10.390684127807617
3.4786720275878906,4.893676887266338,10.420604705810547
3.4959917068481445,4.824249692693619,10.408834457397461
3.430518388748169,4.883095230574587,10.36293888092041
3.4816322326660156,4.817638684962211,10.493337631225586
3.4340789318084717,4.871024624311498,10.390170097351074
3.5344412326812744,4.836691587032485,10.35417366027832
3.5234155654907227,4.858246255499711,10.43558120727539
3.481654405593872,4.866510272491723,10.327987670898438
3.5330581665039062,4.8848301358520985,10.271060943603516
3.5189712047576904,4.831976769625077,10.359084129333496
3.4306108951568604,4.838385517609173,10.37713623046875
3.4420957565307617,4.78279471902975,10.307061195373535
3.445406436920166,4.872041763205613,10.390188217163086
3.5409905910491943,4.866388776905037,10.436068534851074
3.4805123805999756,4.843946785898879,10.36948013305664
3.441270589828491,4.863492290090238,10.42266845703125
3.476830244064331,4.832973060863359,10.33829402923584
3.4782798290252686,4.823740072481867,10.405933380126953
3.430907726287842,4.888780682347716,10.47393798828125
3.4386188983917236,4.8171465715859085,10.386903762817383
3.4709298610687256,4.827219267275982,10.356590270996094
3.5214271545410156,4.860100255913234,10.29316234588623
3.5477888584136963,4.860942248687414,10.392045974731445
3.493502616882324,4.884748117698889,10.308201789855957
3.5613629817962646,4.8387655174093585,10.349150657653809
3.4579572677612305,4.822989666269028,10.507674217224121
3.517239809036255,4.892502792645246,10.432426452636719
3.5300850868225098,4.872660440060177,10.407283782958984
3.5302352905273438,4.865042663711521,10.310846328735352
3.48673677444458,4.8357857868873655,10.42467975616455
3.4686152935028076,4.859019031548607,10.409553527832031
3.5182812213897705,4.820102538913488,10.355783462524414
3.4747314453125,4.887977616129709,10.319189071655273
3.5103447437286377,4.80558683892845,10.409842491149902
3.482567548751831,4.817361294957144,10.451885223388672
3.4188003540039062,4.84154389901752,10.352505683898926
3.4973559379577637,4.8936273613612045,10.408225059509277
3.4270033836364746,4.829680007250447,10.365462303161621
3.5332632064819336,4.883628521846342,10.383794784545898
3.4266347885131836,4.8371841038710315,10.418368339538574
3.4476780891418457,4.787843696107823,10.393287658691406
3.4769785404205322,4.875637415463903,10.406646728515625
3.4896857738494873,4.898662917415745,10.341265678405762
3.490732192993164,4.81688334194145,10.411497116088867
3.4267032146453857,4.765345698821225,10.285555839538574
3.5275659561157227,4.828206483374482,10.281455993652344
3.573793649673462,4.922166528413072,10.365386962890625
3.4631130695343018,4.873192102748102,10.382389068603516
3.402299165725708,4.819088996321495,10.413625717163086
3.4659605026245117,4.847767380831231,10.414785385131836
3.492460012435913,4.78358839894645,10.455078125
3.476656913757324,4.864812286038483,10.307405471801758
3.4904510974884033,4.838674830605409,10.376649856567383
3.407039165496826,4.90395719654459,10.375992774963379
3.472696304321289,4.839663607999682,10.416793823242188
3.4704089164733887,4.825959667097778,10.35307788848877
3.494978904724121,4.870288468498204,10.460976600646973
3.464297294616699,4.876176428615248,10.320019721984863
3.4334726333618164,4.807804799638689,10.447757720947266
3.4867303371429443,4.887252486044808,10.329460144042969
3.505523681640625,4.831629467030455,10.364253044128418
3.510664701461792,4.898554530260818,10.411565780639648
3.541111946105957,4.88177347106726,10.381126403808594
3.5049338340759277,4.846443279413506,10.390697479248047
3.487968683242798,4.89731304214469,10.378527641296387
3.5103230476379395,4.934287381358445,10.35033893585205
3.46872615814209,4.859028734366542,10.349145889282227
3.398204803466797,4.810867576593799,10.289416313171387
3.521226167678833,4.825841160690678,10.453550338745117
3.532528877258301,4.873129187783759,10.325032234191895
3.465346097946167,4.832153769043673,10.369884490966797
3.5022566318511963,4.839046082160037,10.371297836303711
3.5405497550964355,4.921708001854963,10.403790473937988
3.508617401123047,4.802631965904895,10.45915412902832
3.44690203666687,4.8338410660092315,10.420538902282715
3.4742352962493896,4.902883083027389,10.41920280456543
3.504589319229126,4.8119704723358145,10.405179977416992
3.450406074523926,4.794608045302864,10.374013900756836
3.507391929626465,4.783435359497422,10.410079002380371
3.456652879714966,4.810698271263392,10.295480728149414
3.487609624862671,4.852738593405644,10.482036590576172
3.4680275917053223,4.806383045556556,10.341217041015625
3.4778671264648438,4.841912691714241,10.4207181930542
3.4292192459106445,4.8578697799904536,10.360773086547852
3.49526309967041,4.9074710156502475,10.445413589477539
3.4618546962738037,4.851167412508014,10.362698554992676
3.475240707397461,4.877842956688255,10.414819717407227
3.461998462677002,4.806108047986137,10.39091682434082
3.4409334659576416,4.773869638031881,10.368497848510742
3.4685375690460205,4.840002771267402,10.376112937927246
3.4918761253356934,4.885251381068624,10.353761672973633
3.505256175994873,4.939210625764515,10.307154655456543
3.5091891288757324,4.880716081442578,10.324629783630371
3.523451328277588,4.825238103812029,10.378768920898438
3.454235315322876,4.809947764035314,10.370626449584961
3.4811289310455322,4.73737171618268,10.356768608093262
3.506643295288086,4.842996682871931,10.470792770385742
3.455030679702759,4.807221426428961,10.311025619506836
3.478749990463257,4.901541938040672,10.39077377319336
3.521242380142212,4.859893567594035,10.372787475585938
3.5125882625579834,4.780700184438111,10.532059669494629
3.5185599327087402,4.831667387026495,10.39079761505127
3.4804372787475586,4.795351705813248,10.36001968383789
3.4874308109283447,4.794909993186594,10.413341522216797
3.4799234867095947,4.920833801750892,10.363722801208496
3.519913911819458,4.90308880689554,10.333419799804688
3.4303154945373535,4.78306778287515,10.338909149169922
3.424577236175537,4.8829883074587475,10.44267463684082
3.47002911567688,4.825937164648037,10.39205551147461
3.510972261428833,4.825447999173774,10.447515487670898
3.475731134414673,4.8578629690621575,10.393864631652832
3.519296407699585,4.86313952908053,10.361678123474121
3.492222309112549,4.835324572099905,10.428150177001953
3.4897451400756836,4.843383705576083,10.448813438415527
3.4663796424865723,4.850269403907338,10.417043685913086
3.4228475093841553,4.773416725852127,10.47960090637207
3.467074394226074,4.875674500828609,10.295351028442383
3.515446186065674,4.868376416520082,10.322685241699219
3.498671531677246,4.765433013638748,10.326160430908203
3.5165035724639893,4.8578723924500595,10.369667053222656
3.5254287719726562,4.814883650845981,10.340923309326172
3.421365976333618,4.784027169558352,10.449722290039062
3.472109317779541,4.804505019149344,10.441133499145508
3.420135259628296,4.835578689019062,10.441398620605469
3.4860587120056152,4.845178719643238,10.479728698730469
3.464745044708252,4.867199643415266,10.466402053833008
3.4491326808929443,4.785023914217683,10.421014785766602
3.425457239151001,4.856281375678788,10.397481918334961
3.469815731048584,4.812728951352516,10.351778030395508
3.457411527633667,4.829016776123483,10.409650802612305
3.4646799564361572,4.830711917319734,10.423746109008789
3.495680332183838,4.805316608765031,10.347787857055664
3.4759960174560547,4.781045806328101,10.361720085144043
3.446528911590576,4.8270236004277,10.470898628234863
3.4260175228118896,4.809083638712764,10.401138305664062
3.474201202392578,4.870780853088945,10.385286331176758
3.4931869506835938,4.8089671770243765,10.433237075805664
3.4874765872955322,4.816321588952892,10.405801773071289
3.478574514389038,4.786080005778266,10.43918228149414
3.4519717693328857,4.7977000992479075,10.383153915405273
3.466331958770752,4.81077109027787,10.32943058013916
3.516427516937256,4.811560003818678,10.294559478759766
3.4899110794067383,4.8480390582366715,10.40766429901123
3.4809279441833496,4.8270814209245145,10.341970443725586
3.4745748043060303,4.751268747428964,10.46153736114502
3.5168495178222656,4.9036967868118415,10.393969535827637
3.4379162788391113,4.797042467664661,10.4406099319458
3.475785970687866,4.8783687962485205,10.449600219726562
3.495135545730591,4.822443441487849,10.341429710388184
3.443232774734497,4.815353388232844,10.396730422973633
3.479865550994873,4.8838563799259385,10.413592338562012
3.486158847808838,4.83243193364303,10.40817928314209
3.4694902896881104,4.801938156929932,10.415228843688965
3.468722105026245,4.814015478427921,10.42982292175293
3.4461216926574707,4.871619998078261,10.41041088104248
3.5121796131134033,4.88249839699295,10.439359664916992
3.499203681945801,4.7935993082023085,10.389150619506836
3.50506854057312,4.837212203303352,10.368717193603516
3.465601682662964,4.818190764070356,10.44903564453125
3.454451322555542,4.8327593958737065,10.309568405151367
3.473440170288086,4.817490694745045,10.382211685180664
3.4833552837371826,4.83184602703633,10.41058349609375
3.406052827835083,4.744236252204116,10.42500114440918
3.4197709560394287,4.803233399721129,10.293686866760254
3.524247169494629,4.827388262243143,10.393458366394043
3.450401544570923,4.755794704758695,10.500986099243164
3.3778903484344482,4.8140774667595645,10.376901626586914
3.463253974914551,4.7965373857545535,10.378019332885742
3.4766042232513428,4.776301180877324,10.40772819519043
3.4947409629821777,4.852829940783392,10.371440887451172
3.5289013385772705,4.825470324505918,10.37521743774414
3.4647727012634277,4.822688160630475,10.393552780151367
3.4540724754333496,4.746982977758826,10.424468040466309
3.4666221141815186,4.772056299028919,10.334881782531738
3.4666731357574463,4.806769017030352,10.425135612487793
3.4729485511779785,4.854515622103853,10.402887344360352
3.512512445449829,4.801010098607679,10.44768238067627
3.5017144680023193,4.86563907839757,10.397317886352539
3.4250662326812744,4.805756841353805,10.395150184631348
3.4897847175598145,4.804506097055439,10.294622421264648
3.4709010124206543,4.8713545958910665,10.339487075805664
3.476818561553955,4.863651773559727,10.373984336853027
3.465473175048828,4.834943908798907,10.329483032226562
3.4080564975738525,4.783740730424013,10.337021827697754
3.5468146800994873,4.8948365742274165,10.371864318847656
3.405555248260498,4.791287307461191,10.409631729125977
3.4736146926879883,4.80515412297765,10.296541213989258
3.4742166996002197,4.839593654864335,10.410699844360352
3.471703290939331,4.841341600886413,10.346179962158203
3.4567761421203613,4.8376957414272646,10.36097526550293
3.4003400802612305,4.795473030967903,10.43315315246582
3.4932162761688232,4.8280610491055995,10.439826965332031
3.475538730621338,4.8404718620170435,10.427276611328125
3.366349935531616,4.845017356132823,10.359943389892578
3.50696063041687,4.797171652949015,10.390323638916016
3.490654945373535,4.812612185886662,10.408238410949707
3.491988182067871,4.89792843239515,10.412975311279297
3.5274484157562256,4.805506790855101,10.4224853515625
3.545328378677368,4.713414999756163,10.440671920776367
3.4184157848358154,4.814030791765878,10.379416465759277
3.423435688018799,4.803207429192428,10.414651870727539
3.389674663543701,4.825259347778878,10.34555435180664
3.4744865894317627,4.78704029527892,10.429107666015625
3.4880988597869873,4.84271031964038,10.399139404296875
3.432410717010498,4.773751418339088,10.354002952575684
3.441304922103882,4.738394886787448,10.336312294006348
3.433215856552124,4.7936288257395585,10.385377883911133
3.446117401123047,4.750908965311412,10.43868637084961
3.457845449447632,4.84377287388114,10.364494323730469
3.4195027351379395,4.8412062471865545,10.476519584655762
3.4272823333740234,4.8193307781392445,10.38963508605957
3.3975374698638916,4.835988165644397,10.456724166870117
3.467621088027954,4.773184956384024,10.3809814453125
3.4109597206115723,4.771192511377325,10.478355407714844
3.445920705795288,4.849761313160084,10.410539627075195
3.4200875759124756,4.786267014852326,10.373327255249023
3.4986867904663086,4.7841334769369235,10.333272933959961
3.5006473064422607,4.840623465266877,10.35124397277832
3.4743690490722656,4.843655652865501,10.288311958312988
3.4751288890838623,4.777802892295378,10.348170280456543
3.4619693756103516,4.7661162120556195,10.349344253540039
3.504098892211914,4.863475132168137,10.345606803894043
3.4713103771209717,4.763851574422525,10.430378913879395
3.4645583629608154,4.872051195906741,10.47072982788086
3.4736692905426025,4.794086688763595,10.36884880065918
3.4634311199188232,4.86426824710465,10.38833999633789
3.4738543033599854,4.819133807672187,10.39793872833252
3.438002109527588,4.777052783839671,10.328571319580078
3.4575183391571045,4.848969868084947,10.435441970825195
3.413985252380371,4.810747983532825,10.4127779006958
3.4463324546813965,4.789727918404553,10.405978202819824
3.475674867630005,4.868843508618218,10.31899356842041
3.439042806625366,4.788191820062431,10.410110473632812
3.396317481994629,4.76868064235896,10.424287796020508
3.523151159286499,4.85022288969984,10.3931884765625
3.4990394115448,4.85782544308209,10.486227035522461
3.4825167655944824,4.826051489316992,10.398750305175781
3.469428777694702,4.852930407405698,10.373403549194336
3.4290757179260254,4.805854543311787,10.437799453735352
3.4155938625335693,4.829311924454357,10.322283744812012
3.4355721473693848,4.758543376877372,10.419511795043945
3.362938404083252,4.7761058885205,10.378631591796875
3.502577781677246,4.819793362070673,10.356156349182129
3.45178484916687,4.809546088101342,10.382355690002441
3.4467380046844482,4.8155851946544965,10.371875762939453
3.406284809112549,4.74164461331176,10.384836196899414
3.4487972259521484,4.80713800104734,10.465904235839844
3.4190673828125,4.788941936766995,10.451671600341797
3.4551074504852295,4.850836303617273,10.36790943145752
3.486492156982422,4.835604380450345,10.501432418823242
3.366020441055298,4.742438910063356,10.494220733642578
3.440153121948242,4.7883030014511725,10.411552429199219
3.4169912338256836,4.765483196658481,10.456453323364258
3.453237533569336,4.833414573189137,10.383082389831543
3.5000603199005127,4.819285143532657,10.362905502319336
3.397844076156616,4.745287403896717,10.429025650024414
3.4540233612060547,4.776171283031415,10.381248474121094
3.390381097793579,4.804096922477973,10.452805519104004
3.4682159423828125,4.828556841771517,10.458540916442871
3.4508438110351562,4.80545377288945,10.372209548950195
3.4689781665802,4.680872496949243,10.356696128845215
3.4259755611419678,4.743953042962986,10.385351181030273
3.4566619396209717,4.771179282472335,10.415617942810059
3.445920467376709,4.835779674284692,10.368993759155273
3.51448655128479,4.786053424667834,10.389906883239746
3.3942296504974365,4.714593071623572,10.42129135131836
3.5008883476257324,4.819778512631144,10.358672142028809
3.4351181983947754,4.7489927429373235,10.345170974731445
3.4226973056793213,4.77723367202894,10.361839294433594
3.464097261428833,4.7759253676382025,10.41976261138916
3.434161424636841,4.835259120512221,10.444292068481445
3.4368908405303955,4.8665909193389645,10.423362731933594
3.47904634475708,4.858674749100048,10.392618179321289
3.427626848220825,4.760914653107259,10.389164924621582
3.434525489807129,4.812976123033358,10.474960327148438
3.431154251098633,4.77858959939996,10.482851028442383
3.42667293548584,4.793345770299701,10.375861167907715
3.525669813156128,4.7291409487703016,10.410942077636719
3.420842170715332,4.774039396949645,10.329387664794922
3.374387264251709,4.774927457794547,10.364109992980957
3.4254465103149414,4.829209831942405,10.393953323364258
3.4567110538482666,4.840562620865447,10.424576759338379
3.4558985233306885,4.819540704168113,10.377279281616211
3.437422037124634,4.7172108641493,10.451397895812988
3.5055031776428223,4.7906365810361295,10.441791534423828
3.4946627616882324,4.809212072020662,10.397818565368652
3.453902006149292,4.765219490143603,10.347992897033691
3.527186155319214,4.807505698475454,10.466779708862305
3.4529643058776855,4.76022150074797,10.335945129394531
3.4798381328582764,4.792698416493035,10.381285667419434
3.4711456298828125,4.766117385754893,10.50955867767334
3.4399049282073975,4.730928463395686,10.425302505493164
3.4220173358917236,4.820381796120532,10.290549278259277
3.4145407676696777,4.756054300382467,10.442436218261719
3.4834060668945312,4.873937495917614,10.354606628417969
3.4372661113739014,4.804540865921548,10.371586799621582
3.459035634994507,4.845705766496914,10.369100570678711
3.38376522064209,4.780935307332714,10.44735050201416
3.467559337615967,4.762860486716299,10.325645446777344
3.4523677825927734,4.78116474237426,10.408973693847656
3.4303297996520996,4.794190704689494,10.4092378616333
3.3912107944488525,4.794415831333027,10.416460990905762
3.4434452056884766,4.8312775521938285,10.345832824707031
3.4491539001464844,4.8157741360898525,10.346762657165527
3.4155795574188232,4.750346098727148,10.441007614135742
3.4334893226623535,4.7531418994268675,10.424467086791992
3.4439361095428467,4.776180908782408,10.458442687988281
3.4342660903930664,4.721892528368958,10.445171356201172
3.413895606994629,4.813582320697606,10.423056602478027
3.458838939666748,4.774125252550999,10.37247371673584
3.445537567138672,4.837121614421319,10.449651718139648
3.4607906341552734,4.7404331744182855,10.380314826965332
3.5075228214263916,4.80689639900811,10.398737907409668
3.4313788414001465,4.7569437942667205,10.39394760131836
3.390113592147827,4.7346913922312,10.404106140136719
3.5039072036743164,4.812329712989075,10.36313247680664
3.507650136947632,4.781484973350806,10.419037818908691
3.46730375289917,4.850286659052862,10.2518892288208
3.476321220397949,4.8356352974660695,10.390975952148438
3.4238297939300537,4.793526305052052,10.410728454589844
3.4560012817382812,4.761593044103522,10.315766334533691
3.3816919326782227,4.706500955458198,10.378993034362793
3.387908458709717,4.772170625760087,10.341602325439453
3.463528871536255,4.80136656072656,10.307371139526367
3.4767611026763916,4.787761911483748,10.368926048278809
3.491788148880005,4.81944868224673,10.368515014648438
3.4344115257263184,4.81012978900357,10.418546676635742
3.465956687927246,4.821192460500502,10.378162384033203
3.4389426708221436,4.722765300389646,10.38142204284668
3.486198902130127,4.795560162780541,10.447178840637207
3.4670419692993164,4.830889176510806,10.401108741760254
3.4980921745300293,4.817457033121692,10.412959098815918
3.4484946727752686,4.721990898883503,10.40029525756836
3.3881490230560303,4.718957467337272,10.429372787475586
3.5385048389434814,4.810004173445383,10.399818420410156
3.436091661453247,4.751248662393275,10.374908447265625
3.4677882194519043,4.803594391560182,10.458948135375977
3.508469581604004,4.776457042067445,10.500919342041016
3.426950693130493,4.827252661410187,10.352910995483398
3.4800374507904053,4.792406869786126,10.39259147644043
3.4070816040039062,4.7943046223704835,10.341872215270996
3.4500880241394043,4.681987842079252,10.470044136047363
3.4987845420837402,4.826055165912424,10.365787506103516
3.4439895153045654,4.759393090980926,10.345252990722656
3.4114155769348145,4.76205242638077,10.358213424682617
3.4074060916900635,4.777941445055019,10.411280632019043
3.442577838897705,4.776486449409276,10.370756149291992
3.4798898696899414,4.805084351084328,10.406492233276367
3.4379031658172607,4.779476613305243,10.323533058166504
3.418980836868286,4.820495277044497,10.448919296264648
3.4772391319274902,4.784197266346641,10.304750442504883
3.443251609802246,4.762256016123242,10.339519500732422
3.443140983581543,4.771544213872404,10.373025894165039
3.432934522628784,4.773491946448173,10.38817024230957
3.4556527137756348,4.7939749501113385,10.338140487670898
3.3868114948272705,4.702668177363063,10.382987022399902
3.4255876541137695,4.842710083284016,10.411256790161133
3.40328311920166,4.771169363886917,10.314536094665527
3.4254775047302246,4.738828860955047,10.39808464050293
3.4118247032165527,4.762933910458481,10.421396255493164
3.437156915664673,4.786015902413055,10.37934684753418
3.3660528659820557,4.702795890492521,10.379463195800781
3.471121311187744,4.82637117327457,10.474342346191406
3.4080238342285156,4.746033911094335,10.453569412231445
3.4717776775360107,4.81888270361482,10.390169143676758
3.4851534366607666,4.820875232107937,10.42911148071289
3.4844231605529785,4.799899293575437,10.43461799621582
3.446148633956909,4.787868303446365,10.369147300720215
3.4676992893218994,4.752093263868509,10.285282135009766
3.5137367248535156,4.788739223232759,10.37564754486084
3.4592037200927734,4.762851991690695,10.45033073425293
3.3932011127471924,4.76214541727677,10.455824851989746
3.4680581092834473,4.758292920155718,10.417819023132324
3.4308102130889893,4.845335539031241,10.43294906616211
3.392219066619873,4.773111115608897,10.45966911315918
3.406405448913574,4.719189807240452,10.3718843460083
3.4414281845092773,4.823744241381064,10.459169387817383
3.390133857727051,4.779401593043336,10.420915603637695
3.395979404449463,4.743213357603444,10.320671081542969
3.452371835708618,4.740919041779956,10.450023651123047
3.46744441986084,4.795743729253964,10.379297256469727
3.4257280826568604,4.735167510375114,10.412155151367188
3.350001573562622,4.727049268249955,10.345542907714844
3.5704257488250732,4.777969612839764,10.403995513916016
3.4624929428100586,4.767337520906169,10.40068244934082
3.447535991668701,4.737196619522625,10.399555206298828
3.4208645820617676,4.752201076397406,10.339334487915039
3.441432476043701,4.722966548953471,10.389120101928711
3.3841071128845215,4.698899741151504,10.38653564453125
3.475477695465088,4.782868010590652,10.424599647521973
3.418718099594116,4.79651940786945,10.342782020568848
3.431601047515869,4.717545554141648,10.336417198181152
3.385871410369873,4.735663855448365,10.460073471069336
3.4154772758483887,4.73718486224035,10.425376892089844
3.430449962615967,4.80572415768568,10.326996803283691
3.4188332557678223,4.721610128081271,10.4345703125
3.4570093154907227,4.694556692748197,10.427827835083008
3.402388572692871,4.679624522836613,10.293899536132812
3.4416258335113525,4.807549432917897,10.398552894592285
3.453718423843384,4.709418781334535,10.476007461547852
3.4514153003692627,4.764468020659738,10.386838912963867
3.48836088180542,4.727247552680117,10.428315162658691
3.475987195968628,4.8167006271957815,10.334145545959473
3.4119222164154053,4.8355154800228775,10.350955963134766
3.4617717266082764,4.789753142311903,10.358963012695312
3.4367847442626953,4.720209466991946,10.415996551513672
3.3820836544036865,4.757480546565993,10.475184440612793
3.4330601692199707,4.797381506168416,10.441261291503906
3.429238796234131,4.7805455786708215,10.409185409545898
3.4432802200317383,4.7334151696413755,10.439244270324707
3.456817626953125,4.760052821998085,10.308897018432617
3.4073426723480225,4.714745571969875,10.379322052001953
3.4594571590423584,4.779349070508033,10.354084014892578
3.45692777633667,4.744269312924839,10.364348411560059
3.486790180206299,4.717877374396526,10.392013549804688
3.4252126216888428,4.786834875021928,10.33073902130127
3.411207914352417,4.81595506841716,10.363326072692871
3.436978340148926,4.670427898743323,10.337018013000488
3.4295403957366943,4.738678639787914,10.418866157531738
3.470473289489746,4.821521188398557,10.394430160522461
3.4434871673583984,4.813600759387814,10.40073299407959
3.4819653034210205,4.8578468825268954,10.343558311462402
3.4779374599456787,4.7508659079737425,10.440446853637695
3.4479129314422607,4.760326113950994,10.350875854492188
3.389683723449707,4.746969223820737,10.45174789428711
3.4048500061035156,4.74520244469334,10.439668655395508
3.409764528274536,4.792634003596115,10.430418968200684
3.4778101444244385,4.801987862447277,10.361496925354004
3.4162564277648926,4.687032548743965,10.362004280090332
3.402195453643799,4.7484522709356884,10.317437171936035
3.410996198654175,4.732838412347649,10.45449447631836
3.440577268600464,4.75642249260896,10.329078674316406
3.430445909500122,4.705915246691022,10.440129280090332
3.4340288639068604,4.71509176732174,10.395711898803711
3.3809287548065186,4.742775710033519,10.46218204498291
3.4275054931640625,4.720470296551607,10.397981643676758
3.416858673095703,4.783380101567933,10.418807983398438
3.45123028755188,4.812795317199613,10.412887573242188
3.431912899017334,4.758735662193171,10.344389915466309
3.4042060375213623,4.7871769156107415,10.399908065795898
3.394395589828491,4.772463093145883,10.430797576904297
3.4607632160186768,4.78401758558383,10.377298355102539
3.410621404647827,4.761510055678498,10.442977905273438
3.409539222717285,4.772108271451934,10.363739013671875
3.4318110942840576,4.773371191462502,10.399778366088867
3.428391695022583,4.714056822305013,10.34277629852295
3.3950750827789307,4.727681624037879,10.332494735717773
3.4351210594177246,4.69099758196223,10.360223770141602
3.4698383808135986,4.824292788514867,10.365557670593262
3.4872212409973145,4.76917460088485,10.420256614685059
3.43121337890625,4.820168552687392,10.421669006347656
3.467069625854492,4.832326591646831,10.458740234375
3.469588279724121,4.72529064837311,10.4212646484375
3.4411351680755615,4.802271069193791,10.410528182983398
3.442653179168701,4.770996218347656,10.446317672729492
3.445744276046753,4.798265530694542,10.388387680053711
3.401052713394165,4.779431044290375,10.32973861694336
3.397482395172119,4.7649488977954855,10.31165599822998
3.437260866165161,4.783191430049816,10.342856407165527
3.4254403114318848,4.770710700723742,10.391226768493652
3.431028127670288,4.726598828864684,10.431129455566406
3.4366085529327393,4.772484927671029,10.41014289855957
3.4333152770996094,4.783745605897691,10.401167869567871
3.384214401245117,4.738425279335519,10.369840621948242
3.3772010803222656,4.78271095960268,10.377582550048828
3.454439640045166,4.8129663492020756,10.396629333496094
3.4523770809173584,4.811479372704136,10.413601875305176
3.4458115100860596,4.790312003377559,10.388315200805664
3.4124233722686768,4.706810073561168,10.483606338500977
3.3959319591522217,4.738695028304521,10.393299102783203
3.443909168243408,4.8397572723416875,10.414700508117676
3.4399664402008057,4.747965449334255,10.333114624023438
3.401737928390503,4.813184460458744,10.305893898010254
3.4095308780670166,4.764645381930417,10.385297775268555
3.466815710067749,4.770932962685557,10.405741691589355
3.379472255706787,4.747106383255284,10.370279312133789
3.4650156497955322,4.794914806527751,10.33225154876709
3.4278061389923096,4.749475330613287,10.406560897827148
3.4173667430877686,4.758133346514245,10.359272003173828
3.398083448410034,4.698801002132574,10.457344055175781
3.4776933193206787,4.705196599609085,10.393799781799316
3.4052305221557617,4.714899513438079,10.399458885192871
3.4366395473480225,4.751211132388562,10.367640495300293
3.4397354125976562,4.724884216839979,10.421602249145508
3.352118730545044,4.81478479827222,10.418740272521973
3.4382455348968506,4.7302374566705625,10.379008293151855
3.4484169483184814,4.759424791505028,10.36289119720459
3.448808431625366,4.746575275868444,10.40003490447998
3.411801815032959,4.774464840102675,10.357858657836914
3.4733810424804688,4.8145364732148925,10.402581214904785
3.3950560092926025,4.737388580272506,10.375842094421387
3.3830997943878174,4.713684812321195,10.380073547363281
3.44368314743042,4.686853311224175,10.301864624023438
3.436809539794922,4.703171789845717,10.335269927978516
3.439124584197998,4.7451731126223295,10.426825523376465
3.406792163848877,4.766141761826085,10.44310188293457
3.4437172412872314,4.660574292198622,10.364439964294434
3.436739921569824,4.737425007092368,10.337389945983887
3.4109036922454834,4.746584933517235,10.367053985595703
3.3531761169433594,4.802039408524121,10.386388778686523
3.4351742267608643,4.736372662541855,10.484392166137695
3.433426856994629,4.690367040490465,10.500312805175781
3.3892996311187744,4.7162139885061025,10.424076080322266
3.486293077468872,4.784576892719737,10.318429946899414
3.417100667953491,4.785713864523651,10.419805526733398
3.479926586151123,4.766135340090841,10.453619003295898
3.427267551422119,4.709683640693713,10.43115234375
3.419710636138916,4.744655986948471,10.452249526977539
3.391348123550415,4.752571247285232,10.420305252075195
3.4068214893341064,4.749058126671506,10.432619094848633
3.4483652114868164,4.730670240541388,10.428794860839844
3.3796005249023438,4.730846804067758,10.420295715332031
3.4164977073669434,4.655021891563332,10.357549667358398
3.4239542484283447,4.791033679852262,10.434375762939453
3.453345775604248,4.804970683164096,10.354804992675781
3.382505178451538,4.758549322873089,10.410918235778809
3.4555437564849854,4.8977943458927,10.390531539916992
3.3876900672912598,4.780348997596385,10.391292572021484
3.4417779445648193,4.756702259515545,10.438203811645508
3.395418882369995,4.769625709425392,10.301435470581055
3.435574531555176,4.770846865705347,10.44101333618164
3.45542049407959,4.753767662249238,10.430685997009277
3.4825587272644043,4.7684345025835295,10.403385162353516
3.3714804649353027,4.702558249833861,10.455158233642578
3.4221479892730713,4.767792283091694,10.411393165588379
3.414616823196411,4.7195451134217095,10.347344398498535
3.4154484272003174,4.698268056448017,10.38193416595459
3.463979959487915,4.769598671867113,10.454517364501953
3.3959298133850098,4.757061272227604,10.399459838867188
3.399660348892212,4.754969390541581,10.41960334777832
3.4717650413513184,4.831664220696049,10.390279769897461
3.4118332862854004,4.7186772698603034,10.45882511138916
3.4365439414978027,4.806292498317947,10.32071590423584
3.3987228870391846,4.726650823805747,10.426881790161133
3.371054172515869,4.749036937486381,10.419316291809082
3.4080381393432617,4.802887496837815,10.373832702636719
3.461630344390869,4.781802169845572,10.398398399353027
3.441272735595703,4.720140538610784,10.473066329956055
3.4286632537841797,4.782804708761562,10.394475936889648
3.4268133640289307,4.745202726418419,10.395051956176758
3.474843978881836,4.805406471947208,10.38764762878418
3.4546735286712646,4.631024096327435,10.416887283325195
3.4405596256256104,4.787145468040502,10.37968635559082
3.3827173709869385,4.778522955087412,10.43521499633789
3.355870246887207,4.724392607275928,10.459617614746094
3.4130547046661377,4.6796607717406005,10.403928756713867
3.43686580657959,4.763900675012597,10.473858833312988
3.457578182220459,4.744657467618318,10.40433120727539
3.4071204662323,4.723992022985061,10.319936752319336
3.377800464630127,4.712848152200293,10.475379943847656
3.4417712688446045,4.793202082160859,10.417656898498535
3.432664155960083,4.743722335801327,10.334193229675293
3.3831570148468018,4.740606938422259,10.42601203918457
3.4047904014587402,4.7502836145992795,10.342695236206055
3.383634090423584,4.764613114463698,10.44317626953125
3.3520190715789795,4.764231056241053,10.42988395690918
3.4396443367004395,4.723021302472002,10.472247123718262
3.411719560623169,4.682118851724746,10.441487312316895
3.3990089893341064,4.715006399101445,10.466272354125977
3.3609859943389893,4.732280803744548,10.519394874572754
3.414731502532959,4.71446561015078,10.464616775512695
3.4049925804138184,4.748266625517447,10.40811538696289
3.416499614715576,4.751025598363152,10.291914939880371
3.4164891242980957,4.742972948854524,10.364665985107422
3.4185173511505127,4.735152614036841,10.410314559936523
3.341294527053833,4.724628068905855,10.37089729309082
3.445322036743164,4.8142006934420865,10.400970458984375
3.485832929611206,4.717959809915296,10.37496566772461
3.382688283920288,4.76119976883222,10.470661163330078
3.4196994304656982,4.668577280560774,10.386380195617676
3.3901357650756836,4.737534964490416,10.437460899353027
3.436401605606079,4.7397631492931405,10.419047355651855
3.3770813941955566,4.734704902861267,10.405815124511719
3.3985133171081543,4.7034815202932805,10.406497955322266
3.3747267723083496,4.687959913297423,10.396879196166992
3.405478000640869,4.715745175423633,10.40639591217041
3.458822727203369,4.741925558374661,10.321245193481445
3.4106743335723877,4.7420132445237995,10.39935302734375
3.4219563007354736,4.7374982626975655,10.420805931091309
3.427298069000244,4.749625280266628,10.397359848022461
3.4695093631744385,4.725237066857517,10.411486625671387
3.421935796737671,4.744838520585161,10.424751281738281
3.3341217041015625,4.783913188680474,10.420990943908691
3.3679096698760986,4.76411877103549,10.373298645019531
3.3773226737976074,4.688249467273375,10.42005729675293
3.468695878982544,4.786229425409276,10.52408504486084
3.4614686965942383,4.715822751201423,10.410721778869629
3.3741862773895264,4.6936853386993915,10.33622932434082
3.410656452178955,4.745382129114919,10.463375091552734
3.4707562923431396,4.702614593352857,10.356006622314453
3.424293279647827,4.731617140151294,10.371471405029297
3.3765954971313477,4.724183594142752,10.37643051147461
3.4351806640625,4.767535021395555,10.442373275756836
3.3737480640411377,4.689055810050507,10.37000846862793
3.359611988067627,4.7647298890099465,10.376285552978516
3.424150228500366,4.7424451339258145,10.412370681762695
3.390056610107422,4.686389018748222,10.330157279968262
3.391256332397461,4.6921466791204045,10.31062126159668
3.4332287311553955,4.7278038122624695,10.35433292388916
3.4463863372802734,4.765299746833209,10.367755889892578
3.3875908851623535,4.731641025149396,10.317022323608398
3.4063780307769775,4.737818912004254,10.466958999633789
3.410242795944214,4.7635887000111055,10.496238708496094
3.4420688152313232,4.689857305227113,10.436264038085938
3.408047676086426,4.77754045913129,10.423245429992676
3.40987229347229,4.709504784517256,10.385017395019531
3.342712163925171,4.702424857432821,10.301543235778809
3.3974475860595703,4.692768196309251,10.381086349487305
3.496011257171631,4.742063559458725,10.417852401733398
3.462484121322632,4.784335317855168,10.473837852478027
3.414407730102539,4.762868214831022,10.417171478271484
3.4127821922302246,4.690612569151979,10.36634349822998
3.3710174560546875,4.713652830238321,10.410296440124512
3.3912341594696045,4.700734697881022,10.442025184631348
3.4044435024261475,4.737561198051221,10.43124008178711
3.3935985565185547,4.650733008149213,10.363609313964844
3.3904201984405518,4.737024342707757,10.42811107635498
3.3826143741607666,4.700798017305455,10.351057052612305
3.443347930908203,4.743619816677112,10.406988143920898
3.36610746383667,4.65853390905873,10.41087818145752
3.3716864585876465,4.714880787202024,10.459294319152832
3.3617777824401855,4.684633266613153,10.430864334106445
3.411890983581543,4.716458209391151,10.335826873779297
3.293907880783081,4.676110648982493,10.338814735412598
3.3700127601623535,4.782380767399446,10.48431396484375
3.4108164310455322,4.766533235786483,10.420351028442383
3.481411933898926,4.760100052924827,10.434989929199219
3.3369946479797363,4.6717771151369165,10.382959365844727
3.383917808532715,4.69504722104674,10.402029991149902
3.4148106575012207,4.7145861614429,10.503942489624023
3.3885879516601562,4.731995035860953,10.312545776367188
3.4528112411499023,4.730586513211684,10.318587303161621
3.4002065658569336,4.6847125927119375,10.31411361694336
3.3941867351531982,4.720688968697297,10.403237342834473
3.414098024368286,4.665687089586365,10.432355880737305
3.4262874126434326,4.640482530363702,10.411768913269043
3.4081408977508545,4.722745640336403,10.334596633911133
3.4078025817871094,4.732851601039459,10.359498977661133
3.4771745204925537,4.721929686343564,10.392127990722656
3.4446513652801514,4.709349789889529,10.335573196411133
3.3814857006073,4.678665268866877,10.495471954345703
3.3926079273223877,4.619360408712446,10.349716186523438
3.439711570739746,4.721164298243821,10.401742935180664
3.412952423095703,4.707048115320504,10.37464714050293
3.4049432277679443,4.695188024048028,10.436010360717773
3.3613386154174805,4.65701342912923,10.37570571899414
3.4078218936920166,4.77291275999908,10.350215911865234
3.4053285121917725,4.735325993570898,10.297607421875
3.4006223678588867,4.671576304893408,10.404600143432617
3.3921070098876953,4.7257954893035015,10.452898025512695
3.420337438583374,4.737610726617277,10.393217086791992
3.384554624557495,4.6913956558398375,10.374828338623047
3.3965420722961426,4.682754202612808,10.454421997070312
3.3670294284820557,4.696905087014394,10.297561645507812
3.4314346313476562,4.74578110321558,10.306886672973633
3.3600106239318848,4.708638886422184,10.45932388305664
3.408108711242676,4.797142841121447,10.322997093200684
3.4200332164764404,4.731847248805154,10.465002059936523
3.408590078353882,4.665018132921043,10.364521026611328
3.401445150375366,4.7433620855611345,10.455753326416016
3.4136364459991455,4.682414035346093,10.421184539794922
3.4491727352142334,4.7057801865573445,10.366520881652832
3.455167531967163,4.721444582500096,10.492435455322266
3.4139130115509033,4.736450684789036,10.412778854370117
3.372464656829834,4.72217047014939,10.380657196044922
3.4247570037841797,4.68825968607728,10.355624198913574
3.424389600753784,4.696840808893154,10.361861228942871
3.4274418354034424,4.659299422221791,10.414895057678223
3.4271347522735596,4.66530261088961,10.452004432678223
3.3912699222564697,4.730260607054723,10.377575874328613
3.4500553607940674,4.664930346189067,10.386300086975098
3.367227554321289,4.6917570610530674,10.46872329711914
3.322814464569092,4.727757909102365,10.331790924072266
3.3045129776000977,4.6615986738553525,10.426942825317383
3.429590940475464,4.761987036393423,10.432452201843262
3.390181064605713,4.694778384374721,10.42106819152832
3.4432177543640137,4.7072653493710925,10.340716361999512
3.361732006072998,4.704742858485717,10.33503246307373
3.4571914672851562,4.715578235885395,10.477928161621094
3.389713764190674,4.695870125067554,10.360943794250488
3.4382834434509277,4.734565101464146,10.369287490844727
3.4122915267944336,4.656891028895708,10.419620513916016
3.418280601501465,4.780526056453319,10.42805290222168
3.3811213970184326,4.626803958455898,10.391515731811523
3.4772069454193115,4.754587826684915,10.467759132385254
3.4137954711914062,4.710989750722157,10.383363723754883
3.4160187244415283,4.674029994622937,10.378589630126953
3.374603033065796,4.711308055856664,10.356266975402832
3.370556592941284,4.673362796460944,10.328041076660156
3.3692686557769775,4.685736738910366,10.432679176330566
3.34709095954895,4.737781313613855,10.412164688110352
3.4023385047912598,4.6342300056213785,10.479755401611328
3.422638416290283,4.67767981792401,10.487465858459473
3.385802984237671,4.768882255701881,10.37601089477539
3.3917694091796875,4.6388689600197335,10.387810707092285
3.412548542022705,4.7284697631174435,10.355838775634766
3.4008402824401855,4.627349291329405,10.33932876586914
3.381350040435791,4.68283947207965,10.408485412597656
3.4560275077819824,4.820554139192349,10.456378936767578
3.426635265350342,4.6923436870399335,10.43784236907959
3.3949952125549316,4.736415875609964,10.388221740722656
3.4619061946868896,4.69160740217194,10.380638122558594
3.461824417114258,4.769269298828607,10.41855239868164
3.398311138153076,4.716464424472568,10.364256858825684
3.3491761684417725,4.6588737924051085,10.32546329498291
3.3878085613250732,4.701788677102221,10.369041442871094
3.384685516357422,4.6461666864343,10.452749252319336
3.3962204456329346,4.713643256674654,10.446563720703125
3.4156837463378906,4.747185777706493,10.413637161254883
3.3672993183135986,4.592231647809967,10.408736228942871
3.3323490619659424,4.7031036999542275,10.338666915893555
3.37863826751709,4.701643906167841,10.455528259277344
3.4003546237945557,4.688785747491888,10.351806640625
3.430543899536133,4.705828833393753,10.47033405303955
3.4067656993865967,4.6009947230507215,10.478060722351074
3.4139750003814697,4.66213044640608,10.366630554199219
3.365025043487549,4.7009251774288705,10.435742378234863
3.4126176834106445,4.770893646537194,10.41853141784668
3.364258050918579,4.6954829336942305,10.39003849029541
3.459705114364624,4.68397626749772,10.40182876586914
3.384084939956665,4.696691157129992,10.41979694366455
3.434133768081665,4.728294052749074,10.334280014038086
3.372623920440674,4.669916162799511,10.459606170654297
3.3928439617156982,4.6913708021332114,10.35959243774414
3.430908441543579,4.7097194185480475,10.42799186706543
3.355485677719116,4.676491128114452,10.41997241973877
3.401871681213379,4.736847397771531,10.421488761901855
3.3993749618530273,4.760555189901164,10.483718872070312
3.38197660446167,4.655538679599497,10.369914054870605
3.3772644996643066,4.737956800996991,10.39609146118164
3.406813383102417,4.674953689233266,10.41988754272461
3.4589684009552,4.719970657656502,10.526491165161133
3.4064362049102783,4.710165394969019,10.42251205444336
3.398379325866699,4.73312595509924,10.387337684631348
3.3672244548797607,4.6817965345523715,10.393661499023438
3.404700994491577,4.734185127441638,10.423806190490723
3.375555992126465,4.693228393693321,10.504015922546387
3.364001989364624,4.627768736332655,10.471946716308594
3.3673906326293945,4.705830714997968,10.340971946716309
3.4138996601104736,4.708247953028019,10.422965049743652
3.404846668243408,4.6690112081955055,10.44521713256836
3.461174726486206,4.742487649566361,10.519550323486328
3.3611838817596436,4.67630262889101,10.492033004760742
3.4182794094085693,4.732560121653868,10.353621482849121
3.389394521713257,4.691452265351213,10.383301734924316
3.362912654876709,4.670354455809242,10.433589935302734
3.4132936000823975,4.743084362076063,10.388230323791504
3.3985817432403564,4.703363426661651,10.392176628112793
3.2939045429229736,4.595733071511079,10.360834121704102
3.4362576007843018,4.663483007411872,10.372941017150879
3.4654996395111084,4.724089147190431,10.397445678710938
3.354609489440918,4.732051076766636,10.350783348083496
3.404574394226074,4.737250736914575,10.362882614135742
3.3971972465515137,4.618035532600645,10.390645980834961
3.4266884326934814,4.731981273540961,10.334845542907715
3.408872127532959,4.7492913366960625,10.433442115783691
3.342090129852295,4.675900549993718,10.33354377746582
3.3846092224121094,4.672076856251807,10.489416122436523
3.3672473430633545,4.793591451930947,10.427007675170898
3.3292319774627686,4.5885935862814735,10.361108779907227
3.3871233463287354,4.683940010744014,10.45906925201416
3.42393159866333,4.682686855085194,10.394941329956055
3.3776073455810547,4.739972431179402,10.43994426727295
3.3422329425811768,4.653680696218673,10.436921119689941
3.3800690174102783,4.698465136112645,10.335528373718262
3.398164987564087,4.709184142827455,10.406323432922363
3.3810365200042725,4.715895269997418,10.43085765838623
3.4073498249053955,4.672716836411772,10.393148422241211
3.3975541591644287,4.636927488958464,10.462699890136719
3.3977293968200684,4.741903866142301,10.484185218811035
3.4070651531219482,4.693759138296757,10.394171714782715
3.4204018115997314,4.715558672124255,10.435103416442871
3.3217687606811523,4.7272343006916335,10.468376159667969
3.4179654121398926,4.609577868665967,10.334049224853516
3.336669683456421,4.706215288722888,10.427547454833984
3.345370292663574,4.699463890033908,10.505077362060547
3.417738676071167,4.747632855349885,10.427854537963867
3.329089879989624,4.693100495463503,10.416799545288086
3.3735299110412598,4.665468691582126,10.419821739196777
3.412020206451416,4.720130943659959,10.412702560424805
3.4078550338745117,4.682936207657414,10.413091659545898
3.4092042446136475,4.656642808578908,10.416773796081543
3.3814504146575928,4.664397091737816,10.420564651489258
3.3413450717926025,4.725473813379982,10.407598495483398
3.377338409423828,4.681392745647047,10.362075805664062
3.4362130165100098,4.706957333355343,10.412630081176758
3.431124210357666,4.681838009439941,10.331793785095215
3.4326860904693604,4.695617298362777,10.343375205993652
3.3721113204956055,4.660065805905366,10.343009948730469
3.4108974933624268,4.6712973037335495,10.496528625488281
3.385594606399536,4.732638895910766,10.400632858276367
3.35361909866333,4.707297626683222,10.371149063110352
3.3861069679260254,4.686328150697851,10.409097671508789
3.4216246604919434,4.724517539176824,10.500507354736328
3.302717685699463,4.631203416601888,10.503256797790527
3.426628589630127,4.685441755357066,10.348455429077148
3.3737218379974365,4.639995768034298,10.383411407470703
3.3435115814208984,4.686886385748429,10.4055757522583
3.3470985889434814,4.649787765262382,10.386659622192383
3.3880739212036133,4.598396084870078,10.351213455200195
3.3925485610961914,4.6773708627027055,10.417818069458008
3.414034366607666,4.725941459448742,10.408479690551758
3.414909839630127,4.757704049249047,10.456113815307617
3.4182610511779785,4.696301645732351,10.449646949768066
3.3537206649780273,4.7012954972617855,10.443988800048828
3.4262099266052246,4.691128949734515,10.418424606323242
3.3484582901000977,4.6796243041421155,10.54180908203125
3.357522487640381,4.631112261309422,10.454767227172852
3.453187942504883,4.674402120889031,10.480318069458008
3.3858189582824707,4.683147820477774,10.432324409484863
3.4166147708892822,4.555318011869011,10.357507705688477
3.4804630279541016,4.686258276126214,10.392179489135742
3.3654415607452393,4.618821064176571,10.40570068359375
3.438990592956543,4.701732539338991,10.421253204345703
3.3795604705810547,4.69631967949681,10.333325386047363
3.3858039379119873,4.689009655000908,10.427908897399902
3.4032576084136963,4.626727257988282,10.400945663452148
3.4161558151245117,4.702073100987555,10.403443336486816
3.4036073684692383,4.653944792558573,10.387178421020508
3.4209299087524414,4.7303902414028665,10.444908142089844
3.438323736190796,4.736267080696832,10.427501678466797
3.4170563220977783,4.572018888113754,10.445965766906738
3.384981393814087,4.627113781204181,10.438788414001465
3.35351300239563,4.684358363804806,10.303109169006348
3.361966371536255,4.61164134142122,10.43004035949707
3.3321709632873535,4.715338877202678,10.33903694152832
3.397871732711792,4.707588553761266,10.516304016113281
3.388500928878784,4.669387920293957,10.448638916015625
3.4037609100341797,4.697294521777491,10.399219512939453
3.397783041000366,4.69496098646362,10.416058540344238
3.5019404888153076,4.711139952664131,10.39110279083252
3.44600772857666,4.732073318811931,10.396734237670898
3.3706634044647217,4.6311804043195615,10.305754661560059
3.391486167907715,4.706833141057619,10.474458694458008
3.3983752727508545,4.6687931260759274,10.405303001403809
3.3834939002990723,4.69657544848243,10.44774341583252
3.3909595012664795,4.6495730227657734,10.415443420410156
3.378756284713745,4.675726472067513,10.413171768188477
3.381314992904663,4.6450522562954575,10.32940673828125
3.3911492824554443,4.677483783369619,10.49472427368164
3.334165334701538,4.59197286163856,10.41657543182373
3.4069442749023438,4.705649266485125,10.412623405456543
3.3166606426239014,4.621343708663646,10.41886043548584
3.388259172439575,4.706831578863785,10.43734359741211
3.3752429485321045,4.682819874990465,10.500835418701172
3.4059929847717285,4.703556370256202,10.389110565185547
3.3423681259155273,4.658926376307915,10.458816528320312
3.3570072650909424,4.680256796834458,10.430187225341797
3.3936448097229004,4.654800973533253,10.377044677734375
3.4077377319335938,4.630721815529146,10.408331871032715
3.391883134841919,4.623292783907215,10.342045783996582
3.3746185302734375,4.687405682501517,10.394734382629395
3.352447032928467,4.695419432162973,10.384256362915039
3.3681657314300537,4.643148826867607,10.410741806030273
3.4417455196380615,4.668409378666963,10.41642951965332
3.3661646842956543,4.654705547261983,10.422157287597656
3.3885409832000732,4.5954831535262715,10.301742553710938
3.341668128967285,4.633850520842575,10.452590942382812
3.3283162117004395,4.692095940733063,10.331198692321777
3.3811728954315186,4.640080510405824,10.463106155395508
3.3647305965423584,4.604609434226794,10.474515914916992
3.346771001815796,4.707892293143752,10.375823974609375
3.4352822303771973,4.703334272972175,10.429407119750977
3.4023072719573975,4.707482063943255,10.376381874084473
3.389341115951538,4.69470445778487,10.42587661743164
3.364335060119629,4.672032661902319,10.38193130493164
3.4002857208251953,4.7149622154954285,10.388383865356445
3.37216854095459,4.678025777085817,10.418893814086914
3.40897536277771,4.6419607303105295,10.346071243286133
3.3450989723205566,4.641385519644245,10.364677429199219
3.3660011291503906,4.643563586520032,10.404458045959473
3.3129208087921143,4.658476339486827,10.49345588684082
3.340664863586426,4.628095176303759,10.408458709716797
3.2812178134918213,4.628048775451524,10.493263244628906
3.4164648056030273,4.651447264011949,10.388181686401367
3.375584602355957,4.694470471669255,10.380722045898438
3.4026596546173096,4.685542692164225,10.47836971282959
3.374361991882324,4.651969185930544,10.406314849853516
3.389585256576538,4.68138851724299,10.471071243286133
3.3141491413116455,4.613670918990724,10.378524780273438
3.4104928970336914,4.703374563250691,10.299861907958984
3.3592913150787354,4.653704662574456,10.422204971313477
3.375927686691284,4.635869258549064,10.374784469604492
3.310225248336792,4.668834042702136,10.35965633392334
3.3786542415618896,4.709915110275948,10.3612060546875
3.351242780685425,4.632909613229068,10.463922500610352
3.4212944507598877,4.64131137223116,10.356964111328125
3.3509392738342285,4.6580779509219745,10.503473281860352
3.323180675506592,4.631845986404057,10.389131546020508
3.3975865840911865,4.621496334006744,10.354043960571289
3.405369997024536,4.676223060814665,10.458827018737793
3.406834363937378,4.6586881585618745,10.459342002868652
3.3779025077819824,4.627160851577563,10.354721069335938
3.4014892578125,4.686019017128274,10.42337417602539
3.3624825477600098,4.70376821993185,10.403570175170898
3.3414764404296875,4.625192756498499,10.407794952392578
3.434640645980835,4.686490174815325,10.32867431640625
3.4431471824645996,4.609512321917074,10.374042510986328
3.400704860687256,4.692484255913378,10.416864395141602
3.410207509994507,4.626414784263554,10.437114715576172
3.3666648864746094,4.629074578772166,10.409473419189453
3.315248727798462,4.577211431526978,10.294828414916992
3.386813163757324,4.680044955939853,10.321555137634277
3.404146432876587,4.675792078620621,10.313189506530762
3.361644744873047,4.641517546925961,10.39419937133789
3.3875598907470703,4.666781490602131,10.410442352294922
3.3965089321136475,4.672688655887864,10.440568923950195
3.412236452102661,4.617761037013094,10.446450233459473
3.3325276374816895,4.646567414315151,10.334097862243652
3.3597543239593506,4.660335009851094,10.383004188537598
3.4206769466400146,4.66041751638321,10.473661422729492
3.385788917541504,4.667415574592138,10.442569732666016
3.3033738136291504,4.685386433731765,10.423616409301758
3.413038492202759,4.665813558169508,10.369802474975586
3.340833902359009,4.64358254518759,10.363125801086426
3.339784860610962,4.6519621609311015,10.411602020263672
3.3243322372436523,4.666407434336309,10.401627540588379
3.313730239868164,4.62422630227437,10.389927864074707
3.42642879486084,4.671923740467588,10.345460891723633
3.340681314468384,4.659052492152633,10.381551742553711
3.366333246231079,4.608317008774196,10.343073844909668
3.3551204204559326,4.615846904360556,10.50101089477539
3.3429617881774902,4.669059413418705,10.406888008117676
3.315967082977295,4.580325298743057,10.440909385681152
3.3895697593688965,4.6979648704707095,10.383506774902344
3.3459689617156982,4.550866767132122,10.30710220336914
3.338465452194214,4.631599642469415,10.464988708496094
3.3462250232696533,4.6049638188643645,10.369763374328613
3.3496835231781006,4.643164630147761,10.437088012695312
3.4163928031921387,4.649721175398944,10.399721145629883
3.3284645080566406,4.56330240132021,10.506659507751465
3.414458751678467,4.612643036459174,10.562601089477539
3.396610736846924,4.718933134206704,10.372321128845215
3.254636764526367,4.613833110446908,10.399128913879395
3.3965225219726562,4.661415247911854,10.454270362854004
3.3898158073425293,4.637664976130639,10.440853118896484
3.3902499675750732,4.688345263080139,10.430301666259766
3.3676247596740723,4.698120230476239,10.471674919128418
3.3865694999694824,4.619663561627801,10.475445747375488
3.413564920425415,4.684489863192929,10.369831085205078
3.3453452587127686,4.632041265223442,10.441411972045898
3.3686959743499756,4.643472960817495,10.394498825073242
3.3926804065704346,4.6452966845660875,10.404698371887207
3.413562297821045,4.620649479130017,10.453954696655273
3.3509674072265625,4.681065519739475,10.364089012145996
3.345378875732422,4.629695436085708,10.342643737792969
3.3716578483581543,4.668347309343517,10.418460845947266
3.3982884883880615,4.630515333398113,10.376201629638672
3.3900606632232666,4.681092222886426,10.387453079223633
3.336836338043213,4.6578168567003955,10.384369850158691
3.3546090126037598,4.689042783175995,10.44609260559082
3.37371826171875,4.60514953216937,10.391639709472656
3.276082754135132,4.645921287991638,10.482110977172852
3.3810784816741943,4.573313211223909,10.467902183532715
3.363962173461914,4.680344156255679,10.385575294494629
3.3943898677825928,4.668057507868591,10.379581451416016
3.376396656036377,4.623328588902949,10.385196685791016
3.355543851852417,4.572636885069577,10.377054214477539
3.261549234390259,4.62638777657412,10.429302215576172
3.3957855701446533,4.715233571162181,10.455524444580078
3.3512449264526367,4.609330486905362,10.460826873779297
3.297670364379883,4.62283342421454,10.437324523925781
3.3746895790100098,4.637957063836179,10.390256881713867
3.338285207748413,4.692152068551098,10.421292304992676
3.383347749710083,4.633155951509253,10.412108421325684
3.3795371055603027,4.721894798800349,10.355281829833984
3.4187796115875244,4.67182263415972,10.425520896911621
3.2753846645355225,4.637628098683698,10.345817565917969
3.301616668701172,4.597651396977849,10.39174747467041
3.337975263595581,4.60964596667327,10.465116500854492
3.3627727031707764,4.586683194419103,10.37486457824707
3.3233728408813477,4.596003983801762,10.407231330871582
3.3707308769226074,4.639655247729804,10.379441261291504
3.345778226852417,4.653529672284743,10.405991554260254
3.4084675312042236,4.626555151272831,10.35659122467041
3.354332685470581,4.59108526988088,10.313368797302246
3.384551763534546,4.609607178784374,10.403932571411133
3.366865634918213,4.598277391998895,10.408231735229492
3.3444392681121826,4.579884168658672,10.431516647338867
3.312580108642578,4.648108710235517,10.435871124267578
3.3495993614196777,4.6856738943606615,10.441202163696289
3.280480146408081,4.664559788569542,10.435623168945312
3.341397285461426,4.680174026405439,10.396843910217285
3.3640007972717285,4.607110876124352,10.466629028320312
3.3234801292419434,4.634793589324025,10.46635627746582
3.3676741123199463,4.581568190528611,10.4810791015625
3.3218069076538086,4.63609620679303,10.386436462402344
3.3380391597747803,4.629747463223923,10.423382759094238
3.3999276161193848,4.612060749603968,10.464934349060059
3.328601121902466,4.621646996321423,10.419005393981934
3.393714189529419,4.699900538560802,10.443327903747559
3.4113004207611084,4.626807536331138,10.429621696472168
3.3253705501556396,4.635412547837145,10.462202072143555
3.3054006099700928,4.566111483977043,10.386337280273438
3.3574728965759277,4.6219776916716775,10.365143775939941
3.3493993282318115,4.57220981928653,10.37261962890625
3.3357391357421875,4.6496536289009125,10.359736442565918
3.399740219116211,4.7010627973026455,10.459160804748535
3.324759006500244,4.6001219553207715,10.34057903289795
3.433164596557617,4.633992007035496,10.368858337402344
3.386385679244995,4.633227564061859,10.344575881958008
3.435863494873047,4.638545493196164,10.50278091430664
3.388742685317993,4.59524688480555,10.42342472076416
3.366135358810425,4.597615076362023,10.370325088500977
3.3309218883514404,4.612254962524665,10.458791732788086
3.371206283569336,4.63756260235927,10.319530487060547
3.3135921955108643,4.561194451891684,10.430903434753418
3.3506577014923096,4.606455080011593,10.448235511779785
3.381692886352539,4.6774662861800085,10.397897720336914
3.397329330444336,4.663663581945003,10.372528076171875
3.347470760345459,4.586873900810523,10.412328720092773
3.3735477924346924,4.593920569767111,10.35703182220459
3.3978381156921387,4.670142836436364,10.475706100463867
3.3526787757873535,4.613823253495087,10.353918075561523
3.3564860820770264,4.624170130451343,10.529218673706055
3.4048194885253906,4.5796431735756675,10.426081657409668
3.316632032394409,4.60721091842944,10.380075454711914
3.382998466491699,4.54133624064603,10.38523006439209
3.3825926780700684,4.622633157497537,10.43553352355957
3.3355000019073486,4.568076747669173,10.35407543182373
3.3901054859161377,4.656484998696084,10.336884498596191
3.340468168258667,4.618778197227844,10.464353561401367
3.373870849609375,4.633624285392996,10.413492202758789
3.334689140319824,4.659834830589326,10.35599136352539
3.393136739730835,4.631811401274587,10.366867065429688
3.380014181137085,4.65580102495317,10.365089416503906
3.3530752658843994,4.598416305379943,10.351539611816406
3.361724615097046,4.640410179638171,10.427925109863281
3.303311586380005,4.581563419928509,10.47612190246582
3.3389523029327393,4.629950962328751,10.496694564819336
3.305931806564331,4.642216989271609,10.388702392578125
3.4006662368774414,4.705369915414069,10.447161674499512
3.3160557746887207,4.605137478460425,10.35948371887207
3.4074838161468506,4.631022829795256,10.369834899902344
3.3483524322509766,4.610583209798538,10.324851989746094
3.371013879776001,4.646103711798787,10.40606689453125
3.368906259536743,4.579455255929913,10.371332168579102
3.3626644611358643,4.652266097088743,10.440719604492188
3.3801844120025635,4.616453926444851,10.438258171081543
3.295325994491577,4.552524441886427,10.392065048217773
3.3342158794403076,4.561769685940817,10.338752746582031
3.3026864528656006,4.588712623608964,10.414469718933105
3.3480849266052246,4.700938832746552,10.406509399414062
3.322394847869873,4.603489999127175,10.34006404876709
3.375089406967163,4.655065388352211,10.374361991882324
3.353422164916992,4.5999597756391655,10.399482727050781
3.3352694511413574,4.657073288357683,10.36451530456543
3.4233052730560303,4.678884026594459,10.352386474609375
3.350909471511841,4.602723939477333,10.459074020385742
3.3481674194335938,4.607915171322279,10.396842002868652
3.318556785583496,4.651536162876125,10.429786682128906
3.350938320159912,4.652524467624192,10.518205642700195
3.3219852447509766,4.606612550826478,10.37814998626709
3.361056089401245,4.631739321198048,10.483489990234375
3.333474636077881,4.671843502204865,10.362785339355469
3.324205160140991,4.57539707651761,10.419137954711914
3.368305206298828,4.616135816788302,10.466424942016602
3.359524726867676,4.598198539943302,10.464134216308594
3.397195816040039,4.688142940468553,10.438758850097656
3.311986207962036,4.57774758445365,10.439109802246094
3.297271966934204,4.596174726462258,10.334878921508789
3.323742628097534,4.60704744603884,10.391105651855469
3.372040033340454,4.601873371051624,10.285863876342773
3.2975451946258545,4.605853387853131,10.411493301391602
3.3464856147766113,4.6370922440463405,10.369892120361328
3.3551971912384033,4.671052685772469,10.468735694885254
3.3836710453033447,4.606091837831108,10.393638610839844
3.333115816116333,4.565251467549907,10.449323654174805
3.3524768352508545,4.565612615152662,10.377735137939453
3.30147385597229,4.573850892384403,10.37890338897705
3.367032051086426,4.670051841364642,10.477285385131836
3.389517068862915,4.596281449643096,10.392755508422852
3.279048442840576,4.610434772945674,10.297658920288086
3.3516881465911865,4.586698298276004,10.3800048828125
3.32243275642395,4.613917816829469,10.434202194213867
3.284745693206787,4.549242682056501,10.448247909545898
3.316138505935669,4.58060931637218,10.361370086669922
3.3578946590423584,4.554339797535379,10.433221817016602
3.3420634269714355,4.602253708422982,10.465843200683594
3.396392822265625,4.664785163743155,10.401121139526367
3.4028778076171875,4.6661224516574284,10.418050765991211
3.435365676879883,4.620209861613278,10.360732078552246
3.3600144386291504,4.654690003920613,10.34771728515625
3.312506675720215,4.6268161796366,10.337715148925781
3.299086570739746,4.527020754957838,10.40835952758789
3.382169008255005,4.632601599674672,10.419093132019043
3.325505495071411,4.599554154855598,10.398747444152832
3.3845784664154053,4.625136272216748,10.373458862304688
3.3053810596466064,4.62338337325491,10.437909126281738
3.386296510696411,4.661912957173107,10.416245460510254
3.3262224197387695,4.624844701195668,10.385784149169922
3.361778497695923,4.615424036846628,10.448722839355469
3.3256447315216064,4.632224735238456,10.40555191040039
3.2609777450561523,4.665596704963329,10.330268859863281
3.3179354667663574,4.6226420177013745,10.46396255493164
3.3001503944396973,4.594629616742687,10.462141036987305
3.4131083488464355,4.593964077365984,10.329549789428711
3.377108097076416,4.611989737987253,10.3594331741333
3.3379862308502197,4.651409990553345,10.378253936767578
3.279927968978882,4.588337965875066,10.380341529846191
3.2965915203094482,4.5509504905037055,10.404121398925781
3.391106128692627,4.599198877445555,10.511205673217773
3.3486151695251465,4.63004750635342,10.351729393005371
3.3911385536193848,4.657881843391807,10.332413673400879
3.353534460067749,4.550885324499437,10.38770866394043
3.374098777770996,4.621982265430104,10.421178817749023
3.3890085220336914,4.714562458052699,10.371870040893555
3.339994430541992,4.659090415009165,10.389521598815918
3.2860426902770996,4.602057512550216,10.37221622467041
3.3703207969665527,4.685481985166137,10.434293746948242
3.3775484561920166,4.615908378469093,10.416166305541992
3.3418004512786865,4.5957140275942425,10.447307586669922
3.318730115890503,4.593130040315113,10.454070091247559
3.287233591079712,4.597044989965591,10.3084716796875
3.350827932357788,4.61633959941433,10.566581726074219
3.3141074180603027,4.644534604557391,10.41586685180664
3.3816208839416504,4.634695109744955,10.342473983764648
3.33842396736145,4.529793968424201,10.420371055603027
3.3605198860168457,4.643906039219084,10.541065216064453
3.362121820449829,4.602439747524581,10.424309730529785
3.4040584564208984,4.670361286860757,10.497005462646484
3.337470293045044,4.631250409808543,10.445526123046875
3.3259308338165283,4.6319144543792525,10.387593269348145
3.350835084915161,4.642567426930846,10.437682151794434
3.3571574687957764,4.556699369235762,10.385074615478516
3.3514766693115234,4.622516680043191,10.494431495666504
3.3596601486206055,4.642192076193169,10.473384857177734
3.3059189319610596,4.585321945204799,10.40622615814209
3.3654673099517822,4.63350104726851,10.347454071044922
3.321558713912964,4.561561356464933,10.488739967346191
3.3033626079559326,4.634208304940589,10.458717346191406
3.3403072357177734,4.702432183548808,10.34771728515625
3.3345208168029785,4.603955699530031,10.356437683105469
3.355665683746338,4.631573930515775,10.44754695892334
3.2893521785736084,4.625056432027901,10.481861114501953
3.334228515625,4.59633936154257,10.389728546142578
3.3421623706817627,4.559941557734939,10.324432373046875
3.347386121749878,4.6632378997746855,10.451312065124512
3.340752601623535,4.573242598046947,10.350970268249512
3.36065673828125,4.641288812771173,10.365164756774902
3.3112783432006836,4.576429673038158,10.556838989257812
3.4031989574432373,4.59208421385847,10.358579635620117
3.2858755588531494,4.519752368330956,10.351731300354004
3.3004345893859863,4.602714026546372,10.447576522827148
3.2538111209869385,4.497834720382733,10.449380874633789
3.3479652404785156,4.655594315612689,10.439634323120117
3.3253800868988037,4.6430694818430185,10.41369915008545
3.3278555870056152,4.497427336073348,10.322036743164062
3.338106393814087,4.638166698693697,10.439276695251465
3.3716821670532227,4.577756517466955,10.392521858215332
3.384631633758545,4.579607296236126,10.517130851745605
3.261831760406494,4.6056586722510735,10.37706184387207
3.358295202255249,4.569527608209422,10.39413833618164
3.3020882606506348,4.570411577288594,10.334695816040039
3.3298332691192627,4.584557982294687,10.388921737670898
3.301085948944092,4.541204978878211,10.428760528564453
3.3463735580444336,4.6310020544499695,10.398202896118164
3.3608667850494385,4.635288412982066,10.376700401306152
3.317701816558838,4.606975499440783,10.362414360046387
3.3400158882141113,4.663820058040853,10.47314453125
3.308661699295044,4.596645655010694,10.407470703125
3.3332290649414062,4.607697715284302,10.415701866149902
3.3285114765167236,4.540837893861213,10.476951599121094
3.2797648906707764,4.576083530306017,10.412066459655762
3.3386664390563965,4.5708665400743484,10.364476203918457
3.4048964977264404,4.637799518615274,10.357830047607422
3.389446258544922,4.570728484674224,10.329092025756836
3.3038196563720703,4.576545717227938,10.402446746826172
3.349853754043579,4.5625482338281085,10.382866859436035
3.3570914268493652,4.633520948434515,10.4114990234375
3.3197317123413086,4.665365852349039,10.344457626342773
3.355074405670166,4.504439734687496,10.400439262390137
3.4090521335601807,4.591976168798284,10.467412948608398
3.3727943897247314,4.607641083487709,10.535806655883789
3.3265740871429443,4.575315459498337,10.308638572692871
3.315322160720825,4.627839916086356,10.429482460021973
3.3102641105651855,4.59394822944887,10.352286338806152
3.283989429473877,4.583398291175919,10.420602798461914
3.3483853340148926,4.598977913015655,10.33273983001709
3.360262870788574,4.574327260322337,10.392679214477539
3.324014663696289,4.596415063133463,10.43798542022705
3.299730062484741,4.595407411323061,10.388748168945312
3.3272416591644287,4.521725209330075,10.457525253295898
3.3409762382507324,4.620983256725594,10.371742248535156
3.382874011993408,4.631977330593925,10.461688041687012
3.3088831901550293,4.554352569327291,10.510350227355957
3.3459930419921875,4.596092065363856,10.477806091308594
3.351806402206421,4.572565694771973,10.35843563079834
3.247494697570801,4.598124372140903,10.431197166442871
3.3343029022216797,4.585168169877891,10.438715934753418
3.3370561599731445,4.600138386545171,10.449352264404297
3.3488359451293945,4.530644942507415,10.397010803222656
3.294827461242676,4.579399037041834,10.465747833251953
3.2902567386627197,4.579997765033373,10.413191795349121
3.318654775619507,4.588263512256422,10.401098251342773
3.385558843612671,4.632447446896029,10.410096168518066
3.30418062210083,4.620596371956968,10.328313827514648
3.326724052429199,4.58114120427386,10.412094116210938
3.3321988582611084,4.541493809449354,10.421260833740234
3.3071022033691406,4.54475365529236,10.4656400680542
3.387692451477051,4.568273921996089,10.389178276062012
3.3177008628845215,4.587677302105086,10.432195663452148
3.312544107437134,4.608331911166066,10.36114501953125
3.355792284011841,4.645656580571085,10.380311012268066
3.3447885513305664,4.655420176950949,10.399394035339355
3.239685535430908,4.527728949074766,10.424238204956055
3.281643867492676,4.559550205511706,10.489875793457031
3.3575997352600098,4.613717452955565,10.426037788391113
3.329235553741455,4.572891572556858,10.410725593566895
3.3342788219451904,4.569967260185097,10.452925682067871
3.260807514190674,4.514304306524407,10.411212921142578
3.37770938873291,4.582387975816216,10.333773612976074
3.3575258255004883,4.59162317296224,10.455620765686035
3.343111753463745,4.59843563152078,10.433950424194336
3.3478963375091553,4.4648403228327105,10.34768295288086
3.2449769973754883,4.538721325441397,10.361175537109375
3.3034329414367676,4.628135810639443,10.505485534667969
3.320281744003296,4.616799878255863,10.37297248840332
3.3613572120666504,4.59208443611195,10.36501407623291
3.30238938331604,4.6144912191001435,10.428197860717773
3.2761027812957764,4.597775977337733,10.40613079071045
3.365758180618286,4.553064036781767,10.472601890563965
3.3105506896972656,4.691579155091729,10.323486328125
3.357508420944214,4.5826309890752395,10.444610595703125
3.3106765747070312,4.592593671188557,10.414411544799805
3.2760469913482666,4.52826597677943,10.372161865234375
3.3222315311431885,4.6059708756926865,10.356642723083496
3.3256149291992188,4.546138676016458,10.440805435180664
3.3334739208221436,4.6444867138551285,10.410524368286133
3.393292188644409,4.6162964562286755,10.435450553894043
3.3329334259033203,4.55651487835816,10.42802619934082
3.350672721862793,4.540480076302109,10.354385375976562
3.323307752609253,4.587713440780394,10.403661727905273
3.26749587059021,4.573036071112645,10.471115112304688
3.3482275009155273,4.5270481903571635,10.414287567138672
3.298652410507202,4.556629021518996,10.517441749572754
3.2722742557525635,4.5753909431930095,10.253389358520508
3.3262505531311035,4.503270473597305,10.367632865905762
3.3016576766967773,4.524128004243331,10.388851165771484
3.3269810676574707,4.559497007202091,10.40660572052002
3.305636405944824,4.538966824965819,10.401814460754395
3.3091042041778564,4.55585077408302,10.456520080566406
3.317187547683716,4.579322355134147,10.380133628845215
3.3578028678894043,4.569904837025596,10.48237133026123
3.3566417694091797,4.578539064885782,10.427120208740234
3.4037110805511475,4.548851807501966,10.479863166809082
3.2925121784210205,4.547026683576405,10.480981826782227
3.3037726879119873,4.5701018890499,10.401253700256348
3.3396499156951904,4.547858522872307,10.399258613586426
3.3232967853546143,4.578537538148729,10.360498428344727
3.262343168258667,4.518635825220761,10.422070503234863
3.277812957763672,4.563198293193376,10.45792007446289
3.3523802757263184,4.513517317761268,10.348591804504395
3.303989887237549,4.539101947531369,10.3446044921875
3.340406894683838,4.640112673564414,10.414777755737305
3.3309309482574463,4.549115984234959,10.480878829956055
3.267425537109375,4.592880653716358,10.42490005493164
3.281489849090576,4.572668322794406,10.466651916503906
3.3366639614105225,4.566662395938432,10.349859237670898
3.3640353679656982,4.621202027558216,10.365686416625977
3.306053400039673,4.556518289593181,10.409931182861328
3.3075084686279297,4.610986671443762,10.41770076751709
3.2793099880218506,4.596284271982897,10.484244346618652
3.3139688968658447,4.5724259780254215,10.402645111083984
3.2820725440979004,4.523507857029991,10.504355430603027
3.361605167388916,4.549992459027895,10.43372917175293
3.325310468673706,4.507902814308181,10.367116928100586
3.328533411026001,4.57840157892289,10.485026359558105
3.3356504440307617,4.589774504337194,10.472587585449219
3.304802894592285,4.526710490197209,10.402891159057617
3.3116323947906494,4.530808837352587,10.542533874511719
3.2863945960998535,4.554031291244819,10.411161422729492
3.273594856262207,4.5215626144449095,10.428754806518555
3.2927086353302,4.51722632687805,10.463641166687012
3.275843858718872,4.64630112451102,10.415334701538086
3.2798149585723877,4.546306794575814,10.370827674865723
3.2974023818969727,4.581116950239188,10.339786529541016
3.365567922592163,4.629233145720459,10.417581558227539
3.255875825881958,4.606616948831028,10.35573959350586
3.3407304286956787,4.565793663728982,10.431854248046875
3.290977716445923,4.528733756326671,10.45221996307373
3.3263683319091797,4.572746301502255,10.41800308227539
3.2929961681365967,4.568463725603318,10.481462478637695
3.346973419189453,4.54525685513259,10.43999195098877
3.2787909507751465,4.610736476856151,10.4246187210083
3.304434299468994,4.632257959040415,10.430273056030273
3.294511079788208,4.538807059604942,10.49904727935791
3.2770304679870605,4.548387282827337,10.42419147491455
3.3111612796783447,4.519184113945813,10.455102920532227
3.3466827869415283,4.56604999899199,10.370098114013672
3.291612148284912,4.636458665065999,10.441367149353027
3.306743621826172,4.5752356523049205,10.338651657104492
3.3160605430603027,4.574769216556367,10.42236328125
3.3342525959014893,4.557056909294,10.36441421508789
3.289844036102295,4.602541256529678,10.370183944702148
3.3142740726470947,4.5469989326250335,10.393844604492188
3.288170337677002,4.556851094555376,10.404051780700684
3.3667104244232178,4.5952000157308905,10.359420776367188
3.269077777862549,4.536576763859817,10.352145195007324
3.290637254714966,4.59907049935178,10.388439178466797
3.239342451095581,4.587904086868678,10.435322761535645
3.2758736610412598,4.54883457420926,10.427678108215332
3.311596155166626,4.603261584682123,10.437762260437012
3.3297741413116455,4.576726539393089,10.429113388061523
3.383634567260742,4.576959753309243,10.365730285644531
3.368858814239502,4.563216646168647,10.306081771850586
3.32102108001709,4.60178830404766,10.507784843444824
3.3026208877563477,4.519939983762535,10.481197357177734
3.3149166107177734,4.611644308914297,10.391921043395996
3.3429155349731445,4.551984675228596,10.363445281982422
3.365196943283081,4.599461642659403,10.462964057922363
3.3441336154937744,4.608674041827076,10.388544082641602
3.3096837997436523,4.53987669479102,10.331035614013672
3.3686015605926514,4.622791330063982,10.401846885681152
3.318472146987915,4.588229687684881,10.428454399108887
3.283355474472046,4.475272948986718,10.343421936035156
3.319572687149048,4.603482248328094,10.44079303741455
3.3856658935546875,4.626284505772803,10.41830062866211
3.2781293392181396,4.515392933140642,10.462276458740234
3.3129758834838867,4.582303650610681,10.486051559448242
3.393634080886841,4.665944402505245,10.334368705749512
3.3358986377716064,4.545328968404128,10.44664478302002
3.3012659549713135,4.538086367604722,10.41279411315918
3.354976177215576,4.580802283948287,10.366641998291016
3.321359157562256,4.5636148410184045,10.408546447753906
3.292994737625122,4.582452760576936,10.467472076416016
3.268965482711792,4.509955158390637,10.461122512817383
3.3127760887145996,4.545993480798123,10.405034065246582
3.3875181674957275,4.625391022900917,10.432812690734863
3.298100471496582,4.565254157242764,10.434579849243164
3.3361308574676514,4.589185500683795,10.379926681518555
3.362905263900757,4.590243028875972,10.483860969543457
3.3042776584625244,4.597532166999631,10.414999008178711
3.3296189308166504,4.575696098285594,10.381328582763672
3.30667781829834,4.582513661057289,10.397499084472656
3.3093013763427734,4.552557606383094,10.405561447143555
3.241079807281494,4.5877137925542355,10.456055641174316
3.286449670791626,4.637682419602892,10.418753623962402
3.314671754837036,4.54344672876011,10.375153541564941
3.2847378253936768,4.521818123325439,10.388556480407715
3.2960658073425293,4.577699158839615,10.50494384765625
3.319206953048706,4.569968186851059,10.447183609008789
3.325517416000366,4.584033487065296,10.44863510131836
3.320845127105713,4.592473611834326,10.533625602722168
3.3735387325286865,4.557290923648647,10.350019454956055
3.319171905517578,4.600059128931856,10.391395568847656
3.2869935035705566,4.53977217029647,10.45085620880127
3.3251733779907227,4.595187362815653,10.351621627807617
3.2866828441619873,4.518926343049055,10.388436317443848
3.3247907161712646,4.553444231195109,10.49661922454834
3.3580260276794434,4.567922370907452,10.402780532836914
3.2847213745117188,4.518884270086087,10.53546142578125
3.338353157043457,4.572701483199905,10.495580673217773
3.3158061504364014,4.530951848885577,10.349853515625
3.291867256164551,4.522316093689629,10.445941925048828
3.2923583984375,4.4889069892066935,10.419015884399414
3.393183708190918,4.577933246635698,10.433670997619629
3.250453233718872,4.508125326230323,10.368537902832031
3.3366053104400635,4.588459373518292,10.475273132324219
3.2883872985839844,4.516270901009973,10.449346542358398
3.2961835861206055,4.565864789299667,10.432053565979004
3.274141550064087,4.54583723653507,10.334774017333984
3.303006172180176,4.568871651310473,10.524235725402832
3.2887802124023438,4.527504946371275,10.428099632263184
3.3234546184539795,4.533546062851591,10.446245193481445
3.2713069915771484,4.568819465448282,10.377717971801758
3.369866132736206,4.5972244130514035,10.360099792480469
3.3602170944213867,4.561737520553703,10.45666217803955
3.336942672729492,4.585401845696782,10.33862018585205
3.264864921569824,4.504991120858384,10.453937530517578
3.247429132461548,4.542159669633422,10.358820915222168
3.2647435665130615,4.538190291096855,10.379236221313477
3.3371968269348145,4.582980458657923,10.391048431396484
3.244339942932129,4.577817041792774,10.425288200378418
3.24007248878479,4.536710023015205,10.367180824279785
3.3381834030151367,4.601580629790468,10.473331451416016
3.3600406646728516,4.564484678641228,10.444092750549316
3.2807209491729736,4.5139352721494745,10.445640563964844
3.278722047805786,4.578067882651729,10.450986862182617
3.2512362003326416,4.472492083275158,10.454631805419922
3.2832136154174805,4.610402735548892,10.453069686889648
3.3551878929138184,4.624353676768286,10.40580940246582
3.2898364067077637,4.513621969980054,10.474157333374023
3.2900032997131348,4.581194330106623,10.412425994873047
3.3201088905334473,4.5698191499271035,10.434121131896973
3.358142375946045,4.543886316740619,10.464776992797852
3.323726177215576,4.520188623507108,10.477710723876953
3.3120245933532715,4.551640320669061,10.377809524536133
3.339475631713867,4.547357449507607,10.514519691467285
3.309893846511841,4.465409461807992,10.409446716308594
3.2970995903015137,4.577081709667774,10.40223503112793
3.2817542552948,4.535725130699575,10.463143348693848
3.295200824737549,4.539476828915733,10.323781967163086
3.3306119441986084,4.518014491435939,10.422163009643555
3.380493402481079,4.574293535701664,10.343317031860352
3.3280911445617676,4.590125862276182,10.427526473999023
3.320793390274048,4.575500616604196,10.33509349822998
3.269392728805542,4.5158340250408004,10.406473159790039
3.336437702178955,4.4914302563494335,10.453226089477539
3.288815498352051,4.5922959522743305,10.35897445678711
3.2717082500457764,4.56912418268621,10.38807487487793
3.343447208404541,4.490456292705078,10.491432189941406
3.26900315284729,4.534401838634429,10.440357208251953
3.2713801860809326,4.585819947267217,10.428510665893555
3.3362479209899902,4.5904294150615375,10.425092697143555
3.2579610347747803,4.513918640025492,10.384933471679688
3.3655643463134766,4.593358883368118,10.426176071166992
3.279658794403076,4.475841089185061,10.365642547607422
3.299861431121826,4.538707861643551,10.388041496276855
3.3140153884887695,4.519057333336344,10.390671730041504
3.3304224014282227,4.528982337896846,10.47088623046875
3.269429922103882,4.564601641314637,10.471549987792969
3.3005828857421875,4.519405003770121,10.293988227844238
3.296067237854004,4.5435091809236585,10.412260055541992
3.3016109466552734,4.513639451935887,10.372035026550293
3.3181095123291016,4.514845962403343,10.44027042388916
3.286926031112671,4.552796031348407,10.415142059326172
3.252013683319092,4.4904358964413404,10.418693542480469
3.34010910987854,4.5284566876944155,10.436017990112305
3.3241982460021973,4.580825628978865,10.404716491699219
3.309356451034546,4.436765503670488,10.407251358032227
3.2881786823272705,4.536184024664441,10.548990249633789
3.2907557487487793,4.522535538433917,10.411218643188477
3.2955362796783447,4.55851444239462,10.341068267822266
3.252997636795044,4.566939414212746,10.481964111328125
3.28409743309021,4.5031233126231065,10.4839506149292
3.3001883029937744,4.530986272630148,10.461687088012695
3.321366548538208,4.613103014949177,10.342019081115723
3.2762644290924072,4.494024829240516,10.333789825439453
3.304396390914917,4.606170512170397,10.383166313171387
3.360227108001709,4.588358944182151,10.393952369689941
3.3167240619659424,4.507399710959622,10.50558090209961
3.2851474285125732,4.557164568387504,10.34443473815918
3.2556066513061523,4.522717675460235,10.368707656860352
3.324036121368408,4.547079589051593,10.450291633605957
3.418217658996582,4.56625393502015,10.376083374023438
3.26247501373291,4.506177111196198,10.416767120361328
3.3020615577697754,4.5918383632587,10.283912658691406
3.301683187484741,4.4980296804902276,10.395105361938477
3.3493566513061523,4.534868562826888,10.449905395507812
3.324995756149292,4.575458265075992,10.378585815429688
3.3100128173828125,4.546526855423248,10.41168212890625
3.240454912185669,4.518750668370298,10.363765716552734
3.312243938446045,4.522325882521857,10.459636688232422
3.296462297439575,4.5299317266991626,10.484490394592285
3.2921340465545654,4.543450212671555,10.451979637145996
3.2674319744110107,4.526826422861113,10.425077438354492
3.330703020095825,4.548965758444475,10.420305252075195
3.2859063148498535,4.529624304534601,10.471330642700195
3.321333885192871,4.5175991522015195,10.366933822631836
3.3161003589630127,4.549788200362984,10.477920532226562
3.320859909057617,4.613644019900155,10.373285293579102
3.333219289779663,4.555303031478876,10.42789077758789
3.359757900238037,4.527563686449346,10.480308532714844
3.3279004096984863,4.5544016420442075,10.469072341918945
3.325275421142578,4.486185829387978,10.31468391418457
3.315056324005127,4.583932565691482,10.407609939575195
3.3628711700439453,4.53892405181458,10.421043395996094
3.2852237224578857,4.539014464410554,10.431339263916016
3.3272125720977783,4.595321295649878,10.402681350708008
3.298210382461548,4.485547672325213,10.34349250793457
3.222839593887329,4.542203013884968,10.443408012390137
3.326935052871704,4.519642049380179,10.452960968017578
3.2887532711029053,4.567993840235951,10.35008430480957
3.2897486686706543,4.524668054089749,10.391101837158203
3.2810356616973877,4.566155108157545,10.35960865020752
3.2596163749694824,4.510023327145193,10.42698860168457
3.2730932235717773,4.553426167528545,10.379775047302246
3.2821669578552246,4.527769174958978,10.438098907470703
3.3128724098205566,4.5425445794992685,10.435617446899414
3.3423683643341064,4.523723778747288,10.38207721710205
3.260732650756836,4.540680204119002,10.392341613769531
3.2721657752990723,4.5214745792826365,10.419986724853516
3.3562142848968506,4.502938401386408,10.409439086914062
3.2519009113311768,4.581147582735865,10.364801406860352
3.2732365131378174,4.569329506983714,10.499959945678711
3.325314521789551,4.546831541229039,10.365331649780273
3.2570459842681885,4.564659333987428,10.409283638000488
3.3395631313323975,4.538659428146534,10.408205032348633
3.2907872200012207,4.5682396711449,10.422530174255371
3.313305139541626,4.538402953850372,10.365778923034668
3.3131370544433594,4.57168290577829,10.44670295715332
3.301581382751465,4.56571104088133,10.41668701171875
3.344531774520874,4.5609603245476515,10.443138122558594
3.3220155239105225,4.496941171253899,10.46450424194336
3.2704732418060303,4.52748592261092,10.334131240844727
3.294562816619873,4.579569689962747,10.438308715820312
3.3534626960754395,4.537014797097072,10.397600173950195
3.3107783794403076,4.556191172051642,10.298274040222168
3.3329288959503174,4.532632064839293,10.399628639221191
3.3052940368652344,4.533457098994404,10.468338012695312
3.292728900909424,4.509485718228722,10.306558609008789
3.369879961013794,4.541658340920029,10.455771446228027
3.2844796180725098,4.556689416490761,10.368234634399414
3.331817150115967,4.613188792951405,10.370340347290039
3.3024985790252686,4.555371577485597,10.479742050170898
3.3485052585601807,4.586911090549879,10.407893180847168
3.2863717079162598,4.538498481935156,10.453079223632812
3.2941644191741943,4.502691952278838,10.363374710083008
3.329421043395996,4.554026278500845,10.395088195800781
3.290473699569702,4.524573618280036,10.397096633911133
3.308454751968384,4.589016401341984,10.365567207336426
3.327028751373291,4.589234363819872,10.365880012512207
3.25106143951416,4.5367533449150095,10.421091079711914
3.344588279724121,4.540408001846767,10.414958953857422
3.2350497245788574,4.488466301766624,10.398696899414062
3.261406660079956,4.515628523592438,10.478919982910156
3.2671501636505127,4.521434028765984,10.42231273651123
3.2960548400878906,4.691305567310857,10.436015129089355
3.3448734283447266,4.5459190660954585,10.397041320800781
3.2887344360351562,4.50822378016476,10.392189979553223
3.2542922496795654,4.5080704091648975,10.361501693725586
3.344977855682373,4.4982555479343445,10.435968399047852
3.394937753677368,4.533640199573711,10.569645881652832
3.321363687515259,4.549342720336946,10.415657043457031
3.276179075241089,4.530769059966718,10.438455581665039
3.270235300064087,4.5259204849467745,10.443330764770508
3.314554214477539,4.565208728691297,10.345841407775879
3.3025624752044678,4.505130617014532,10.41623306274414
3.3077352046966553,4.518613548650007,10.347097396850586
3.2660131454467773,4.544135702108699,10.387504577636719
3.2473936080932617,4.529691347453212,10.475055694580078
3.294991970062256,4.483361699585139,10.530152320861816
3.3119444847106934,4.5324113482409825,10.430362701416016
3.311985492706299,4.493632020328992,10.489078521728516
3.3773691654205322,4.521417534045343,10.41975212097168
3.287292957305908,4.539513623807579,10.343505859375
3.3250222206115723,4.511424442520365,10.458494186401367
3.193246364593506,4.465563179326377,10.349872589111328
3.240248203277588,4.503091889666394,10.389801025390625
3.2441937923431396,4.516548839464251,10.383111000061035
3.3122782707214355,4.575146091603009,10.428235054016113
3.2071011066436768,4.493915741997106,10.412970542907715
3.243231773376465,4.485895476802917,10.404455184936523
3.263092041015625,4.512434595563849,10.398553848266602
3.2493691444396973,4.519138108306963,10.423490524291992
3.239201784133911,4.523105390170322,10.455642700195312
3.2645699977874756,4.5628575497706025,10.310444831848145
3.273758888244629,4.4933175480525405,10.39555549621582
3.2600159645080566,4.521761456171848,10.394474983215332
3.3099021911621094,4.529266139093255,10.384346008300781
3.221149206161499,4.449985654292894,10.427482604980469
3.344223976135254,4.537796747338559,10.431588172912598
3.330470323562622,4.479203998809681,10.376378059387207
3.283933162689209,4.544005347149712,10.495076179504395
3.289384126663208,4.491078276486536,10.453006744384766
3.3102362155914307,4.5924534073565155,10.460380554199219
3.291182041168213,4.482466870819085,10.325767517089844
3.306006669998169,4.545647686713242,10.343767166137695
3.317628860473633,4.580755159990596,10.438117980957031
3.245598316192627,4.472122447465414,10.472332954406738
3.236679792404175,4.5518180351438255,10.47082233428955
3.3017377853393555,4.530625634161489,10.405280113220215
3.29510235786438,4.5429176525212815,10.442471504211426
3.331115961074829,4.536516872035073,10.376522064208984
3.33413028717041,4.569108735071495,10.383986473083496
3.2947912216186523,4.567512792901002,10.422396659851074
3.336448907852173,4.502731645380013,10.407502174377441
3.2647182941436768,4.434420042970617,10.477325439453125
3.3133575916290283,4.501596054860524,10.347762107849121
3.3634612560272217,4.577376408635506,10.39522933959961
3.30104660987854,4.528597964971724,10.419567108154297
3.2781989574432373,4.5607527326459865,10.47645092010498
3.298637866973877,4.54063976366472,10.438364028930664
3.357517957687378,4.582577372202651,10.472063064575195
3.293440341949463,4.511873306939378,10.375082015991211
3.3253331184387207,4.571172094804102,10.441019058227539
3.293572187423706,4.549221856253487,10.41989803314209
3.2883870601654053,4.518430417769456,10.436866760253906
3.343393564224243,4.623496409938006,10.447265625
3.259894609451294,4.535395033956904,10.443660736083984
3.3014962673187256,4.531207771738992,10.473999977111816
3.2721574306488037,4.523373627004082,10.46478271484375
3.305387258529663,4.477111860910163,10.25267219543457
3.2806973457336426,4.478875093128798,10.452651977539062
3.233741283416748,4.47700120358994,10.441216468811035
3.2750515937805176,4.598601834715478,10.348640441894531
3.3006763458251953,4.549727445235476,10.43177604675293
3.223176956176758,4.568726868135855,10.48774528503418
3.2507877349853516,4.523388871856566,10.358406066894531
3.3029818534851074,4.572044831966715,10.475671768188477
3.244581460952759,4.494778578468998,10.413415908813477
3.285975694656372,4.497573905557926,10.410717010498047
3.326775312423706,4.517994576133788,10.396947860717773
3.307196855545044,4.532768314438207,10.399053573608398
3.293901205062866,4.555350078103531,10.386800765991211
3.3601012229919434,4.532880377988997,10.448134422302246
3.289767265319824,4.572629701911605,10.42924690246582
3.3214120864868164,4.540144934252437,10.444717407226562
3.267781972885132,4.538321086272065,10.438069343566895
3.2911720275878906,4.529581071542842,10.469686508178711
3.3248915672302246,4.5280200584592025,10.381668090820312
3.269770383834839,4.5189926563429506,10.351186752319336
3.2363154888153076,4.541420849073412,10.360349655151367
3.31636118888855,4.533767454259629,10.439521789550781
3.264704465866089,4.554004700322237,10.403548240661621
3.2745494842529297,4.555767357282873,10.405191421508789
3.360258102416992,4.496378424078491,10.337827682495117
3.333475351333618,4.543313261188035,10.390599250793457
3.3430399894714355,4.480038575162845,10.415334701538086
3.229574203491211,4.5294580530774375,10.397767066955566
3.295825958251953,4.572608449363282,10.399011611938477
3.325874090194702,4.53737266198732,10.440185546875
3.201220750808716,4.475262855711792,10.413154602050781
3.270998477935791,4.460553983525772,10.395025253295898
3.2876110076904297,4.539458698360249,10.40941047668457
3.2619049549102783,4.507975124587704,10.392040252685547
3.276487112045288,4.48263803610046,10.417457580566406
3.3222179412841797,4.517577734343441,10.39870834350586
3.230767250061035,4.566960275971463,10.426539421081543
3.327380657196045,4.470363126236148,10.364208221435547
3.2919816970825195,4.500302825921348,10.440383911132812
3.3159337043762207,4.477277124899306,10.364556312561035
3.290196418762207,4.511562220951808,10.460748672485352
3.260643243789673,4.491209983326761,10.366691589355469
3.279552936553955,4.521792648227087,10.38947868347168
3.2919323444366455,4.5712721287605484,10.370370864868164
3.2863738536834717,4.571706085964771,10.38957691192627
3.2904341220855713,4.525849960810904,10.413101196289062
3.323239803314209,4.512323682096653,10.423588752746582
3.294236660003662,4.533792796844085,10.323775291442871
3.328179121017456,4.550373864859076,10.359336853027344
3.3661787509918213,4.5464248266403695,10.362441062927246
3.2982022762298584,4.560033200674557,10.41701889038086
3.2865817546844482,4.551111330178434,10.49079704284668
3.2470829486846924,4.504184505203739,10.39080810546875
3.3175699710845947,4.5920055445084085,10.45047664642334
3.3083810806274414,4.4662697925564965,10.444502830505371
3.287247657775879,4.5018154141892275,10.44577693939209
3.2583115100860596,4.494391548779926,10.418014526367188
3.282947540283203,4.4918330386281005,10.456668853759766
3.3224451541900635,4.471619724695172,10.35488510131836
3.2845258712768555,4.521308997346621,10.374341011047363
3.3218555450439453,4.497334319366408,10.454431533813477
3.2411625385284424,4.4796029195256,10.429356575012207
3.3300960063934326,4.513777937407472,10.377386093139648
3.2325401306152344,4.485955440738637,10.36766242980957
3.2899129390716553,4.498443742016597,10.34506607055664
3.304276704788208,4.477000604982354,10.447925567626953
3.2719459533691406,4.516823149652088,10.439831733703613
3.243114948272705,4.521720253463302,10.512070655822754
3.3503646850585938,4.507574161847255,10.353424072265625
3.287322521209717,4.47712488326111,10.356860160827637
3.248669147491455,4.499435765568965,10.41804027557373
3.345430374145508,4.599316342434447,10.4811372756958
3.3144137859344482,4.485831613951762,10.450397491455078
3.252713918685913,4.535027577708076,10.420988082885742
3.347280502319336,4.543023951152073,10.428054809570312
3.2206435203552246,4.507640774528097,10.431327819824219
3.247654914855957,4.517795285343059,10.371758460998535
3.297436237335205,4.5029582671954165,10.384632110595703
3.286879777908325,4.4841968715856115,10.388659477233887
3.293588638305664,4.510685883661997,10.467870712280273
3.2661030292510986,4.478827033225182,10.328120231628418
3.3490257263183594,4.508780530720418,10.409488677978516
3.3422091007232666,4.546722495529268,10.408406257629395
3.2598915100097656,4.475791826977261,10.42526912689209
3.2812817096710205,4.580963501573674,10.421989440917969
3.2445459365844727,4.512226067051026,10.392374038696289
3.349731683731079,4.569275798908036,10.425179481506348
3.2924001216888428,4.584899825642683,10.371289253234863
3.2055962085723877,4.504231325882886,10.45161247253418
3.265162944793701,4.518683174525254,10.362034797668457
3.300316572189331,4.527186288298773,10.415494918823242
3.27138090133667,4.5087632431449105,10.29151725769043
3.199445962905884,4.541621215608237,10.378235816955566
3.315361976623535,4.534438520503629,10.370402336120605
3.2475032806396484,4.470185866512891,10.463767051696777
3.2576138973236084,4.513879105648292,10.401701927185059
3.254456043243408,4.550804884405807,10.372982025146484
3.26987624168396,4.540873897128872,10.425857543945312
3.3191709518432617,4.613221618812531,10.446949005126953
3.26869797706604,4.572959943508198,10.418624877929688
3.2836928367614746,4.497548813000321,10.37682819366455
3.2173237800598145,4.4767120853066436,10.525923728942871
3.2989420890808105,4.443257364444434,10.40967082977295
3.276880979537964,4.525879533994677,10.479832649230957
3.3190300464630127,4.503352871364249,10.423476219177246
3.269110679626465,4.550369553800139,10.34632682800293
3.2920150756835938,4.516279824177867,10.462111473083496
3.2613039016723633,4.478481963842309,10.464860916137695
3.312121868133545,4.576385786158166,10.464287757873535
3.2848639488220215,4.522960750585688,10.387306213378906
3.314883232116699,4.4813460408643415,10.346585273742676
3.299433946609497,4.520293386386974,10.48646354675293
3.2658519744873047,4.509358392795549,10.39927864074707
3.2102015018463135,4.558618075214326,10.325471878051758
3.2516791820526123,4.517889540709023,10.416075706481934
3.2320985794067383,4.50226727437361,10.456669807434082
3.3242075443267822,4.478236944980121,10.373117446899414
3.298840045928955,4.521414143931387,10.401448249816895
3.2985739707946777,4.50705034837925,10.47219467163086
3.3414039611816406,4.470630737054827,10.412693977355957
3.2567265033721924,4.5071099015684535,10.437542915344238
3.3177716732025146,4.5165619505236725,10.442983627319336
3.2660326957702637,4.491828640623551,10.439654350280762
3.2877399921417236,4.524826105318165,10.379293441772461
3.319430112838745,4.546505156505321,10.450478553771973
3.3358213901519775,4.473500850843266,10.345125198364258
3.2409255504608154,4.496161347388157,10.385120391845703
3.307316541671753,4.510926620236464,10.330316543579102
3.3561007976531982,4.530706000414544,10.397265434265137
3.2241599559783936,4.510049878120689,10.43746566772461
3.2608962059020996,4.545057963413585,10.539520263671875
3.299197196960449,4.541138128344236,10.443222045898438
3.29833984375,4.536029510333069,10.464202880859375
3.2341394424438477,4.501889659224877,10.440201759338379
3.329521417617798,4.447164515099887,10.412520408630371
3.3001596927642822,4.5281787754169525,10.405059814453125
3.2847542762756348,4.565312916512735,10.3854341506958
3.2849032878875732,4.549744056205132,10.434619903564453
3.29408860206604,4.5362432231527885,10.477105140686035
3.322476625442505,4.521624990472836,10.418712615966797
3.3260011672973633,4.616184931880396,10.386856079101562
3.2855920791625977,4.5633555246916195,10.34848690032959
3.272501230239868,4.497529818310535,10.421886444091797
3.249011516571045,4.542281573139397,10.356966018676758
3.3178365230560303,4.553146149098341,10.442973136901855
3.3023569583892822,4.5078105793800205,10.457849502563477
3.272313117980957,4.432910194088306,10.464702606201172
3.2903943061828613,4.464786001647424,10.516915321350098
3.317251682281494,4.517662782687694,10.386758804321289
3.2978341579437256,4.45473379874602,10.413707733154297
3.3025641441345215,4.4981097092386335,10.402427673339844
3.2772202491760254,4.496364276224215,10.448240280151367
3.1974546909332275,4.550756554285597,10.425077438354492
3.293628692626953,4.480698740775032,10.365471839904785
3.276738166809082,4.502471252444333,10.483315467834473
3.2617743015289307,4.4713606099332015,10.37441635131836
3.2856409549713135,4.541715551733173,10.393779754638672
3.255067825317383,4.480365818000531,10.380378723144531
3.2899370193481445,4.5374091870949735,10.327598571777344
3.319877862930298,4.508272877927604,10.426239013671875
3.2720227241516113,4.538673475650805,10.401169776916504
3.262507438659668,4.532634330347978,10.328847885131836
3.3407914638519287,4.559421336544412,10.4288969039917
3.3012969493865967,4.455147807785709,10.421487808227539
3.296715259552002,4.494219421009933,10.302694320678711
3.281574249267578,4.431544915806236,10.493298530578613
3.255561113357544,4.470285767689347,10.335604667663574
3.280863046646118,4.492164704882141,10.464883804321289
3.258570432662964,4.474928209059207,10.337013244628906
3.304743528366089,4.512525796790475,10.389873504638672
3.2759900093078613,4.408733564894646,10.434281349182129
3.2423956394195557,4.489282507283081,10.364181518554688
3.373563051223755,4.535313108736383,10.328054428100586
3.298389434814453,4.5070656314492235,10.372718811035156
3.2345428466796875,4.466037378846003,10.362157821655273
3.250293016433716,4.473734130783538,10.303313255310059
3.307802200317383,4.570446332983141,10.450615882873535
3.3450355529785156,4.521192689293198,10.471563339233398
3.360806703567505,4.497040020867384,10.354376792907715
3.314413547515869,4.490744424518197,10.470956802368164
3.2956178188323975,4.501170821088766,10.391324996948242
3.31179141998291,4.574125203769654,10.367942810058594
3.2678465843200684,4.468060682594245,10.40694808959961
3.2480199337005615,4.457499006497009,10.428302764892578
3.224586248397827,4.473598579343941,10.39338493347168
3.3309364318847656,4.522561945486815,10.378605842590332
3.248163938522339,4.448757391190157,10.399152755737305
3.2746665477752686,4.497004016036434,10.408553123474121
3.325687885284424,4.528395694447681,10.33066463470459
3.253275156021118,4.48313315395665,10.400811195373535
3.292311906814575,4.454618961084633,10.410493850708008
3.2844977378845215,4.512762666979273,10.398921966552734
3.2990195751190186,4.5062158797934115,10.401199340820312
3.266697406768799,4.556386551853004,10.372678756713867
3.2757070064544678,4.498690932623244,10.397046089172363
3.2141573429107666,4.503217242026169,10.414508819580078
3.309478759765625,4.560351577354594,10.389209747314453
3.2948575019836426,4.44633035345136,10.369054794311523
3.2606546878814697,4.471997992767553,10.384160995483398
3.2784111499786377,4.496279572103439,10.33258056640625
3.311861515045166,4.531769526490409,10.435478210449219
3.2772305011749268,4.516940193250775,10.439155578613281
3.278453826904297,4.469616409091811,10.417608261108398
3.2151825428009033,4.451856640134273,10.4356050491333
3.3320789337158203,4.514713662776298,10.513601303100586
3.2238376140594482,4.44694654892997,10.466337203979492
3.2507340908050537,4.517974223475903,10.371200561523438
3.2708418369293213,4.515716933412477,10.306754112243652
3.297884225845337,4.532177570176178,10.415731430053711
3.2911086082458496,4.531895784927266,10.458152770996094
3.2691285610198975,4.502635522679027,10.509956359863281
3.2693727016448975,4.4809462923357,10.379321098327637
3.308603286743164,4.525198610832116,10.363666534423828
3.2832000255584717,4.465481962576242,10.419839859008789
3.2090566158294678,4.475131667651501,10.494519233703613
3.2309350967407227,4.471917765048732,10.46041488647461
3.28910756111145,4.537959201161617,10.36696720123291
3.241880416870117,4.5487757275945375,10.422491073608398
3.277430772781372,4.483900405799171,10.441755294799805
3.2157623767852783,4.5119307027198365,10.4041109085083
3.2784478664398193,4.532870083382088,10.435547828674316
3.246974229812622,4.456206455061744,10.388374328613281
3.2526988983154297,4.446470674393433,10.395812034606934
3.3086366653442383,4.545918719909553,10.353560447692871
3.2807958126068115,4.476533870245994,10.435285568237305
3.2646560668945312,4.566085155920258,10.252877235412598
3.3024742603302,4.452271975976017,10.436203956604004
3.2895264625549316,4.4747052166744,10.348121643066406
3.241058588027954,4.484867562672922,10.420598983764648
3.265458106994629,4.519743617357952,10.395147323608398
3.240246295928955,4.448478410552656,10.464437484741211
3.254701614379883,4.52692027320154,10.433572769165039
3.26434326171875,4.546628780696275,10.444339752197266
3.291558027267456,4.530738939431362,10.396222114562988
3.2532827854156494,4.536334980645084,10.391473770141602
3.2344515323638916,4.498256995176365,10.473536491394043
3.2690677642822266,4.429711809049228,10.370123863220215
3.295391798019409,4.50666104283716,10.386419296264648
3.3200786113739014,4.475069626700133,10.355949401855469
3.229041814804077,4.517835906374135,10.398686408996582
3.249356985092163,4.535248611388462,10.403322219848633
3.271232843399048,4.480861552791404,10.392873764038086
3.324974298477173,4.519655196927488,10.425994873046875
3.278907060623169,4.489478364753137,10.505681991577148
3.30948805809021,4.495477563535262,10.37989616394043
3.246452808380127,4.478598423900881,10.371842384338379
3.266218662261963,4.465867445271995,10.407922744750977
3.211150884628296,4.516448477416166,10.341706275939941
3.212202548980713,4.4341121345891485,10.38749885559082
3.281702995300293,4.518794441263058,10.479827880859375
3.296509265899658,4.4809504205560575,10.426694869995117
3.309386968612671,4.507327650474117,10.447690963745117
3.2402122020721436,4.486317323121641,10.407888412475586
3.2000434398651123,4.510971289626988,10.365142822265625
3.331416606903076,4.498186966171488,10.383968353271484
3.270773410797119,4.495582090524424,10.358641624450684
3.251650810241699,4.497555254226817,10.431974411010742
3.286003351211548,4.554421410829361,10.413817405700684
3.30279541015625,4.462769729550928,10.388266563415527
3.2910358905792236,4.492612455871754,10.385031700134277
3.2766711711883545,4.48705129285476,10.476860046386719
3.290138006210327,4.502458451182715,10.407694816589355
3.222052574157715,4.497178323134514,10.373607635498047
3.1911723613739014,4.472455712467698,10.418695449829102
3.3373661041259766,4.544138442192758,10.38325309753418
3.29328989982605,4.456072368725602,10.338095664978027
3.2865655422210693,4.511476654958512,10.43468189239502
3.272268056869507,4.538098740457956,10.325905799865723
3.3714325428009033,4.542100037581155,10.437454223632812
3.2556726932525635,4.5847503544563155,10.434159278869629
3.3280537128448486,4.484495761604713,10.363759994506836
3.241014003753662,4.4247670884776324,10.509658813476562
3.264437198638916,4.466721905761265,10.38885498046875
3.2783117294311523,4.395908236836216,10.483702659606934
3.245728015899658,4.481047587968143,10.345756530761719
3.281873941421509,4.4256774773821235,10.427841186523438
3.3554799556732178,4.506185013834121,10.390090942382812
3.2459957599639893,4.432790109821196,10.417461395263672
3.278674602508545,4.4791229473027805,10.375648498535156
3.2470059394836426,4.481069531158678,10.406717300415039
3.3061418533325195,4.515718110870304,10.361564636230469
3.270580768585205,4.483177038342028,10.447699546813965
3.3147826194763184,4.436311035649851,10.475013732910156
3.238185167312622,4.505065778702763,10.394172668457031
3.2510085105895996,4.522260845605551,10.45822525024414
3.308121919631958,4.583361710455002,10.39825439453125
3.319591999053955,4.518371236543836,10.493282318115234
3.3466014862060547,4.541535273393882,10.456146240234375
3.313537120819092,4.513450797946592,10.462952613830566
3.213655710220337,4.424157565625917,10.395660400390625
3.2588815689086914,4.492241778909894,10.431097984313965
3.248685121536255,4.489811980331849,10.515247344970703
3.258188009262085,4.466035321487912,10.453489303588867
3.270998954772949,4.524520129597347,10.421297073364258
3.2728383541107178,4.494810479460283,10.41396713256836
3.2691311836242676,4.474642397436713,10.448716163635254
3.277090311050415,4.533705581212415,10.399435043334961
3.2745182514190674,4.503205843735486,10.451627731323242
3.2502946853637695,4.49824707955122,10.427969932556152
3.309725522994995,4.50306668601531,10.302793502807617
3.282609224319458,4.5191812120444546,10.379934310913086
3.2769742012023926,4.39445034351333,10.431380271911621
3.3113834857940674,4.4860632293857625,10.362874031066895
3.210875988006592,4.532856049215687,10.396738052368164
3.2643442153930664,4.549069410189986,10.371638298034668
3.2674007415771484,4.450953805253708,10.416865348815918
3.314739942550659,4.504307371730517,10.413871765136719
3.2205119132995605,4.461567516106048,10.433439254760742
3.238084554672241,4.463764988617705,10.409706115722656
3.2962698936462402,4.567854313745296,10.364721298217773
3.290501117706299,4.487314538764102,10.427507400512695
3.299010992050171,4.518127246793093,10.382726669311523
3.2593019008636475,4.496077662034493,10.410569190979004
3.2409963607788086,4.495108564284497,10.492535591125488
3.269475221633911,4.551873822430415,10.42371940612793
3.353280544281006,4.568238217882547,10.42274284362793
3.242055892944336,4.533774221382503,10.39419937133789
3.269346237182617,4.539343474632395,10.380548477172852
3.215101480484009,4.44092067184725,10.404321670532227
3.270953416824341,4.537731157881873,10.372291564941406
3.3090031147003174,4.543609617211457,10.429898262023926
3.262838840484619,4.5309757860710045,10.360294342041016
3.284043788909912,4.554062790037799,10.44455623626709
3.3133885860443115,4.508234306271853,10.422213554382324
3.2551794052124023,4.479816840762006,10.299489974975586
3.3185713291168213,4.549860840763099,10.425668716430664
3.272962808609009,4.4939288690220565,10.389739990234375
3.2257208824157715,4.4958424278801035,10.442398071289062
3.2155115604400635,4.525722345769672,10.42428970336914
3.2907044887542725,4.57736370413165,10.452474594116211
3.259532928466797,4.442416170113055,10.342439651489258
3.245997905731201,4.513330138853884,10.392449378967285
3.2454946041107178,4.519949956231617,10.389942169189453
3.313276767730713,4.5194934091331165,10.448774337768555
3.3070755004882812,4.607975098537281,10.39684009552002
3.218277931213379,4.502500466170854,10.37850284576416
3.3197240829467773,4.545023595315538,10.423833847045898
3.244873285293579,4.515049849137929,10.454591751098633
3.219618797302246,4.47303901885503,10.377228736877441
3.251483917236328,4.520097857241386,10.413042068481445
3.2646210193634033,4.485315152510468,10.370014190673828
3.2601587772369385,4.392690033651888,10.389716148376465
3.307739734649658,4.459682902820143,10.46972370147705
3.3057451248168945,4.50978451325292,10.365119934082031
3.204939126968384,4.5042987952474505,10.302922248840332
3.2378427982330322,4.479368740859042,10.401436805725098
3.2475268840789795,4.562713284245027,10.399609565734863
3.231971502304077,4.491447471281779,10.361495018005371
3.225283145904541,4.416725672216022,10.434818267822266
3.2844696044921875,4.463219595241494,10.38715934753418
3.2792704105377197,4.5344877359457305,10.411684036254883
3.27376389503479,4.469193934030565,10.4511079788208
3.2674522399902344,4.51359909443584,10.343353271484375
3.288201332092285,4.491843538125976,10.440858840942383
3.262885332107544,4.482366703184588,10.419777870178223
3.2459115982055664,4.5170445855973025,10.400873184204102
3.215294361114502,4.390517964626529,10.464009284973145
3.2921969890594482,4.469342461554334,10.428686141967773
3.2870450019836426,4.493617602424431,10.349621772766113
3.2727625370025635,4.499447422867108,10.388816833496094
3.247997999191284,4.503718218899198,10.419889450073242
3.2429864406585693,4.4572425398177336,10.429649353027344
3.3436527252197266,4.479536213080532,10.423347473144531
3.2615597248077393,4.517991490662098,10.479668617248535
3.240962266921997,4.445618166521724,10.41855525970459
3.3066864013671875,4.478428175373534,10.443937301635742
3.247687816619873,4.502749137547133,10.378771781921387
3.271942377090454,4.5022650857655595,10.417247772216797
3.262162208557129,4.513622022466734,10.433462142944336
3.250692844390869,4.42780768994375,10.434127807617188
3.294613838195801,4.490500564021723,10.378894805908203
3.307450532913208,4.496289327840453,10.489309310913086
3.2859082221984863,4.470341371272558,10.457680702209473
3.2383036613464355,4.415655427146702,10.471691131591797
3.1832244396209717,4.430808861773195,10.460572242736816
3.250788927078247,4.42064704114039,10.399213790893555
3.2052996158599854,4.485227083255138,10.381893157958984
3.299055337905884,4.484240099654666,10.408452987670898
3.2884933948516846,4.50589502609468,10.487319946289062
3.226943254470825,4.455148608157677,10.45682430267334
3.264303207397461,4.474257553129324,10.4312744140625
3.3214304447174072,4.547526307670133,10.490802764892578
3.233057975769043,4.487330600818885,10.354480743408203
3.2388453483581543,4.47626620551039,10.488897323608398
3.2578163146972656,4.503456365350368,10.425924301147461
3.3006961345672607,4.523663742467761,10.444883346557617
3.290576696395874,4.469336263502814,10.413090705871582
3.276923179626465,4.519458815754791,10.372840881347656
3.2402725219726562,4.507066714477593,10.387852668762207
3.2657692432403564,4.530202358495444,10.453134536743164
3.2279720306396484,4.497184278609763,10.47695541381836
3.2916715145111084,4.463592898466492,10.418802261352539
3.2908382415771484,4.417808522403773,10.382610321044922
3.265152931213379,4.4083153298457285,10.442723274230957
3.2420544624328613,4.471416688590709,10.412534713745117
3.236456871032715,4.509580367045212,10.455530166625977
3.2727179527282715,4.476581517906327,10.386601448059082
3.2084035873413086,4.469871940789744,10.364128112792969
3.2864840030670166,4.504900567000733,10.400956153869629
3.2978675365448,4.525131958403757,10.390007019042969
3.291966676712036,4.519103505681935,10.454090118408203
3.259779453277588,4.453743080608547,10.384824752807617
3.279468536376953,4.514521074847186,10.4024076461792
3.240260601043701,4.493579238254045,10.418696403503418
3.2711758613586426,4.409932073704632,10.406148910522461
3.244536876678467,4.5212198023551275,10.416102409362793
3.2769789695739746,4.5497662425706435,10.476873397827148
3.2720413208007812,4.420468781742135,10.434110641479492
3.242489814758301,4.493508059764281,10.512466430664062
3.3050553798675537,4.480793046000015,10.504920959472656
3.287163019180298,4.529572328386296,10.490351676940918
3.2822763919830322,4.588349243293383,10.457125663757324
3.216765880584717,4.4493901118237,10.335088729858398
3.303891897201538,4.479876232499789,10.399125099182129
3.2309205532073975,4.522697921509722,10.481048583984375
3.2517075538635254,4.515482056220728,10.367209434509277
3.254316568374634,4.472210036091774,10.438417434692383
3.227262020111084,4.495948940715087,10.483938217163086
3.2818565368652344,4.4616984198468606,10.414118766784668
3.301394462585449,4.482002513749259,10.390533447265625
3.2873027324676514,4.531266660529322,10.445531845092773
3.2580580711364746,4.484730122112004,10.502629280090332
3.315991163253784,4.500663508228691,10.4449462890625
3.3188953399658203,4.474984871223569,10.451108932495117
3.2959189414978027,4.512107790614079,10.492581367492676
3.2649731636047363,4.522315591972853,10.41566276550293
3.2385241985321045,4.470942141355149,10.368680953979492
3.3597912788391113,4.495230402930507,10.388047218322754
3.223726511001587,4.4113004778378775,10.383904457092285
3.2042253017425537,4.475466461286747,10.47928237915039
3.304621458053589,4.549058049152206,10.425920486450195
3.257737874984741,4.459077746806933,10.44833755493164
3.2657105922698975,4.479948193865962,10.4877290725708
3.2992334365844727,4.481151354199808,10.453516960144043
3.2281556129455566,4.381341874732502,10.406953811645508
3.2355175018310547,4.472332138568163,10.411109924316406
3.243001699447632,4.428020886478147,10.437480926513672
3.31109619140625,4.480728125665338,10.356491088867188
3.27690052986145,4.468010149729837,10.445610046386719
3.295107126235962,4.553922079570059,10.403855323791504
3.328737735748291,4.552441755675577,10.429174423217773
3.2099368572235107,4.446009812876582,10.397089004516602
3.256516695022583,4.492998969242242,10.381227493286133
3.285198211669922,4.503337996213563,10.44216537475586
3.3019585609436035,4.507892355223053,10.431498527526855
3.242593288421631,4.40021673393702,10.423839569091797
3.310628890991211,4.4883773389072825,10.37139892578125
3.2622530460357666,4.465274615878506,10.463678359985352
3.309678792953491,4.465403657739184,10.386407852172852
3.2537989616394043,4.4824410333364675,10.380989074707031
3.248243570327759,4.473794141518218,10.314892768859863
3.2571797370910645,4.502502168728305,10.395160675048828
3.2510392665863037,4.480453660112938,10.430452346801758
3.208629846572876,4.501317173874538,10.357295989990234
3.265699625015259,4.385781013074198,10.446852684020996
3.288733720779419,4.4565755370339115,10.481064796447754
3.2357118129730225,4.476729349033641,10.485067367553711
3.264573574066162,4.50248492931548,10.38998031616211
3.251363515853882,4.4660053750433555,10.391294479370117
3.274629831314087,4.452253885999588,10.341461181640625
3.283809185028076,4.492967953473062,10.44076156616211
3.297762870788574,4.520572731969877,10.506614685058594
3.254490375518799,4.402867215286408,10.35456371307373
3.2588229179382324,4.466757229462798,10.43284797668457
3.322960615158081,4.481225880993796,10.395071029663086
3.347689390182495,4.445036238358755,10.348960876464844
3.242382287979126,4.467325126885304,10.432563781738281
3.269392490386963,4.43391451239586,10.36186695098877
3.28159236907959,4.463215533777007,10.375146865844727
3.2285401821136475,4.457196329587272,10.480730056762695
3.184488296508789,4.447643996848326,10.42143440246582
3.3036022186279297,4.4953763627646754,10.431084632873535
3.2710423469543457,4.576947400911845,10.405702590942383
3.224334239959717,4.452215943651806,10.356803894042969
3.241647243499756,4.441056955007038,10.371511459350586
3.246095895767212,4.462561211814838,10.424623489379883
3.2113430500030518,4.433656932320446,10.448436737060547
3.2518012523651123,4.492500579350495,10.335742950439453
3.2670068740844727,4.524237741682945,10.46484375
3.2563512325286865,4.4342159592945665,10.42839527130127
3.2856099605560303,4.3946253018054575,10.452930450439453
3.325392007827759,4.50545507539729,10.490199089050293
3.2259604930877686,4.461166610076491,10.471014022827148
3.2969820499420166,4.510746395681053,10.35813045501709
3.2380411624908447,4.4084696006029835,10.361278533935547
3.194209098815918,4.438357772239084,10.408149719238281
3.252516269683838,4.527955600093784,10.438774108886719
3.172231435775757,4.496723604554842,10.377440452575684
3.2231087684631348,4.441194398494969,10.406898498535156
3.254179000854492,4.487039581307077,10.464691162109375
3.269920587539673,4.403908493097074,10.443593978881836
3.1793038845062256,4.450972880070496,10.444013595581055
3.283810615539551,4.456086572991418,10.415102005004883
3.271399736404419,4.407367146474177,10.391366958618164
3.3394649028778076,4.531233680999971,10.385804176330566
3.2708165645599365,4.481926111570958,10.376030921936035
3.298624038696289,4.533223282612328,10.509262084960938
3.2737278938293457,4.502209504500829,10.430733680725098
3.2179102897644043,4.4654750795369695,10.345597267150879
3.2553153038024902,4.498668659644733,10.430429458618164
3.242447853088379,4.4562148821673215,10.430285453796387
3.2678678035736084,4.445652487887337,10.42455005645752
3.211681604385376,4.414694538406496,10.470359802246094
3.244410514831543,4.412764062339972,10.4139404296875
3.295308828353882,4.459561291516626,10.354116439819336
3.2936601638793945,4.463941399473697,10.312726020812988
3.2095866203308105,4.462499236987371,10.458158493041992
3.2384121417999268,4.417178789586095,10.4505615234375
3.2960023880004883,4.494030234603478,10.455595970153809
3.2288966178894043,4.485067035071552,10.416595458984375
3.2348170280456543,4.428583311748558,10.548726081848145
3.296198606491089,4.492413445076506,10.473658561706543
3.259690999984741,4.440840515274821,10.41629409790039
3.2639126777648926,4.465460191247985,10.406447410583496
3.3101089000701904,4.437642104923725,10.365419387817383
3.30116868019104,4.434110422352595,10.458101272583008
3.316673994064331,4.438840200259749,10.471732139587402
3.2690954208374023,4.446352968890486,10.400262832641602
3.264822483062744,4.411046011306878,10.40993881225586
3.282106637954712,4.4764675708221535,10.429458618164062
3.2090229988098145,4.493577208236925,10.426414489746094
3.3228352069854736,4.526170227942722,10.369731903076172
3.230696201324463,4.470850673703743,10.386146545410156
3.251411199569702,4.449387044446277,10.384932518005371
3.271902084350586,4.4570442472052365,10.441954612731934
3.268874406814575,4.465899907917316,10.372610092163086
3.2041916847229004,4.459959531834881,10.439641952514648
3.2282216548919678,4.432141462440735,10.360837936401367
3.3084797859191895,4.500185895711184,10.477238655090332
3.2192370891571045,4.443030531850776,10.392927169799805
3.192603826522827,4.488776009363521,10.40957260131836
3.1972806453704834,4.44314059149474,10.42144775390625
3.2278225421905518,4.452223065275965,10.478052139282227
3.2668018341064453,4.540207364130765,10.490795135498047
3.2599992752075195,4.468003120040521,10.504329681396484
3.2627642154693604,4.425811064928505,10.45007038116455
3.2665820121765137,4.474000537934314,10.356740951538086
3.245039701461792,4.408973577731688,10.36616039276123
3.1821441650390625,4.420407124196312,10.437625885009766
3.2327880859375,4.460460117485907,10.338960647583008
3.2969088554382324,4.440303695022261,10.361160278320312
3.278266429901123,4.473106407560408,10.385435104370117
3.258737802505493,4.536583396639409,10.4177827835083
3.2037367820739746,4.456995005918933,10.382156372070312
3.195864677429199,4.451348678308673,10.471015930175781
3.294692039489746,4.4780166779777835,10.392009735107422
3.2359113693237305,4.509307883014637,10.441866874694824
3.231271505355835,4.412659237161279,10.403654098510742
3.3212287425994873,4.418573471551229,10.419326782226562
3.256859302520752,4.511215693949323,10.427328109741211
3.190131902694702,4.457597161643207,10.410722732543945
3.2515642642974854,4.5389554738399704,10.403575897216797
3.2384204864501953,4.474383961941515,10.37978744506836
3.257190465927124,4.4395323941218,10.40958023071289
3.3043086528778076,4.529626964791013,10.383520126342773
3.2705330848693848,4.458540610503405,10.49444580078125
3.2018344402313232,4.431942232917728,10.375919342041016
3.2427151203155518,4.487303964860205,10.480262756347656
3.256643056869507,4.457656001239749,10.46014404296875
3.2475087642669678,4.479273270649303,10.407693862915039
3.276944398880005,4.461507524962403,10.377927780151367
3.30434513092041,4.490783505308042,10.466402053833008
3.2495129108428955,4.50435963243113,10.463563919067383
3.228562355041504,4.420357656731669,10.351078987121582
3.2235584259033203,4.498043948451856,10.47962474822998
3.205709218978882,4.42656160322284,10.3685941696167
3.2546145915985107,4.469917446607724,10.404936790466309
3.3122544288635254,4.5037654182940186,10.342897415161133
3.2104294300079346,4.418124411521212,10.380133628845215
3.27211856842041,4.459338858490809,10.467289924621582
3.239858865737915,4.431514350797182,10.475881576538086
3.2913708686828613,4.460661797252085,10.442529678344727
3.214960813522339,4.4387348707033585,10.338417053222656
3.3290627002716064,4.467543643965784,10.46892261505127
3.2762246131896973,4.435108883505953,10.476999282836914
3.311450719833374,4.552726830189515,10.353930473327637
3.260634183883667,4.426746076438577,10.406096458435059
3.240900993347168,4.458551954045626,10.475136756896973
3.2111928462982178,4.460453906628702,10.380998611450195
3.3126962184906006,4.513873732482482,10.453149795532227
3.2481460571289062,4.479435766348614,10.395795822143555
3.2417218685150146,4.472908388424132,10.35955810546875
3.2532832622528076,4.494719233164298,10.391373634338379
3.2897260189056396,4.406299743435478,10.33660888671875
3.2990872859954834,4.481366913499576,10.408991813659668
3.202302932739258,4.437857248254919,10.487032890319824
3.1928141117095947,4.540567447996831,10.427148818969727
3.2435550689697266,4.450632437298607,10.370085716247559
3.237952470779419,4.478401953886662,10.309743881225586
3.2167224884033203,4.458807903940656,10.366637229919434
3.231217384338379,4.411528432775023,10.384474754333496
3.2768099308013916,4.423918707063422,10.359577178955078
3.2226150035858154,4.4464835117105395,10.421370506286621
3.2400875091552734,4.424436614715627,10.464743614196777
3.270979881286621,4.48246734057154,10.405007362365723
3.268718719482422,4.471778915529804,10.328020095825195
3.25561261177063,4.421030599723703,10.394667625427246
3.2991223335266113,4.495363832218572,10.434057235717773
3.2430124282836914,4.4829243886550625,10.44424057006836
3.2316718101501465,4.414860448600458,10.341487884521484
3.235531806945801,4.488486520979287,10.455820083618164
3.1981513500213623,4.457289416110142,10.382852554321289
3.229984998703003,4.519662988338886,10.40312671661377
3.266187906265259,4.453883946108233,10.39133071899414
3.278181314468384,4.493769336591607,10.42280101776123
3.256946086883545,4.459364432043262,10.417197227478027
3.217564821243286,4.477823053852521,10.396833419799805
3.254918336868286,4.437807691449832,10.452725410461426
3.2640068531036377,4.523178943233299,10.453293800354004
3.2846295833587646,4.49459234971021,10.370840072631836
3.2247314453125,4.4527546980950445,10.403349876403809
3.2630176544189453,4.448412516320656,10.386127471923828
3.291578531265259,4.4886583522560874,10.455415725708008
3.2203006744384766,4.422709271511329,10.445398330688477
3.2497119903564453,4.5247590375864615,10.455453872680664
3.226161003112793,4.391585481985073,10.402353286743164
3.235419988632202,4.459616602198886,10.411898612976074
3.2704505920410156,4.496749030226576,10.350769996643066
3.2397255897521973,4.4521520822974185,10.394562721252441
3.2253503799438477,4.453072181836303,10.367671966552734
3.2533962726593018,4.445369432913139,10.456073760986328
3.2776036262512207,4.473160367026659,10.477411270141602
3.2304060459136963,4.464452908241323,10.350484848022461
3.2925233840942383,4.489987452215115,10.386113166809082
3.2211623191833496,4.424723958330495,10.450986862182617
3.2690587043762207,4.478923514418837,10.4737548828125
3.2197554111480713,4.42037149798125,10.396326065063477
3.229581117630005,4.414165377816451,10.43207836151123
3.253199338912964,4.431816200892042,10.468781471252441
3.2156221866607666,4.503385827577274,10.399999618530273
3.2560393810272217,4.489171711927546,10.479339599609375
3.2759652137756348,4.47457975528336,10.385348320007324
3.2175581455230713,4.50096960645169,10.435674667358398
3.2397327423095703,4.494989220618403,10.40759563446045
3.3293631076812744,4.514780992176384,10.463828086853027
3.2589142322540283,4.471816917648539,10.388967514038086
3.1921780109405518,4.422669723297337,10.475411415100098
3.2422709465026855,4.463578174489418,10.471965789794922
3.2549662590026855,4.4929354438292135,10.491960525512695
3.239978075027466,4.482109502024416,10.393198013305664
3.238947629928589,4.427243558157768,10.423358917236328
3.3173015117645264,4.485202953053106,10.403264999389648
3.2602291107177734,4.433235994274063,10.489570617675781
3.240212917327881,4.479801566240244,10.42386245727539
3.197056293487549,4.49358205194585,10.471559524536133
3.2219202518463135,4.383005198856284,10.408380508422852
3.22744083404541,4.536015398401235,10.283370018005371
3.230907440185547,4.507139250602839,10.378532409667969
3.2631871700286865,4.518398897057133,10.428406715393066
3.2038326263427734,4.410373182035983,10.478261947631836
3.2803502082824707,4.4664314344991,10.406250953674316
3.212401866912842,4.463449537920367,10.462884902954102
3.2582993507385254,4.490034438070974,10.44223403930664
3.2691750526428223,4.445191671340061,10.489401817321777
3.2816553115844727,4.41502487323513,10.442428588867188
3.278841972351074,4.464570121939428,10.369827270507812
3.1794111728668213,4.4054817056749025,10.403905868530273
3.2598519325256348,4.471362600136281,10.423056602478027
3.1846725940704346,4.454902792914903,10.41208553314209
3.2570459842681885,4.500926455150226,10.36485481262207
3.3230080604553223,4.401438376101266,10.351490020751953
3.2557101249694824,4.482666513882577,10.541796684265137
3.1957406997680664,4.385327669060124,10.38731861114502
3.2739667892456055,4.49424594314769,10.436220169067383
3.2229137420654297,4.438666755499851,10.348066329956055
3.2661194801330566,4.474786289768027,10.403458595275879
3.2441954612731934,4.482960761890614,10.48290729522705
3.2388710975646973,4.496684867722381,10.392284393310547
3.256115436553955,4.4805206052426785,10.495211601257324
3.2914037704467773,4.477352669495823,10.421953201293945
3.251368999481201,4.4763403979928365,10.465800285339355
3.1671957969665527,4.438611058351983,10.33390998840332
3.2523109912872314,4.452847800483661,10.426514625549316
3.3318352699279785,4.458645219615262,10.305980682373047
3.2674825191497803,4.369418519948211,10.353320121765137
3.2426483631134033,4.457517409231513,10.484347343444824
3.2521438598632812,4.500420224620029,10.427749633789062
3.292081832885742,4.476382302918605,10.313969612121582
3.1982672214508057,4.341349014014537,10.424432754516602
3.1869962215423584,4.452874476921611,10.421453475952148
3.2667810916900635,4.50324386554504,10.429603576660156
3.3084020614624023,4.478151393256017,10.400726318359375
3.218994379043579,4.483654327723863,10.391441345214844
3.239130735397339,4.517897087781291,10.48659610748291
3.238778829574585,4.358871979206535,10.45846939086914
3.2522737979888916,4.450698291716566,10.396073341369629
3.2333896160125732,4.420531502692028,10.321179389953613
3.2339537143707275,4.4371702941467195,10.411190032958984
3.217367649078369,4.4779969747178265,10.424026489257812
3.2227585315704346,4.4356524002339155,10.442380905151367
3.3047423362731934,4.483226593217945,10.458023071289062
3.1935975551605225,4.4500538415741175,10.425907135009766
3.2122488021850586,4.4440169177084625,10.450607299804688
3.298370599746704,4.481297371975546,10.312512397766113
3.292694330215454,4.3904498349209975,10.46478271484375
3.19476580619812,4.468368453472586,10.38840103149414
3.2665209770202637,4.376323283117797,10.424484252929688
3.243152141571045,4.480594219107712,10.472753524780273
3.3412041664123535,4.492651329009927,10.376221656799316
3.199930191040039,4.451077144659524,10.432512283325195
3.258437395095825,4.496977789593594,10.457817077636719
3.212064743041992,4.47268860740587,10.373346328735352
3.336670160293579,4.454330173819991,10.393316268920898
3.2227184772491455,4.370149008464069,10.393338203430176
3.2395129203796387,4.498986107430288,10.404057502746582
3.2818236351013184,4.4412321856444965,10.445837020874023
3.2405333518981934,4.4788944556577395,10.32673454284668
3.2254891395568848,4.436755975774888,10.416115760803223
3.2430505752563477,4.549492298758456,10.452506065368652
3.2105040550231934,4.469544931115316,10.362102508544922
3.236428737640381,4.471339996039335,10.505088806152344
3.2588565349578857,4.481229852785224,10.40697193145752
3.2900567054748535,4.404600707448221,10.431496620178223
3.284669876098633,4.483568012681125,10.453118324279785
3.211881637573242,4.403527526417747,10.34434700012207
3.2533695697784424,4.449529971361958,10.443563461303711
3.293926954269409,4.478507569126253,10.381200790405273
3.241819143295288,4.461834426902767,10.420559883117676
3.2747395038604736,4.509603621737499,10.405437469482422
3.2893807888031006,4.473996200099854,10.421884536743164
3.30753493309021,4.454199257938725,10.467021942138672
3.2818424701690674,4.5090483118380815,10.380424499511719
3.2312049865722656,4.465497718026329,10.46036434173584
3.2672533988952637,4.465850428744619,10.327892303466797
3.2353782653808594,4.448156616085075,10.440546035766602
3.2534995079040527,4.485655632402215,10.43873119354248
3.2628865242004395,4.426951268188921,10.322514533996582
3.2232046127319336,4.48235971241125,10.417966842651367
3.2305748462677,4.407925829158297,10.44031810760498
3.300447940826416,4.47908095350223,10.388555526733398
3.2668821811676025,4.466236608235964,10.372358322143555
3.276381731033325,4.464932823819773,10.414292335510254
3.2290518283843994,4.407905377480866,10.487316131591797
3.2507989406585693,4.4782625457737595,10.34752082824707
3.251322031021118,4.428144936216995,10.344071388244629
3.182413101196289,4.38449826923066,10.416682243347168
3.256814956665039,4.429849399586342,10.508902549743652
3.21628475189209,4.404537926960205,10.404582977294922
3.234199047088623,4.430561541346832,10.425517082214355
3.224919319152832,4.404893541708589,10.435064315795898
3.3293282985687256,4.417278543946201,10.390710830688477
3.2952020168304443,4.4796072027113825,10.41583251953125
3.232642650604248,4.452672013447486,10.446699142456055
3.21573543548584,4.388376938079351,10.452961921691895
3.1902966499328613,4.4391570215978255,10.322992324829102
3.220388889312744,4.447866727232135,10.445945739746094
3.2365283966064453,4.454165332185637,10.315792083740234
3.2550628185272217,4.467784396139905,10.309191703796387
3.318281412124634,4.42465300578624,10.405731201171875
3.2357914447784424,4.485180733492598,10.42502498626709
3.1650333404541016,4.367682180766548,10.402055740356445
3.2563962936401367,4.423820579590808,10.411338806152344
3.283173084259033,4.49510725075379,10.370309829711914
3.254413366317749,4.485328423757372,10.35122013092041
3.239964485168457,4.491723020161901,10.409461975097656
3.3074114322662354,4.537983792301799,10.413439750671387
3.1932454109191895,4.479166137387178,10.396512985229492
3.260272741317749,4.371073850097933,10.507301330566406
3.1833667755126953,4.465067215962335,10.397598266601562
3.287306070327759,4.444972872601024,10.334073066711426
3.2731354236602783,4.44259438158146,10.482551574707031
3.1915385723114014,4.423453812953085,10.388620376586914
3.218536853790283,4.430901114063869,10.350269317626953
3.2690534591674805,4.453410958372323,10.465442657470703
3.2193500995635986,4.416392792415406,10.396644592285156
3.184807062149048,4.39937861306992,10.474894523620605
3.232877492904663,4.478233544621617,10.480384826660156
3.2331485748291016,4.4468871630794755,10.531739234924316
3.2668755054473877,4.454616854898632,10.354750633239746
3.2408361434936523,4.491005108891321,10.434793472290039
3.2761125564575195,4.462134073022753,10.348278999328613
3.1972620487213135,4.4308487791900655,10.447431564331055
3.1810688972473145,4.405551674310118,10.446856498718262
3.261202335357666,4.5201507899244975,10.410184860229492
3.267625570297241,4.411776162717226,10.377126693725586
3.2674832344055176,4.431988553110776,10.41058349609375
3.266705274581909,4.463273025982614,10.490523338317871
3.1666834354400635,4.415107623873545,10.486515045166016
3.2395410537719727,4.420336143812165,10.445999145507812
3.28708553314209,4.4296087337923895,10.426137924194336
3.221768617630005,4.443778927770577,10.465484619140625
3.2377548217773438,4.4953342520831425,10.44287395477295
3.276249885559082,4.415024881849863,10.420679092407227
3.2226569652557373,4.464526248364044,10.40214729309082
3.2898976802825928,4.500407892046495,10.402196884155273
3.237180709838867,4.423636147552835,10.444713592529297
3.2116332054138184,4.48178397508205,10.461796760559082
3.261009454727173,4.426064479031733,10.377374649047852
3.2692112922668457,4.450669518804976,10.413947105407715
3.1966512203216553,4.405162641778589,10.381634712219238
3.2149877548217773,4.348985944043047,10.427141189575195
3.2293317317962646,4.424588551611772,10.450251579284668
3.245032548904419,4.44309540265905,10.29001522064209
3.2259042263031006,4.5119283035331,10.414789199829102
3.2477643489837646,4.429532588326505,10.462655067443848
3.254011631011963,4.44939271630054,10.480520248413086
3.3080451488494873,4.4485027228615115,10.432760238647461
3.241981267929077,4.521670585398429,10.343366622924805
3.2343716621398926,4.428779386815482,10.418197631835938
3.260403633117676,4.454497390559741,10.38487720489502
3.232839822769165,4.459599512296595,10.384017944335938
3.222393035888672,4.4508082588935,10.361539840698242
3.2556276321411133,4.46367351221852,10.408821105957031
3.2137320041656494,4.456723558949307,10.365958213806152
3.244886875152588,4.457061548983413,10.39270305633545
3.303710699081421,4.463841251596542,10.500469207763672
3.26949143409729,4.480301808066932,10.394062042236328
3.1653761863708496,4.474749756976962,10.384437561035156
3.238584041595459,4.471268617049126,10.450241088867188
3.2293004989624023,4.373295675131626,10.35007095336914
3.2005081176757812,4.458109528325233,10.385507583618164
3.246955633163452,4.475673128750975,10.376623153686523
3.2075960636138916,4.488747624281261,10.347481727600098
3.2334258556365967,4.39200316575755,10.432374000549316
3.254542112350464,4.456690923709955,10.385462760925293
3.2844605445861816,4.466408244566992,10.372825622558594
3.225809335708618,4.428107752597757,10.354552268981934
3.203261375427246,4.4274373564403495,10.396697044372559
3.2180914878845215,4.452070631086826,10.469602584838867
3.233342409133911,4.513503169141976,10.396892547607422
3.220426559448242,4.435409279440397,10.437594413757324
3.234232187271118,4.43026761278244,10.442220687866211
3.1624162197113037,4.420830788556486,10.360895156860352
3.301901340484619,4.450478227842333,10.38398551940918
3.2555272579193115,4.433225554380832,10.361004829406738
3.258173704147339,4.4391269961571584,10.481843948364258
3.252563714981079,4.469786734486531,10.483683586120605
3.187492847442627,4.4531271456341655,10.336028099060059
3.2608211040496826,4.411558954743668,10.546228408813477
3.1917035579681396,4.40034387709706,10.477418899536133
3.2176451683044434,4.336298373926963,10.295536994934082
3.1777970790863037,4.391614112670401,10.452488899230957
3.250413417816162,4.485115100330274,10.42538070678711
3.2407965660095215,4.429606693164844,10.494688987731934
3.2074694633483887,4.417893454665318,10.409063339233398
3.2425994873046875,4.4776414131213516,10.451455116271973
3.277819871902466,4.459388240440083,10.413639068603516
3.245616912841797,4.413161295632433,10.418008804321289
3.2136900424957275,4.4968632861439675,10.354836463928223
3.1951417922973633,4.418183921403917,10.406928062438965
3.2687721252441406,4.477790971985086,10.496137619018555
3.293618679046631,4.498353373991059,10.439453125
3.2522616386413574,4.465749285782554,10.395074844360352
3.2918179035186768,4.474891207180917,10.388916015625
3.2080910205841064,4.405597753257358,10.313515663146973
3.2512552738189697,4.400937542818221,10.478116989135742
3.2986042499542236,4.495586042126108,10.405693054199219
3.269160270690918,4.41844734453064,10.474145889282227
3.272212266921997,4.476994436899466,10.46063232421875
3.2219128608703613,4.4622443985925715,10.429460525512695
3.3506040573120117,4.470754610640663,10.375725746154785
3.1765058040618896,4.398831098174144,10.441890716552734
3.237860918045044,4.463737299998424,10.44528865814209
3.2350914478302,4.431661021795922,10.440762519836426
3.1914312839508057,4.450261140940711,10.407468795776367
3.1743671894073486,4.438249453070707,10.444657325744629
3.1619856357574463,4.462263647965821,10.342022895812988
3.228926658630371,4.449120937780077,10.413888931274414
3.2424511909484863,4.444141213915178,10.332120895385742
3.215146541595459,4.502726850598785,10.394257545471191
3.176054000854492,4.408714653791061,10.394617080688477
3.196673631668091,4.445571340520733,10.397415161132812
3.20867919921875,4.438100848313686,10.43814468383789
3.311387062072754,4.461678120473931,10.419612884521484
3.3177645206451416,4.480057494881163,10.399744987487793
3.2274534702301025,4.453974492348996,10.373269081115723
3.2200632095336914,4.396843077681426,10.429375648498535
3.242039203643799,4.438637569513438,10.437074661254883
3.248236894607544,4.516289607521944,10.487800598144531
3.3062710762023926,4.530558479683739,10.387460708618164
3.1924426555633545,4.475016641031418,10.454442024230957
3.247098922729492,4.421493970689231,10.376938819885254
3.2178313732147217,4.442406159526269,10.296292304992676
3.2590551376342773,4.373534923918279,10.424062728881836
3.189741611480713,4.350972492680219,10.403148651123047
3.2770776748657227,4.484357540695263,10.472406387329102
3.269075393676758,4.408938638200717,10.44141674041748
3.249974012374878,4.447352787180405,10.414618492126465
3.207488775253296,4.407277289744732,10.501166343688965
3.3015904426574707,4.457649211665349,10.419957160949707
3.204981565475464,4.376645399789726,10.395509719848633
3.3278801441192627,4.430371419094237,10.502798080444336
3.2861382961273193,4.44996132824703,10.374412536621094
3.256035566329956,4.504487763458331,10.389768600463867
3.215637445449829,4.430083792057952,10.462602615356445
3.2063305377960205,4.439781892645572,10.420238494873047
3.248898506164551,4.48649215036338,10.437385559082031
3.2518861293792725,4.4467143762657155,10.442898750305176
3.291539430618286,4.4262804508408795,10.347349166870117
3.168691635131836,4.374302708211222,10.437207221984863
3.292829751968384,4.415415642816307,10.418322563171387
3.24542236328125,4.5006809567899575,10.372827529907227
3.197780132293701,4.440934136010973,10.420408248901367
3.2134625911712646,4.4108650387996535,10.386006355285645
3.2698793411254883,4.436477874405682,10.409984588623047
3.2411203384399414,4.450080814605046,10.431718826293945
3.255031108856201,4.4232707330957055,10.412242889404297
3.2056453227996826,4.353316218259611,10.401264190673828
3.2990617752075195,4.48253118316643,10.400230407714844
3.2059102058410645,4.403336952373917,10.471118927001953
3.259148597717285,4.452587913422446,10.394298553466797
3.216430425643921,4.41243166276919,10.417332649230957
3.184168577194214,4.424812162827168,10.405123710632324
3.1588902473449707,4.4959463444538414,10.318252563476562
3.2461323738098145,4.462891650352893,10.362812995910645
3.2491071224212646,4.460646845167503,10.5010404586792
3.247737407684326,4.45401679225532,10.420272827148438
3.265624523162842,4.439669769789492,10.359678268432617
3.2130236625671387,4.487923978927679,10.434391021728516
3.2700562477111816,4.484649157417671,10.455185890197754
3.245300054550171,4.443863885776539,10.50693416595459
3.2470147609710693,4.404437214901139,10.396138191223145
3.2328600883483887,4.477159220492467,10.453330039978027
3.2541792392730713,4.456452784128487,10.490595817565918
3.236707925796509,4.454497504214357,10.380379676818848
3.223849296569824,4.480350126046687,10.41146183013916
3.201671838760376,4.4124638263934415,10.364030838012695
3.2757198810577393,4.3820328358893414,10.313804626464844
3.2466366291046143,4.411241746973246,10.375116348266602
3.27062726020813,4.3636712057715545,10.422560691833496
3.216203451156616,4.473047712817787,10.380681991577148
3.2315573692321777,4.469917183475835,10.44143009185791
3.245096445083618,4.361048017961107,10.429675102233887
3.185333013534546,4.392812450383125,10.460182189941406
3.2553746700286865,4.39333618794834,10.441635131835938
3.222410202026367,4.451047000575013,10.39228343963623
3.1835787296295166,4.424526293396151,10.421581268310547
3.220348596572876,4.445842195169202,10.480974197387695
3.2236125469207764,4.379336171550677,10.356328964233398
3.2745397090911865,4.449348440526852,10.465869903564453
3.221975088119507,4.420087440504825,10.358820915222168
3.2093191146850586,4.3971639016776205,10.399900436401367
3.244913101196289,4.426769549060347,10.454730987548828
3.3030619621276855,4.384279581884455,10.413883209228516
3.175410270690918,4.438989994581789,10.503616333007812
3.2405502796173096,4.426654768209638,10.434703826904297
3.211819648742676,4.425862625773464,10.37710189819336
3.207350254058838,4.419021787288199,10.392462730407715
3.1402082443237305,4.39788726308117,10.359282493591309
3.272658109664917,4.431967490485737,10.380064010620117
3.284184455871582,4.4283091804079175,10.339384078979492
3.2284975051879883,4.501199097938038,10.390840530395508
3.225430965423584,4.409920518286525,10.419898986816406
3.224478006362915,4.4178553747811495,10.353973388671875
3.2206623554229736,4.44952798731226,10.422605514526367
3.2391247749328613,4.383834867172742,10.398297309875488
3.2421274185180664,4.40526233021436,10.469655990600586
3.233469009399414,4.471146632418303,10.466144561767578
3.2427568435668945,4.446510979440063,10.48237419128418
3.223510265350342,4.439185143481674,10.321891784667969
3.2121262550354004,4.503018712392077,10.422627449035645
3.2326247692108154,4.466987447879676,10.480134963989258
3.2009918689727783,4.480371808633208,10.416481018066406
3.2290265560150146,4.363861858944542,10.513529777526855
3.182616949081421,4.4620982806996565,10.446115493774414
3.18475341796875,4.475161839609168,10.357965469360352
3.127525806427002,4.382544333747188,10.402322769165039
3.2224459648132324,4.48191071504594,10.409200668334961
3.2562077045440674,4.42895846371539,10.404857635498047
3.240229606628418,4.39194815130239,10.482217788696289
3.219174861907959,4.497029671345705,10.394598960876465
3.2072479724884033,4.3697658096041,10.47396469116211
3.22426700592041,4.403222825145349,10.40932846069336
3.257375478744507,4.470617406402848,10.487643241882324
3.1616899967193604,4.396042689315177,10.349409103393555
3.2301137447357178,4.4605222357370495,10.42506217956543
3.2544896602630615,4.455761931005067,10.451330184936523
3.291590929031372,4.457212575012819,10.399898529052734
3.320643901824951,4.4739711601287135,10.405010223388672
3.2468090057373047,4.40612060283976,10.440799713134766
3.248406171798706,4.489292347238266,10.406712532043457
3.1706440448760986,4.363066230368401,10.438328742980957
3.2013051509857178,4.4144386861340275,10.494280815124512
3.292681932449341,4.468150569225795,10.505332946777344
3.2267119884490967,4.4399343333539685,10.364419937133789
3.1919376850128174,4.424337137656819,10.480855941772461
3.185107469558716,4.451249261819093,10.44144058227539
3.175450563430786,4.430361198327903,10.458379745483398
3.221123218536377,4.437181645871273,10.43293571472168
3.2270474433898926,4.389395136785295,10.453506469726562
3.2089600563049316,4.425715801838253,10.337754249572754
3.3049612045288086,4.556680746975221,10.49269962310791
3.2942957878112793,4.389437528426892,10.365961074829102
3.265378952026367,4.472389565547928,10.422465324401855
3.274988889694214,4.419663944614253,10.369598388671875
3.246584177017212,4.486306069551834,10.48357105255127
3.168386220932007,4.424023327118318,10.429962158203125
3.1966400146484375,4.407923369834732,10.431413650512695
3.2187113761901855,4.46908344647714,10.423973083496094
3.2167880535125732,4.4537450989176115,10.448342323303223
3.1704180240631104,4.425139662709886,10.375972747802734
3.2346174716949463,4.416936503024772,10.447480201721191
3.230145215988159,4.41542526198152,10.349347114562988
3.2357451915740967,4.4146004505455485,10.486223220825195
3.2688820362091064,4.483871582429856,10.375557899475098
3.224372625350952,4.4383319692486625,10.456605911254883
3.27227520942688,4.438418342997985,10.326805114746094
3.1502339839935303,4.447630297359345,10.348332405090332
3.247833013534546,4.380672319426334,10.423844337463379
3.2407748699188232,4.4153328195014705,10.455788612365723
3.2263405323028564,4.47360164861727,10.397427558898926
3.2644026279449463,4.431764565042353,10.295448303222656
3.2446742057800293,4.4088161088792335,10.410361289978027
3.2778751850128174,4.442868090367743,10.383665084838867
3.2238504886627197,4.4093750959062685,10.419182777404785
3.2002084255218506,4.445603701186233,10.442559242248535
3.268155336380005,4.371421253042562,10.528070449829102
3.2118473052978516,4.452686011458614,10.406118392944336
3.2076144218444824,4.322349038507257,10.369466781616211
3.2333192825317383,4.429165287176147,10.449875831604004
3.219942092895508,4.366676581624364,10.465372085571289
3.2309253215789795,4.392875250695007,10.410187721252441
3.2595901489257812,4.4429068666816285,10.446321487426758
3.2428314685821533,4.404742585195762,10.404376983642578
3.2365453243255615,4.481882268895528,10.410062789916992
3.216411828994751,4.517347019465108,10.466596603393555
3.2593677043914795,4.49369666722071,10.39035415649414
3.2200591564178467,4.46304636039505,10.32135009765625
3.2538528442382812,4.380310803784855,10.452947616577148
3.224083662033081,4.426138640048781,10.44078254699707
3.272444009780884,4.413793358685714,10.391905784606934
3.2178430557250977,4.4080819664523005,10.387114524841309
3.278366804122925,4.429836696579255,10.383806228637695
3.2759931087493896,4.397577290290168,10.431055068969727
3.239842414855957,4.455324403808586,10.318107604980469
3.226273775100708,4.384145015917186,10.48244857788086
3.217892646789551,4.453385237670902,10.431742668151855
3.1960654258728027,4.531377920448514,10.38963508605957
3.2667713165283203,4.430216492120443,10.39011287689209
3.2771155834198,4.493903230410069,10.428363800048828
3.2748231887817383,4.456297965321157,10.360350608825684
3.243089199066162,4.385726641431184,10.418977737426758
3.146059989929199,4.336563897685015,10.394845008850098
3.2510175704956055,4.454130795518203,10.458144187927246
3.219329357147217,4.399783047747666,10.466188430786133
3.244042158126831,4.367102386995352,10.424726486206055
3.2283034324645996,4.450737589837185,10.454343795776367
3.221740961074829,4.405133946931788,10.393454551696777
3.2209856510162354,4.410180324788338,10.390545845031738
3.272120475769043,4.4344447519563674,10.379185676574707
3.2256860733032227,4.493524640033554,10.448686599731445
3.247267961502075,4.376042911982429,10.539403915405273
3.203667163848877,4.405904028065769,10.520971298217773
3.2098305225372314,4.426910319964269,10.385761260986328
3.2436256408691406,4.431293877506896,10.307769775390625
3.24712872505188,4.48887807969004,10.395045280456543
3.2116799354553223,4.41870253972177,10.462652206420898
3.1740877628326416,4.3754350408313,10.541794776916504
3.2191569805145264,4.327266226722194,10.387444496154785
3.2480764389038086,4.446261786456619,10.422378540039062
3.2380759716033936,4.388170848667089,10.510648727416992
3.205117702484131,4.363141058777859,10.440521240234375
3.2308809757232666,4.4614381218728205,10.356496810913086
3.2159767150878906,4.39196951118564,10.439628601074219
3.2728476524353027,4.38689004117623,10.402425765991211
3.2368576526641846,4.3994566126327435,10.442800521850586
3.1741294860839844,4.444555595018236,10.47055435180664
3.160912275314331,4.357604137555297,10.426820755004883
3.216850757598877,4.350666130294225,10.426891326904297
3.205233335494995,4.426191688448723,10.425344467163086
3.276357412338257,4.485903993115893,10.338120460510254
3.2464334964752197,4.38078407444326,10.445996284484863
3.2251992225646973,4.371773886394555,10.369577407836914
3.2136127948760986,4.436263112351298,10.453338623046875
3.2091031074523926,4.301948294608987,10.398417472839355
3.253405809402466,4.462873403947535,10.413582801818848
3.246587038040161,4.4732142767336756,10.484707832336426
3.220409631729126,4.405915715864726,10.443249702453613
3.2330780029296875,4.40115663232947,10.474056243896484
3.1931097507476807,4.503999561703365,10.355795860290527
3.344045877456665,4.434186186508408,10.521882057189941
3.2335634231567383,4.482629918892469,10.39481258392334
3.2293593883514404,4.454045139186617,10.416133880615234
3.260802984237671,4.424243793456949,10.400679588317871
3.208401679992676,4.4222786493067225,10.478116989135742
3.1925158500671387,4.385984503131891,10.393081665039062
3.177154779434204,4.418913200165012,10.459226608276367
3.2624218463897705,4.432888378455703,10.38725471496582
3.1902246475219727,4.43710374762304,10.391462326049805
3.1808736324310303,4.362112422673298,10.322103500366211
3.272029161453247,4.378881823570867,10.308067321777344
3.222956895828247,4.429819131502881,10.355182647705078
3.2803966999053955,4.4620534374179055,10.370861053466797
3.2299673557281494,4.390207523313751,10.39188003540039
3.255615472793579,4.409029865936776,10.443182945251465
3.256053924560547,4.3878531916000485,10.411615371704102
3.185028553009033,4.424146865760641,10.384869575500488
3.24531888961792,4.460603564279154,10.363008499145508
3.2346184253692627,4.422543565509841,10.447564125061035
3.2371463775634766,4.4588752588190665,10.317623138427734
3.221783399581909,4.404148663360891,10.420744895935059
3.3118484020233154,4.445542703415931,10.37391471862793
3.248093366622925,4.463764186449615,10.364591598510742
3.1943371295928955,4.447897349550788,10.371898651123047
3.277127742767334,4.478036842275676,10.408498764038086
3.262193441390991,4.47904861056512,10.388738632202148
3.2334542274475098,4.381268754568217,10.424126625061035
3.2630081176757812,4.3805815150096485,10.438005447387695
3.2171101570129395,4.438639552166153,10.40218448638916
3.169611930847168,4.377016197091767,10.483393669128418
3.179529905319214,4.3962199504021555,10.428730010986328
3.281404495239258,4.4437015799672475,10.493539810180664
3.2035486698150635,4.359641403924408,10.451242446899414
3.208639144897461,4.363814476245482,10.362924575805664
3.2284765243530273,4.421477578480594,10.313427925109863
3.2497241497039795,4.435646620612325,10.34080696105957
3.2294704914093018,4.411984211432615,10.44070053100586
3.2739381790161133,4.3860589493997395,10.434814453125
3.243807554244995,4.400157643415566,10.442018508911133
3.253099203109741,4.4086289250158845,10.388105392456055
3.2453629970550537,4.388615428170722,10.419443130493164
3.199111223220825,4.382582872507296,10.39368724822998
3.227325916290283,4.391197670783315,10.437108039855957
3.1696999073028564,4.43990951723286,10.357795715332031
3.2137491703033447,4.387137519262199,10.33397102355957
3.234630823135376,4.464460785899843,10.37671947479248
3.213486671447754,4.405171746587647,10.413138389587402
3.236687183380127,4.448410603350826,10.420791625976562
3.259444236755371,4.415342934030507,10.570560455322266
3.22052264213562,4.497258126835471,10.428237915039062
3.1844303607940674,4.3864297168994595,10.44096851348877
3.259422540664673,4.416005115457145,10.411389350891113
3.183718681335449,4.453589882069666,10.334833145141602
3.201418876647949,4.407473164211426,10.544598579406738
3.1795599460601807,4.445412077009679,10.397296905517578
3.178060293197632,4.3955833909567446,10.431865692138672
3.2256410121917725,4.46647951149914,10.471524238586426
3.1934025287628174,4.446343627392447,10.451871871948242
3.224550485610962,4.3889763267112105,10.444735527038574
3.218651056289673,4.410087073753987,10.402057647705078
3.199824810028076,4.413217786100826,10.404889106750488
3.235929489135742,4.443982484251527,10.430109024047852
3.1974198818206787,4.411590429854446,10.406604766845703
3.1740903854370117,4.324662296533851,10.438446044921875
3.2124509811401367,4.3345917836164265,10.485535621643066
3.1768782138824463,4.350680283170991,10.422404289245605
3.21362042427063,4.416196177813357,10.469244003295898
3.2197980880737305,4.406839576549829,10.482719421386719
3.2215397357940674,4.438701142257612,10.372451782226562
3.17661190032959,4.433262092826356,10.488703727722168
3.234565019607544,4.4603176316512485,10.543500900268555
3.193458080291748,4.4155316845779975,10.459104537963867
3.2901315689086914,4.458781877665647,10.398168563842773
3.2461557388305664,4.4421184772426,10.501448631286621
3.1694297790527344,4.410593797352964,10.446866989135742
3.193185329437256,4.429694489376353,10.388887405395508
3.251497983932495,4.400474232721275,10.403756141662598
3.1601502895355225,4.363006802076208,10.466334342956543
3.1793386936187744,4.459028226589518,10.352608680725098
3.299851179122925,4.452450806175226,10.4441499710083
3.324664831161499,4.427057619772053,10.387319564819336
3.192148208618164,4.410556233920423,10.421772003173828
3.1574978828430176,4.3818974917022775,10.45287799835205
3.218013286590576,4.380952827632427,10.414361953735352
3.191329002380371,4.387324654663514,10.417970657348633
3.261122703552246,4.452317583075326,10.355636596679688
3.207141876220703,4.441206028884543,10.400558471679688
3.2308578491210938,4.46953528537415,10.439116477966309
3.273662805557251,4.446527336125396,10.388911247253418
3.1938467025756836,4.344416786184801,10.486763000488281
3.2411444187164307,4.389833248985399,10.439635276794434
3.2119314670562744,4.404222106095403,10.40837287902832
3.222848653793335,4.405563797901517,10.44608211517334
3.261960744857788,4.43959675167155,10.456607818603516
3.223416805267334,4.394991686201787,10.44717788696289
3.2245333194732666,4.4162970617679616,10.4078369140625
3.1733813285827637,4.378232076464753,10.309880256652832
3.294020414352417,4.358824741926843,10.377685546875
3.2247931957244873,4.417160542515506,10.364912986755371
3.1451807022094727,4.391961929454868,10.363798141479492
3.202178478240967,4.3908868204203575,10.41617202758789
3.223085403442383,4.309238873189315,10.430183410644531
3.196678638458252,4.301369447028264,10.363178253173828
3.3013205528259277,4.431947867585611,10.403139114379883
3.1757776737213135,4.381882396792727,10.478742599487305
3.1934618949890137,4.405077785652662,10.392387390136719
3.1911213397979736,4.415422108456758,10.450798988342285
3.14103364944458,4.444272881007886,10.314958572387695
3.1722500324249268,4.333846789817992,10.4265718460083
3.2863047122955322,4.4283137209380845,10.464046478271484
3.267059564590454,4.442540704871394,10.460434913635254
3.2016167640686035,4.415973020883809,10.397418975830078
3.273970127105713,4.407132677168453,10.424644470214844
3.1969385147094727,4.3870631524561245,10.469232559204102
3.204490900039673,4.356828017725742,10.417130470275879
3.2592759132385254,4.378927491572021,10.393138885498047
3.2335405349731445,4.381613175517747,10.45101261138916
3.1885666847229004,4.408562337746844,10.390968322753906
3.2159388065338135,4.381746087223291,10.437152862548828
3.2244904041290283,4.392703104298562,10.408882141113281
3.224088191986084,4.4549873591334155,10.357853889465332
3.2702584266662598,4.406947230155181,10.456439971923828
3.221689462661743,4.4027859416923345,10.371627807617188
3.1637682914733887,4.386899257943567,10.526418685913086
3.1771161556243896,4.440828474338299,10.388875961303711
3.153085708618164,4.405955384418901,10.391960144042969
3.1178526878356934,4.405421190994925,10.378640174865723
3.17427396774292,4.361461003876425,10.387691497802734
3.2459399700164795,4.485699221491814,10.443402290344238
3.2115085124969482,4.416915689129382,10.377696990966797
3.2127740383148193,4.369533386114718,10.43326187133789
3.3055806159973145,4.453690818178334,10.40350341796875
3.2271153926849365,4.420357699572508,10.404899597167969
3.2661118507385254,4.415134342786456,10.443523406982422
3.245922088623047,4.402813725838704,10.404232025146484
3.233214855194092,4.440646386539031,10.443605422973633
3.2148523330688477,4.412523278966546,10.369704246520996
3.1932520866394043,4.464137365542618,10.466838836669922
3.225689649581909,4.467932536732405,10.451838493347168
3.19423508644104,4.428476514461051,10.52255630493164
3.192404270172119,4.407348203572577,10.42686939239502
3.2214298248291016,4.439915780975882,10.34682559967041
3.2061288356781006,4.3511602782444765,10.393301010131836
3.2766106128692627,4.399409864097834,10.50373363494873
3.183208703994751,4.346037939822835,10.35736083984375
3.2003962993621826,4.390798360342159,10.439682006835938
3.1842546463012695,4.388877687709672,10.464865684509277
3.214599132537842,4.405843775586358,10.441497802734375
3.2348780632019043,4.4054706516409565,10.450387954711914
3.183009624481201,4.396028009276571,10.400862693786621
3.1048741340637207,4.386851196010996,10.416786193847656
3.226989269256592,4.358370068350008,10.380488395690918
3.15401554107666,4.400523613639442,10.26262092590332
3.220750331878662,4.37387693447194,10.437871932983398
3.189509868621826,4.342950374553247,10.449943542480469
3.1352691650390625,4.350552284225289,10.447477340698242
3.2301623821258545,4.337621199066884,10.436835289001465
3.2306137084960938,4.378607280519126,10.399492263793945
3.234502077102661,4.404750435679619,10.367891311645508
3.2146365642547607,4.46405465485129,10.430221557617188
3.241957902908325,4.452118033875845,10.479909896850586
3.256131887435913,4.426509927658896,10.394543647766113
3.2570040225982666,4.373513163466538,10.411120414733887
3.249527931213379,4.3859589856583625,10.481101989746094
3.168827772140503,4.358478450482445,10.43597412109375
3.2734084129333496,4.441107871509822,10.43813419342041
3.16047739982605,4.297517644740375,10.428229331970215
3.2450215816497803,4.395811935620649,10.44047737121582
3.2014520168304443,4.347626140341163,10.42704963684082
3.2276265621185303,4.408494745614006,10.460783004760742
3.2476820945739746,4.371210785250047,10.405473709106445
3.2154133319854736,4.414428697566368,10.40389633178711
3.262472629547119,4.37900262585442,10.394704818725586
3.2296628952026367,4.463743947479609,10.423904418945312
3.1850087642669678,4.354221272947533,10.410568237304688
3.198760986328125,4.451864995361705,10.390511512756348
3.2147889137268066,4.353521844871076,10.303396224975586
3.22208571434021,4.361274815131245,10.413749694824219
3.265753746032715,4.4311065918632915,10.39770793914795
3.1836814880371094,4.4572629581338585,10.382830619812012
3.2474935054779053,4.394541664381645,10.416196823120117
3.255018949508667,4.479307989623131,10.349004745483398
3.240675687789917,4.418110193252297,10.454861640930176
3.2591969966888428,4.490920046743538,10.425165176391602
3.23152756690979,4.439070132527767,10.3463716506958
3.2260313034057617,4.421316458710602,10.379522323608398
3.163285970687866,4.35338299758067,10.417747497558594
3.2414743900299072,4.389353288670204,10.452554702758789
3.2041356563568115,4.3775201376660595,10.439661026000977
3.205702543258667,4.381959398077535,10.376561164855957
3.1836323738098145,4.420289511027347,10.430109024047852
3.179845094680786,4.400212948875768,10.317765235900879
3.2444918155670166,4.36957818233142,10.336296081542969
3.268113613128662,4.402881401790572,10.412281036376953
3.188298225402832,4.442937425703609,10.401360511779785
3.1865715980529785,4.3625291726285855,10.50860595703125
3.191166877746582,4.401766608868327,10.427495956420898
3.2001242637634277,4.319065987598151,10.45057201385498
3.2462635040283203,4.4372545292800565,10.432469367980957
3.2270724773406982,4.392202451193173,10.391643524169922
3.268916130065918,4.39395297099171,10.367690086364746
3.2568252086639404,4.366296534925432,10.350055694580078
3.2379753589630127,4.398695447714999,10.50811767578125
3.2058610916137695,4.434633180898215,10.488773345947266
3.2125489711761475,4.422190453358262,10.46458911895752
3.238893508911133,4.412335244838946,10.41023063659668
3.2270519733428955,4.418816532839888,10.385021209716797
3.198246479034424,4.440886462606223,10.355642318725586
3.232975482940674,4.39717193130803,10.345821380615234
3.1696105003356934,4.3596417459858845,10.415874481201172
3.2143537998199463,4.40963826744285,10.431514739990234
3.1699070930480957,4.377268990368716,10.479982376098633
3.1801676750183105,4.4164985795505345,10.51097297668457
3.238569498062134,4.3838166290162395,10.38608455657959
3.228335380554199,4.440744252542832,10.445098876953125
3.2293856143951416,4.375494201700868,10.398491859436035
3.233708620071411,4.389228366481673,10.457347869873047
3.1981959342956543,4.393153181133259,10.380115509033203
3.252270460128784,4.343668398513858,10.407840728759766
3.18394136428833,4.3676254841765125,10.364564895629883
3.277026653289795,4.4926737608454586,10.46434211730957
3.2501115798950195,4.391102819670257,10.446327209472656
3.153224229812622,4.364856765206372,10.330583572387695
3.2164418697357178,4.441376164389243,10.394466400146484
3.170098304748535,4.382845326027435,10.352770805358887
3.233945846557617,4.373572732022565,10.433828353881836
3.1979262828826904,4.412041999100309,10.437616348266602
3.2217857837677,4.353071964013258,10.468168258666992
3.1951804161071777,4.3915793375178644,10.459553718566895
3.2190916538238525,4.379920188204518,10.452568054199219
3.15969181060791,4.38790326671941,10.470327377319336
3.2354323863983154,4.389670942278046,10.389918327331543
3.2647953033447266,4.361083316616714,10.481306076049805
3.2624313831329346,4.415122747421264,10.438531875610352
3.220900058746338,4.34007340822635,10.323139190673828
3.2184133529663086,4.3472332642413685,10.464761734008789
3.266331434249878,4.415113327026899,10.487228393554688
3.285632371902466,4.406912118595626,10.401493072509766
3.1952528953552246,4.4292791729926,10.434929847717285
3.206421375274658,4.386956888816452,10.389381408691406
3.2181317806243896,4.420651268513341,10.351473808288574
3.2217648029327393,4.429408783525495,10.447846412658691
3.1576638221740723,4.373159251009514,10.32779312133789
3.1538162231445312,4.335043633356691,10.385194778442383
3.1479599475860596,4.421210185724444,10.428754806518555
3.1571176052093506,4.3651501009839455,10.37881851196289
3.1764111518859863,4.344239127689174,10.459125518798828
3.2122292518615723,4.367777851476733,10.418721199035645
3.1539862155914307,4.348971736650648,10.426263809204102
3.261301040649414,4.324945701252936,10.413625717163086
3.2750227451324463,4.3700531235164295,10.363910675048828
3.236301898956299,4.404972417512909,10.447933197021484
3.1927402019500732,4.4013067887031605,10.401056289672852
3.187074661254883,4.394288456699412,10.470468521118164
3.183253049850464,4.338181586237624,10.41526985168457
3.1690237522125244,4.378013347874262,10.414552688598633
3.182713270187378,4.388058757076838,10.46311092376709
3.1573517322540283,4.37208250238161,10.44117546081543
3.2403652667999268,4.362586380514716,10.42727279663086
3.2485928535461426,4.33207256217221,10.486902236938477
3.17354154586792,4.40694274683483,10.443866729736328
3.201622247695923,4.365217504690269,10.475699424743652
3.1751785278320312,4.342423082163025,10.384145736694336
3.203308582305908,4.358873009349087,10.429985046386719
3.183262586593628,4.311455547077847,10.429357528686523
3.1747984886169434,4.359434415320201,10.4554443359375
3.191288709640503,4.306150963829298,10.434585571289062
3.220496654510498,4.385136288291376,10.373724937438965
3.150642156600952,4.416534198215231,10.388813018798828
3.164762496948242,4.355269067089206,10.414647102355957
3.2030651569366455,4.31735348305665,10.438217163085938
3.20192289352417,4.4278140705344935,10.372591972351074
3.1577718257904053,4.3916067386910855,10.506950378417969
3.195249557495117,4.332987166375721,10.46011734008789
3.2176263332366943,4.3493463756583095,10.34627628326416
3.1692426204681396,4.368795085931197,10.404516220092773
3.2458064556121826,4.387573645383652,10.430481910705566
3.2257516384124756,4.450508141158415,10.391215324401855
3.16347336769104,4.363670922283615,10.437865257263184
3.254774332046509,4.450272082617239,10.42562484741211
3.2652549743652344,4.446468758829204,10.444677352905273
3.2029473781585693,4.341579520509445,10.42112922668457
3.160291910171509,4.406656540630917,10.344951629638672
3.1912403106689453,4.393031035649723,10.491107940673828
3.225137948989868,4.397404450690374,10.472002029418945
3.2007479667663574,4.405443861781221,10.336678504943848
3.1468589305877686,4.34774890249329,10.577354431152344
3.2256953716278076,4.412491005612537,10.343795776367188
3.1864426136016846,4.376151591439599,10.52560806274414
3.2178707122802734,4.392935363509293,10.412973403930664
3.1952595710754395,4.432264176396919,10.44481086730957
3.2011051177978516,4.386797777110977,10.469846725463867
3.1681652069091797,4.385588349508387,10.48988151550293
3.2321956157684326,4.383196035067418,10.324132919311523
3.2733356952667236,4.377057756463598,10.352714538574219
3.2442028522491455,4.384850322135857,10.340331077575684
3.26066517829895,4.3902166417600315,10.558534622192383
3.278794527053833,4.361025964807985,10.42165470123291
3.1985557079315186,4.392918707703107,10.389949798583984
3.222806692123413,4.413469851981583,10.506699562072754
3.289128065109253,4.339347327227837,10.431459426879883
3.1616525650024414,4.380464185794283,10.435317993164062
3.2152903079986572,4.3276109044174,10.459339141845703
3.211979389190674,4.353166046086698,10.452345848083496
3.1102182865142822,4.326536831712084,10.43216323852539
3.2101972103118896,4.369679732647325,10.438261032104492
3.1910412311553955,4.389041679844793,10.413799285888672
3.2145602703094482,4.442987612282325,10.46824836730957
3.187166690826416,4.361453533837838,10.428718566894531
3.162771463394165,4.340781451202929,10.350890159606934
3.178067684173584,4.344025332414146,10.427352905273438
3.1787476539611816,4.334283951071224,10.417634010314941
3.200300455093384,4.347954050072336,10.411540985107422
3.1951775550842285,4.3605682390209815,10.486836433410645
3.151785135269165,4.371394256229645,10.492415428161621
3.2365591526031494,4.401515048961819,10.448741912841797
3.2417924404144287,4.338985122174822,10.508060455322266
3.1616971492767334,4.3080207482978174,10.41536808013916
3.2452609539031982,4.3682486884562035,10.395811080932617
3.212451219558716,4.35651040483,10.440523147583008
3.25665545463562,4.379921717702278,10.416181564331055
3.132251739501953,4.421157954427014,10.450639724731445
3.2097232341766357,4.414892564560951,10.43098258972168
3.216233491897583,4.398526374583265,10.524637222290039
3.2484095096588135,4.328610302647576,10.452156066894531
3.154860496520996,4.335637922066131,10.386812210083008
3.204251527786255,4.3740698026293625,10.428056716918945
3.26340913772583,4.400679738626683,10.388367652893066
3.191588878631592,4.3718885221585095,10.395249366760254
3.275874376296997,4.460369579560522,10.367121696472168
3.1415610313415527,4.301351030889366,10.411102294921875
3.2012362480163574,4.389279097651265,10.420618057250977
3.208346366882324,4.381266028553779,10.437755584716797
3.164139986038208,4.374776038840147,10.50332260131836
3.223127841949463,4.341268041370702,10.465909957885742
3.270738124847412,4.404587493111779,10.460107803344727
3.237658977508545,4.390895513850929,10.420267105102539
3.1986169815063477,4.410171685507521,10.416424751281738
3.2190101146698,4.344936976941035,10.5960111618042
3.2017247676849365,4.440377586321638,10.472504615783691
3.2372751235961914,4.371618449554912,10.385698318481445
3.2123217582702637,4.412057622701727,10.417948722839355
3.2623050212860107,4.42183517272185,10.397649765014648
3.2122299671173096,4.388406840252824,10.469511985778809
3.203634023666382,4.317594755906611,10.394383430480957
3.169973134994507,4.384160898592589,10.433309555053711
3.17545485496521,4.4014183684651345,10.381285667419434
3.246488094329834,4.379317307512142,10.375350952148438
3.2598729133605957,4.3405152589215765,10.397438049316406
3.1942451000213623,4.348930074267888,10.451791763305664
3.1759703159332275,4.305883226151179,10.428568840026855
3.2125470638275146,4.292306471117107,10.391020774841309
3.2111525535583496,4.307488693855703,10.439356803894043
3.175954580307007,4.391758247145585,10.430049896240234
3.218055009841919,4.407580039430676,10.519919395446777
3.1890175342559814,4.312527380418032,10.534339904785156
3.172602891921997,4.367908820809264,10.43245792388916
3.21671724319458,4.351204195325928,10.358860969543457
3.2302086353302,4.381348685860367,10.434636116027832
3.186842679977417,4.28469491883048,10.52851390838623
3.2002291679382324,4.371860555572701,10.407798767089844
3.1721603870391846,4.386543744110636,10.407600402832031
3.2525758743286133,4.424686111609585,10.470499992370605
3.1991617679595947,4.359079562526729,10.465984344482422
3.1780612468719482,4.380365322344005,10.289605140686035
3.2466251850128174,4.363554808277903,10.38139820098877
3.2642576694488525,4.382876540334629,10.490110397338867
3.195620536804199,4.326489974046126,10.563053131103516
3.225773334503174,4.378054777758995,10.388185501098633
3.1517322063446045,4.360328941439677,10.427434921264648
3.2219526767730713,4.394038277811238,10.54982852935791
3.2191150188446045,4.400357062861857,10.432279586791992
3.1346120834350586,4.377515899316807,10.393102645874023
3.11403226852417,4.32656025673662,10.372501373291016
3.2045176029205322,4.3667421370212525,10.53458023071289
3.1717262268066406,4.345221913419663,10.454235076904297
3.195150136947632,4.371220752530332,10.439019203186035
3.1751794815063477,4.322974522232211,10.388415336608887
3.167289972305298,4.273687170618879,10.382189750671387
3.2167468070983887,4.355498494281034,10.43663215637207
3.1064908504486084,4.305709797689426,10.470303535461426
3.1734044551849365,4.3358915920502366,10.430624008178711
3.1646535396575928,4.35470510606787,10.423376083374023
3.2638604640960693,4.38947497893657,10.437848091125488
3.156320571899414,4.36517949921212,10.507473945617676
3.2238900661468506,4.365421458147466,10.459224700927734
3.192882537841797,4.406610486130895,10.406064987182617
3.2152910232543945,4.339245578407177,10.364422798156738
3.2213525772094727,4.393154761022223,10.390398979187012
3.170614004135132,4.360741110185959,10.432279586791992
3.217714548110962,4.332090409406061,10.360827445983887
3.2464067935943604,4.295132616933968,10.407327651977539
3.195777177810669,4.331111115203903,10.371137619018555
3.2241761684417725,4.364104817089226,10.425338745117188
3.240574836730957,4.326947549324749,10.415565490722656
3.192871570587158,4.371156238851005,10.350743293762207
3.2098350524902344,4.3626069312449545,10.446361541748047
3.1876797676086426,4.360945328371599,10.447237014770508
3.220696210861206,4.391206435027665,10.366764068603516
3.1893467903137207,4.332563006352367,10.458456039428711
3.216026544570923,4.305254706846816,10.345864295959473
3.1667656898498535,4.284568236808159,10.400146484375
3.173840045928955,4.348240369132587,10.374358177185059
3.1934032440185547,4.296909521733011,10.435617446899414
3.201169729232788,4.3682047809208076,10.456512451171875
3.1144416332244873,4.364109566135864,10.400969505310059
3.261834144592285,4.379834623974083,10.403611183166504
3.1382219791412354,4.302339315148337,10.393821716308594
3.1563665866851807,4.349424142723104,10.468667984008789
3.2604012489318848,4.374882468587852,10.47432804107666
3.2634809017181396,4.375354012075279,10.475884437561035
3.151864528656006,4.345410057044188,10.392677307128906
3.1809229850769043,4.341827172752737,10.518190383911133
3.1972460746765137,4.3555301142457346,10.351030349731445
3.23484206199646,4.36152339849754,10.288615226745605
3.205604076385498,4.350921684676515,10.354485511779785
3.209843158721924,4.437490633489298,10.43887710571289
3.146594285964966,4.330982911866158,10.437082290649414
3.1650326251983643,4.339853000627564,10.440924644470215
3.134887456893921,4.3662862855541915,10.45144271850586
3.210529088973999,4.361960849392095,10.32963752746582
3.2558135986328125,4.369553686851369,10.421520233154297
3.178694009780884,4.357127779130159,10.448392868041992
3.1803388595581055,4.347802758549473,10.47573471069336
3.193260431289673,4.300262277679784,10.463533401489258
3.19773268699646,4.332795267924666,10.444707870483398
3.183835506439209,4.35829633081864,10.360040664672852
3.2321536540985107,4.396237722099094,10.42724609375
3.252211570739746,4.389319340166236,10.36862564086914
3.1886940002441406,4.375499656956111,10.414257049560547
3.1794021129608154,4.393973223499155,10.369588851928711
3.2697386741638184,4.401869051391259,10.435173034667969
3.157419443130493,4.325892610309112,10.421855926513672
3.2186412811279297,4.39895374480901,10.345900535583496
3.1624577045440674,4.332376450932186,10.406251907348633
3.213209867477417,4.3762222019889,10.508810997009277
3.2230210304260254,4.421431369181455,10.413944244384766
3.1197457313537598,4.319032639298322,10.459232330322266
3.140484094619751,4.329475284554064,10.449103355407715
3.248150587081909,4.3307869068479965,10.370274543762207
3.2066285610198975,4.391571754290323,10.448326110839844
3.2094757556915283,4.414605120562815,10.474465370178223
3.1526412963867188,4.389310613706974,10.457158088684082
3.1465182304382324,4.318054223033998,10.448486328125
3.186099052429199,4.301343483318175,10.291455268859863
3.2215139865875244,4.362349812772924,10.388553619384766
3.199876070022583,4.331847091937171,10.440791130065918
3.1646952629089355,4.331757721225065,10.422080039978027
3.1970715522766113,4.399670376475634,10.458361625671387
3.2013607025146484,4.3562442701576005,10.339412689208984
3.220494031906128,4.3021603641765465,10.516417503356934
3.1545968055725098,4.333265549237175,10.398090362548828
3.1723990440368652,4.344047277833202,10.331329345703125
3.2343575954437256,4.327463240229658,10.393789291381836
3.183980703353882,4.268692187033594,10.508588790893555
3.187985897064209,4.390265978772992,10.390689849853516
3.218276023864746,4.387929354129093,10.472498893737793
3.162567615509033,4.424998933382865,10.383116722106934
3.223602056503296,4.330980628562559,10.447050094604492
3.240070104598999,4.3941149945769995,10.467591285705566
3.270308017730713,4.397073831642047,10.348562240600586
3.214357376098633,4.322915777497525,10.365103721618652
3.1607775688171387,4.334591528167948,10.42523193359375
3.2032015323638916,4.404666896942737,10.377791404724121
3.2408926486968994,4.372113560858582,10.459192276000977
3.148122549057007,4.338687698888991,10.491247177124023
3.2299797534942627,4.355583648064307,10.411460876464844
3.1571736335754395,4.314438111647698,10.418570518493652
3.1681315898895264,4.3488789005205035,10.486970901489258
3.2324275970458984,4.392353179598493,10.369991302490234
3.218648672103882,4.340956301295331,10.430763244628906
3.1738903522491455,4.2914711894866615,10.331979751586914
3.183197259902954,4.370593785108732,10.416393280029297
3.1543092727661133,4.33287802904046,10.427743911743164
3.1533000469207764,4.400612100725994,10.462703704833984
3.1994290351867676,4.370718965805801,10.393052101135254
3.1999690532684326,4.3133165998983065,10.380199432373047
3.2136967182159424,4.30094270308369,10.493913650512695
3.1833319664001465,4.37933791748115,10.379084587097168
3.17958402633667,4.365090184645462,10.392165184020996
3.1607563495635986,4.351762639092548,10.448555946350098
3.144458770751953,4.369328989148406,10.399857521057129
3.1798505783081055,4.306206850966971,10.477352142333984
3.1861448287963867,4.325029965257272,10.302343368530273
3.1647727489471436,4.3209041199380795,10.447752952575684
3.2402915954589844,4.373761548394603,10.380409240722656
3.135742664337158,4.373434988449194,10.42383098602295
3.2481672763824463,4.389053900360262,10.360629081726074
3.18582820892334,4.308504141168669,10.429933547973633
3.1742355823516846,4.353370562794485,10.411054611206055
3.165285587310791,4.373468490882909,10.318059921264648
3.1541292667388916,4.342163857804345,10.339364051818848
3.164433002471924,4.320561449243022,10.422487258911133
3.2295663356781006,4.401174756831357,10.50019359588623
3.1996071338653564,4.258767064361435,10.330790519714355
3.161705255508423,4.3559957518508385,10.463068008422852
3.1710925102233887,4.331671155623293,10.454413414001465
3.1855549812316895,4.384056404133195,10.503225326538086
3.1436824798583984,4.341935156445418,10.50503921508789
3.165689468383789,4.358024173017059,10.434442520141602
3.1335723400115967,4.323169803080548,10.42394733428955
3.098330497741699,4.327448296793071,10.407637596130371
3.162126064300537,4.35897916189528,10.388919830322266
3.1618845462799072,4.305869037218924,10.46289348602295
3.2023963928222656,4.318882376188412,10.426424026489258
3.1814584732055664,4.305403822633837,10.375988006591797
3.168337106704712,4.2554361118070245,10.417902946472168
3.1924192905426025,4.350719447048115,10.387203216552734
3.2173314094543457,4.376925521330642,10.487743377685547
3.1282217502593994,4.282873263283234,10.42203426361084
3.1741859912872314,4.331080811098218,10.456161499023438
3.200835704803467,4.337295857091834,10.381591796875
3.2324066162109375,4.345276446281267,10.495022773742676
3.191901922225952,4.315174081828445,10.45053482055664
3.214423179626465,4.423268007979329,10.441219329833984
3.2225122451782227,4.258807140302712,10.461748123168945
3.1924822330474854,4.368309595688646,10.43277359008789
3.205580234527588,4.345207240066625,10.390100479125977
3.205737829208374,4.3717146917645415,10.404727935791016
3.179841995239258,4.345871963804321,10.445798873901367
3.1479599475860596,4.332648431849001,10.449248313903809
3.1260790824890137,4.330778398451262,10.298944473266602
3.1522305011749268,4.342060781017479,10.401494026184082
3.2045400142669678,4.328656751662493,10.497978210449219
3.1969995498657227,4.336734238912219,10.330907821655273
3.188950777053833,4.319214017562834,10.417046546936035
3.1949198246002197,4.28156553318591,10.506776809692383
3.195586681365967,4.315494509447101,10.398672103881836
3.22336745262146,4.320807486240353,10.461739540100098
3.2255215644836426,4.406466336455196,10.39218521118164
3.140509843826294,4.362949185971437,10.3767671585083
3.175910711288452,4.329288480603801,10.41804313659668
3.168687105178833,4.36936442816763,10.469633102416992
3.216146230697632,4.374193232772606,10.440370559692383
3.1598567962646484,4.321587348589674,10.461578369140625
3.248102903366089,4.364013793678689,10.470626831054688
3.189060688018799,4.350253957922438,10.335570335388184
3.1975109577178955,4.3162003771202375,10.4462890625
3.187925100326538,4.310346177912184,10.38935661315918
3.245323419570923,4.420235352490896,10.434541702270508
3.2856380939483643,4.35830600789216,10.431102752685547
3.2078475952148438,4.356887954852677,10.393640518188477
3.2136316299438477,4.377064913012354,10.358951568603516
3.1550848484039307,4.351434841951622,10.315834045410156
3.137571334838867,4.361600342572534,10.438544273376465
3.22428297996521,4.309889056387224,10.473416328430176
3.1475918292999268,4.374204125255346,10.397438049316406
3.2205862998962402,4.378545524618987,10.4190034866333
3.1499998569488525,4.384335140265258,10.476898193359375
3.232884645462036,4.375108759284818,10.46537971496582
3.141308546066284,4.356777567283383,10.476910591125488
3.116611957550049,4.28227404388599,10.386579513549805
3.204685926437378,4.2908878981667975,10.436775207519531
3.1892919540405273,4.324530546819526,10.374937057495117
3.1782519817352295,4.293283145808216,10.455926895141602
3.1832003593444824,4.358025370099183,10.451602935791016
3.206423044204712,4.357417293890778,10.490817070007324
3.1829452514648438,4.311805658108953,10.420215606689453
3.1924710273742676,4.371006667913337,10.427712440490723
3.153963565826416,4.3979932171226075,10.421669960021973
3.2298693656921387,4.306774511700496,10.369315147399902
3.1621038913726807,4.238624580869717,10.493585586547852
3.2222964763641357,4.341333722629185,10.4263334274292
3.1557374000549316,4.361325157639969,10.398528099060059
3.1475510597229004,4.415658260529329,10.425058364868164
3.2343380451202393,4.327506116458348,10.377553939819336
3.2442681789398193,4.2988812401890755,10.400412559509277
3.1825523376464844,4.273234573758341,10.357276916503906
3.1790719032287598,4.332315998551037,10.436139106750488
3.2463934421539307,4.320310201928286,10.373475074768066
3.2359120845794678,4.3164754600064565,10.403800964355469
3.1884140968322754,4.379830457403192,10.37443733215332
3.1694483757019043,4.319234526682911,10.3651762008667
3.149658203125,4.306822047003411,10.420092582702637
3.1394431591033936,4.324212749987575,10.408336639404297
3.1608965396881104,4.30391309769558,10.418977737426758
3.244227409362793,4.356972393080858,10.44843864440918
3.2069573402404785,4.2798027364271025,10.406484603881836
3.1858198642730713,4.3600753738345315,10.45154857635498
3.122089385986328,4.280718852666073,10.293828964233398
3.184166431427002,4.353894976400105,10.3983154296875
3.1396777629852295,4.291851249856077,10.39970588684082
3.2221457958221436,4.340726059262773,10.383453369140625
3.2219176292419434,4.291429521482704,10.367542266845703
3.2288269996643066,4.305555340468085,10.492230415344238
3.191795587539673,4.251683123110395,10.345367431640625
3.1631298065185547,4.289550367077546,10.35733413696289
3.189850330352783,4.294206725499992,10.371488571166992
3.1786246299743652,4.343488638355796,10.448446273803711
3.15374755859375,4.3342766219617,10.382872581481934
3.1938178539276123,4.371716854395346,10.393638610839844
3.1930155754089355,4.275967500139294,10.37289047241211
3.124789237976074,4.324844410044274,10.41848373413086
3.181384801864624,4.357029218825379,10.416179656982422
3.1592838764190674,4.308906213979103,10.40436840057373
3.191115379333496,4.36852034344338,10.375082015991211
3.183899402618408,4.342112075371135,10.52737808227539
3.232907295227051,4.375918467795211,10.415511131286621
3.232978343963623,4.346815386088566,10.402368545532227
3.2239749431610107,4.307630393853677,10.399908065795898
3.162588596343994,4.336485763679126,10.408780097961426
3.163116455078125,4.338929369945878,10.455975532531738
3.2656567096710205,4.382697641782995,10.369166374206543
3.1432316303253174,4.358117715921253,10.35593032836914
3.172029972076416,4.293349220483963,10.521622657775879
3.12323260307312,4.246697940996715,10.349409103393555
3.1402816772460938,4.279093364586256,10.343461990356445
3.198716163635254,4.3488189421394585,10.40296745300293
3.1829006671905518,4.379791489037286,10.37057113647461
3.1827375888824463,4.366284191076245,10.392854690551758
3.207799196243286,4.3130565926632185,10.461502075195312
3.165328025817871,4.342553254948663,10.470186233520508
3.220317840576172,4.317558164974409,10.337516784667969
3.1968915462493896,4.347533128390621,10.431575775146484
3.1983532905578613,4.308834851153994,10.402891159057617
3.1825757026672363,4.3307153050388605,10.49068832397461
3.1967129707336426,4.341708523420883,10.421297073364258
3.1745405197143555,4.3061157048879455,10.383648872375488
3.122497320175171,4.273643128507372,10.460237503051758
3.2211365699768066,4.331025742792657,10.346656799316406
3.187537431716919,4.3896307934607774,10.338401794433594
3.2658870220184326,4.348466694388272,10.40964126586914
3.176017999649048,4.320050713772486,10.489270210266113
3.200047492980957,4.340328059225742,10.269808769226074
3.2456700801849365,4.356877467661564,10.400707244873047
3.2245254516601562,4.326733158901334,10.429564476013184
3.180332899093628,4.292989703992914,10.370989799499512
3.181993246078491,4.312984468082765,10.455081939697266
3.1741340160369873,4.269297860196925,10.40030574798584
3.1483864784240723,4.253834356487329,10.405521392822266
3.229374647140503,4.341609750508464,10.417251586914062
3.121708869934082,4.272303337863247,10.428732872009277
3.179241418838501,4.385411697473111,10.422405242919922
3.1649234294891357,4.341497946131443,10.386835098266602
3.2603750228881836,4.359388578051169,10.409181594848633
3.1916000843048096,4.2650909484696715,10.408164024353027
3.158595085144043,4.333653624069743,10.33283805847168
3.1770918369293213,4.303127470027123,10.399314880371094
3.1737725734710693,4.39057578894842,10.4979248046875
3.1583786010742188,4.388723258860408,10.368271827697754
3.140901803970337,4.349631873025958,10.358500480651855
3.1302366256713867,4.302176034776494,10.425346374511719
3.138543128967285,4.365160163259133,10.429797172546387
3.181644916534424,4.330715285048687,10.474899291992188
3.230999231338501,4.345255491423554,10.401948928833008
3.148329257965088,4.3171607875597795,10.433895111083984
3.1697514057159424,4.303141481542427,10.328835487365723
3.1743102073669434,4.349666935458247,10.360410690307617
3.243906259536743,4.346541312922325,10.438398361206055
3.186049461364746,4.3587294966647665,10.362425804138184
3.190620183944702,4.322029842296616,10.453190803527832
3.1408188343048096,4.344079928705469,10.396502494812012
3.226618528366089,4.287772383374561,10.429946899414062
3.179170608520508,4.341370507343008,10.406253814697266
3.1806142330169678,4.3163034046800535,10.414471626281738
3.2162270545959473,4.259001121324087,10.447968482971191
3.2024617195129395,4.342495709358315,10.347742080688477
3.168494701385498,4.28425240110872,10.503569602966309
3.181992530822754,4.415364065141017,10.475013732910156
3.2156291007995605,4.344673243650635,10.414103507995605
3.121053457260132,4.293662108447669,10.438804626464844
3.206712484359741,4.296262511151975,10.431947708129883
3.1702423095703125,4.416407149684216,10.364971160888672
3.1773133277893066,4.323968039592728,10.40852165222168
3.0917446613311768,4.277060545249177,10.430821418762207
3.2308576107025146,4.320781251981056,10.3927001953125
3.184030294418335,4.347524071611198,10.349554061889648
3.152860403060913,4.342982820667593,10.406511306762695
3.230607509613037,4.349549295613542,10.380203247070312
3.181459426879883,4.343789653719536,10.419717788696289
3.22733473777771,4.347280315988298,10.356325149536133
3.1850807666778564,4.315541676877598,10.371953964233398
3.182283401489258,4.29189583000594,10.481132507324219
3.1722664833068848,4.393591984374715,10.42503547668457
3.1511378288269043,4.338875184500855,10.441032409667969
3.1648590564727783,4.333023613817724,10.396332740783691
3.108100175857544,4.290985617819908,10.488448143005371
3.1445508003234863,4.374033147701994,10.373666763305664
3.1459078788757324,4.294674453857755,10.371190071105957
3.1947386264801025,4.358471647836268,10.416927337646484
3.2245099544525146,4.347315938577854,10.397436141967773
3.1704678535461426,4.285933938708955,10.364439010620117
3.126298189163208,4.309237176186538,10.391022682189941
3.192244291305542,4.278032585346539,10.374900817871094
3.156881093978882,4.294393723797319,10.383424758911133
3.1685218811035156,4.256140521527933,10.313846588134766
3.196124315261841,4.3523887183650265,10.383487701416016
3.140815258026123,4.326384780130216,10.426877975463867
3.1206228733062744,4.361789634684101,10.446630477905273
3.1520814895629883,4.273330041406942,10.399580001831055
3.10669207572937,4.316747654029832,10.376548767089844
3.142727851867676,4.3432731712237,10.29962158203125
3.163172721862793,4.299971315510838,10.485854148864746
3.1620967388153076,4.302228466707414,10.408308029174805
3.1518750190734863,4.293922969007067,10.442516326904297
3.190981149673462,4.400025879997494,10.4583740234375
3.2018775939941406,4.37643632063243,10.320547103881836
3.1710100173950195,4.279710436638976,10.356552124023438
3.1972389221191406,4.39465018627899,10.298099517822266
3.1292383670806885,4.300850631702425,10.476856231689453
3.1247878074645996,4.374767850119886,10.460817337036133
3.189877510070801,4.38742634607479,10.38709831237793
3.1647143363952637,4.336221849080175,10.467348098754883
3.150200843811035,4.369563888392544,10.431455612182617
3.186659574508667,4.350040987499857,10.407254219055176
3.1819303035736084,4.24953531713358,10.457681655883789
3.169642925262451,4.260787005935396,10.374187469482422
3.1348299980163574,4.268617219990119,10.373977661132812
3.146470069885254,4.326681479745146,10.430408477783203
3.152376174926758,4.382791812864266,10.374832153320312
3.199336528778076,4.295525599703459,10.423323631286621
3.172257661819458,4.344003413770614,10.462042808532715
3.1472737789154053,4.315102072332853,10.442605972290039
3.2390449047088623,4.315725179721734,10.418346405029297
3.2321932315826416,4.3194708928931504,10.350403785705566
3.1364097595214844,4.304753016148294,10.41512393951416
3.219080924987793,4.333140545424873,10.445623397827148
3.175004005432129,4.325796820090286,10.355602264404297
3.1691553592681885,4.317880084704873,10.395258903503418
3.182640790939331,4.329931546534811,10.399232864379883
3.1350018978118896,4.293924403509923,10.405158042907715
3.172964096069336,4.2634873071885,10.375447273254395
3.1376399993896484,4.325166858233778,10.404008865356445
3.185819625854492,4.279981624501358,10.472012519836426
3.136385679244995,4.33064157336152,10.347564697265625
3.2479822635650635,4.339743379503488,10.33238410949707
3.1737327575683594,4.3510131699897885,10.326945304870605
3.156153678894043,4.319355327835573,10.447589874267578
3.19193172454834,4.324374437099322,10.423255920410156
3.214879274368286,4.36753525122601,10.451286315917969
3.206603527069092,4.342094174985375,10.497316360473633
3.1705703735351562,4.244774631690234,10.458976745605469
3.189368963241577,4.3316034946391095,10.508601188659668
3.14496111869812,4.2684698421508065,10.386674880981445
3.1926655769348145,4.316570619154455,10.400440216064453
3.176806688308716,4.3109830157565225,10.338488578796387
3.1493477821350098,4.321391640563628,10.35234546661377
3.2026209831237793,4.278539252500715,10.46284294128418
3.164783000946045,4.270966904104821,10.487794876098633
3.1642041206359863,4.331774620039921,10.444217681884766
3.181586503982544,4.388235721637361,10.399280548095703
3.1390633583068848,4.3255758026082605,10.437566757202148
3.0985562801361084,4.309102639655715,10.44572639465332
3.158412456512451,4.36828598755944,10.490089416503906
3.19793963432312,4.370473591943404,10.451151847839355
3.1700944900512695,4.291467460637381,10.48209285736084
3.1450138092041016,4.279378863151319,10.33222770690918
3.156437397003174,4.275401471781412,10.443033218383789
3.1929423809051514,4.3300650521580675,10.507205963134766
3.2356133460998535,4.285185151101488,10.403474807739258
3.1231250762939453,4.3413395001553,10.447916030883789
3.1670498847961426,4.375373601913453,10.334394454956055
3.1123175621032715,4.264635406667367,10.393961906433105
3.242845296859741,4.306887491539653,10.522558212280273
3.1822643280029297,4.344331780614864,10.431239128112793
3.1556215286254883,4.264021671543429,10.417503356933594
3.1521215438842773,4.273988093515591,10.43707275390625
3.1900205612182617,4.327400769605966,10.450908660888672
3.132549285888672,4.295084889512509,10.339479446411133
3.1530683040618896,4.280269718496129,10.368420600891113
3.140211582183838,4.276927063940093,10.403465270996094
3.15686297416687,4.2884625913907914,10.357755661010742
3.1660914421081543,4.358411941344717,10.422337532043457
3.127091884613037,4.311040685146248,10.321308135986328
3.153503179550171,4.314074867837396,10.441402435302734
3.1583728790283203,4.351010814408905,10.466718673706055
3.1770663261413574,4.329721218573727,10.412210464477539
3.1711063385009766,4.313504846833115,10.414304733276367
3.2010200023651123,4.323454195866361,10.406622886657715
3.225435495376587,4.352823284521167,10.394609451293945
3.187424421310425,4.29381765944085,10.410746574401855
3.1214637756347656,4.302691188042185,10.454620361328125
3.2288997173309326,4.396871083881705,10.365959167480469
3.2772250175476074,4.27198462803582,10.40713119506836
3.1421196460723877,4.3473466426865865,10.411273956298828
3.194732189178467,4.404221188543099,10.43013858795166
3.2258691787719727,4.377200435913568,10.432402610778809
3.2179322242736816,4.293189619867397,10.399737358093262
3.226963996887207,4.350167322338426,10.413832664489746
3.146232843399048,4.247560768920396,10.379827499389648
3.1694650650024414,4.353406952195136,10.394268035888672
3.1437411308288574,4.28768182319722,10.441439628601074
3.1823275089263916,4.351036550776501,10.487629890441895
3.17215895652771,4.334555660440986,10.444546699523926
3.168160915374756,4.362368096264877,10.4869966506958
3.1201157569885254,4.281910967248093,10.453588485717773
3.1882290840148926,4.284857523461271,10.466968536376953
3.156329870223999,4.290140778258709,10.416553497314453
3.2568604946136475,4.2953562005090395,10.352415084838867
3.141427755355835,4.31915885073665,10.47612476348877
3.162271499633789,4.2726717443271935,10.429259300231934
3.14046573638916,4.330912768741006,10.365896224975586
3.1342592239379883,4.267844385234639,10.336551666259766
3.2463152408599854,4.279570188905511,10.412694931030273
3.168381452560425,4.331294698707227,10.395485877990723
3.228050708770752,4.331812465995816,10.418617248535156
3.20422625541687,4.298423366820706,10.366487503051758
3.148815393447876,4.3187092319796125,10.395079612731934
3.219082832336426,4.332272935459124,10.491106033325195
3.1032192707061768,4.307850141909771,10.395368576049805
3.2300868034362793,4.354331301358928,10.4202241897583
3.2058064937591553,4.327156247537849,10.448738098144531
3.1532094478607178,4.274602930493919,10.42525863647461
3.2040436267852783,4.331716461971935,10.361369132995605
3.108799934387207,4.299212116847879,10.411874771118164
3.1475298404693604,4.237255500895636,10.36805248260498
3.0853278636932373,4.282806297631136,10.391867637634277
3.1410882472991943,4.269443164014125,10.39117431640625
3.151792287826538,4.2836244791480045,10.391802787780762
3.176090955734253,4.340750300026101,10.425552368164062
3.132234811782837,4.282655285737877,10.571237564086914
3.166773796081543,4.236852666562689,10.39286994934082
3.118150234222412,4.2523150878426215,10.443122863769531
3.167715311050415,4.3167112845528335,10.44320297241211
3.1777117252349854,4.22748947632499,10.363381385803223
3.1739368438720703,4.2658446207642555,10.447038650512695
3.177525281906128,4.306711779707776,10.465603828430176
3.117083787918091,4.324854463538421,10.419722557067871
3.101722478866577,4.280308688458587,10.346338272094727
3.126616954803467,4.303237034473568,10.366731643676758
3.232837438583374,4.3196081608267765,10.42001724243164
3.17274808883667,4.341068174523701,10.389226913452148
3.086273193359375,4.255892781108352,10.425638198852539
3.2210404872894287,4.347050199484719,10.419397354125977
3.20902419090271,4.345351435011253,10.328730583190918
3.1973557472229004,4.289286208904481,10.480057716369629
3.148366689682007,4.34409471255328,10.41331672668457
3.171759605407715,4.249789480252989,10.484167098999023
3.1634066104888916,4.299952649178781,10.375162124633789
3.2608470916748047,4.299912076210603,10.481527328491211
3.2173678874969482,4.355785289413428,10.417695999145508
3.1825644969940186,4.343864586470382,10.387598037719727
3.129631280899048,4.335211337843378,10.385372161865234
3.152127981185913,4.346048086116623,10.320908546447754
3.148198127746582,4.309440090287743,10.360221862792969
3.1226894855499268,4.248142989585177,10.362859725952148
3.15468692779541,4.283302297848943,10.49527359008789
3.202946424484253,4.288764906381922,10.388063430786133
3.2126271724700928,4.323836853195514,10.459990501403809
3.1146187782287598,4.300194142752194,10.36961555480957
3.089292526245117,4.335581285712708,10.402300834655762
3.145098924636841,4.335648263239169,10.360679626464844
3.1439011096954346,4.34784029457452,10.274316787719727
3.105097770690918,4.281069422539856,10.44357967376709
3.1423258781433105,4.268854230043611,10.453084945678711
3.1557650566101074,4.284671438957698,10.383535385131836
3.1697676181793213,4.319089703627729,10.427995681762695
3.152346611022949,4.3007492897699455,10.455772399902344
3.190622091293335,4.384070202608459,10.442132949829102
3.205634593963623,4.276735089519726,10.4517183303833
3.2251954078674316,4.293492904465113,10.421546936035156
3.117802619934082,4.307294341735542,10.427891731262207
3.106037139892578,4.260704294645361,10.412565231323242
3.2029266357421875,4.34151349136872,10.491724014282227
3.251744031906128,4.319230507493818,10.427579879760742
3.170727252960205,4.344296907939549,10.519697189331055
3.1711537837982178,4.375848784244487,10.39895248413086
3.1563260555267334,4.3656300602680345,10.424591064453125
3.151254892349243,4.233820904245866,10.373370170593262
3.2154407501220703,4.3633431369505296,10.403326988220215
3.227632999420166,4.302663977224646,10.453838348388672
3.2011537551879883,4.382817539486235,10.316787719726562
3.1300370693206787,4.2509776782244435,10.374324798583984
3.1796672344207764,4.226681746575715,10.39168930053711
3.1301066875457764,4.2902841666779885,10.363149642944336
3.158104181289673,4.324742800023939,10.456313133239746
3.1755943298339844,4.276463100852977,10.453046798706055
3.1969056129455566,4.228509987904025,10.481316566467285
3.1630990505218506,4.411000943010939,10.445354461669922
3.1689658164978027,4.310116452397778,10.415736198425293
3.1714649200439453,4.325493867509067,10.388348579406738
3.175292730331421,4.374419527294647,10.439703941345215
3.1998770236968994,4.33879625584398,10.394100189208984
3.2093331813812256,4.216411184419745,10.407369613647461
3.113083600997925,4.240084818265002,10.376051902770996
3.1834945678710938,4.261388839255752,10.34626579284668
3.1160757541656494,4.2905877893125375,10.394445419311523
3.1676554679870605,4.30249240811515,10.422683715820312
3.1723175048828125,4.3543756932153235,10.49276065826416
3.1750335693359375,4.304665222797277,10.462562561035156
3.185734987258911,4.27504545110943,10.456107139587402
3.111863136291504,4.247085757753146,10.434136390686035
3.198132276535034,4.358757579765682,10.330462455749512
3.1634562015533447,4.304548528078677,10.451355934143066
3.1492128372192383,4.317864477235291,10.358016967773438
3.1861629486083984,4.271574264558564,10.511577606201172
3.254631996154785,4.283922660929551,10.402901649475098
3.192267656326294,4.277063557844874,10.43971061706543
3.1872243881225586,4.293256212890681,10.477167129516602
3.179935932159424,4.285754339436867,10.418147087097168
3.195319175720215,4.354234660077574,10.403302192687988
3.1724181175231934,4.35875893161366,10.417495727539062
3.1758008003234863,4.259799126036731,10.380138397216797
3.2131717205047607,4.3033570844480495,10.379656791687012
3.130774974822998,4.261906760245828,10.46035099029541
3.143575668334961,4.334510805550963,10.455499649047852
3.1807730197906494,4.298946432070807,10.469376564025879
3.1259820461273193,4.266092742626954,10.36532974243164
3.1833531856536865,4.2916546725069304,10.354851722717285
3.185173988342285,4.233198433781841,10.479663848876953
3.1724226474761963,4.277045501129968,10.508456230163574
3.0830304622650146,4.274957736554955,10.43105697631836
3.1474459171295166,4.258784847034674,10.492919921875
3.14315128326416,4.261562137132776,10.448812484741211
3.146676778793335,4.227119158920166,10.402572631835938
3.183203935623169,4.326199190458283,10.491345405578613
3.1870572566986084,4.291359074114423,10.453695297241211
3.1958281993865967,4.312090294768235,10.449383735656738
3.1286277770996094,4.271483624952713,10.294109344482422
3.1638259887695312,4.390725375153124,10.352243423461914
3.265075206756592,4.357146746512236,10.456840515136719
3.162951946258545,4.232049431319216,10.46015739440918
3.126647710800171,4.290666312145602,10.397109031677246
3.1712403297424316,4.2628061593776305,10.392740249633789
3.2046213150024414,4.267018138530798,10.442667961120605
3.2518150806427,4.325718666892499,10.353499412536621
3.129290819168091,4.270852445924122,10.462469100952148
3.189138889312744,4.31184817045661,10.379905700683594
3.1529645919799805,4.3057765757798085,10.422653198242188
3.1697065830230713,4.320031403763486,10.52777099609375
3.139590263366699,4.232913434871339,10.418659210205078
3.1632676124572754,4.297346966374399,10.44591236114502
3.2420308589935303,4.345902476725834,10.365161895751953
3.174699306488037,4.352560701081529,10.508174896240234
3.094409942626953,4.265474241060604,10.42297077178955
3.179792881011963,4.251005990397451,10.42255687713623
3.172974109649658,4.270498718268105,10.492103576660156
3.155911445617676,4.276097255093711,10.46870231628418
3.158787727355957,4.307919397950172,10.399845123291016
3.2075817584991455,4.303033609009747,10.542835235595703
3.1645596027374268,4.311947680444323,10.33061695098877
3.136979103088379,4.327854289540222,10.429847717285156
3.181370258331299,4.197325935154886,10.297765731811523
3.050144672393799,4.218152335113181,10.431222915649414
3.2044625282287598,4.332991373326098,10.449728012084961
3.196686267852783,4.33562831803491,10.395845413208008
3.1768224239349365,4.3401229747438,10.316650390625
3.1357970237731934,4.322890575709088,10.434606552124023
3.168154716491699,4.341567722681377,10.355029106140137
3.172274112701416,4.271882428222202,10.402469635009766
3.1783533096313477,4.25462064396457,10.459474563598633
3.1911733150482178,4.269882347601067,10.468729019165039
3.186858654022217,4.254798573940726,10.353349685668945
3.1393797397613525,4.29737544838073,10.379281997680664
3.159071683883667,4.254845305113121,10.49808120727539
3.2107744216918945,4.272101232915052,10.358556747436523
3.249894380569458,4.339819616970739,10.423544883728027
3.127460241317749,4.306198870064691,10.424663543701172
3.1632182598114014,4.331671419919335,10.356054306030273
3.149883270263672,4.279723326841902,10.433353424072266
3.208308458328247,4.322064835644727,10.389449119567871
3.110295295715332,4.296305441563683,10.401790618896484
3.1712193489074707,4.392649090283418,10.26542854309082
3.1429288387298584,4.256742425795112,10.429699897766113
3.172539472579956,4.275884655736653,10.475982666015625
3.1963229179382324,4.320456652868805,10.367982864379883
3.0976715087890625,4.280445062854727,10.344890594482422
3.1783447265625,4.333147522095325,10.452024459838867
3.155346155166626,4.374199103464239,10.398781776428223
3.191913366317749,4.3558527709849715,10.392851829528809
3.1861538887023926,4.26770606350952,10.347665786743164
3.2041282653808594,4.257135941547208,10.464829444885254
3.1762568950653076,4.2393185706210454,10.362452507019043
3.1340644359588623,4.283661600667984,10.429045677185059
3.2251713275909424,4.303673905320465,10.37937068939209
3.1351542472839355,4.2305836148693095,10.29178524017334
3.085996389389038,4.240233831240662,10.33307933807373
3.179626226425171,4.260049707588872,10.414169311523438
3.173816680908203,4.358122068723398,10.485709190368652
3.201540470123291,4.297066241136885,10.358782768249512
3.1195130348205566,4.282896300944101,10.418085098266602
3.2200210094451904,4.293275691069929,10.456904411315918
3.1313986778259277,4.26359107332038,10.413348197937012
3.2130205631256104,4.317201585309314,10.393072128295898
3.201157331466675,4.333618627694834,10.31197738647461
3.1217384338378906,4.3133193974915365,10.360424041748047
3.1469340324401855,4.29858341869632,10.495403289794922
3.183783769607544,4.201906762451731,10.477191925048828
3.149526834487915,4.313830386115504,10.44424819946289
3.075151205062866,4.244828582441966,10.445306777954102
3.1623709201812744,4.283361102454364,10.497198104858398
3.2014424800872803,4.313209444916408,10.464670181274414
3.140789270401001,4.324475815153813,10.451545715332031
3.076061487197876,4.262433102653761,10.40822982788086
3.1895036697387695,4.343475129887728,10.463119506835938
3.2122201919555664,4.282939239338573,10.319482803344727
3.1089589595794678,4.251977689364659,10.429351806640625
3.118527412414551,4.333825260833172,10.451979637145996
3.1236984729766846,4.327481077751144,10.433303833007812
3.252060890197754,4.384269665494295,10.513924598693848
3.1816351413726807,4.326484870963863,10.426048278808594
3.2143325805664062,4.243002073174076,10.361089706420898
3.2147397994995117,4.308219052485323,10.362513542175293
3.1702942848205566,4.273412580734917,10.405064582824707
3.193861722946167,4.231504769264055,10.424686431884766
3.2149345874786377,4.314105889194511,10.462416648864746
3.1659371852874756,4.289023986352341,10.378839492797852
3.2125167846679688,4.368433223239013,10.379825592041016
3.199852705001831,4.288515227547448,10.367088317871094
3.157122850418091,4.371473543046575,10.407386779785156
3.1437652111053467,4.334981697611511,10.420758247375488
3.150380849838257,4.296314854939868,10.342145919799805
3.1660327911376953,4.25626835759197,10.417085647583008
3.147062301635742,4.265978851588443,10.404361724853516
3.269296169281006,4.287374512591798,10.497007369995117
3.1141529083251953,4.225595313523497,10.38985824584961
3.131892204284668,4.241281562318493,10.43062973022461
3.1772284507751465,4.315623175253028,10.461597442626953
3.156459093093872,4.259362896106072,10.462648391723633
3.102332353591919,4.314936733970951,10.390891075134277
3.1178104877471924,4.30128180534978,10.379192352294922
3.15535306930542,4.268793495471723,10.436452865600586
3.174231767654419,4.3116364445138196,10.302961349487305
3.160078763961792,4.324769858470453,10.404380798339844
3.169762372970581,4.329870947902756,10.445571899414062
3.146733522415161,4.26009476055125,10.353747367858887
3.2162885665893555,4.23717061280539,10.456914901733398
3.1266067028045654,4.275400089565665,10.470357894897461
3.2104299068450928,4.320016447620999,10.372782707214355
3.146827459335327,4.264983220857435,10.479849815368652
3.1777071952819824,4.242344961634704,10.453348159790039
3.1918587684631348,4.266488327977381,10.412653923034668
3.2124714851379395,4.299255829969687,10.406719207763672
3.1066079139709473,4.243458262411877,10.409805297851562
3.1588475704193115,4.245908731960558,10.468920707702637
3.1514294147491455,4.235779992737142,10.386445999145508
3.201639175415039,4.251358664528067,10.449479103088379
3.1736502647399902,4.286599435278081,10.4183349609375
3.144474983215332,4.256715341437875,10.442854881286621
3.128352403640747,4.316825724140342,10.394509315490723
3.1249022483825684,4.303486899040374,10.477304458618164
3.1478466987609863,4.281932645543878,10.425247192382812
3.1629254817962646,4.276803109794855,10.45561408996582
3.230787754058838,4.334596980662485,10.383659362792969
3.2156434059143066,4.298776423591854,10.427474975585938
3.1690738201141357,4.208264831387039,10.401609420776367
3.1946604251861572,4.252196057200698,10.349761009216309
3.1352241039276123,4.255143301761044,10.408519744873047
3.139399528503418,4.279677473574079,10.524782180786133
3.1569886207580566,4.336488786951771,10.464417457580566
3.101726531982422,4.330670908991514,10.41819953918457
3.1123642921447754,4.311611745839141,10.416823387145996
3.139672040939331,4.287071468840752,10.413776397705078
3.169935703277588,4.316429037534233,10.389535903930664
3.1879465579986572,4.250401888940749,10.352124214172363
3.141017436981201,4.300575376488268,10.451449394226074
3.0975289344787598,4.258323556277901,10.443770408630371
3.1556737422943115,4.309726489474997,10.478191375732422
3.2232470512390137,4.335191743647946,10.38371753692627
3.166910171508789,4.317535045357155,10.481365203857422
3.2204244136810303,4.327194369697412,10.440584182739258
3.211550235748291,4.375495434273034,10.397068977355957
3.1438424587249756,4.252410936867819,10.475723266601562
3.211987018585205,4.268021728078436,10.450392723083496
3.115412712097168,4.268788474578677,10.462119102478027
3.1849524974823,4.32299214694649,10.473613739013672
3.1743571758270264,4.296836987902809,10.436969757080078
3.1650524139404297,4.343717240362561,10.365654945373535
3.1721229553222656,4.348485447067235,10.398139953613281
3.124389886856079,4.228534019851525,10.474960327148438
3.1835389137268066,4.25830346465643,10.354246139526367
3.1699843406677246,4.325326857622713,10.426755905151367
3.2445950508117676,4.295203367015348,10.401902198791504
3.116863965988159,4.300782186278541,10.401145935058594
3.1522696018218994,4.265961070578279,10.398274421691895
3.1339633464813232,4.241356260209744,10.434882164001465
3.1556694507598877,4.2274038390189945,10.411200523376465
3.105367660522461,4.250132978694247,10.375463485717773
3.1730880737304688,4.226535403003384,10.399353981018066
3.1647722721099854,4.2487163013845155,10.453956604003906
3.0891289710998535,4.322129131394571,10.429929733276367
3.1668059825897217,4.331593722969826,10.431360244750977
3.2030420303344727,4.243419037366818,10.407759666442871
3.132507562637329,4.294705674517899,10.39859390258789
3.1421611309051514,4.25251419270145,10.507810592651367
3.218956708908081,4.27889435738325,10.504042625427246
3.143005609512329,4.305680668813044,10.431324005126953
3.163201332092285,4.299812442623079,10.37508773803711
3.1243770122528076,4.28891350761322,10.476079940795898
3.149447441101074,4.30449701103914,10.451444625854492
3.1931772232055664,4.306518881448678,10.425004959106445
3.1312599182128906,4.246882173299258,10.354127883911133
3.1791412830352783,4.308393847164032,10.37937068939209
3.191654920578003,4.262359053395422,10.366926193237305
3.123188018798828,4.236231666856578,10.542210578918457
3.0659658908843994,4.2607960741900435,10.396020889282227
3.193732261657715,4.286338783201894,10.321738243103027
3.1698548793792725,4.226813665890534,10.464506149291992
3.1608986854553223,4.325412182536509,10.481863021850586
3.164047956466675,4.291267511434853,10.4884033203125
3.219456672668457,4.278762365192441,10.38658332824707
3.128115653991699,4.345700097303571,10.463106155395508
3.2013742923736572,4.376343694382481,10.486050605773926
3.1387791633605957,4.265829426502543,10.451866149902344
3.1716082096099854,4.289181727117726,10.379055976867676
3.2144060134887695,4.352855682007171,10.416654586791992
3.185214042663574,4.267111011248614,10.46570110321045
3.080613374710083,4.317913832542087,10.424034118652344
3.1743323802948,4.226827430439048,10.42154598236084
3.117370367050171,4.280031528423673,10.409283638000488
3.2049381732940674,4.287845203087532,10.425283432006836
3.110334634780884,4.3050687298112145,10.438993453979492
3.1231462955474854,4.3046325177752545,10.37128734588623
3.133328914642334,4.288898089301905,10.416866302490234
3.14387845993042,4.336142633609208,10.463140487670898
3.1291863918304443,4.327363594468417,10.43669319152832
3.155773878097534,4.250663250152554,10.443585395812988
3.1644465923309326,4.264399436801407,10.414566040039062
3.144313335418701,4.243110159312242,10.42969036102295
3.151731014251709,4.284762020888073,10.404711723327637
3.201904773712158,4.312946182808706,10.449238777160645
3.179821729660034,4.259063656974051,10.449209213256836
3.135810375213623,4.283183590276167,10.359886169433594
3.1796443462371826,4.317061891147335,10.411190032958984
3.0901498794555664,4.282075049555195,10.415857315063477
3.0959508419036865,4.277274978646476,10.420150756835938
3.2313756942749023,4.305829253413581,10.431222915649414
3.2061662673950195,4.301960966649598,10.365562438964844
3.1766936779022217,4.28679594138105,10.361845016479492
3.168041706085205,4.277402244840881,10.429220199584961
3.1419129371643066,4.260997238003515,10.375605583190918
3.108940362930298,4.235989072592929,10.428044319152832
3.1281166076660156,4.241125936852768,10.44599437713623
3.168809413909912,4.22154946655168,10.452977180480957
3.1063764095306396,4.283133870988552,10.445977210998535
3.1629977226257324,4.282852266017081,10.409666061401367
3.2084121704101562,4.254475434210949,10.471949577331543
3.1558852195739746,4.26465379489985,10.426563262939453
3.1644833087921143,4.271057751861267,10.503424644470215
3.1788182258605957,4.262478737493179,10.425161361694336
3.1279735565185547,4.259159968334384,10.428621292114258
3.163712978363037,4.268405199616349,10.382850646972656
3.1615359783172607,4.320390846280913,10.434988021850586
3.1701178550720215,4.211030757220994,10.412273406982422
3.1458616256713867,4.293140723802416,10.437231063842773
3.1749846935272217,4.276260676328092,10.334073066711426
3.174201488494873,4.337625224575666,10.46091079711914
3.119309425354004,4.287903751479463,10.44465160369873
3.168360948562622,4.270893831770601,10.410075187683105
3.1820411682128906,4.276825248230515,10.484334945678711
3.1921579837799072,4.23725087265484,10.444324493408203
3.137401819229126,4.2199032496261815,10.46846866607666
3.1463918685913086,4.332578959209579,10.383014678955078
3.1598317623138428,4.271769293184792,10.421148300170898
3.1317059993743896,4.246470559820799,10.420137405395508
3.0821571350097656,4.285602003502261,10.35933780670166
3.148658037185669,4.2571350725899855,10.503094673156738
3.0916075706481934,4.2466867696493855,10.435789108276367
3.1040260791778564,4.253867277842281,10.430486679077148
3.103281021118164,4.2536435595247895,10.437662124633789
3.1082992553710938,4.278972811098876,10.469812393188477
3.13484525680542,4.240584221369188,10.489457130432129
3.111867904663086,4.233707380048665,10.48157787322998
3.191563606262207,4.270697286718391,10.44930362701416
3.2007107734680176,4.301049163764608,10.442981719970703
3.1832637786865234,4.2806754824040185,10.359535217285156
3.147552013397217,4.235002936263169,10.457901000976562
3.1516919136047363,4.2078052230977585,10.320552825927734
3.158355951309204,4.254311559389212,10.488762855529785
3.155972957611084,4.220656624529511,10.411506652832031
3.1431262493133545,4.300700997900484,10.394725799560547
3.1602158546447754,4.304603090975434,10.49853801727295
3.1234824657440186,4.265765296361808,10.440959930419922
3.1226556301116943,4.281329186899321,10.411081314086914
3.170959711074829,4.255592492409051,10.431163787841797
3.1348040103912354,4.293725919044975,10.389982223510742
3.1182849407196045,4.30723455714594,10.511167526245117
3.1820366382598877,4.272167887172795,10.3610258102417
3.1452476978302,4.221664624188894,10.501277923583984
3.0976803302764893,4.19283922878094,10.489131927490234
3.1247622966766357,4.267892993753776,10.480008125305176
3.15087628364563,4.267910093102338,10.401809692382812
3.138228178024292,4.317508894351444,10.420389175415039
3.0814383029937744,4.270984532610912,10.38697624206543
3.1443493366241455,4.283771257016009,10.47133731842041
3.132875919342041,4.26302202824237,10.404086112976074
3.238389730453491,4.275962473791359,10.394332885742188
3.2057924270629883,4.238297757193712,10.39267349243164
3.1595802307128906,4.228513718948566,10.420226097106934
3.116438627243042,4.2610945597157945,10.378368377685547
3.169475793838501,4.342008853198162,10.37278938293457
3.130565643310547,4.283626168966293,10.449414253234863
3.189626455307007,4.235511277137059,10.427520751953125
3.135274887084961,4.264843340763555,10.399658203125
3.110978126525879,4.30173827760986,10.41151237487793
3.147723436355591,4.1708334881280145,10.402247428894043
3.1798436641693115,4.23404815763102,10.441574096679688
3.187236785888672,4.307479575342898,10.382492065429688
3.1990966796875,4.253354530914553,10.414393424987793
3.1366589069366455,4.27041283728821,10.490519523620605
3.1010549068450928,4.264073377308835,10.317755699157715
3.1675777435302734,4.279812143982521,10.361099243164062
3.152862787246704,4.284345055697485,10.376320838928223
3.121344566345215,4.196994890591928,10.36450481414795
3.169901132583618,4.314833307505719,10.409990310668945
3.0840818881988525,4.302878506847524,10.484148025512695
3.093636989593506,4.219578256265127,10.420865058898926
3.1525774002075195,4.208177190407047,10.394598960876465
3.0993144512176514,4.243391464697198,10.475688934326172
3.1903188228607178,4.333453566401397,10.371278762817383
3.1025476455688477,4.296497978303315,10.382217407226562
3.166100025177002,4.248531100805849,10.439767837524414
3.2118782997131348,4.306597714511944,10.429091453552246
3.055377244949341,4.222892696703119,10.462248802185059
3.162930488586426,4.284639827175332,10.366910934448242
3.1047375202178955,4.214649432305513,10.383275985717773
3.172659397125244,4.260455186811409,10.432257652282715
3.14859676361084,4.272180244625945,10.418853759765625
3.110079288482666,4.29104612278752,10.352072715759277
3.145158290863037,4.319097390664475,10.409122467041016
3.0657966136932373,4.227760009933264,10.474952697753906
3.123737335205078,4.262000208753825,10.374641418457031
3.1711277961730957,4.301398372410663,10.40628433227539
3.1206517219543457,4.279924582823047,10.349912643432617
3.2034144401550293,4.294324946889122,10.388894081115723
3.14243483543396,4.253179595406566,10.411273002624512
3.141106367111206,4.30139007402717,10.464656829833984
3.1467907428741455,4.252572909263629,10.454471588134766
3.1613194942474365,4.220075879977751,10.429317474365234
3.1603708267211914,4.31695696139442,10.448116302490234
3.185541868209839,4.308648245076515,10.37063217163086
3.134277582168579,4.3536799953186085,10.519220352172852
3.1040852069854736,4.271690458425187,10.44194221496582
3.2312252521514893,4.271081461072233,10.40057373046875
3.235565185546875,4.28049199196643,10.460607528686523
3.188734531402588,4.284671641187742,10.45966911315918
3.144723653793335,4.246892790143777,10.346565246582031
3.121220827102661,4.1988555760056325,10.421749114990234
3.08461332321167,4.23277589123297,10.414344787597656
3.1406047344207764,4.255056762835011,10.44904899597168
3.1072936058044434,4.203865706953885,10.423177719116211
3.203605890274048,4.2889530495075245,10.394063949584961
3.1980419158935547,4.224837098869362,10.424051284790039
3.1610894203186035,4.222860055643002,10.561759948730469
3.1234304904937744,4.220751087979547,10.373208999633789
3.114245653152466,4.271417712194046,10.487037658691406
3.2056491374969482,4.344088203373498,10.408539772033691
3.169086456298828,4.330135138040142,10.354816436767578
3.1632039546966553,4.251495242717542,10.478541374206543
3.1572158336639404,4.242355125091438,10.415702819824219
3.1910905838012695,4.3322441235982945,10.49946403503418
3.1952109336853027,4.268334632207241,10.494544982910156
3.1739795207977295,4.244724698131904,10.456411361694336
3.128365993499756,4.231187036327485,10.48480224609375
3.138188362121582,4.2684541864852825,10.491735458374023
3.1594738960266113,4.232805628462561,10.429688453674316
3.139305353164673,4.2998815362142135,10.43671989440918
3.1730310916900635,4.222907297180167,10.429801940917969
3.1679611206054688,4.308151228519689,10.36782169342041
3.174855947494507,4.302100615076987,10.435592651367188
3.215161085128784,4.285897361048098,10.39090347290039
3.1337945461273193,4.270472635315465,10.371337890625
3.142468214035034,4.2411298357349425,10.461207389831543
3.1242549419403076,4.271944166826351,10.445810317993164
3.1427054405212402,4.264592218445614,10.41748046875
3.0410525798797607,4.224740046675183,10.467063903808594
3.1980974674224854,4.232462185767612,10.325014114379883
3.190067768096924,4.217165035328695,10.407188415527344
3.123842239379883,4.251194412088288,10.478738784790039
3.106577157974243,4.315128287832652,10.451414108276367
3.1733224391937256,4.28470005444251,10.397618293762207
3.094305992126465,4.220538126038654,10.449274063110352
3.1542155742645264,4.244508373384763,10.461889266967773
3.1908137798309326,4.252180518748771,10.50115966796875
3.1040842533111572,4.2635933109226505,10.376410484313965
3.179431200027466,4.222453972058637,10.401790618896484
3.1108944416046143,4.234201721780534,10.451624870300293
3.172156810760498,4.27301980039504,10.42495059967041
3.125596284866333,4.240344979633977,10.321797370910645
3.127021312713623,4.266460798447951,10.443563461303711
3.163640022277832,4.2596871982262074,10.40130615234375
3.2130632400512695,4.240566743371476,10.43924331665039
3.1146984100341797,4.259676888950968,10.444029808044434
3.1364645957946777,4.290366505039856,10.51120376586914
3.1504900455474854,4.241165405538465,10.328661918640137
3.106492280960083,4.170248014253698,10.490509986877441
3.1663990020751953,4.1828565574251115,10.526554107666016
3.147170305252075,4.3033551442370355,10.432093620300293
3.1626009941101074,4.278578993298912,10.588796615600586
3.1733999252319336,4.32087412223752,10.32065200805664
3.1325719356536865,4.243407130008563,10.377602577209473
3.1635289192199707,4.2646647402018845,10.419576644897461
3.219053268432617,4.308406679259081,10.46817398071289
3.1393580436706543,4.290038099246365,10.400432586669922
3.161724328994751,4.282067135175957,10.478805541992188
3.176633596420288,4.295616609975696,10.391315460205078
3.1313533782958984,4.2459555312858095,10.469468116760254
3.1740570068359375,4.279338131392641,10.506949424743652
3.130028486251831,4.268622564417976,10.464591026306152
3.1970717906951904,4.271793814375997,10.39244270324707
3.1288235187530518,4.230924183003871,10.359752655029297
3.1445934772491455,4.243034992732905,10.358264923095703
3.0473482608795166,4.191515312496839,10.349601745605469
3.174393892288208,4.28466077118979,10.444161415100098
3.183570384979248,4.235525789238246,10.366966247558594
3.2111005783081055,4.268003141108368,10.455686569213867
3.1130106449127197,4.252738214896193,10.412177085876465
3.2061469554901123,4.25197578866833,10.456080436706543
3.1212332248687744,4.329307762639862,10.435181617736816
3.154008626937866,4.257256571536085,10.429841995239258
3.1145808696746826,4.179411243514291,10.392241477966309
3.165658473968506,4.303840903265933,10.46711540222168
3.1680212020874023,4.326122957348291,10.34286117553711
3.1642954349517822,4.250072864782331,10.410548210144043
3.237208604812622,4.264996872516348,10.384353637695312
3.166297197341919,4.220636135765485,10.50064754486084
3.154660940170288,4.327629981362927,10.401905059814453
3.1645030975341797,4.232087957273636,10.504166603088379
3.158527135848999,4.28577396493139,10.408638000488281
3.1451187133789062,4.2459526739881515,10.46789836883545
3.140350580215454,4.262379213203011,10.482149124145508
3.1664907932281494,4.288280144965809,10.38204574584961
3.151865005493164,4.224291409199525,10.398730278015137
3.2135331630706787,4.3245227997457345,10.425615310668945
3.181804656982422,4.2453365138998,10.3396577835083
3.1375043392181396,4.289824660900714,10.528473854064941
3.1002204418182373,4.277913862972388,10.490419387817383
3.166792631149292,4.26936200763365,10.503669738769531
3.149594783782959,4.313838412020621,10.361608505249023
3.2437005043029785,4.36970073806255,10.375192642211914
3.182570457458496,4.280181129296709,10.524227142333984
3.1289050579071045,4.262733816435295,10.363052368164062
3.1374878883361816,4.263090899081102,10.346843719482422
3.1056976318359375,4.24335650031987,10.459997177124023
3.168482542037964,4.265864991217054,10.370850563049316
3.117136240005493,4.2109899594049365,10.368101119995117
3.19156551361084,4.28963818766975,10.427227020263672
3.1652965545654297,4.241920315926628,10.392292022705078
3.1583447456359863,4.290448859001376,10.423728942871094
3.1316757202148438,4.25201306222672,10.330622673034668
3.1135172843933105,4.240983652948801,10.483684539794922
3.1162116527557373,4.316650420726676,10.467491149902344
3.1918773651123047,4.254361690354667,10.464996337890625
3.082925319671631,4.2483635342214265,10.497472763061523
3.112056016921997,4.262207162666268,10.483573913574219
3.0924723148345947,4.270469671314848,10.37307357788086
3.1324000358581543,4.251494894768776,10.402297973632812
3.180304765701294,4.2637275336975495,10.455583572387695
3.208150863647461,4.285902695131621,10.473028182983398
3.1578805446624756,4.318844575434923,10.425800323486328
3.0936574935913086,4.259234764679734,10.37757396697998
3.1814215183258057,4.321779961830803,10.431614875793457
3.120358467102051,4.2820017154860714,10.430197715759277
3.1492741107940674,4.26687390709828,10.417702674865723
3.119947671890259,4.226722222885915,10.440616607666016
3.1642701625823975,4.252848191386354,10.50925350189209
3.1489861011505127,4.249010674322822,10.409817695617676
3.1335113048553467,4.262013492174447,10.40261173248291
3.2278921604156494,4.323907676086361,10.414161682128906
3.1496641635894775,4.273596374717142,10.459052085876465
3.155585289001465,4.301681003400257,10.323644638061523
3.199514389038086,4.304167711076193,10.361190795898438
3.165562152862549,4.228718345286325,10.449455261230469
3.1587414741516113,4.239144842140376,10.367331504821777
3.1058616638183594,4.241200291252297,10.441755294799805
3.2084896564483643,4.272759357966217,10.445367813110352
3.1781513690948486,4.2322563955094665,10.396295547485352
3.1675689220428467,4.275049906124227,10.445240020751953
3.130775213241577,4.308262928389013,10.389755249023438
3.099609851837158,4.181634716722848,10.426118850708008
3.1095855236053467,4.266479894851467,10.455087661743164
3.1030707359313965,4.288431421487726,10.40097427368164
3.1421217918395996,4.211572367864262,10.401124000549316
3.1262764930725098,4.258223515768934,10.379583358764648
3.187594175338745,4.242623942870912,10.428266525268555
3.137395143508911,4.224769239280639,10.381349563598633
3.1181161403656006,4.2855339547552695,10.419032096862793
3.173046350479126,4.246349360294905,10.44999885559082
3.1520750522613525,4.26858578662255,10.420729637145996
3.235568046569824,4.338364075137568,10.397930145263672
3.1741631031036377,4.249352733637872,10.430438041687012
3.1204283237457275,4.317586877383291,10.33818244934082
3.1352033615112305,4.24995987173835,10.443864822387695
3.1503593921661377,4.224690831865051,10.412445068359375
3.1595962047576904,4.168998643057421,10.423796653747559
3.1228413581848145,4.226527201543961,10.437117576599121
3.170044422149658,4.266696278404977,10.425432205200195
3.1568169593811035,4.2593584747519335,10.385683059692383
3.128396511077881,4.242298683450957,10.449211120605469
3.1758086681365967,4.178723064916475,10.448742866516113
3.170602798461914,4.280091861795102,10.326919555664062
3.127279043197632,4.225875756703317,10.371135711669922
3.129582166671753,4.200654105383105,10.39549446105957
3.1804072856903076,4.282949880364217,10.336065292358398
3.2013683319091797,4.298537796961942,10.429010391235352
3.113586187362671,4.244689177987831,10.371286392211914
3.1545393466949463,4.294650909989805,10.423507690429688
3.127464532852173,4.23219750658609,10.406557083129883
3.14955735206604,4.275293975669358,10.359536170959473
3.087184429168701,4.217659470292606,10.367225646972656
3.1419103145599365,4.2692720851129184,10.441787719726562
3.1124305725097656,4.19526626485666,10.402704238891602
3.141418933868408,4.259471361292525,10.426406860351562
3.119270086288452,4.25859794592751,10.422892570495605
3.137838840484619,4.260840359210436,10.413442611694336
3.168344020843506,4.2430831680539995,10.437278747558594
3.2216379642486572,4.3723319243041,10.392091751098633
3.150723457336426,4.279068379396838,10.401087760925293
3.1013455390930176,4.250155081739649,10.383514404296875
3.170825481414795,4.280380277861175,10.456233978271484
3.138444423675537,4.210674636298791,10.31657886505127
3.133838176727295,4.231998210140904,10.43690013885498
3.1551015377044678,4.246449132350141,10.410225868225098
3.1847119331359863,4.233839178823732,10.425783157348633
3.0651588439941406,4.2352157232152035,10.403558731079102
3.1690289974212646,4.254231767462833,10.404248237609863
3.0921618938446045,4.245820482261479,10.365751266479492
3.1098644733428955,4.213650186645932,10.476604461669922
3.1517467498779297,4.283821926053081,10.442411422729492
3.1600046157836914,4.267595315219036,10.346240043640137
3.111576557159424,4.215851903626961,10.391151428222656
3.1687405109405518,4.3019569272375,10.47097110748291
3.1306636333465576,4.240427767924433,10.366511344909668
3.1573326587677,4.280711427464016,10.456131935119629
3.17337965965271,4.277471632330812,10.455455780029297
3.0893497467041016,4.217493507645226,10.430099487304688
3.0808417797088623,4.248286535697324,10.338936805725098
3.1685702800750732,4.299306487631318,10.42351245880127
3.057807207107544,4.189924515983356,10.323599815368652
3.1151206493377686,4.24634786914768,10.386999130249023
3.13423490524292,4.174368007640753,10.42222785949707
3.0968501567840576,4.2419380423546365,10.454668045043945
3.0346546173095703,4.257426004623993,10.385523796081543
3.1430041790008545,4.27065719950146,10.463699340820312
3.1921770572662354,4.246132207468951,10.449538230895996
3.18994402885437,4.254050226416439,10.435698509216309
3.170130968093872,4.241347192753373,10.42924690246582
3.1537232398986816,4.253264293540269,10.467778205871582
3.1730763912200928,4.297301600254805,10.411226272583008
3.1695241928100586,4.235995108926935,10.41659164428711
3.125013589859009,4.199892819892349,10.346894264221191
3.154428720474243,4.274035511438601,10.52602767944336
3.1924288272857666,4.30397487657943,10.338411331176758
3.1137311458587646,4.2706328514032075,10.55392074584961
3.2045063972473145,4.287445057649166,10.417525291442871
3.168393850326538,4.319759150534602,10.387453079223633
3.0932703018188477,4.261609711118841,10.39927864074707
3.113111972808838,4.259555993136018,10.301430702209473
3.230761766433716,4.284960812822517,10.498266220092773
3.1571152210235596,4.339070879821,10.389703750610352
3.0801286697387695,4.2079092027686,10.418722152709961
3.1785995960235596,4.281342062367393,10.408403396606445
3.1317954063415527,4.22353779660937,10.437934875488281
3.151850700378418,4.262730630779905,10.456579208374023
3.124695301055908,4.258444732121592,10.47724723815918
3.2092227935791016,4.284046768277351,10.346902847290039
3.1518301963806152,4.2549873071257025,10.32349967956543
3.239651679992676,4.241177975798824,10.501794815063477
3.0861992835998535,4.271079892991112,10.450993537902832
3.181974411010742,4.261790532685284,10.396721839904785
3.0763251781463623,4.204233551165089,10.37038803100586
3.147641658782959,4.288063406678183,10.375186920166016
3.131669044494629,4.265022870918203,10.472603797912598
3.131319522857666,4.360097601278019,10.442910194396973
3.166506290435791,4.339593037197899,10.41799259185791
3.129185199737549,4.25843822250941,10.433462142944336
3.2303361892700195,4.3152192097955515,10.419235229492188
3.1528875827789307,4.2540474373381585,10.400871276855469
3.093186616897583,4.284498305026708,10.480598449707031
3.155305862426758,4.235472756404696,10.516913414001465
3.164560317993164,4.187570864534272,10.424310684204102
3.1448705196380615,4.311404591027115,10.423402786254883
3.0875585079193115,4.246934241548712,10.418606758117676
3.1392576694488525,4.325642320793121,10.420015335083008
3.0797927379608154,4.2479791661857496,10.369776725769043
3.1277756690979004,4.259191283889646,10.362310409545898
3.135403871536255,4.284141772094049,10.46042537689209
3.1041839122772217,4.269156204503296,10.330365180969238
3.1010959148406982,4.289342377201787,10.415821075439453
3.1431198120117188,4.285803107611303,10.360940933227539
3.1822917461395264,4.301111521099561,10.428827285766602
3.202406644821167,4.305700805304305,10.454038619995117
3.1352782249450684,4.273240258285243,10.413249015808105
3.1555747985839844,4.276008166771914,10.372994422912598
3.1338536739349365,4.234409042767116,10.424967765808105
3.065131425857544,4.313872413676499,10.360906600952148
3.1425023078918457,4.322597977538993,10.3820161819458
3.1439661979675293,4.298687378875911,10.456560134887695
3.1070659160614014,4.267469119313839,10.444418907165527
3.257906913757324,4.275362548285297,10.434172630310059
3.1985316276550293,4.204307074459004,10.36562728881836
3.1379401683807373,4.255903716232362,10.45033073425293
3.0956130027770996,4.283948614195522,10.393930435180664
3.041278839111328,4.192654252418184,10.435673713684082
3.1150574684143066,4.273118886630982,10.477277755737305
3.1305723190307617,4.2948773748773545,10.451006889343262
3.1466188430786133,4.247143856216489,10.382383346557617
3.1020617485046387,4.282203353109901,10.469039916992188
3.1421902179718018,4.234478529210069,10.395353317260742
3.1723716259002686,4.2536634742614945,10.381292343139648
3.134901762008667,4.262221431392911,10.350702285766602
3.2122690677642822,4.26803201274015,10.520964622497559
3.1470654010772705,4.280169560174857,10.386451721191406
3.166323661804199,4.281604377120467,10.356549263000488
3.2023231983184814,4.293937732897965,10.534750938415527
3.111710548400879,4.237550345681874,10.43472957611084
3.1063883304595947,4.198028664869655,10.392014503479004
3.165945291519165,4.21419330320454,10.364498138427734
3.2142446041107178,4.248905663611367,10.42078685760498
3.1451239585876465,4.275814972385498,10.425148963928223
3.112149715423584,4.239737173775211,10.432552337646484
3.1283013820648193,4.312412995878341,10.400579452514648
3.072441339492798,4.207724961618494,10.404634475708008
3.169212818145752,4.266132698860019,10.361945152282715
3.108215093612671,4.299757551169023,10.344320297241211
3.1246204376220703,4.213823209749535,10.414165496826172
3.1841795444488525,4.259762492396736,10.407848358154297
3.0627477169036865,4.169327961314204,10.400596618652344
3.1269114017486572,4.2917366195470095,10.424093246459961
3.1047136783599854,4.170881144469604,10.450181007385254
3.1771905422210693,4.261897348832073,10.408254623413086
3.1467933654785156,4.267391614516132,10.473705291748047
3.1653337478637695,4.317883896641432,10.385845184326172
3.055286169052124,4.214425195840055,10.456759452819824
3.183856248855591,4.348600699366735,10.430360794067383
3.083287477493286,4.259572114595878,10.431841850280762
3.1925816535949707,4.2801646137210945,10.46519660949707
3.1212220191955566,4.277955739060416,10.406399726867676
3.165064811706543,4.232152018097363,10.38886547088623
3.156639337539673,4.226021738623135,10.422618865966797
3.1513514518737793,4.2846300774253905,10.342248916625977
3.104660987854004,4.2758971777012835,10.475788116455078
3.094313383102417,4.290949490253947,10.395963668823242
3.1192915439605713,4.243176231792729,10.454404830932617
3.1209075450897217,4.227790446852201,10.476922035217285
3.149080514907837,4.270244086360825,10.412206649780273
3.139708995819092,4.3000851006114065,10.350358963012695
3.1649131774902344,4.307589773920232,10.425701141357422
3.155198812484741,4.253483841594841,10.358762741088867
3.0740885734558105,4.223550787761009,10.404027938842773
3.1561684608459473,4.298200868868403,10.395261764526367
3.1161956787109375,4.197631203602734,10.425585746765137
3.0803067684173584,4.230282315585231,10.354914665222168
3.0838308334350586,4.229373951974724,10.36569595336914
3.126993417739868,4.218957286793739,10.41058349609375
3.1241912841796875,4.283898115956357,10.356485366821289
3.1724891662597656,4.2574061342914185,10.434779167175293
3.075756072998047,4.238742765272036,10.436347961425781
3.09698224067688,4.245879720464083,10.442150115966797
3.1243700981140137,4.2573741202109625,10.395840644836426
3.1579973697662354,4.229987798990415,10.421144485473633
3.1269443035125732,4.252605556344082,10.378250122070312
3.1341490745544434,4.259070292481089,10.423898696899414
3.160346269607544,4.216011685319245,10.299457550048828
3.179156541824341,4.267510407704061,10.453380584716797
3.1356894969940186,4.279231417890903,10.301480293273926
3.136209011077881,4.277417802484706,10.411076545715332
3.2114274501800537,4.25044575676189,10.48179817199707
3.1495485305786133,4.243455354955846,10.44372844696045
3.1122937202453613,4.201752099374842,10.440142631530762
3.1689178943634033,4.21761671553499,10.362714767456055
3.1427736282348633,4.235161040144574,10.381909370422363
3.1286168098449707,4.23601322684304,10.424400329589844
3.139975070953369,4.278939071876396,10.353967666625977
3.111074686050415,4.226659463086564,10.356582641601562
3.0825400352478027,4.2416088112763,10.512624740600586
3.179035186767578,4.2572380795609215,10.408841133117676
3.1734461784362793,4.268643351238487,10.478240966796875
3.170356273651123,4.290732186088072,10.360061645507812
3.2293331623077393,4.253509302523785,10.464826583862305
3.0916547775268555,4.291228993130582,10.401376724243164
3.177157402038574,4.217459026956931,10.42495059967041
3.1217732429504395,4.261689852889893,10.471705436706543
3.0922346115112305,4.261214710772037,10.45216178894043
3.031773328781128,4.233492303307035,10.470168113708496
3.164466381072998,4.2925578684413015,10.417842864990234
3.1202456951141357,4.259995728631371,10.422978401184082
3.145358085632324,4.220842204721911,10.486268043518066
3.1350793838500977,4.242000150560801,10.354670524597168
3.1759448051452637,4.276599057417895,10.415948867797852
3.0879480838775635,4.222816290234083,10.329991340637207
3.159727096557617,4.212322212356542,10.412930488586426
3.129446268081665,4.228678479790687,10.413216590881348
3.0949974060058594,4.205506437325052,10.499805450439453
3.2373876571655273,4.270491115150175,10.404407501220703
3.109109401702881,4.266128315390753,10.38887882232666
3.1150922775268555,4.313351150568841,10.400086402893066
3.1413235664367676,4.247397095929565,10.337779998779297
3.145282030105591,4.219210768484378,10.396674156188965
3.1230719089508057,4.227008651808969,10.369317054748535
3.155299186706543,4.270143642023738,10.388969421386719
3.144914388656616,4.249383032887376,10.373796463012695
3.145237445831299,4.238483104921345,10.439111709594727
3.1390788555145264,4.250188777256491,10.46045970916748
3.1142401695251465,4.216849103071062,10.440862655639648
3.1262104511260986,4.216384159467582,10.423940658569336
3.124098300933838,4.272271975575547,10.41368579864502
3.135730743408203,4.24872762161041,10.371763229370117
3.0863919258117676,4.166517087990152,10.461334228515625
3.122011423110962,4.220121542357706,10.40262508392334
3.140951156616211,4.168120447147105,10.437484741210938
3.0933289527893066,4.233810253507857,10.32724666595459
3.1368296146392822,4.299326929163986,10.406042098999023
3.1189937591552734,4.283983928916444,10.528402328491211
3.080040216445923,4.222247084403144,10.404521942138672
3.179182529449463,4.2457966490183034,10.336977005004883
3.1045219898223877,4.262566598398345,10.382402420043945
3.1884400844573975,4.258830761670001,10.449667930603027
3.0737102031707764,4.303034112090245,10.412528991699219
3.141608953475952,4.195164158507915,10.394548416137695
3.154966354370117,4.279604085987168,10.35608959197998
3.12432599067688,4.287447588717831,10.360496520996094
3.1521825790405273,4.2179779185846975,10.411083221435547
3.1248250007629395,4.286225559223176,10.376620292663574
3.140810966491699,4.327579957333261,10.440535545349121
3.107989549636841,4.280334165386323,10.425817489624023
3.1214261054992676,4.270519023628107,10.388717651367188
3.142120599746704,4.266337738571954,10.445569038391113
3.0812361240386963,4.2121812134448975,10.333904266357422
3.047015428543091,4.289743782220674,10.439565658569336
3.149893283843994,4.273728849399569,10.451742172241211
3.133157968521118,4.32094355456398,10.377025604248047
3.1947009563446045,4.27471214286717,10.479269027709961
3.104079008102417,4.226568299212626,10.477564811706543
3.165663957595825,4.2256091724016835,10.37974739074707
3.1306068897247314,4.230996282871015,10.338558197021484
3.08748459815979,4.246931314934045,10.38768482208252
3.0986478328704834,4.36528973008639,10.363390922546387
3.136232376098633,4.255965580099395,10.485505104064941
3.0643398761749268,4.22434238434237,10.368000984191895
3.0967719554901123,4.247861530066334,10.311286926269531
3.134737253189087,4.252975573596944,10.320825576782227
3.171475648880005,4.231548663328534,10.395784378051758
3.1728856563568115,4.27426738907317,10.426189422607422
3.1617820262908936,4.254588981325339,10.453702926635742
3.157902240753174,4.264865091702502,10.417146682739258
3.0665366649627686,4.306767012291987,10.486370086669922
3.1209557056427,4.26356330643674,10.358574867248535
3.180819034576416,4.206136725676645,10.394685745239258
3.1587870121002197,4.246660885401069,10.39746379852295
3.1221718788146973,4.236694387792211,10.394752502441406
3.1469905376434326,4.264456294377201,10.362053871154785
3.1581478118896484,4.308686316711827,10.453577041625977
3.113607883453369,4.243573946312868,10.420112609863281
3.1092233657836914,4.294800545820701,10.484441757202148
3.166945457458496,4.256810232398234,10.289563179016113
3.168701171875,4.247367641090282,10.432717323303223
3.087244749069214,4.213951044549634,10.483599662780762
3.0592706203460693,4.2173951032039305,10.416237831115723
3.148686170578003,4.245939559003871,10.482979774475098
3.2091195583343506,4.270756146238584,10.447820663452148
3.1840362548828125,4.200113853273381,10.450885772705078
3.141348361968994,4.233641189123904,10.36849308013916
3.06817626953125,4.275443715675335,10.431593894958496
3.0706286430358887,4.247017909805956,10.387819290161133
3.117990016937256,4.2169920317828655,10.417323112487793
3.103407621383667,4.244388257253116,10.459979057312012
3.1520519256591797,4.291087703546509,10.413910865783691
3.1414122581481934,4.252152232419965,10.389857292175293
3.118622064590454,4.250099102633873,10.45645809173584
3.1213626861572266,4.283128759990047,10.41265869140625
3.1384222507476807,4.271722006977402,10.34798812866211
3.0998988151550293,4.2490416451889494,10.42326831817627
3.1259987354278564,4.267694361907031,10.460308074951172
3.10296368598938,4.171982802883057,10.432212829589844
3.1300201416015625,4.192127208624568,10.414077758789062
3.1617918014526367,4.231073588299165,10.4462890625
3.0157577991485596,4.242395557562954,10.410030364990234
3.141690254211426,4.277828598428251,10.367019653320312
3.059643030166626,4.256915517350925,10.41806411743164
3.1161386966705322,4.191521363299607,10.361268043518066
3.1955649852752686,4.309340526150274,10.408173561096191
3.1614041328430176,4.295792925138293,10.42490005493164
3.178563117980957,4.259692436383506,10.413484573364258
3.1033365726470947,4.323832788172044,10.45413589477539
3.1163899898529053,4.22854983387515,10.282248497009277
3.1970980167388916,4.22845183249696,10.437056541442871
3.070746660232544,4.171898058149964,10.340816497802734
3.151179075241089,4.276903234954392,10.544168472290039
3.1454153060913086,4.210782360218997,10.362323760986328
3.156437397003174,4.257625258527697,10.34200382232666
3.110049247741699,4.2643163639253805,10.403392791748047
3.089587450027466,4.2517847735767385,10.38406753540039
3.1401891708374023,4.308388073729085,10.419965744018555
3.137409210205078,4.233272060585607,10.48101806640625
3.1103720664978027,4.2003127346147915,10.330860137939453
3.106384754180908,4.253325804369523,10.422467231750488
3.156947135925293,4.284718890242012,10.508538246154785
3.1503899097442627,4.311845117514688,10.354353904724121
3.121189594268799,4.174101120925376,10.437507629394531
3.1472253799438477,4.29502799511621,10.419988632202148
3.165626049041748,4.30290176955584,10.399700164794922
3.139024496078491,4.269254561081263,10.369266510009766
3.1245155334472656,4.217855522475605,10.334489822387695
3.147538661956787,4.25834168696643,10.47199535369873
3.1495320796966553,4.261337163858115,10.363542556762695
3.07904052734375,4.279559311623286,10.35760498046875
3.176572561264038,4.279062966317205,10.414555549621582
3.0175979137420654,4.182286025690181,10.3721342086792
3.1694998741149902,4.2287899114058485,10.36762523651123
3.10611891746521,4.268695225540016,10.420819282531738
3.1464366912841797,4.249156508395182,10.379894256591797
3.1173009872436523,4.243114730576054,10.427802085876465
3.1541454792022705,4.268117977306247,10.41417121887207
3.1413114070892334,4.2306615651385595,10.482751846313477
3.080780506134033,4.227131247221093,10.466739654541016
3.2154695987701416,4.26981595028857,10.425749778747559
3.1290783882141113,4.304881505934255,10.480740547180176
3.1341729164123535,4.256070712681061,10.499755859375
3.081859588623047,4.232081241440027,10.315959930419922
3.164848804473877,4.192133744413565,10.365942001342773
3.126204013824463,4.279790058865079,10.43197250366211
3.0843865871429443,4.26617815086086,10.42091178894043
3.134498357772827,4.225741504292403,10.38310432434082
3.153031587600708,4.260149942810781,10.442102432250977
3.145115375518799,4.285198013364736,10.444889068603516
3.079786539077759,4.23370530203517,10.39411735534668
3.1285316944122314,4.273004104216982,10.473276138305664
3.1137099266052246,4.209734299652545,10.458324432373047
3.1128134727478027,4.242645332356915,10.457195281982422
3.0705859661102295,4.199373985707227,10.455533981323242
3.1319637298583984,4.200110164770325,10.340604782104492
3.1459290981292725,4.277736216085032,10.371275901794434
3.184873342514038,4.260139229208497,10.415582656860352
3.0946431159973145,4.264605775741594,10.406838417053223
3.075868606567383,4.25347755972429,10.445698738098145
3.1158969402313232,4.265900074670624,10.464245796203613
3.1029744148254395,4.260677128564567,10.418004035949707
3.0930063724517822,4.240054288779253,10.419568061828613
3.1599841117858887,4.236093719689441,10.435293197631836
3.172581195831299,4.210534413910604,10.46456527709961
3.1441025733947754,4.277793571552528,10.571080207824707
3.062180995941162,4.234102671965957,10.316823959350586
3.1044836044311523,4.137313905105527,10.371633529663086
3.104990243911743,4.225008643531639,10.448641777038574
3.102876663208008,4.2392731661509195,10.3885498046875
3.108286142349243,4.283733405372395,10.463923454284668
3.1243300437927246,4.319759199661869,10.474666595458984
3.1997804641723633,4.296517318513776,10.431009292602539
3.1277027130126953,4.216748042797138,10.390951156616211
3.0949513912200928,4.238077822507226,10.387975692749023
3.1654741764068604,4.24543717247434,10.389322280883789
3.121079921722412,4.198628100566566,10.408584594726562
3.113830089569092,4.19122745196468,10.455757141113281
3.1649603843688965,4.201612353391414,10.404335021972656
3.100492238998413,4.208270162244194,10.393052101135254
3.1298165321350098,4.319230986692544,10.445819854736328
3.150346279144287,4.2534024898694565,10.408472061157227
3.0956337451934814,4.220677001335259,10.413082122802734
3.0955426692962646,4.253720176372942,10.357415199279785
3.0858230590820312,4.225583999650553,10.391485214233398
3.126249074935913,4.203614312922582,10.46192741394043
3.130383253097534,4.2822223197934886,10.354450225830078
3.063933849334717,4.269423947802612,10.381619453430176
3.0815069675445557,4.285735056935144,10.409134864807129
3.1315698623657227,4.229441401382376,10.429521560668945
3.1473419666290283,4.2616239151518265,10.412975311279297
3.098294973373413,4.30015591508709,10.389663696289062
3.0892598628997803,4.196660157492651,10.402198791503906
3.13427472114563,4.271762954337256,10.515466690063477
3.0472376346588135,4.195054124974247,10.449357986450195
3.129563093185425,4.186184693094609,10.442826271057129
3.0750486850738525,4.2529381408156555,10.467912673950195
3.1497902870178223,4.288007240942014,10.315227508544922
3.1658122539520264,4.299143466898906,10.40732479095459
3.0952417850494385,4.259389176898237,10.4004487991333
3.1437032222747803,4.291383881587534,10.373729705810547
3.10566782951355,4.218025297358898,10.36941909790039
3.0575342178344727,4.164950036244201,10.3993558883667
3.141047239303589,4.297038714401424,10.43647575378418
3.1164722442626953,4.301389852705013,10.390987396240234
3.1599371433258057,4.2966544020787945,10.393754005432129
3.0945143699645996,4.22279040848038,10.491312026977539
3.1503028869628906,4.228289595173139,10.336830139160156
3.1421258449554443,4.200213580991009,10.387553215026855
3.162277936935425,4.283228444168344,10.474649429321289
3.051159620285034,4.26607924822851,10.32449722290039
3.134042739868164,4.252700446306594,10.333697319030762
3.043009042739868,4.234663223781223,10.406700134277344
3.123969793319702,4.184327525419317,10.396804809570312
3.1412880420684814,4.297509393588241,10.366729736328125
3.1414084434509277,4.240798317727499,10.377670288085938
3.149625301361084,4.259056823461184,10.41163158416748
3.11720871925354,4.249153825188322,10.356237411499023
3.1500840187072754,4.251759969961963,10.395082473754883
3.146667957305908,4.222842144314201,10.450087547302246
3.1215415000915527,4.281930143379473,10.407140731811523
3.085895538330078,4.233205353674878,10.416348457336426
3.114962100982666,4.238093535781705,10.429871559143066
3.1899118423461914,4.244759632773431,10.5062837600708
3.1140177249908447,4.240504128692139,10.399109840393066
3.1594178676605225,4.2840272647860855,10.49655818939209
3.0839152336120605,4.30609030978355,10.448495864868164
3.142584800720215,4.246446343438167,10.445100784301758
3.1604743003845215,4.281011704887662,10.411859512329102
3.101973533630371,4.195144691371492,10.394777297973633
3.1719250679016113,4.282324771163985,10.440905570983887
3.0630946159362793,4.219728394278458,10.346141815185547
3.0707409381866455,4.2124769020759105,10.378273963928223
3.1377406120300293,4.2589808439370245,10.344161033630371
3.1606407165527344,4.307034640207088,10.346641540527344
3.0467689037323,4.2436770989360015,10.401605606079102
3.107788562774658,4.271564294184958,10.342670440673828
3.1251416206359863,4.169335077915872,10.353946685791016
3.1011605262756348,4.196713466729437,10.3661470413208
3.091080904006958,4.308730606488616,10.393669128417969
3.1067655086517334,4.243438818558518,10.379802703857422
3.2087202072143555,4.2514669637727955,10.450799942016602
3.1647047996520996,4.268239155977167,10.36953353881836
3.1550402641296387,4.31197634196308,10.430229187011719
3.1032559871673584,4.305394289882056,10.471639633178711
3.070888042449951,4.2125883897034715,10.460247039794922
3.101499557495117,4.262308027695066,10.3657865524292
3.099879026412964,4.269555921533279,10.370248794555664
3.1521286964416504,4.2651035358264515,10.408416748046875
3.119732618331909,4.209705941678425,10.3363618850708
3.134667158126831,4.254296585085935,10.375455856323242
3.140230894088745,4.2600405731438,10.412188529968262
3.1655781269073486,4.323879642345543,10.492242813110352
3.0379152297973633,4.241119414102286,10.400863647460938
3.1058406829833984,4.249584190846821,10.487208366394043
3.128243923187256,4.198787226774065,10.463703155517578
3.086930751800537,4.3242598202611715,10.456613540649414
3.0520741939544678,4.202986038123656,10.361286163330078
3.0815248489379883,4.346691676382242,10.431020736694336
3.1033592224121094,4.2675559537352195,10.438300132751465
3.1297712326049805,4.270601557102054,10.446773529052734
3.0976014137268066,4.237783524307555,10.355657577514648
3.137787103652954,4.281069405310388,10.431756973266602
3.1752493381500244,4.210530126700178,10.377819061279297
3.11118745803833,4.266004780074582,10.370577812194824
3.156752586364746,4.203316754994116,10.305211067199707
3.0887320041656494,4.269142995189343,10.437198638916016
3.067809581756592,4.236196323730318,10.362133026123047
3.146617889404297,4.286526093226192,10.39867115020752
3.1101388931274414,4.257296384711351,10.456080436706543
3.040701150894165,4.195876450111558,10.35508918762207
3.124901056289673,4.2944225405475915,10.458881378173828
3.128267526626587,4.241223845564361,10.49344539642334
3.1684765815734863,4.28354801583503,10.478915214538574
3.0390865802764893,4.2311241080917945,10.326650619506836
3.094566583633423,4.299914618821016,10.43623161315918
3.085864543914795,4.240163430471771,10.415299415588379
3.093235731124878,4.231396971470011,10.504111289978027
3.1928746700286865,4.2241090491214495,10.452902793884277
3.0770838260650635,4.235628594012398,10.380066871643066
3.1426169872283936,4.260958480249558,10.439200401306152
3.0819292068481445,4.269363881155316,10.50206470489502
3.1739134788513184,4.235889809638528,10.376358032226562
3.131190776824951,4.227907419371019,10.359888076782227
3.088353395462036,4.2784368784632525,10.319674491882324
3.0987935066223145,4.241520710655355,10.387660026550293
3.1576857566833496,4.290951183764264,10.333253860473633
3.0942463874816895,4.288643848749676,10.40241813659668
3.0893685817718506,4.217887561735033,10.470131874084473
3.0840225219726562,4.230242465290107,10.410572052001953
3.0763189792633057,4.1880781722055485,10.497760772705078
3.094698905944824,4.221014092243941,10.408528327941895
3.19584059715271,4.222039008646139,10.518119812011719
3.1773576736450195,4.308362859633885,10.375869750976562
3.159086227416992,4.270397211691098,10.479379653930664
3.1499063968658447,4.199525488839884,10.381082534790039
3.095937967300415,4.207179518882186,10.352201461791992
3.0789806842803955,4.279283459763974,10.453084945678711
3.146796226501465,4.2691506386202365,10.517569541931152
3.1739509105682373,4.280537050450221,10.404539108276367
3.0537521839141846,4.175565749872476,10.364126205444336
3.1375572681427,4.32151980641564,10.440055847167969
3.1758124828338623,4.258427470955732,10.435127258300781
3.0784876346588135,4.25262633784275,10.367111206054688
3.142545461654663,4.203911679963182,10.436769485473633
3.13862943649292,4.26789521000215,10.452177047729492
3.064347982406616,4.2305699754838955,10.35486888885498
3.10943603515625,4.2274147333643795,10.400253295898438
3.1373159885406494,4.2615500928035805,10.379018783569336
3.1046884059906006,4.260994342089232,10.464118957519531
3.1414074897766113,4.2359172860493075,10.31478214263916
3.118992567062378,4.2937555135493835,10.415665626525879
3.0886752605438232,4.1865566789970865,10.45591926574707
3.160728693008423,4.221545153729884,10.388829231262207
3.1424033641815186,4.235458247529875,10.354776382446289
3.138824701309204,4.303526650415733,10.342838287353516
3.14385724067688,4.260558379780767,10.360530853271484
3.126718759536743,4.310208893347798,10.38457202911377
3.0707058906555176,4.264480044167223,10.355422973632812
3.0788841247558594,4.228703455966232,10.456637382507324
3.083749532699585,4.222964207708303,10.45895004272461
3.103921413421631,4.239782127518473,10.445740699768066
3.108933925628662,4.220817502920649,10.37475299835205
3.1339614391326904,4.284300291245537,10.418734550476074
3.153486490249634,4.237901150548299,10.372174263000488
3.173110008239746,4.289242774115077,10.4405517578125
3.078597068786621,4.24730146676302,10.36618709564209
3.1003572940826416,4.301859685984839,10.446807861328125
3.120918035507202,4.166522098572126,10.397207260131836
3.1490256786346436,4.285264602829036,10.409856796264648
3.0866012573242188,4.253951220640115,10.496302604675293
3.0363359451293945,4.248407744469919,10.42905330657959
3.1374218463897705,4.209106527601501,10.4219970703125
3.1319632530212402,4.2696267486483395,10.41756820678711
3.160670280456543,4.240066333607372,10.408092498779297
3.0743775367736816,4.240576759346627,10.362654685974121
3.0915896892547607,4.219827728745129,10.38342571258545
3.052194356918335,4.1816028289696465,10.334619522094727
3.1495118141174316,4.25173413873251,10.273961067199707
3.128899574279785,4.23971638063501,10.346756935119629
3.1106324195861816,4.214414726643423,10.362730979919434
3.131934881210327,4.303737528223013,10.399234771728516
3.1516151428222656,4.21546532064011,10.486544609069824
3.1504404544830322,4.315005032911098,10.458784103393555
3.068206310272217,4.251955536892638,10.447948455810547
3.1480960845947266,4.228013715307627,10.367666244506836
3.158656120300293,4.227760084306023,10.406231880187988
3.1429860591888428,4.261516189069621,10.331216812133789
3.1231610774993896,4.238224668494825,10.507659912109375
3.1317672729492188,4.244312010738732,10.383172988891602
3.1084141731262207,4.247067837044596,10.43159008026123
3.1333775520324707,4.292205739733098,10.442631721496582
3.143543243408203,4.231560647321333,10.476540565490723
3.1688687801361084,4.3125333288751015,10.381756782531738
3.049400568008423,4.282250698955197,10.473298072814941
3.1027700901031494,4.206029885016116,10.386409759521484
3.106386661529541,4.210273673225726,10.358186721801758
3.0952377319335938,4.177458056049155,10.327411651611328
3.098733901977539,4.209846229525283,10.371908187866211
3.126295804977417,4.277074701186003,10.331090927124023
3.1089932918548584,4.232691941317171,10.405834197998047
3.154045820236206,4.26298748093125,10.46833324432373
3.0740160942077637,4.219627071937014,10.393363952636719
3.1122310161590576,4.248109027277678,10.422487258911133
3.091561794281006,4.292617538777579,10.4519681930542
3.0648889541625977,4.282680687261745,10.414018630981445
3.14064359664917,4.247035547226135,10.399295806884766
3.189011573791504,4.229649749152096,10.39730167388916
3.1032447814941406,4.225052090960421,10.370465278625488
3.1063461303710938,4.323991719899433,10.423683166503906
3.119340181350708,4.310381196572313,10.417828559875488
3.059873580932617,4.285628862246605,10.37994384765625
3.125062942504883,4.192047569135736,10.365620613098145
3.089082956314087,4.21528260300069,10.447057723999023
3.127255439758301,4.24670362489165,10.346843719482422
3.0690457820892334,4.193230639976848,10.5107421875
3.129373073577881,4.2732076815196445,10.502159118652344
3.093646764755249,4.2064927741885185,10.418079376220703
3.1353366374969482,4.270521183464943,10.37651538848877
3.050053834915161,4.228553763856846,10.470046997070312
3.202446937561035,4.2834257504104505,10.351577758789062
3.115330457687378,4.2355901292924365,10.421592712402344
3.1394124031066895,4.262208684081478,10.310917854309082
3.130406379699707,4.302398759572367,10.35313606262207
3.079476833343506,4.210090359406812,10.390742301940918
3.1327357292175293,4.21666271761725,10.469480514526367
3.088346242904663,4.226252683538145,10.356032371520996
3.100039005279541,4.203350200351061,10.32165813446045
3.1093006134033203,4.202086689549366,10.410980224609375
3.076183795928955,4.19179039215669,10.36063003540039
3.0941596031188965,4.224772486503102,10.413518905639648
3.0922420024871826,4.251787816506943,10.371698379516602
3.0943491458892822,4.171952872769907,10.357088088989258
3.082357168197632,4.264185859023461,10.387331008911133
3.1254501342773438,4.21659527941873,10.39048957824707
3.12052845954895,4.254763236635231,10.403034210205078
3.1007769107818604,4.204782372440345,10.46212387084961
3.1068427562713623,4.26205586096538,10.41285514831543
3.1713998317718506,4.244283293673237,10.446974754333496
3.134160280227661,4.272164685152737,10.425344467163086
3.0768537521362305,4.2499723351959675,10.382641792297363
3.1504151821136475,4.252485822852967,10.411643028259277
3.149749994277954,4.233775662590882,10.407708168029785
3.1189115047454834,4.255309445517404,10.381614685058594
3.0758535861968994,4.253692575198199,10.411699295043945
3.146498918533325,4.315790829614603,10.409430503845215
3.107158899307251,4.334194985883577,10.398669242858887
3.0949060916900635,4.237045439758472,10.400847434997559
3.038262128829956,4.317343463056854,10.357614517211914
3.0765810012817383,4.228630366834945,10.444808959960938
3.067511558532715,4.193097878812945,10.419244766235352
3.051671028137207,4.146781374201446,10.395343780517578
3.133742094039917,4.230016758898273,10.345843315124512
3.0394842624664307,4.317951357391264,10.384156227111816
3.124387264251709,4.278534742404839,10.394807815551758
3.1183273792266846,4.222081938359354,10.453855514526367
3.083552360534668,4.277209662965365,10.568920135498047
3.1546919345855713,4.270599416024717,10.453717231750488
3.1362037658691406,4.2146279518825125,10.441664695739746
3.12235951423645,4.249174928824815,10.399439811706543
3.06343150138855,4.31595271992098,10.344789505004883
3.129973888397217,4.2520342587293785,10.373464584350586
3.0944907665252686,4.206396133938273,10.377330780029297
3.109452247619629,4.255493896946843,10.394712448120117
3.1115243434906006,4.201361986908263,10.47823715209961
3.1042299270629883,4.213108735757746,10.34838581085205
3.145627021789551,4.257902398905052,10.385863304138184
3.1117658615112305,4.252826959992359,10.320382118225098
3.1185762882232666,4.202855414977032,10.43267822265625
3.098555564880371,4.277271033863405,10.392240524291992
3.089765787124634,4.289877159853599,10.434235572814941
3.0840420722961426,4.220636134002625,10.414932250976562
3.0955162048339844,4.290018685727513,10.415525436401367
3.121522903442383,4.268438427010551,10.468856811523438
3.155482292175293,4.233110690223318,10.397785186767578
3.1519718170166016,4.295411714685282,10.43198013305664
3.1200783252716064,4.218492354233084,10.374523162841797
3.107815742492676,4.2342996949196925,10.447168350219727
3.1438825130462646,4.267091860229681,10.39370346069336
3.1221134662628174,4.277409128246031,10.371681213378906
3.02099609375,4.184554118696333,10.42318344116211
3.0778629779815674,4.2446190928375085,10.375096321105957
3.0970709323883057,4.249513419045669,10.425505638122559
3.1011908054351807,4.223266190882506,10.371291160583496
3.094719886779785,4.255327038200838,10.317038536071777
3.112342596054077,4.313135379193617,10.474020957946777
3.108457326889038,4.1597545296286365,10.392319679260254
3.0674099922180176,4.217485265573487,10.431258201599121
3.0932466983795166,4.22489536503729,10.415681838989258
3.1868510246276855,4.281355016698529,10.419114112854004
3.077254056930542,4.19856623141095,10.433598518371582
3.1627140045166016,4.320780779600941,10.459928512573242
3.136018991470337,4.296148874896711,10.381479263305664
3.0776517391204834,4.1964880034460545,10.477402687072754
3.111931085586548,4.271026249110166,10.443854331970215
3.1614022254943848,4.224259406793863,10.448861122131348
3.1057751178741455,4.256493659357408,10.37757682800293
3.0713417530059814,4.280355202200424,10.311762809753418
3.1168837547302246,4.24118138889649,10.347151756286621
3.106588363647461,4.183384648224871,10.436223983764648
3.1302881240844727,4.260925124565672,10.445663452148438
3.076781988143921,4.230837817503406,10.408454895019531
3.01617431640625,4.2025440046563745,10.380414962768555
3.0674543380737305,4.2005385666686506,10.370862007141113
3.0623607635498047,4.238261435380472,10.401787757873535
3.1231722831726074,4.26687220893135,10.33739948272705
3.159719705581665,4.283746375402968,10.389355659484863
3.0784752368927,4.251570777036249,10.410825729370117
3.054600715637207,4.268747354824362,10.410074234008789
3.113779067993164,4.249220375137936,10.371871948242188
3.1420655250549316,4.317471775858264,10.411822319030762
3.111196517944336,4.223739871788504,10.342854499816895
3.0990452766418457,4.225696307008287,10.358095169067383
3.1412622928619385,4.233515767879518,10.471980094909668
3.081869602203369,4.1485989858795485,10.478503227233887
3.0853192806243896,4.2304826594356975,10.425690650939941
3.111976146697998,4.289090824346723,10.417671203613281
3.094521999359131,4.322810575499066,10.373896598815918
3.1094579696655273,4.214563621008503,10.386777877807617
3.153226137161255,4.267738010035828,10.43466567993164
3.117542266845703,4.297115531982854,10.403067588806152
3.051955461502075,4.26357474836654,10.494810104370117
3.089874267578125,4.212680965528956,10.380786895751953
3.144336700439453,4.226482010147135,10.47093391418457
3.063154935836792,4.165165914788044,10.433706283569336
3.133244514465332,4.2191333514638245,10.365944862365723
3.1007089614868164,4.2028120366324275,10.37793254852295
3.114657163619995,4.218975480612634,10.33724594116211
3.1144773960113525,4.288379553106747,10.363655090332031
3.091202735900879,4.306857012810983,10.391271591186523
3.071284294128418,4.254179863957688,10.37132453918457
3.048815965652466,4.268647373853517,10.412429809570312
3.1251492500305176,4.206022511103323,10.408767700195312
3.0794894695281982,4.231930939314355,10.48794937133789
3.178321361541748,4.206053932263915,10.428987503051758
3.075826644897461,4.281151444784233,10.394498825073242
3.0741379261016846,4.271592463034072,10.33827018737793
3.1584503650665283,4.328233383662466,10.448307037353516
3.1040260791778564,4.228624401846901,10.450752258300781
3.0777273178100586,4.259196505515969,10.343053817749023
3.119875907897949,4.219231793756729,10.372114181518555
3.1478583812713623,4.215037757497547,10.470939636230469
3.140967607498169,4.241484406903119,10.445738792419434
3.1306114196777344,4.308183480652847,10.37505054473877
3.115154504776001,4.259001716938135,10.483675003051758
3.081456184387207,4.222588837146759,10.391032218933105
3.130713701248169,4.260379090572575,10.371308326721191
3.1122241020202637,4.256140605945673,10.491636276245117
3.1219584941864014,4.235261268813961,10.415105819702148
3.0772147178649902,4.292067789372855,10.461345672607422
3.0981593132019043,4.2228439831441,10.437210083007812
3.093989372253418,4.238839786466477,10.359987258911133
3.0811593532562256,4.243500699089574,10.382230758666992
3.0955615043640137,4.244992298040805,10.361400604248047
3.151217460632324,4.219292110464137,10.418134689331055
3.060171365737915,4.2546537418384105,10.405035972595215
3.079693078994751,4.209166686416471,10.403766632080078
3.103445053100586,4.290207390207798,10.518117904663086
3.0427839756011963,4.228713435520019,10.399760246276855
3.1031241416931152,4.218352214632822,10.437071800231934
3.115924835205078,4.191014767690961,10.363977432250977
3.105607271194458,4.271782969922892,10.425464630126953
3.1405980587005615,4.30441181464786,10.401559829711914
3.1127076148986816,4.27154795815503,10.437446594238281
3.0426385402679443,4.262608691118658,10.457032203674316
3.0900022983551025,4.218392774562484,10.46119499206543
3.02927303314209,4.1751370039835045,10.406023979187012
3.0806591510772705,4.193908840850262,10.373330116271973
3.1095995903015137,4.262129575978698,10.45274543762207
3.0682873725891113,4.237783636166049,10.441725730895996
3.099701404571533,4.241177100156035,10.424633026123047
3.0619866847991943,4.224747601231294,10.429595947265625
3.082213878631592,4.216363791343091,10.46865463256836
3.054140567779541,4.133614575590141,10.502817153930664
3.1305954456329346,4.252869156921017,10.391233444213867
3.1024701595306396,4.23242694957714,10.431076049804688
3.147531270980835,4.279855988686904,10.376836776733398
3.0465993881225586,4.247305890412203,10.4447021484375
3.0785186290740967,4.212871659580353,10.529735565185547
3.12951397895813,4.255981649804329,10.357048988342285
3.139662742614746,4.332991572662389,10.39227294921875
3.1279051303863525,4.266027851861768,10.435604095458984
3.089460849761963,4.191831018176994,10.426634788513184
3.1649463176727295,4.228115372692368,10.485631942749023
3.111037254333496,4.252064392203465,10.404500961303711
3.089282751083374,4.1790275292338,10.318653106689453
3.132415294647217,4.193200142921082,10.466082572937012
3.088451385498047,4.290908801535677,10.328073501586914
3.081663131713867,4.1836155826292405,10.473114013671875
3.1227571964263916,4.208021319737392,10.41236686706543
3.1282079219818115,4.216328234478299,10.408119201660156
3.118689775466919,4.2216403782367715,10.417675018310547
3.0919153690338135,4.285667305280056,10.446720123291016
3.112502098083496,4.299680350248569,10.384092330932617
3.086641788482666,4.29286151033427,10.370210647583008
3.1258606910705566,4.302702224048387,10.357917785644531
3.095777750015259,4.227003578728597,10.383057594299316
3.0694751739501953,4.192849528476862,10.497900009155273
3.0980746746063232,4.22781230549195,10.428418159484863
3.1007232666015625,4.242260852362961,10.4696683883667
3.0981650352478027,4.241152941981064,10.365912437438965
3.131664752960205,4.24055043887347,10.346968650817871
3.04445743560791,4.238730127091652,10.429630279541016
3.1168973445892334,4.240893385106964,10.435120582580566
3.1045351028442383,4.286854599037074,10.427624702453613
3.0701074600219727,4.237969226902351,10.453535079956055
3.07745623588562,4.23462144930714,10.434856414794922
3.0761349201202393,4.223396942152508,10.453781127929688
3.0878946781158447,4.212988388658102,10.357915878295898
3.084317207336426,4.178650510830006,10.340778350830078
3.0947554111480713,4.2246566817962705,10.349325180053711
3.107480525970459,4.249447732332295,10.396429061889648
3.071650981903076,4.217065691947937,10.416349411010742
3.0638067722320557,4.249885848523784,10.360812187194824
3.06341814994812,4.273767053548779,10.473762512207031
3.145904541015625,4.255935535999015,10.46744155883789
3.1374261379241943,4.282551781606993,10.376520156860352
3.1157922744750977,4.263654062857053,10.431437492370605
3.0951292514801025,4.230690154546339,10.417499542236328
3.105820417404175,4.20362937912744,10.418512344360352
3.079958915710449,4.198953489240791,10.379569053649902
3.11099910736084,4.27402480638453,10.425285339355469
3.1169934272766113,4.250855784896494,10.447185516357422
3.0711777210235596,4.225955199051117,10.365377426147461
3.119847536087036,4.205450140239139,10.352179527282715
3.1985924243927,4.314582235612241,10.420402526855469
3.0947203636169434,4.225935737336321,10.405946731567383
3.122006893157959,4.2728950898495635,10.518026351928711
3.0938615798950195,4.26551073580049,10.399049758911133
3.1517724990844727,4.254704264790884,10.424123764038086
3.0640649795532227,4.258663305247734,10.402596473693848
3.082796096801758,4.285822478555409,10.460668563842773
3.1037378311157227,4.30048118292221,10.416058540344238
3.1291050910949707,4.246424813721595,10.410802841186523
3.0983331203460693,4.30182358842077,10.409236907958984
3.1041691303253174,4.198279501404613,10.378403663635254
3.0770843029022217,4.218654050658057,10.431011199951172
3.0966074466705322,4.280037982489116,10.42471981048584
3.021545886993408,4.258387538504654,10.406622886657715
3.1048202514648438,4.232378279158314,10.418567657470703
3.1099514961242676,4.295035638879718,10.444583892822266
3.0988399982452393,4.357481518727062,10.475522994995117
3.1336092948913574,4.284473261263754,10.39419174194336
3.0048162937164307,4.176305661177529,10.312322616577148
3.0790059566497803,4.222273355848822,10.376516342163086
3.094175100326538,4.257863670088617,10.452888488769531
3.102363348007202,4.28756205195428,10.347112655639648
3.074428081512451,4.1393050052491684,10.4099702835083
3.0130438804626465,4.178469355384419,10.332843780517578
3.057927370071411,4.252224098491882,10.354328155517578
3.1190195083618164,4.241930357845766,10.396181106567383
3.131821393966675,4.232840548668589,10.336077690124512
3.1085643768310547,4.28801756325577,10.422625541687012
3.0820472240448,4.285553437291777,10.351228713989258
3.0956225395202637,4.241777486600247,10.423110961914062
3.1154532432556152,4.27768491900393,10.431352615356445
3.152456283569336,4.230007293201717,10.391377449035645
3.1602330207824707,4.2258190688278,10.472250938415527
3.134047269821167,4.2953534041464865,10.362333297729492
3.072106122970581,4.2299905154587965,10.432638168334961
3.094782590866089,4.252103686532272,10.438800811767578
3.208791732788086,4.281386451862221,10.355199813842773
3.130263566970825,4.217156566612955,10.354440689086914
3.0362536907196045,4.224502265187247,10.344049453735352
3.1208009719848633,4.218318085585321,10.332504272460938
3.0843873023986816,4.2539568303285975,10.3885498046875
3.016672372817993,4.251780027889513,10.365331649780273
3.0462419986724854,4.195242525843371,10.48694133758545
3.071626663208008,4.2680818382318,10.340143203735352
3.0918045043945312,4.197514989479844,10.415731430053711
3.131784439086914,4.300574043832187,10.438638687133789
3.067416191101074,4.252187808942316,10.364306449890137
3.11090087890625,4.20411408772426,10.343183517456055
3.1347129344940186,4.295464058107298,10.368280410766602
3.0859463214874268,4.213949631234365,10.442712783813477
3.0516910552978516,4.281657098326832,10.456380844116211
3.0957417488098145,4.31294555749212,10.438340187072754
3.0469541549682617,4.172714750681605,10.401590347290039
3.0574676990509033,4.202107668854297,10.395065307617188
3.081862211227417,4.234067772149241,10.323698043823242
3.1136863231658936,4.281488136022484,10.41759967803955
3.13114333152771,4.338745467165219,10.459193229675293
3.086970806121826,4.176699291515563,10.449834823608398
3.1124038696289062,4.249809265303026,10.345840454101562
3.0593557357788086,4.262752726773864,10.381373405456543
3.1487603187561035,4.298683634992423,10.35909366607666
3.1076645851135254,4.255264958034137,10.367069244384766
3.082465887069702,4.2478783018221815,10.452296257019043
3.0658087730407715,4.287126405763306,10.303361892700195
3.1253888607025146,4.239511750971101,10.329769134521484
3.180821418762207,4.31861710767927,10.415831565856934
3.0293545722961426,4.273701782471368,10.411216735839844
3.134307861328125,4.207283794979698,10.357034683227539
3.099562406539917,4.279110368707084,10.387764930725098
3.048569679260254,4.2338264057346215,10.381662368774414
3.042841672897339,4.272623349845942,10.455707550048828
3.119076728820801,4.268265853835535,10.393854141235352
3.073453903198242,4.2505324344549855,10.462275505065918
3.11008620262146,4.254956170184804,10.40140151977539
3.040576219558716,4.2372886631970434,10.424668312072754
3.0286591053009033,4.212510907390554,10.3380765914917
3.0896990299224854,4.241826828535912,10.39859390258789
3.056928873062134,4.290466065551819,10.469962120056152
3.077036142349243,4.2778172513935715,10.39455795288086
3.0904057025909424,4.276924749038049,10.432121276855469
3.1350698471069336,4.292368170805275,10.425436019897461
3.142059326171875,4.233789789357356,10.408736228942871
3.1306087970733643,4.310817532840052,10.477206230163574
3.1010982990264893,4.317492867753441,10.422025680541992
3.099031448364258,4.270090561759258,10.433234214782715
3.1168863773345947,4.27277224550822,10.425361633300781
3.1363940238952637,4.327297918232424,10.431073188781738
3.108713388442993,4.198472156655043,10.340532302856445
3.0627191066741943,4.268835492432117,10.374540328979492
3.114323139190674,4.266074541956186,10.257810592651367
3.1165859699249268,4.258881134346926,10.448463439941406
3.122479200363159,4.290991435426155,10.357124328613281
3.094897985458374,4.295313970451908,10.323392868041992
3.054659605026245,4.240161482943222,10.438582420349121
3.031675100326538,4.191120746179617,10.424215316772461
3.10833477973938,4.235804703818368,10.380512237548828
3.057997703552246,4.277364216678377,10.41915225982666
3.079876661300659,4.220718966231548,10.420961380004883
3.1108736991882324,4.248228292313537,10.471463203430176
3.107895612716675,4.247336099955387,10.377073287963867
3.16474986076355,4.2756553172533005,10.48680305480957
3.0692648887634277,4.319153140631637,10.361862182617188
3.1426455974578857,4.308031096289466,10.423230171203613
3.089811325073242,4.2876870964454215,10.311077117919922
3.0814621448516846,4.310506533099604,10.360766410827637
3.0936882495880127,4.219746825052425,10.389335632324219
3.0266871452331543,4.197681263222226,10.439698219299316
3.1018292903900146,4.274135778857661,10.43707275390625
3.120279550552368,4.3024380089648595,10.343125343322754
3.1313183307647705,4.195844062570749,10.366949081420898
3.057480573654175,4.261190849057,10.517417907714844
3.1540582180023193,4.235754074728383,10.424171447753906
3.074971914291382,4.262246886501089,10.40942096710205
3.0583157539367676,4.241424439508202,10.427043914794922
3.0616838932037354,4.214890165653612,10.344931602478027
3.0882747173309326,4.219931168381923,10.477141380310059
3.0284290313720703,4.232971189077943,10.367607116699219
3.087533950805664,4.273018406171884,10.419629096984863
3.099851608276367,4.276024859398603,10.411665916442871
3.0892715454101562,4.2697272225881795,10.449925422668457
3.079319953918457,4.286362036829814,10.361858367919922
3.034273862838745,4.220472797751427,10.349177360534668
3.1217877864837646,4.266701335486557,10.445072174072266
3.0506412982940674,4.2023298601353805,10.337324142456055
3.0927488803863525,4.286346849918898,10.429433822631836
3.1087987422943115,4.344275985345511,10.427007675170898
3.1010935306549072,4.276347752693774,10.368602752685547
3.0936641693115234,4.250122188158067,10.41048812866211
3.037227153778076,4.257360647632075,10.426054000854492
3.1337692737579346,4.207491348863447,10.436275482177734
3.1195738315582275,4.244783103898434,10.42039966583252
3.126187562942505,4.276043873978779,10.350311279296875
3.096980094909668,4.283233692270837,10.358380317687988
3.099059820175171,4.28415649181365,10.435335159301758
3.0739972591400146,4.2069634329195,10.419538497924805
3.121695041656494,4.280837007133024,10.410726547241211
3.080380439758301,4.167871528870559,10.396065711975098
3.0895214080810547,4.261552333565694,10.409135818481445
3.106895685195923,4.279291848385973,10.366399765014648
3.0849740505218506,4.1827116049826145,10.342491149902344
3.087083578109741,4.217884316375214,10.445283889770508
3.107673406600952,4.298054697657269,10.378934860229492
3.0853564739227295,4.21059706620872,10.466090202331543
3.092052459716797,4.255060504456717,10.34030532836914
3.071730375289917,4.272979396362124,10.310032844543457
3.0800535678863525,4.25818039031167,10.438956260681152
3.1510674953460693,4.262536176014692,10.435332298278809
3.1165506839752197,4.227216126363991,10.376752853393555
3.077610731124878,4.269880974199623,10.41623306274414
3.077455520629883,4.240563844862794,10.438156127929688
3.1650049686431885,4.244086635731427,10.39742374420166
3.06368350982666,4.260325720267637,10.368450164794922
3.102823257446289,4.234216115670279,10.369714736938477
3.039933681488037,4.243381025136581,10.36175537109375
3.129565715789795,4.248218471616773,10.399078369140625
3.084411859512329,4.277731058387352,10.429681777954102
3.040442705154419,4.273502528135266,10.462983131408691
3.11389422416687,4.308753461676782,10.464385986328125
3.1225807666778564,4.248055739028912,10.481707572937012
3.076645851135254,4.192552975245885,10.463866233825684
3.0874814987182617,4.319398800908986,10.364118576049805
3.1282541751861572,4.2464493938854755,10.406854629516602
3.090208053588867,4.276257830938057,10.434556007385254
3.160065174102783,4.226313187640959,10.43087387084961
3.038071393966675,4.211887881026736,10.442618370056152
3.162837266921997,4.240921537258796,10.389546394348145
3.034287929534912,4.1478492960866005,10.339776992797852
3.105459690093994,4.262060229600007,10.456833839416504
3.092482328414917,4.2683252424467355,10.378362655639648
3.060764789581299,4.24820553947107,10.383350372314453
3.105747699737549,4.2232934716157615,10.450820922851562
3.0546884536743164,4.2844174970606606,10.384923934936523
3.1279196739196777,4.322645387479238,10.424461364746094
3.088472843170166,4.301020234656919,10.421477317810059
3.0797789096832275,4.329232936192836,10.307244300842285
3.091693639755249,4.258403226334069,10.357842445373535
3.1564035415649414,4.313493411289527,10.346529960632324
3.057708978652954,4.279895538264618,10.421443939208984
3.1044437885284424,4.254622086217362,10.387168884277344
3.0382981300354004,4.267609282263688,10.38467788696289
3.0734028816223145,4.2827748973920405,10.383646011352539
3.047379970550537,4.265177901302065,10.342442512512207
3.0349929332733154,4.209836049038651,10.3673734664917
3.135125160217285,4.326454495279385,10.32649040222168
3.0659632682800293,4.2419668206213315,10.315252304077148
3.1239683628082275,4.29228309132824,10.409117698669434
3.0671873092651367,4.281960308119388,10.396902084350586
3.076608896255493,4.27749061198639,10.387479782104492
3.1002259254455566,4.259932492360739,10.412895202636719
3.0831289291381836,4.26697447486887,10.395045280456543
3.0875372886657715,4.186195203602049,10.398385047912598
3.044067621231079,4.313081209082156,10.388994216918945
3.101877212524414,4.266087433423048,10.40982437133789
3.083784818649292,4.274735572215702,10.497355461120605
3.056060791015625,4.216754809154996,10.425432205200195
3.045753240585327,4.238793172308111,10.367901802062988
3.1328439712524414,4.361076150954302,10.396919250488281
3.045199394226074,4.222551932558416,10.373291969299316
3.036375045776367,4.219936426462872,10.367770195007324
3.143571615219116,4.2839104117426485,10.393871307373047
3.044769525527954,4.207543677883223,10.411470413208008
3.0993449687957764,4.288506376756621,10.40066909790039
3.089026927947998,4.281913295055606,10.35983943939209
3.154210090637207,4.324906067024651,10.425935745239258
3.0839197635650635,4.298089662234166,10.393213272094727
3.1396613121032715,4.301387228304521,10.464120864868164
3.104264259338379,4.335895706832941,10.343758583068848
3.1024246215820312,4.2477991295579285,10.455510139465332
3.01151704788208,4.275872746349446,10.426814079284668
3.132905960083008,4.308940360289333,10.366353034973145
3.1082358360290527,4.290427162445018,10.410699844360352
3.075648784637451,4.2482829730226,10.431510925292969
3.1111841201782227,4.261822350323201,10.482682228088379
3.1166977882385254,4.28213073722353,10.359481811523438
3.042412519454956,4.317158616513812,10.323095321655273
3.109011650085449,4.26089784193651,10.378183364868164
3.1192266941070557,4.316368573178937,10.467865943908691
3.088383674621582,4.3160172440776865,10.406867980957031
3.1062252521514893,4.263532602028655,10.344585418701172
3.1687111854553223,4.262873358858217,10.409259796142578
3.1302433013916016,4.294130572517003,10.421388626098633
3.090317964553833,4.30772512565766,10.399070739746094
3.1178693771362305,4.251423145478058,10.3660249710083
3.1040754318237305,4.236629060070429,10.433286666870117
3.132025718688965,4.2678456553258,10.36033821105957
3.036510705947876,4.249649326350274,10.436006546020508
3.1069297790527344,4.25963172901954,10.480428695678711
3.134031295776367,4.308770648735974,10.389349937438965
3.0688281059265137,4.281012361436816,10.362350463867188
3.04620623588562,4.25051284933995,10.481522560119629
3.067091464996338,4.272634538123385,10.402358055114746
3.111365556716919,4.270813528514867,10.368659019470215
3.086216688156128,4.208625341166876,10.37936019897461
3.108694553375244,4.28332450077869,10.424276351928711
3.0574939250946045,4.279283852249916,10.363182067871094
3.090590715408325,4.23353276528152,10.492409706115723
3.091364860534668,4.330959053377488,10.434492111206055
3.1400153636932373,4.283443944462175,10.36979866027832
3.0955569744110107,4.352164350716131,10.395156860351562
3.1341447830200195,4.31266008546975,10.348596572875977
3.0849289894104004,4.305776697816327,10.41262149810791
3.0573480129241943,4.266014419695628,10.392082214355469
3.1063129901885986,4.264225596295936,10.382425308227539
3.1006920337677,4.32617099845915,10.40681266784668
3.102254629135132,4.336156766262969,10.329751968383789
3.0583250522613525,4.245273649260136,10.3556547164917
3.0567026138305664,4.266394932055846,10.381904602050781
3.089179515838623,4.2760167242293905,10.367181777954102
3.0564866065979004,4.278357299610174,10.432575225830078
3.092946767807007,4.270130597054958,10.440103530883789
3.061169385910034,4.242971539164761,10.355460166931152
3.1050353050231934,4.30169418623804,10.429591178894043
3.087029218673706,4.27573731265563,10.452128410339355
3.054426670074463,4.311009200422891,10.388578414916992
3.026846170425415,4.195931484922767,10.3414306640625
3.053316116333008,4.197147476187508,10.446025848388672
3.0773415565490723,4.292617037925603,10.339284896850586
3.0769333839416504,4.237196412369875,10.392459869384766
2.992840528488159,4.242920953381274,10.443255424499512
3.0361273288726807,4.212664663059903,10.316559791564941
3.0130703449249268,4.197576405380719,10.345084190368652
3.136972427368164,4.279460731461378,10.375068664550781
3.0765862464904785,4.261704594761665,10.441485404968262
3.08191180229187,4.29754864357944,10.446531295776367
3.054219961166382,4.3165726873558015,10.375324249267578
3.019495725631714,4.288595416250505,10.367851257324219
3.1701343059539795,4.2886562909864425,10.413116455078125
3.0516295433044434,4.333126359087016,10.466167449951172
3.126519203186035,4.339380288430091,10.356245040893555
3.1222872734069824,4.3090289185888,10.368792533874512
3.0836265087127686,4.308482445477108,10.488689422607422
3.0883541107177734,4.206169210840017,10.429429054260254
3.076728582382202,4.266885852973377,10.436603546142578
3.035338878631592,4.315031847750236,10.426467895507812
3.1006596088409424,4.3178582263644785,10.371685028076172
3.1395063400268555,4.29134878818877,10.412062644958496
3.020878314971924,4.279852704976553,10.417546272277832
3.0659260749816895,4.28486549777777,10.369826316833496
3.0311739444732666,4.298580581721451,10.428348541259766
3.0204923152923584,4.245355320262855,10.383193969726562
3.0591940879821777,4.363304844192629,10.380193710327148
3.045808792114258,4.260096423727061,10.34280776977539
3.060529947280884,4.194910655696211,10.415584564208984
2.9942786693573,4.236669257715611,10.397153854370117
3.076474666595459,4.265237256718267,10.393976211547852
3.120972156524658,4.262601248653872,10.452516555786133
3.0445218086242676,4.333759049718667,10.368911743164062
3.1088340282440186,4.372705039468461,10.319732666015625
3.109743118286133,4.245434900246826,10.447595596313477
3.06496262550354,4.3052977093695,10.445695877075195
3.1077942848205566,4.299747237270433,10.35106372833252
3.130378484725952,4.26702850102447,10.340692520141602
3.0701465606689453,4.27996793775154,10.39472770690918
3.0991384983062744,4.293176019264917,10.425211906433105
3.108656167984009,4.285614254684853,10.37582778930664
3.0024781227111816,4.233512888895347,10.395641326904297
3.0961403846740723,4.240322406436983,10.368643760681152
3.0742132663726807,4.326779479560043,10.391532897949219
3.1032400131225586,4.276582338115467,10.368345260620117
3.077481508255005,4.295070573953646,10.439931869506836
3.1088178157806396,4.266006984515116,10.415964126586914
3.0261800289154053,4.23854115904708,10.459301948547363
3.136089563369751,4.31615995249844,10.287430763244629
3.109877586364746,4.3037700538989165,10.506101608276367
3.0672965049743652,4.290118983214986,10.420422554016113
3.024611234664917,4.269601718489347,10.425230979919434
3.098663806915283,4.316459682736812,10.416698455810547
3.133584499359131,4.312854195579088,10.414569854736328
3.063547134399414,4.289446543902159,10.359786033630371
3.106548309326172,4.268036530852052,10.407890319824219
3.0447847843170166,4.293888741971127,10.338637351989746
3.010394811630249,4.30622810827169,10.404594421386719
3.057755470275879,4.288894881061943,10.322489738464355
3.090486764907837,4.271612327379573,10.381315231323242
3.0602223873138428,4.357155220716128,10.339683532714844
3.0554134845733643,4.293307526835374,10.45871353149414
3.045349359512329,4.227241957892797,10.513650894165039
3.0820279121398926,4.295754499533879,10.382739067077637
3.0901036262512207,4.297156175997641,10.426891326904297
3.020061731338501,4.299115135301171,10.358793258666992
3.1838130950927734,4.341908564325422,10.378043174743652
3.091599464416504,4.263688551228759,10.405384063720703
3.1141648292541504,4.297910207017724,10.409379959106445
3.1163666248321533,4.356225165205875,10.341104507446289
3.0765113830566406,4.259914344875141,10.327018737792969
3.080538511276245,4.260594231209585,10.458706855773926
3.1325325965881348,4.38080024888872,10.341191291809082
3.078124523162842,4.314102224573227,10.449850082397461
3.03971266746521,4.275705058127642,10.441802978515625
3.047283411026001,4.229038449736046,10.302836418151855
3.0858240127563477,4.289667103273262,10.367120742797852
3.00520658493042,4.212235112009304,10.433160781860352
3.0037641525268555,4.321475522027217,10.391206741333008
3.0600268840789795,4.253724527046351,10.442943572998047
3.08616042137146,4.310152493650094,10.391666412353516
3.107811450958252,4.321652875414917,10.357305526733398
3.142869234085083,4.3267929094644,10.390066146850586
3.0671088695526123,4.3385045825104624,10.498281478881836
3.0705580711364746,4.3029475891630025,10.41494369506836
3.105433464050293,4.246986947255209,10.407383918762207
3.012538194656372,4.257908439795886,10.315778732299805
3.09257173538208,4.256426068654815,10.437402725219727
3.1402785778045654,4.285805732244626,10.253013610839844
3.1479709148406982,4.323137239985434,10.423595428466797
3.0531184673309326,4.262280774236257,10.412689208984375
3.1005730628967285,4.375091559020802,10.316448211669922
3.1167922019958496,4.249041387245858,10.365289688110352
3.0952868461608887,4.352787236084363,10.408308029174805
3.0506961345672607,4.273455389675552,10.409265518188477
3.0979506969451904,4.380354075759117,10.412124633789062
2.999657154083252,4.342904609295406,10.476419448852539
3.0525152683258057,4.298149043660877,10.35287094116211
3.1252822875976562,4.331614489401025,10.393609046936035
3.111011028289795,4.312356244373534,10.399819374084473
3.0695812702178955,4.3430931631010035,10.31911849975586
3.101994514465332,4.233328452766208,10.410268783569336
3.0209977626800537,4.276174689077639,10.385381698608398
3.0644867420196533,4.3349933974844,10.44558334350586
3.0873022079467773,4.2713434769705465,10.367654800415039
3.0172245502471924,4.277031202601002,10.483291625976562
3.0629491806030273,4.295995608903468,10.339159965515137
3.0081076622009277,4.245667288478996,10.460554122924805
3.100714921951294,4.288817513434748,10.435321807861328
3.1297390460968018,4.315578632788466,10.375406265258789
3.0557241439819336,4.295307331718504,10.51430892944336
3.0546696186065674,4.315550310138081,10.442696571350098
3.0666754245758057,4.250854336856198,10.43313217163086
3.050156831741333,4.300048960771944,10.399689674377441
3.0820329189300537,4.337453089321831,10.403185844421387
3.075117349624634,4.346360171413315,10.329219818115234
3.1047472953796387,4.252386045309582,10.391036987304688
3.0974676609039307,4.3366581437710146,10.466888427734375
3.052135944366455,4.329492432597492,10.352025032043457
2.9921300411224365,4.306361904401066,10.353978157043457
3.0495734214782715,4.282359638317888,10.34181022644043
3.137953996658325,4.345970109903385,10.352947235107422
3.0465188026428223,4.292477445311047,10.469820022583008
3.0784192085266113,4.326062342451353,10.419402122497559
3.034637212753296,4.2681429416074295,10.356207847595215
3.0742156505584717,4.250454732283417,10.411715507507324
3.058751344680786,4.255335064305524,10.439779281616211
3.1561222076416016,4.312751654003348,10.36284065246582
3.0952231884002686,4.341746807431004,10.446393966674805
3.0988802909851074,4.335389289239953,10.412016868591309
3.0787391662597656,4.299607137517471,10.387531280517578
3.0895743370056152,4.3429185298404525,10.45515251159668
3.0658016204833984,4.296903462415295,10.384510040283203
3.0507705211639404,4.263187154063156,10.382949829101562
3.0439934730529785,4.2503596485060235,10.390825271606445
3.013946771621704,4.30864365182684,10.378477096557617
3.0245044231414795,4.368960629483419,10.356521606445312
3.1490612030029297,4.327586507657543,10.375246047973633
3.0570309162139893,4.217494465277663,10.306219100952148
3.1002702713012695,4.295689994469285,10.448719024658203
3.079509735107422,4.372624378052673,10.50666618347168
3.1223464012145996,4.318217161776763,10.386898040771484
3.0792274475097656,4.316629771209721,10.35960578918457
3.129425525665283,4.376971689019618,10.419018745422363
3.0741138458251953,4.237582931527868,10.432698249816895
3.0593018531799316,4.2838782673102935,10.367527961730957
2.9996535778045654,4.257963170596798,10.3677978515625
3.0844011306762695,4.357222497163872,10.405839920043945
3.0593883991241455,4.319427401492638,10.365691184997559
3.021503210067749,4.2681533178381095,10.410130500793457
3.0438759326934814,4.264942200122668,10.417165756225586
3.018068313598633,4.276141022198966,10.309185981750488
3.00791335105896,4.320082470442035,10.379636764526367
3.0554592609405518,4.30059934370885,10.331954002380371
3.0830934047698975,4.2698438093066216,10.426148414611816
3.0651488304138184,4.262504546503935,10.329580307006836
3.0519282817840576,4.3483535584195385,10.464624404907227
3.063676595687866,4.310753833136654,10.456695556640625
3.05863618850708,4.3624953831146875,10.389211654663086
3.1433427333831787,4.299309940709333,10.455469131469727
3.096364974975586,4.330853107917521,10.414968490600586
3.1072890758514404,4.380020522046834,10.519817352294922
3.0913145542144775,4.38220800263142,10.338605880737305
3.1271886825561523,4.332286212427009,10.326652526855469
3.057905912399292,4.217872490973345,10.32780647277832
3.100306272506714,4.326602533326617,10.398539543151855
3.0751819610595703,4.325581276556476,10.473995208740234
3.122979164123535,4.325470064400829,10.340631484985352
3.1287717819213867,4.361759940761008,10.370519638061523
3.060521364212036,4.348510529313769,10.430587768554688
2.972721815109253,4.2755475479976415,10.39071273803711
3.0792436599731445,4.314745887282437,10.38123893737793
3.0764408111572266,4.317135788200956,10.430767059326172
3.0932865142822266,4.31795540002973,10.34664535522461
3.035078763961792,4.285285741622959,10.37765121459961
3.061925172805786,4.298680238558778,10.412337303161621
3.0779950618743896,4.323959853866005,10.378888130187988
3.0206820964813232,4.325667308876291,10.427957534790039
3.0654795169830322,4.3404489810512,10.357864379882812
3.112797498703003,4.303791387405779,10.414155960083008
3.119370937347412,4.291829450787711,10.42231559753418
3.127939224243164,4.344170358264819,10.383731842041016
3.0998852252960205,4.300603709150372,10.505529403686523
3.0220553874969482,4.286626771291983,10.420825004577637
3.0282135009765625,4.3045435444052735,10.35935115814209
3.0793795585632324,4.342062984826042,10.365066528320312
3.0722861289978027,4.322707017850397,10.358168601989746
3.1181838512420654,4.355192732065916,10.420543670654297
3.083841323852539,4.410623931725111,10.446921348571777
3.0329203605651855,4.255761208345316,10.363373756408691
3.04409122467041,4.284500124598189,10.377761840820312
3.0701730251312256,4.22903982533275,10.332979202270508
3.1256463527679443,4.367207441612014,10.455911636352539
3.0613667964935303,4.308948659304795,10.4305419921875
3.0794503688812256,4.342805185920692,10.38560962677002
3.047861337661743,4.2976401464880585,10.435080528259277
3.090446949005127,4.2817133470172335,10.340052604675293
3.040348529815674,4.231835175771265,10.383000373840332
3.0778300762176514,4.295782591116482,10.288592338562012
3.0316569805145264,4.347006612723428,10.409477233886719
3.0769152641296387,4.331865773303434,10.438718795776367
3.0974087715148926,4.283943434312407,10.36784553527832
3.062373161315918,4.267598092888615,10.484166145324707
3.115328788757324,4.276088125271989,10.317510604858398
3.1179826259613037,4.299573624606378,10.346030235290527
3.055553436279297,4.342376029750864,10.416303634643555
3.0263102054595947,4.241413049067238,10.33263111114502
3.0724637508392334,4.37547093343788,10.36463451385498
3.0283548831939697,4.313175828096324,10.401931762695312
3.0214624404907227,4.271529568292733,10.335112571716309
3.1084394454956055,4.264162143825421,10.35942554473877
3.088538408279419,4.33101523298371,10.343955993652344
3.040513277053833,4.285851942242257,10.38796615600586
3.064412832260132,4.324357170145959,10.452367782592773
3.092618465423584,4.294148312548974,10.464899063110352
3.1192948818206787,4.3801351099142005,10.38404369354248
3.0488736629486084,4.296125649341516,10.415525436401367
3.0975472927093506,4.305996392554205,10.377511978149414
3.060380458831787,4.260986163513735,10.352346420288086
2.9992899894714355,4.293196343650509,10.415407180786133
3.054009199142456,4.339339392060148,10.398627281188965
3.0533924102783203,4.330314932391047,10.325916290283203
3.0644431114196777,4.283382912798385,10.392914772033691
3.060864210128784,4.305592284704159,10.438982009887695
3.024834156036377,4.251550276930045,10.37299919128418
3.0390784740448,4.3476696908141355,10.411165237426758
3.0898592472076416,4.284948693721422,10.41198444366455
3.025956153869629,4.330655512533018,10.400519371032715
3.033799886703491,4.286581260684345,10.4193696975708
3.059210777282715,4.314448737805443,10.418020248413086
3.010667085647583,4.286955035724012,10.364137649536133
3.0414979457855225,4.312841219361871,10.478641510009766
3.092883586883545,4.309307855587187,10.438021659851074
3.043684959411621,4.365345978810053,10.319704055786133
3.0222809314727783,4.245575675408222,10.399372100830078
3.084735870361328,4.294919235598562,10.387735366821289
3.0889058113098145,4.346076942381582,10.459278106689453
3.085477113723755,4.365392931537437,10.323999404907227
3.0906224250793457,4.310069614588948,10.385848999023438
3.0508995056152344,4.29191350221767,10.439458847045898
3.0478098392486572,4.335593690862879,10.426218032836914
3.076681137084961,4.317988466138819,10.404424667358398
3.1072936058044434,4.314964409518455,10.410544395446777
3.060781240463257,4.324101894861086,10.361091613769531
3.003434896469116,4.2971993208131085,10.433914184570312
3.038393497467041,4.376175543060526,10.33797836303711
3.039804697036743,4.367613771431414,10.35461139678955
3.0590057373046875,4.304991620559512,10.378837585449219
3.067915439605713,4.3173105276655415,10.433635711669922
3.098677396774292,4.343834564954575,10.41364574432373
3.0712828636169434,4.299558299127967,10.420930862426758
3.0746850967407227,4.270607230552872,10.491960525512695
3.0658974647521973,4.286612074988494,10.42862606048584
3.0998189449310303,4.309112092712894,10.342007637023926
2.99359130859375,4.311824559599959,10.486190795898438
3.0523064136505127,4.25295787374489,10.316778182983398
3.1061453819274902,4.291169979476503,10.429084777832031
3.0810961723327637,4.332336502482316,10.397189140319824
2.9759087562561035,4.290183587897835,10.326723098754883
3.055535316467285,4.29086067647274,10.345890045166016
3.0060524940490723,4.29450295103847,10.352209091186523
3.0742883682250977,4.309530226580266,10.419404983520508
3.030937910079956,4.374224159068295,10.36573600769043
2.9625396728515625,4.318747257447935,10.537718772888184
3.0582711696624756,4.251082446958338,10.444801330566406
3.0267488956451416,4.335790279986603,10.313349723815918
3.0960328578948975,4.341388666902536,10.383604049682617
3.073153018951416,4.303251496250077,10.354418754577637
3.0528111457824707,4.307218163107921,10.39149284362793
3.0768356323242188,4.264099722595088,10.440847396850586
3.0327985286712646,4.338154386729002,10.471206665039062
3.0312960147857666,4.265452028485015,10.396059036254883
3.0268514156341553,4.323160098034089,10.418722152709961
3.010277271270752,4.273962895718536,10.41950798034668
3.042726516723633,4.31286226771772,10.425047874450684
3.0857999324798584,4.318042717840788,10.438650131225586
2.928478956222534,4.297405407797279,10.346968650817871
3.0618252754211426,4.378424339096195,10.325460433959961
3.038638114929199,4.289605924926166,10.432147979736328
3.0322446823120117,4.3148897076025605,10.329466819763184
3.0168354511260986,4.325162081280723,10.353894233703613
3.0254220962524414,4.28011014668404,10.4177827835083
3.0513200759887695,4.309883224678093,10.420042037963867
3.046492338180542,4.315045416421657,10.388298034667969
3.006643772125244,4.3373724880761335,10.387482643127441
3.103262424468994,4.376469082431867,10.371626853942871
3.0654349327087402,4.398914347436014,10.346099853515625
3.0436301231384277,4.264270927757025,10.383512496948242
3.016113758087158,4.301794698528414,10.373492240905762
3.0517373085021973,4.328036616689392,10.391836166381836
3.1034915447235107,4.27921483452831,10.423540115356445
3.0271193981170654,4.340422712632321,10.419197082519531
3.032874584197998,4.2780011941545775,10.344559669494629
3.0653743743896484,4.285500270048423,10.414376258850098
3.0266363620758057,4.282269153577675,10.329045295715332
3.0644257068634033,4.353804458897295,10.526311874389648
3.0824806690216064,4.338440139977527,10.334714889526367
3.0395734310150146,4.302091040848089,10.368640899658203
3.1091580390930176,4.361563322899331,10.376938819885254
3.0631163120269775,4.335629576318231,10.423580169677734
3.01442289352417,4.289905407233164,10.444450378417969
3.0488672256469727,4.33015559400831,10.400309562683105
3.026482582092285,4.270397711013044,10.371194839477539
3.0273399353027344,4.299932839481958,10.384847640991211
3.034980535507202,4.330219736123192,10.384986877441406
3.076145887374878,4.35920996006046,10.33038330078125
2.980990171432495,4.336456604202145,10.47456169128418
2.982621908187866,4.3479091323513,10.401908874511719
3.0112366676330566,4.246601224278233,10.386319160461426
3.037224292755127,4.359075030777603,10.473222732543945
3.0431740283966064,4.312141455809718,10.339268684387207
3.0989389419555664,4.350609606497788,10.46767520904541
3.072965145111084,4.350061566236296,10.363081932067871
2.9906504154205322,4.3489485267948895,10.407145500183105
3.04705548286438,4.320201243739574,10.394225120544434
3.104746103286743,4.349821438746792,10.380132675170898
3.0429234504699707,4.329431284451858,10.320793151855469
3.0449929237365723,4.323205034281793,10.365448951721191
3.0140316486358643,4.321799909030753,10.40011978149414
3.073011875152588,4.321616683288344,10.414342880249023
3.097132444381714,4.315933787729591,10.461061477661133
2.9941320419311523,4.25393350063158,10.454127311706543
3.0646584033966064,4.351658456459908,10.416715621948242
3.0584914684295654,4.324790786885257,10.385769844055176
3.0340325832366943,4.366259516848784,10.394693374633789
3.0094382762908936,4.328018157077688,10.418292045593262
3.0420639514923096,4.350894412657778,10.405991554260254
3.042628288269043,4.325591765011528,10.432466506958008
3.0144147872924805,4.29829860751384,10.482634544372559
3.0087411403656006,4.310899235407955,10.439292907714844
3.0857841968536377,4.373480281426705,10.368090629577637
3.07558274269104,4.402598498522171,10.42906379699707
3.1013386249542236,4.320806065042104,10.404037475585938
3.004842519760132,4.349887642211147,10.363118171691895
3.1297407150268555,4.295551274869857,10.399198532104492
3.126242160797119,4.3120437470663875,10.36043930053711
3.045866012573242,4.3417166382673065,10.350373268127441
3.0106618404388428,4.3123185122718235,10.361527442932129
3.0156989097595215,4.310795692560662,10.39918327331543
3.0609652996063232,4.350222608506945,10.48158073425293
3.0544424057006836,4.305158476045888,10.454177856445312
3.07370924949646,4.372448195437235,10.384601593017578
3.048785448074341,4.282413955545053,10.338788986206055
2.9867992401123047,4.266762329298737,10.411049842834473
3.021975040435791,4.321227100411696,10.343278884887695
3.059248685836792,4.352600822191952,10.454598426818848
2.998980760574341,4.2767263225479315,10.416964530944824
3.0336527824401855,4.391160102028931,10.382615089416504
3.0754880905151367,4.455350530433601,10.385831832885742
3.0495669841766357,4.367845309898257,10.317219734191895
3.0486819744110107,4.3582310962623785,10.418140411376953
3.0407862663269043,4.360088966321199,10.35641098022461
3.0152626037597656,4.273912750018229,10.420660018920898
3.049778461456299,4.2433664130512625,10.445077896118164
3.0676119327545166,4.274422194642415,10.284056663513184
3.0093789100646973,4.340606666203322,10.37126350402832
3.107226848602295,4.338969379829775,10.418614387512207
3.084496259689331,4.333997373934834,10.360881805419922
3.002612590789795,4.318533283159403,10.422015190124512
3.024380922317505,4.348698720735098,10.35698127746582
3.0274980068206787,4.314830165023783,10.420055389404297
3.072864055633545,4.285741984877469,10.449451446533203
3.0048723220825195,4.3551658904512545,10.380062103271484
3.018206834793091,4.290847146251639,10.422743797302246
3.010167121887207,4.297209526312405,10.369155883789062
3.0618040561676025,4.31207252902511,10.299866676330566
3.1006009578704834,4.286525408504532,10.425297737121582
3.0192580223083496,4.328559345898352,10.459375381469727
3.059418201446533,4.356942767909329,10.408149719238281
3.096095085144043,4.330312316372458,10.324942588806152
3.0323565006256104,4.337569374557851,10.414314270019531
2.9804577827453613,4.296573819991733,10.475067138671875
3.0922322273254395,4.3566285211459865,10.463476181030273
3.0323991775512695,4.299268023676372,10.363544464111328
3.0517337322235107,4.310956492454611,10.31972885131836
3.0880391597747803,4.359700451172622,10.391204833984375
3.0360448360443115,4.371951115417427,10.329108238220215
3.080756187438965,4.320253345583167,10.514013290405273
3.043706178665161,4.270338774392647,10.447627067565918
3.040494918823242,4.3311944797834645,10.44332504272461
2.987593173980713,4.29892763402313,10.412282943725586
3.0481836795806885,4.359363399446011,10.38555908203125
3.027754306793213,4.383391600734155,10.372953414916992
3.0118889808654785,4.32950753465827,10.39741325378418
3.0528573989868164,4.27904893311539,10.41151237487793
3.049428701400757,4.3353422578490735,10.426729202270508
3.070762872695923,4.3238643054584305,10.39859390258789
3.016937494277954,4.356556884844654,10.386861801147461
2.9651541709899902,4.2651671181832045,10.405094146728516
3.023592233657837,4.294524980176772,10.347891807556152
3.0520148277282715,4.294995978241786,10.396246910095215
3.0366973876953125,4.346522273595578,10.370211601257324
3.0772929191589355,4.329208683987548,10.396740913391113
3.0170106887817383,4.3254257674728125,10.396469116210938
3.016369342803955,4.35021049223308,10.395017623901367
3.0842154026031494,4.352535984744982,10.325846672058105
3.0080580711364746,4.267304492914784,10.402673721313477
3.051495313644409,4.34218969781484,10.403504371643066
3.017409086227417,4.284411287899795,10.386486053466797
3.096045732498169,4.347856969539342,10.362431526184082
3.0172054767608643,4.310891385256713,10.267928123474121
2.9937968254089355,4.372453814705035,10.344472885131836
2.973051071166992,4.2988559749376565,10.410776138305664
3.0002942085266113,4.310750869435392,10.461200714111328
3.0202741622924805,4.330903548048809,10.331992149353027
2.999553918838501,4.3120459864647795,10.339570999145508
2.983818292617798,4.292005083457168,10.27554988861084
3.0901010036468506,4.345790623021978,10.357040405273438
3.015930652618408,4.339054818963632,10.339630126953125
3.035907030105591,4.2993211559951305,10.371927261352539
3.0331778526306152,4.306560516457207,10.394767761230469
3.085606098175049,4.425409909404282,10.354486465454102
3.0323944091796875,4.3219461643270085,10.355362892150879
3.064819097518921,4.294611015423601,10.295783996582031
2.9835634231567383,4.316792135226674,10.30064582824707
2.9772374629974365,4.3413621798556825,10.38719367980957
3.0322153568267822,4.316415259647848,10.42800521850586
3.0137531757354736,4.294200695651982,10.361501693725586
3.0550663471221924,4.331062520654606,10.421772003173828
3.014709711074829,4.373823029155443,10.404382705688477
3.045482635498047,4.350070272638862,10.321709632873535
3.0513651371002197,4.352025857660919,10.433109283447266
3.006638765335083,4.3388356893722495,10.434123039245605
3.0465145111083984,4.394282346990492,10.440296173095703
2.9880902767181396,4.186802230043603,10.444682121276855
3.0815353393554688,4.34099222230725,10.424266815185547
3.036257266998291,4.33904353446061,10.45689582824707
3.0580732822418213,4.385372508383755,10.441971778869629
3.0366954803466797,4.32517826350938,10.315360069274902
2.9606573581695557,4.275487351996291,10.392171859741211
3.0459067821502686,4.288265389357028,10.3046875
3.0831780433654785,4.377300541349022,10.323617935180664
3.058566093444824,4.311225481397872,10.488152503967285
2.9830801486968994,4.301107079855034,10.450425148010254
3.049037218093872,4.340623465167092,10.372693061828613
3.0054214000701904,4.245391231828502,10.433643341064453
3.0533554553985596,4.353232627002789,10.301383018493652
3.009981632232666,4.369443516646113,10.379353523254395
3.0218119621276855,4.3413896453234235,10.388697624206543
3.050525426864624,4.378696921946746,10.401713371276855
3.045311689376831,4.355510267562099,10.38244342803955
3.027831554412842,4.337227134566222,10.323511123657227
3.017937421798706,4.315906978877527,10.303802490234375
3.007794141769409,4.345864816934669,10.425931930541992
3.0182480812072754,4.374420141435362,10.344744682312012
3.0449345111846924,4.3153413498574595,10.421234130859375
2.9747469425201416,4.342182397210439,10.35198974609375
2.998314619064331,4.287312606948294,10.396917343139648
2.9933595657348633,4.364409184116604,10.424787521362305
3.0039634704589844,4.287375619867817,10.40069580078125
3.0190446376800537,4.353484675853646,10.384407043457031
2.9829156398773193,4.326638298541573,10.33307933807373
3.083569049835205,4.318905429149579,10.362763404846191
3.0139594078063965,4.447346264064047,10.476006507873535
3.0530126094818115,4.386891306344686,10.403145790100098
3.023668050765991,4.312758461705276,10.394916534423828
3.009568929672241,4.3689453038387,10.37896728515625
2.9950335025787354,4.325109473662451,10.359941482543945
3.087110757827759,4.367840387060174,10.42208480834961
3.0061752796173096,4.362771819778053,10.427837371826172
2.9940576553344727,4.373795772570053,10.431916236877441
2.988100290298462,4.3072608961125045,10.345344543457031
3.0402345657348633,4.361750843868192,10.387240409851074
3.0696465969085693,4.318742088341554,10.370393753051758
2.9977896213531494,4.316869563522881,10.329319953918457
3.0470809936523438,4.320264698039474,10.403179168701172
3.0007569789886475,4.227093666625608,10.441877365112305
3.0128448009490967,4.321975767346365,10.336338996887207
3.001131772994995,4.326982164589156,10.411859512329102
3.026735782623291,4.359621839564559,10.406137466430664
2.9673848152160645,4.27411506028979,10.464876174926758
2.9983584880828857,4.348817440215498,10.398380279541016
2.9978342056274414,4.377490291371942,10.372779846191406
2.978025436401367,4.3577274580685685,10.354043960571289
2.96915602684021,4.376949778192543,10.451698303222656
2.978093147277832,4.2997072777112155,10.452352523803711
3.049250364303589,4.346875628988658,10.402297973632812
3.002437114715576,4.329303130906608,10.456172943115234
2.9729342460632324,4.29774894984439,10.463897705078125
3.0587821006774902,4.338080339566139,10.368133544921875
3.022789716720581,4.322622105778595,10.393043518066406
3.051011800765991,4.382605099817739,10.318382263183594
2.997556686401367,4.270660472967263,10.416082382202148
2.9681789875030518,4.278256604847099,10.388364791870117
2.9589526653289795,4.352844455844855,10.377904891967773
2.9752895832061768,4.299038468959874,10.402437210083008
3.0817198753356934,4.306353921669403,10.273408889770508
3.0073025226593018,4.360016646861498,10.476642608642578
2.9872753620147705,4.300242969866043,10.447502136230469
3.070068359375,4.350157397400055,10.43350601196289
3.0168399810791016,4.351415628567338,10.485301971435547
2.9913432598114014,4.289985493856615,10.416580200195312
2.9609344005584717,4.284822711255402,10.417802810668945
3.009899854660034,4.31481278411645,10.432241439819336
3.0315003395080566,4.344294394366443,10.384794235229492
3.018807888031006,4.345806697217215,10.420763969421387
2.988351345062256,4.327304848103917,10.447247505187988
2.996849775314331,4.370999650331214,10.395956039428711
3.0612258911132812,4.321226391442386,10.461156845092773
3.0385544300079346,4.347173449383783,10.427953720092773
3.0129988193511963,4.333785933475675,10.36718463897705
2.9741921424865723,4.353245565102303,10.339706420898438
2.983736515045166,4.309148813963735,10.383890151977539
2.9405484199523926,4.245515967885565,10.466079711914062
3.017289876937866,4.288795083362077,10.459427833557129
3.0789103507995605,4.367347068519199,10.445772171020508
2.993680715560913,4.368509603797325,10.383667945861816
3.0416269302368164,4.390462484609867,10.392824172973633
3.0379838943481445,4.275656847283245,10.42088794708252
3.0112409591674805,4.290513119893149,10.441768646240234
3.0438923835754395,4.32903275512425,10.312816619873047
3.0286033153533936,4.316646805764841,10.312698364257812
3.037865161895752,4.383481891193827,10.354244232177734
3.0038211345672607,4.348830804062475,10.372518539428711
3.029081106185913,4.412100511569797,10.378802299499512
2.9816479682922363,4.332873486414818,10.439308166503906
3.0383055210113525,4.321510737662071,10.393363952636719
2.947260856628418,4.329063920370703,10.421142578125
3.0112123489379883,4.3134404876535495,10.351750373840332
2.959587335586548,4.322120019866685,10.328960418701172
2.935784101486206,4.322782681489896,10.458492279052734
3.0083882808685303,4.369624295205409,10.437592506408691
3.0328762531280518,4.329017326402079,10.450860977172852
3.010007619857788,4.342398311576939,10.387907028198242
2.982973575592041,4.346300194505602,10.418647766113281
2.9616751670837402,4.413859002791079,10.442655563354492
3.009988784790039,4.399510309599074,10.434805870056152
2.9734528064727783,4.33327781601942,10.332128524780273
3.0144596099853516,4.341308019523109,10.480985641479492
3.030346393585205,4.296795251945566,10.368553161621094
3.0391876697540283,4.348779013879331,10.355445861816406
3.031778335571289,4.4100646789052655,10.35327434539795
3.032395124435425,4.323066239611113,10.446401596069336
3.011409044265747,4.328771770499381,10.317102432250977
2.9931750297546387,4.35223074237417,10.371817588806152
2.9831321239471436,4.325319603451394,10.280552864074707
3.034693956375122,4.386797270538019,10.434219360351562
3.001023769378662,4.338227617753936,10.44013500213623
3.039322853088379,4.3637418743622085,10.45611572265625
2.967313766479492,4.306634595983528,10.331541061401367
3.009481191635132,4.3764122842944095,10.41747760772705
2.9480133056640625,4.326363827634071,10.433353424072266
2.9678237438201904,4.312470580417928,10.44931411743164
3.006406784057617,4.370713239036767,10.447271347045898
2.97367262840271,4.310788255983165,10.402068138122559
2.9811596870422363,4.369953151892072,10.427416801452637
3.013686418533325,4.340123392275667,10.37555980682373
2.93143367767334,4.306316326438848,10.339879989624023
3.0306167602539062,4.391970986367336,10.34480094909668
2.9836223125457764,4.314930313433122,10.386858940124512
2.9936654567718506,4.3708929876530815,10.421606063842773
2.9891159534454346,4.323617451358587,10.399703979492188
3.0034515857696533,4.321428579677429,10.3926420211792
2.924720287322998,4.319582982354665,10.46522331237793
2.991481065750122,4.341579948684999,10.485390663146973
3.01104474067688,4.347235831731399,10.469002723693848
3.04294490814209,4.390111489720376,10.367504119873047
2.971155881881714,4.344150763304372,10.409722328186035
2.9356069564819336,4.3014287217187555,10.368047714233398
3.026108741760254,4.395803661418281,10.42280101776123
2.9814348220825195,4.366614988871983,10.42285442352295
3.0287458896636963,4.343674391508102,10.349215507507324
3.0305886268615723,4.357282155060342,10.402313232421875
2.9879868030548096,4.3684597859558245,10.368929862976074
3.0052576065063477,4.396059506339952,10.347990989685059
2.9938666820526123,4.353697455820761,10.402629852294922
3.033421516418457,4.4325069606503735,10.346109390258789
3.009230136871338,4.303190335531586,10.421117782592773
2.996873378753662,4.402261401094231,10.459196090698242
2.9408674240112305,4.310536528904256,10.448513984680176
2.9983718395233154,4.410930216478715,10.352911949157715
2.974503755569458,4.36082243077856,10.407447814941406
2.9897878170013428,4.295516299349922,10.38987922668457
2.983941078186035,4.322652624986533,10.31005573272705
3.059732437133789,4.430279490637726,10.35011100769043
2.9994499683380127,4.406074975550706,10.404464721679688
2.9776697158813477,4.411731894527162,10.3168306350708
2.9587907791137695,4.338219102804683,10.447973251342773
3.0497119426727295,4.40511050218317,10.348143577575684
3.0023844242095947,4.329449093301913,10.324297904968262
3.0058789253234863,4.343309427245654,10.385799407958984
2.9973742961883545,4.355721113804195,10.457387924194336
2.985687494277954,4.312460602593741,10.411523818969727
2.927154064178467,4.337120811089075,10.370258331298828
2.986283779144287,4.349919712237481,10.351612091064453
3.0060651302337646,4.3315228011924765,10.372334480285645
2.9439492225646973,4.371568797588615,10.365921020507812
3.0034830570220947,4.322779245475041,10.441347122192383
2.9610445499420166,4.368866648591523,10.367432594299316
3.000314235687256,4.357073747586193,10.453009605407715
2.982278347015381,4.359153233468533,10.348156929016113
2.9586844444274902,4.35935870371759,10.420799255371094
2.98270845413208,4.340742143835606,10.416772842407227
2.9791858196258545,4.336740051495975,10.404906272888184
2.9489552974700928,4.325060984385865,10.391708374023438
2.96891450881958,4.332393930559712,10.365842819213867
3.029146194458008,4.3936894147856425,10.483857154846191
3.0058915615081787,4.481069092306176,10.36182975769043
3.033068895339966,4.40750120310778,10.415023803710938
2.9173524379730225,4.367332319097062,10.440923690795898
2.958390712738037,4.357249439361372,10.374104499816895
3.0112509727478027,4.392834090394899,10.345109939575195
2.986910104751587,4.358015998732299,10.354819297790527
3.0422074794769287,4.359949230349491,10.371848106384277
2.991957902908325,4.349359512162794,10.456053733825684
2.9746577739715576,4.344574726685615,10.395950317382812
2.9673006534576416,4.371505525462063,10.391833305358887
2.9878008365631104,4.299662295396306,10.479771614074707
3.0233359336853027,4.391733707427711,10.291398048400879
2.9466652870178223,4.293417774972373,10.321523666381836
2.99792742729187,4.388515330751294,10.355982780456543
3.022722005844116,4.375397005484307,10.397823333740234
3.0363929271698,4.382257197185286,10.357686996459961
3.07159161567688,4.397976585065148,10.424968719482422
3.021486520767212,4.385618862496423,10.443406105041504
3.068556785583496,4.445594174321741,10.426041603088379
2.9647481441497803,4.34968230976457,10.360526084899902
2.9832358360290527,4.398285588848272,10.420517921447754
3.0089573860168457,4.35810192930512,10.432143211364746
3.016120672225952,4.419866116451366,10.399659156799316
2.9611194133758545,4.378618070290291,10.422172546386719
2.994774341583252,4.408939081576786,10.354207992553711
3.0014281272888184,4.3593420488759875,10.398393630981445
2.9421021938323975,4.297560468681954,10.490214347839355
2.972623586654663,4.411891195690259,10.438432693481445
3.0042638778686523,4.339992674998939,10.409272193908691
2.9637341499328613,4.352175149667476,10.343780517578125
2.981618642807007,4.362977316902418,10.327676773071289
2.908783197402954,4.341284440530996,10.317577362060547
2.9820032119750977,4.380835643936215,10.413912773132324
3.013991117477417,4.444923145496952,10.430587768554688
2.939849615097046,4.3858607443315645,10.400357246398926
3.0504045486450195,4.409707920392975,10.368478775024414
2.9624974727630615,4.445140994519794,10.389184951782227
2.98126220703125,4.43610144206988,10.389384269714355
3.0025486946105957,4.427481241856834,10.412809371948242
2.993436098098755,4.3505221283662,10.423569679260254
2.9876558780670166,4.3997866377966215,10.473982810974121
2.970463991165161,4.41140984032037,10.499713897705078
2.9712603092193604,4.417389763618952,10.317933082580566
2.9416158199310303,4.377878427073093,10.336270332336426
2.99044132232666,4.4094811144750565,10.31401252746582
2.9099924564361572,4.363260868471116,10.348045349121094
2.9698715209960938,4.403721673580419,10.38057804107666
2.9701778888702393,4.424736046864251,10.32762336730957
2.9977691173553467,4.331377606240234,10.291873931884766
2.9899284839630127,4.371290034148842,10.34321117401123
2.938584566116333,4.3639338740945925,10.340523719787598
2.982254981994629,4.365561711668436,10.31425952911377
2.922628164291382,4.413782069160204,10.449615478515625
3.0071403980255127,4.3677610226441175,10.393810272216797
2.949597120285034,4.407213768522654,10.293699264526367
2.9878406524658203,4.320971738779917,10.33347225189209
3.005976915359497,4.391033877452303,10.407695770263672
2.965811252593994,4.2921948136229595,10.313312530517578
2.9668776988983154,4.398635010235012,10.411131858825684
3.028637170791626,4.413327299657145,10.375167846679688
2.9810092449188232,4.3843917761862805,10.395042419433594
2.905235528945923,4.396231969652165,10.357579231262207
2.960212469100952,4.394301481678018,10.428046226501465
2.9316611289978027,4.367831204585465,10.460593223571777
2.995814561843872,4.3152086627004405,10.465202331542969
3.0054612159729004,4.443879075248592,10.369006156921387
2.883098602294922,4.305859837880624,10.421320915222168
2.9227919578552246,4.3574430692741375,10.397676467895508
2.96830153465271,4.3968089126449605,10.357098579406738
2.9583170413970947,4.381331321350964,10.340241432189941
2.9131505489349365,4.4189644340159635,10.436664581298828
2.9358434677124023,4.361281091214291,10.316243171691895
3.0283145904541016,4.437530778947154,10.397584915161133
2.957094192504883,4.365131639043934,10.400147438049316
2.937326669692993,4.410082460414352,10.393636703491211
2.9716477394104004,4.430652350952316,10.416850090026855
2.969322919845581,4.362506690734465,10.429855346679688
2.99528431892395,4.420171155494504,10.355448722839355
2.937617540359497,4.404193137206936,10.383256912231445
2.968179702758789,4.401983854061525,10.395465850830078
3.021399974822998,4.409394189083417,10.424571990966797
2.946321964263916,4.362362999901443,10.378196716308594
2.9142749309539795,4.357496958824673,10.409066200256348
2.9730336666107178,4.41297169694943,10.402772903442383
2.9568819999694824,4.356660141942225,10.362464904785156
2.9811291694641113,4.377219568239525,10.409239768981934
2.957825183868408,4.392276195543153,10.39144229888916
2.949875593185425,4.427015079950382,10.344785690307617
2.9677186012268066,4.382216762385464,10.475090026855469
2.985342502593994,4.456789343052411,10.443120956420898
2.9335365295410156,4.384229320267748,10.435789108276367
2.9945454597473145,4.424143956408703,10.392205238342285
2.9826767444610596,4.3578497774433345,10.351715087890625
2.9495227336883545,4.464241028497262,10.34164810180664
2.9663901329040527,4.445519243965723,10.437479972839355
2.9338459968566895,4.35058433120139,10.408228874206543
2.9081833362579346,4.432817291900782,10.377839088439941
2.9316413402557373,4.3808337166306694,10.369800567626953
2.887794017791748,4.360449782240072,10.403009414672852
2.9689395427703857,4.427422741527803,10.337581634521484
2.9517006874084473,4.451573923729094,10.348803520202637
2.88818621635437,4.37567312207206,10.341255187988281
2.9819655418395996,4.415588388385784,10.326224327087402
2.9325644969940186,4.425804898209338,10.41242504119873
3.013092041015625,4.436296610228185,10.339460372924805
3.009139060974121,4.466297085895869,10.381511688232422
2.970330238342285,4.470117006051754,10.459596633911133
2.958279609680176,4.350701842789672,10.461017608642578
2.898653745651245,4.393269097199663,10.431252479553223
2.933807134628296,4.405917390016838,10.37031364440918
2.939915657043457,4.367793712133009,10.308408737182617
2.882889986038208,4.358820480194741,10.393807411193848
2.9183735847473145,4.38905153889209,10.372763633728027
2.9000940322875977,4.391945588602019,10.395147323608398
2.921633243560791,4.379777121523928,10.377643585205078
2.990938901901245,4.399541667396469,10.442447662353516
2.9675374031066895,4.4208860213070045,10.419188499450684
2.9603235721588135,4.42347635398619,10.3214750289917
2.979454755783081,4.452695478518892,10.354177474975586
2.983884334564209,4.435641752023781,10.377103805541992
2.974886178970337,4.482339606420802,10.303526878356934
2.952275037765503,4.45717797591351,10.454523086547852
2.942498207092285,4.394691879761273,10.348145484924316
3.0290627479553223,4.497427071777305,10.318124771118164
2.95825457572937,4.415211162529886,10.297725677490234
2.985755443572998,4.4278401976584325,10.393462181091309
2.919308662414551,4.367404829078753,10.363042831420898
2.9511260986328125,4.376631033340735,10.425126075744629
2.9690845012664795,4.397301220202021,10.335451126098633
2.9894344806671143,4.439727965043857,10.314607620239258
2.9531936645507812,4.435062652220949,10.4080171585083
2.9680473804473877,4.466839429789356,10.31753921508789
2.962362766265869,4.434377525367641,10.2741060256958
2.9460959434509277,4.347473403605234,10.363855361938477
2.9227256774902344,4.370365154164444,10.38899040222168
2.902536392211914,4.411617157515138,10.377742767333984
2.94197154045105,4.364797980358292,10.310211181640625
2.9338693618774414,4.435218253439026,10.391284942626953
2.9874918460845947,4.447124010351087,10.386351585388184
2.9439120292663574,4.42975375761411,10.364213943481445
2.9723289012908936,4.393465421229069,10.354764938354492
2.9313082695007324,4.399730973444613,10.332503318786621
2.9397146701812744,4.395742211823484,10.394447326660156
2.971968650817871,4.452941879131166,10.262899398803711
2.966304063796997,4.4260507993998806,10.372526168823242
2.9543519020080566,4.4182984808659445,10.340749740600586
2.971599578857422,4.379795914682161,10.391300201416016
2.948275566101074,4.44448346075868,10.306074142456055
2.9608237743377686,4.444572915955048,10.349356651306152
2.9670186042785645,4.461002153710329,10.342451095581055
2.895534038543701,4.384451503033882,10.311094284057617
2.942070722579956,4.398446588045253,10.410741806030273
2.96930193901062,4.420098507743595,10.41972827911377
2.9824461936950684,4.434300025293071,10.340032577514648
2.9220218658447266,4.399739286396652,10.482904434204102
2.9648032188415527,4.460391128768346,10.3346586227417
2.9309351444244385,4.37128950778528,10.396159172058105
2.9273340702056885,4.384166895079294,10.352953910827637
2.8430607318878174,4.297677293220269,10.4151611328125
2.9419548511505127,4.4752921322360635,10.412978172302246
2.9098072052001953,4.3860714214720895,10.398880004882812
2.943657875061035,4.406745561864228,10.431131362915039
2.953307867050171,4.416927704853671,10.351787567138672
2.9259064197540283,4.453280135689836,10.41064739227295
2.9810640811920166,4.484170894437869,10.367424964904785
2.9683115482330322,4.421114342453491,10.387153625488281
2.932476043701172,4.4251934823114425,10.333858489990234
2.9350476264953613,4.463192357382338,10.343087196350098
2.9839577674865723,4.434358272634979,10.463093757629395
2.8992724418640137,4.3645037035790395,10.35457992553711
2.957393169403076,4.462437370126801,10.383639335632324
2.895789623260498,4.38991639284151,10.340082168579102
2.933462142944336,4.431080814417718,10.379900932312012
2.9823496341705322,4.4689792807080915,10.315461158752441
2.9828386306762695,4.383243372231456,10.4215726852417
2.906120777130127,4.407686670111226,10.379451751708984
2.93135666847229,4.3959017062027534,10.34341812133789
2.967874526977539,4.47177266964822,10.287040710449219
2.908053398132324,4.415771658232968,10.419925689697266
2.9523603916168213,4.425053653706398,10.364364624023438
2.9448039531707764,4.395513084584049,10.302013397216797
2.9099690914154053,4.399629671392696,10.479005813598633
2.9565322399139404,4.358381847784456,10.419462203979492
2.8769638538360596,4.367064907381843,10.383929252624512
2.8994312286376953,4.422735907403486,10.376441955566406
2.9629220962524414,4.428497833698722,10.442756652832031
2.9140772819519043,4.431303325142445,10.37733268737793
2.9110798835754395,4.416932660986536,10.40543270111084
2.927891969680786,4.3871359642528525,10.316551208496094
2.8558526039123535,4.368922012891354,10.351556777954102
2.9840455055236816,4.39927123340645,10.411134719848633
2.9362692832946777,4.4470009882269155,10.39422607421875
2.9677798748016357,4.400758621216353,10.394598007202148
2.900479316711426,4.4017247413285085,10.377557754516602
2.9824962615966797,4.405249731981062,10.42123031616211
2.9064085483551025,4.434190890153072,10.454408645629883
2.9535417556762695,4.41850029268036,10.393645286560059
2.934854745864868,4.379396150819956,10.350261688232422
2.9030072689056396,4.447943266281592,10.426448822021484
2.8982813358306885,4.39573824884636,10.41064167022705
2.940228223800659,4.395323966396973,10.38497257232666
2.897228717803955,4.365920267866127,10.391437530517578
2.9352786540985107,4.465196864945548,10.414680480957031
2.900212287902832,4.411034534452483,10.434772491455078
2.906355142593384,4.3893631076373705,10.45020580291748
2.9740543365478516,4.398161572770082,10.381464004516602
2.890713691711426,4.383956073650292,10.29566764831543
2.9064383506774902,4.439333169987159,10.354269027709961
2.9246747493743896,4.414696605244119,10.345996856689453
2.8551008701324463,4.361051676129657,10.388935089111328
2.8994550704956055,4.370648902208943,10.380840301513672
2.90078067779541,4.428958653306057,10.408409118652344
2.9807024002075195,4.441947986205507,10.36767292022705
2.9007766246795654,4.376547411749406,10.312427520751953
2.94635272026062,4.421335977369121,10.421894073486328
2.985065460205078,4.41525787005334,10.446893692016602
2.889758586883545,4.43532688027647,10.365942001342773
2.9549777507781982,4.467301506615643,10.367485046386719
2.9316565990448,4.4173689092110315,10.394123077392578
2.9548280239105225,4.407284813533936,10.365703582763672
2.8726437091827393,4.355161968884723,10.374597549438477
2.897292137145996,4.3813007715091645,10.35439395904541
2.9575371742248535,4.433125736158607,10.36489486694336
2.9384989738464355,4.456443800990071,10.371588706970215
2.8807594776153564,4.379054570071665,10.393972396850586
2.905695676803589,4.419297284779272,10.34992790222168
2.9348418712615967,4.409527278904403,10.433111190795898
2.9082255363464355,4.4636269982438534,10.31595230102539
2.9587368965148926,4.4878290798847695,10.448588371276855
2.9952893257141113,4.472036315460822,10.446776390075684
2.89915132522583,4.411076687974855,10.43381118774414
2.8963913917541504,4.468133368928517,10.449663162231445
2.8702776432037354,4.433098502623449,10.326688766479492
2.9239656925201416,4.417274238907599,10.37649154663086
2.9242947101593018,4.420014858811295,10.348616600036621
2.9187629222869873,4.394272245001048,10.435104370117188
2.9175450801849365,4.399072464755071,10.409789085388184
2.9439120292663574,4.459066502350781,10.356170654296875
2.9124703407287598,4.536461559656476,10.391977310180664
2.9140758514404297,4.41808083280921,10.333358764648438
2.8994951248168945,4.41364026941093,10.410550117492676
2.8758106231689453,4.451012557705066,10.340518951416016
2.944776773452759,4.4534111861139545,10.304343223571777
2.9643006324768066,4.444516701790105,10.502297401428223
2.9479594230651855,4.429786430505504,10.330639839172363
2.898775100708008,4.413493731491534,10.3790922164917
2.9457385540008545,4.393614932229476,10.413196563720703
2.8998968601226807,4.434120699730037,10.38233470916748
2.9058916568756104,4.392304396622682,10.426643371582031
2.8846161365509033,4.3978856559842825,10.358336448669434
2.9321701526641846,4.503986700936886,10.385339736938477
2.8079371452331543,4.437597715595205,10.377503395080566
2.876904249191284,4.394011819269509,10.386688232421875
2.957160234451294,4.476456315223394,10.29572868347168
2.9081571102142334,4.406458976412457,10.357797622680664
2.918551445007324,4.433348459357928,10.354219436645508
2.898252248764038,4.384132254170255,10.363815307617188
2.928427219390869,4.393640044411378,10.462610244750977
2.8484606742858887,4.3883441278511395,10.362724304199219
2.922727584838867,4.440771287806067,10.439550399780273
2.891957998275757,4.432161523095731,10.358502388000488
2.9255197048187256,4.484176940983162,10.346592903137207
2.924314022064209,4.485340454781961,10.414737701416016
2.960920810699463,4.430832934931719,10.435420989990234
2.9042060375213623,4.411276418915285,10.416511535644531
2.8778014183044434,4.41007196274586,10.35731029510498
2.909938335418701,4.469204619959262,10.439083099365234
2.9428887367248535,4.4401132484698405,10.375921249389648
2.9108314514160156,4.436110967404342,10.324747085571289
2.8605527877807617,4.414539463385673,10.382588386535645
2.8999764919281006,4.439211568396006,10.256233215332031
2.9082999229431152,4.417888790768173,10.415639877319336
2.8812367916107178,4.396709292827707,10.394262313842773
2.8632709980010986,4.415205560558077,10.336827278137207
2.859463930130005,4.432057459206719,10.429779052734375
2.8622119426727295,4.410657659439104,10.328882217407227
2.8602590560913086,4.381270639631631,10.359216690063477
2.868884801864624,4.447180340631998,10.378435134887695
2.884573221206665,4.41046913324057,10.33123779296875
2.8946337699890137,4.4177340161654035,10.416555404663086
2.8737761974334717,4.372450166448419,10.45394229888916
2.86029052734375,4.397428376134485,10.410116195678711
2.900874614715576,4.45595133590645,10.324769973754883
2.9190728664398193,4.412324250476169,10.343086242675781
2.916811466217041,4.4267748461903205,10.373979568481445
2.870763063430786,4.4151768848033885,10.367738723754883
2.9113261699676514,4.43847863602319,10.447822570800781
2.8874504566192627,4.398111030459404,10.35366153717041
2.8441002368927,4.415221260461425,10.351881980895996
2.932396411895752,4.454300987268133,10.416522979736328
2.9101028442382812,4.419913085842771,10.342679023742676
2.862987518310547,4.395214921362432,10.331693649291992
2.885422706604004,4.374360173341952,10.328819274902344
2.8819832801818848,4.381139972579799,10.317071914672852
2.8903934955596924,4.421776015876926,10.38357925415039
2.880807399749756,4.444936931831762,10.367171287536621
2.8442656993865967,4.422054804861546,10.394591331481934
2.921971559524536,4.46824511513114,10.407739639282227
2.9317002296447754,4.4282270870836715,10.379575729370117
2.8701372146606445,4.442844316762473,10.352354049682617
2.913572072982788,4.426342320861295,10.354784965515137
2.8878934383392334,4.440496036849384,10.46346664428711
2.958918809890747,4.475174853145811,10.37364387512207
2.9644241333007812,4.478079943585076,10.367566108703613
2.862870931625366,4.422726709595216,10.39108943939209
2.8544983863830566,4.397871568067265,10.36053466796875
2.891853094100952,4.440556634882731,10.421719551086426
2.8916051387786865,4.525506829842924,10.445032119750977
2.880676507949829,4.4392873431622455,10.369930267333984
2.9040651321411133,4.51687415143741,10.446148872375488
2.857776403427124,4.493673378036225,10.407388687133789
2.968437910079956,4.443064428366987,10.40768051147461
2.8633062839508057,4.421037356834858,10.348421096801758
2.9155495166778564,4.4957465186182946,10.278702735900879
2.845263957977295,4.425772568277482,10.391789436340332
2.883007287979126,4.4202739015288115,10.344715118408203
2.871551275253296,4.46715875641842,10.446096420288086
2.885223150253296,4.4439238551671485,10.39047622680664
2.8499436378479004,4.507456439480718,10.368616104125977
2.9201529026031494,4.430738855219846,10.409297943115234
2.8766608238220215,4.45468361363081,10.411515235900879
2.8968639373779297,4.476847936997989,10.36521053314209
2.970271110534668,4.463236709624263,10.430520057678223
2.864178419113159,4.41668464133649,10.3905611038208
2.9224910736083984,4.463998515391722,10.36015510559082
2.8718252182006836,4.38388449728622,10.39229965209961
2.8447742462158203,4.47684440881546,10.354997634887695
2.8661062717437744,4.411832997841494,10.408456802368164
2.8715920448303223,4.392317620571703,10.336716651916504
2.8707332611083984,4.419000868951636,10.44040584564209
2.913038969039917,4.404280958065231,10.353133201599121
2.8287720680236816,4.4075975717111895,10.401123046875
2.792182207107544,4.356743225927598,10.325420379638672
2.9051966667175293,4.386845047618928,10.380861282348633
2.9564788341522217,4.423495285645394,10.319561958312988
2.9158523082733154,4.414010983193294,10.357730865478516
2.868060827255249,4.426724228276206,10.317376136779785
2.942261219024658,4.470724046629455,10.473091125488281
2.8805830478668213,4.478909847260054,10.426454544067383
2.896214723587036,4.457272597488814,10.354507446289062
2.9047181606292725,4.376589592912102,10.364714622497559
2.892220973968506,4.46373467313658,10.313789367675781
2.8773534297943115,4.481489461713604,10.371991157531738
2.8830997943878174,4.435340472962707,10.38573169708252
2.8812649250030518,4.470822279441303,10.340496063232422
2.887101173400879,4.455840475092243,10.428776741027832
2.82351016998291,4.474619800989916,10.334303855895996
2.880625009536743,4.443496487635587,10.372598648071289
2.9506118297576904,4.452460873140288,10.395164489746094
2.9217238426208496,4.497072705799448,10.350848197937012
2.856048583984375,4.431381049632494,10.38097858428955
2.873661756515503,4.466377877430723,10.337059020996094
2.906179428100586,4.446625803896626,10.389862060546875
2.877403974533081,4.380690943948658,10.440146446228027
2.904442548751831,4.48782218596898,10.317657470703125
2.8424623012542725,4.466441458290709,10.356101036071777
2.8659870624542236,4.392410456302708,10.386394500732422
2.8873367309570312,4.486761025252886,10.449828147888184
2.909109115600586,4.501261471937012,10.533163070678711
2.878908634185791,4.462347945730601,10.394001007080078
2.9424633979797363,4.519731793985037,10.399867057800293
2.875152349472046,4.482756970949204,10.380819320678711
2.8973331451416016,4.480069872989718,10.390277862548828
2.885091781616211,4.520591544951977,10.324838638305664
2.856595993041992,4.46499502046832,10.3617582321167
2.8471782207489014,4.462780095171183,10.298126220703125
2.8682174682617188,4.481219583789685,10.360845565795898
2.8719685077667236,4.446031567441033,10.313310623168945
2.866295576095581,4.446642735607124,10.408684730529785
2.8636505603790283,4.4320604791199525,10.244300842285156
2.862436532974243,4.427928740092154,10.407747268676758
2.8844377994537354,4.488421048037708,10.434697151184082
2.843836545944214,4.5062734796332995,10.396400451660156
2.921642780303955,4.503439136847321,10.340556144714355
2.836071252822876,4.459813468723691,10.41321086883545
2.8522889614105225,4.459639489151804,10.270716667175293
2.826185464859009,4.381267448288522,10.41525936126709
2.8921117782592773,4.528057388029993,10.425975799560547
2.87735652923584,4.479705464061616,10.445229530334473
2.865001678466797,4.504147343902981,10.308798789978027
2.89974308013916,4.4232418408750425,10.387451171875
2.870492458343506,4.404822268024352,10.390410423278809
2.8252341747283936,4.406183217053435,10.269655227661133
2.885532855987549,4.37744148215279,10.39332103729248
2.897804021835327,4.5344357682125915,10.396710395812988
2.92665958404541,4.49953385608803,10.41391372680664
2.8781957626342773,4.451984393377123,10.406108856201172
2.844428539276123,4.4413931120652705,10.348668098449707
2.837763547897339,4.469059604685754,10.4517183303833
2.8588340282440186,4.481062144373676,10.376482009887695
2.8284690380096436,4.406954659681235,10.374396324157715
2.82259464263916,4.466446225664446,10.43166732788086
2.8360631465911865,4.410314316661763,10.380183219909668
2.9331228733062744,4.474714180354827,10.401084899902344
2.9051735401153564,4.4815689575791895,10.498740196228027
2.8987579345703125,4.4595328484262735,10.417868614196777
2.855081081390381,4.452404683489087,10.34793758392334
2.8899054527282715,4.494153657262879,10.405082702636719
2.8206496238708496,4.418105500351105,10.498553276062012
2.8276638984680176,4.44005425666858,10.411726951599121
2.9297962188720703,4.4952849883785735,10.376440048217773
2.8636653423309326,4.454940057193328,10.368865966796875
2.8530189990997314,4.532291316759906,10.415045738220215
2.8455464839935303,4.454421625239775,10.38846206665039
2.890409469604492,4.462061124487913,10.340989112854004
2.842047929763794,4.464784806694037,10.396801948547363
2.8566031455993652,4.50376360707118,10.44227409362793
2.801063060760498,4.364255467296711,10.340460777282715
2.894062042236328,4.538698200103162,10.35416316986084
2.9194934368133545,4.539546780354742,10.359834671020508
2.8587968349456787,4.486789245191695,10.29577350616455
2.9113166332244873,4.4381941594183445,10.40276050567627
2.8873493671417236,4.434664716012777,10.404507637023926
2.8039419651031494,4.4404908616894065,10.381379127502441
2.8774538040161133,4.500969235851829,10.336627960205078
2.908297061920166,4.515303260347406,10.381354331970215
2.88938570022583,4.442699995789943,10.42224407196045
2.8695077896118164,4.43792138664451,10.342907905578613
2.839622974395752,4.381932674840626,10.366171836853027
2.8490142822265625,4.407070229561733,10.431530952453613
2.8131606578826904,4.368703509481358,10.3998441696167
2.854748249053955,4.52523588449029,10.340201377868652
2.887519121170044,4.496511095403028,10.406500816345215
2.833920478820801,4.3778804852294595,10.351813316345215
2.822584390640259,4.430098907290293,10.368343353271484
2.8278188705444336,4.459343768955607,10.398332595825195
2.851327896118164,4.4737283881154974,10.330788612365723
2.834686756134033,4.479303230198898,10.258687973022461
2.892648220062256,4.4786456280520985,10.34132194519043
2.862847328186035,4.4708594609983265,10.319887161254883
2.8756425380706787,4.4461493091325135,10.44676399230957
2.8893964290618896,4.4851099922920445,10.390604972839355
2.8576550483703613,4.491071261798164,10.392724990844727
2.8650496006011963,4.461085158533284,10.398305892944336
2.9008820056915283,4.464836380777083,10.347033500671387
2.885397434234619,4.496050925326666,10.432969093322754
2.826917886734009,4.453955710566204,10.434324264526367
2.840754985809326,4.481535154228498,10.377983093261719
2.8554208278656006,4.4388678256156195,10.392313003540039
2.8323240280151367,4.412826511742813,10.335902214050293
2.8818435668945312,4.508635033919875,10.377405166625977
2.8477206230163574,4.400522239073845,10.357767105102539
2.8651552200317383,4.503680980032576,10.311447143554688
2.841974973678589,4.457964996807277,10.3953857421875
2.848027229309082,4.454542005301586,10.384918212890625
2.835860252380371,4.487461340547141,10.328717231750488
2.8533999919891357,4.485508508514613,10.380827903747559
2.896855592727661,4.461785350959482,10.384838104248047
2.839071273803711,4.4424425670544485,10.398489952087402
2.88919997215271,4.504360059442531,10.358301162719727
2.819821834564209,4.481935045615371,10.376541137695312
2.830845355987549,4.42415383993648,10.331062316894531
2.8792643547058105,4.458521947397718,10.410200119018555
2.840134620666504,4.500428895532553,10.397557258605957
2.79386305809021,4.452210149761023,10.35142707824707
2.879485845565796,4.44526551497568,10.45913028717041
2.8956453800201416,4.545349892262103,10.428817749023438
2.8397252559661865,4.457132999186537,10.389488220214844
2.8360702991485596,4.4723865589060425,10.328638076782227
2.8741707801818848,4.436478449064972,10.428985595703125
2.8595924377441406,4.451734171348757,10.31120491027832
2.787241220474243,4.422187259320968,10.401451110839844
2.8110811710357666,4.387281481542492,10.436939239501953
2.8492257595062256,4.435326677115102,10.427577018737793
2.854198932647705,4.4886222040014605,10.357916831970215
2.8664166927337646,4.452259078322511,10.304366111755371
2.855569839477539,4.519673474399108,10.403182029724121
2.806612253189087,4.443801378598438,10.3519287109375
2.8488802909851074,4.395874781899953,10.402239799499512
2.804239511489868,4.513562428532168,10.326404571533203
2.8420960903167725,4.437451676831447,10.37655258178711
2.8862104415893555,4.460511725828318,10.427713394165039
2.861973762512207,4.405781747673505,10.343879699707031
2.819646120071411,4.481042032861816,10.26351547241211
2.8410260677337646,4.457271836066086,10.466190338134766
2.8052802085876465,4.433435123746417,10.421010971069336
2.834721326828003,4.520122408767097,10.35277271270752
2.8008601665496826,4.408753068685266,10.47513198852539
2.821852445602417,4.472276765919689,10.343491554260254
2.8299474716186523,4.4272937631301055,10.343524932861328
2.8030037879943848,4.401464250836788,10.376775741577148
2.8460779190063477,4.5157067663634995,10.33332633972168
2.8288156986236572,4.485545521901388,10.375767707824707
2.7595996856689453,4.3632233742558,10.311539649963379
2.83284330368042,4.418937475553581,10.45221996307373
2.854076623916626,4.463244080277425,10.31299877166748
2.8437418937683105,4.428401571432395,10.386804580688477
2.8298263549804688,4.421319925891502,10.331538200378418
2.820096492767334,4.450521569233388,10.35051441192627
2.786297559738159,4.484445700155837,10.414058685302734
2.8423359394073486,4.430474818983515,10.392098426818848
2.837695837020874,4.456359721520649,10.38435173034668
2.853100538253784,4.451804319197046,10.476560592651367
2.8163375854492188,4.4517552898531525,10.304872512817383
2.838273048400879,4.477053175547293,10.335979461669922
2.824221611022949,4.4585409232614825,10.409123420715332
2.8577048778533936,4.476580034043374,10.429855346679688
2.894063949584961,4.45759144771312,10.39561653137207
2.8375720977783203,4.470009636699355,10.357156753540039
2.849116086959839,4.494917657193063,10.428251266479492
2.810067653656006,4.4827181499650965,10.36042594909668
2.8239920139312744,4.432622126270352,10.35420036315918
2.867460250854492,4.492892712088568,10.360601425170898
2.858720541000366,4.528214483688186,10.45358943939209
2.8640215396881104,4.499308291756149,10.404518127441406
2.859710454940796,4.502706219342404,10.478716850280762
2.7828896045684814,4.438667957271849,10.307079315185547
2.84464168548584,4.484413075360603,10.41662311553955
2.833340883255005,4.49394074398359,10.388838768005371
2.917562484741211,4.486768665124795,10.427918434143066
2.802908420562744,4.493039169115947,10.424064636230469
2.7261850833892822,4.390944364979598,10.288503646850586
2.8288817405700684,4.439295243737953,10.395389556884766
2.8014137744903564,4.413365009407114,10.365864753723145
2.7752344608306885,4.38587209695418,10.36631965637207
2.808119297027588,4.456947393316244,10.439123153686523
2.8644683361053467,4.484374730548422,10.411088943481445
2.8554389476776123,4.510786004331229,10.386824607849121
2.781266689300537,4.468169267522172,10.29616928100586
2.83821177482605,4.4624907771191955,10.273185729980469
2.8238441944122314,4.499374178670613,10.381101608276367
2.779906749725342,4.449480805978445,10.424827575683594
2.8423876762390137,4.494824843980106,10.396939277648926
2.8693830966949463,4.506141645135358,10.415791511535645
2.8434560298919678,4.454085810442589,10.394575119018555
2.8343937397003174,4.49694985829826,10.364030838012695
2.858822822570801,4.570241215106632,10.523202896118164
2.821542739868164,4.488055420407493,10.364142417907715
2.8801984786987305,4.5840017928608825,10.425017356872559
2.7968289852142334,4.504487566516868,10.338093757629395
2.82661771774292,4.487863729608112,10.41692066192627
2.805894613265991,4.486573822929391,10.324519157409668
2.8904402256011963,4.516495056217536,10.391531944274902
2.809028148651123,4.468649537967784,10.458294868469238
2.8489222526550293,4.5169980320414265,10.310667037963867
2.8067777156829834,4.491575029911473,10.360836029052734
2.867933511734009,4.482544462994805,10.391611099243164
2.8279237747192383,4.488689137456406,10.322103500366211
2.819265127182007,4.461543439787679,10.334272384643555
2.832535982131958,4.495515736684736,10.410454750061035
2.8102939128875732,4.419605375067996,10.478466033935547
2.8453922271728516,4.4624181883077005,10.433136940002441
2.825944662094116,4.428507046042276,10.405961990356445
2.7978811264038086,4.532348195623074,10.368273735046387
2.8249757289886475,4.523117379252134,10.425028800964355
2.822147846221924,4.414758106094919,10.402254104614258
2.8911778926849365,4.505203115088599,10.315607070922852
2.8255527019500732,4.451928369135462,10.390971183776855
2.849076986312866,4.448168207359101,10.414494514465332
2.8142333030700684,4.476592731063387,10.394594192504883
2.844302177429199,4.4938143746195625,10.384209632873535
2.878195285797119,4.4978422714131225,10.385598182678223
2.880784273147583,4.5067594347388615,10.368423461914062
2.835131883621216,4.508139425456258,10.330843925476074
2.7582807540893555,4.42736843225014,10.409780502319336
2.84706449508667,4.4804931816179305,10.35364055633545
2.827516555786133,4.464847909585972,10.354047775268555
2.8608810901641846,4.544973287731409,10.331581115722656
2.8139545917510986,4.4851252984122505,10.41077995300293
2.8427011966705322,4.512837999367289,10.397180557250977
2.875178337097168,4.550646526140294,10.433077812194824
2.8140676021575928,4.5095035533221175,10.350747108459473
2.794296979904175,4.468590094175721,10.435534477233887
2.7906062602996826,4.5142621196074675,10.480570793151855
2.818572521209717,4.517419532872737,10.400757789611816
2.8091037273406982,4.427342060354672,10.419515609741211
2.7883291244506836,4.493944305294592,10.478771209716797
2.8676280975341797,4.463172012208296,10.310311317443848
2.7589850425720215,4.441517164298732,10.440269470214844
2.8439431190490723,4.550605064956471,10.439207077026367
2.8275833129882812,4.457625800045207,10.357808113098145
2.8247876167297363,4.477961458132735,10.33608627319336
2.820180654525757,4.458569987843345,10.404622077941895
2.8353421688079834,4.460593052274946,10.314403533935547
2.888216257095337,4.480141524192212,10.422012329101562
2.782691240310669,4.4594332366250455,10.343586921691895
2.789918899536133,4.490652585934315,10.385807991027832
2.8485512733459473,4.499652625327664,10.45369815826416
2.807265043258667,4.475030266446994,10.493614196777344
2.817500591278076,4.482281599027504,10.270609855651855
2.820725679397583,4.5088407866922875,10.410892486572266
2.871839761734009,4.523730672663078,10.389927864074707
2.8349599838256836,4.457557562139949,10.344202041625977
2.7935829162597656,4.446587082630555,10.368551254272461
2.8214824199676514,4.46772103051522,10.438521385192871
2.7853217124938965,4.36046850159099,10.37028694152832
2.7797651290893555,4.439899466732251,10.362692832946777
2.838718891143799,4.548711760401992,10.382439613342285
2.7936413288116455,4.44821808314217,10.374279975891113
2.832000732421875,4.488544745503791,10.398845672607422
2.7674014568328857,4.427576144691557,10.28995132446289
2.8283851146698,4.500487069299977,10.463217735290527
2.78055477142334,4.453203052082764,10.36982250213623
2.849851131439209,4.510274480263303,10.338242530822754
2.777101516723633,4.54328738924648,10.361332893371582
2.833224296569824,4.454021744430065,10.347728729248047
2.858948230743408,4.538674834284134,10.331854820251465
2.8137600421905518,4.561655257163302,10.388827323913574
2.7835607528686523,4.424723607521237,10.371110916137695
2.8004846572875977,4.517733782962231,10.37266731262207
2.820296049118042,4.457254655592676,10.383238792419434
2.756406784057617,4.436396958040339,10.360483169555664
2.8351616859436035,4.51205339019985,10.417181015014648
2.7927982807159424,4.474583747730191,10.33814525604248
2.7968389987945557,4.484527957326334,10.351367950439453
2.8477132320404053,4.551855797979182,10.469083786010742
2.808806896209717,4.51302591608172,10.336277961730957
2.83840012550354,4.477807202210117,10.382137298583984
2.810972213745117,4.432136461205247,10.362462043762207
2.7476887702941895,4.449454592906737,10.38515567779541
2.796682357788086,4.4537649336271,10.368274688720703
2.8345866203308105,4.504213386780715,10.294761657714844
2.7956247329711914,4.489199426224722,10.282567977905273
2.7666940689086914,4.468733693805656,10.346854209899902
2.774975299835205,4.481547601654062,10.418214797973633
2.814786911010742,4.457601696286084,10.411067962646484
2.8699042797088623,4.5284129000335405,10.304079055786133
2.782252073287964,4.485052949383057,10.406457901000977
2.8059439659118652,4.571902546166841,10.356847763061523
2.8234498500823975,4.535260135075078,10.378636360168457
2.804342031478882,4.50284440383049,10.444067001342773
2.7743446826934814,4.475205978544961,10.43551254272461
2.782182216644287,4.509092975940023,10.461596488952637
2.802098035812378,4.5691615286216685,10.339884757995605
2.804328680038452,4.507189087370144,10.394145965576172
2.8322343826293945,4.480810330748293,10.3223295211792
2.7734389305114746,4.474118057139484,10.379936218261719
2.8150413036346436,4.451382781678278,10.430207252502441
2.771411657333374,4.4425434151198715,10.314546585083008
2.7908976078033447,4.509819150137316,10.42300796508789
2.7955162525177,4.498317496551732,10.402040481567383
2.7984862327575684,4.556656881102494,10.351861953735352
2.7807400226593018,4.491209490989734,10.40877628326416
2.761578321456909,4.470721607096493,10.380565643310547
2.8025712966918945,4.452053169087906,10.272913932800293
2.8617639541625977,4.536370168040906,10.347464561462402
2.809265375137329,4.528958743271817,10.324811935424805
2.7904107570648193,4.502213505362826,10.464424133300781
2.782834053039551,4.43705631000921,10.458131790161133
2.8148303031921387,4.488557249074801,10.38935661315918
2.768512010574341,4.52343517272467,10.349804878234863
2.8080501556396484,4.5482637704283535,10.404151916503906
2.822230815887451,4.5713851451541165,10.475666046142578
2.7719953060150146,4.454858312083941,10.381234169006348
2.762551784515381,4.463821709588435,10.407464027404785
2.8152530193328857,4.503108710682551,10.344724655151367
2.792005777359009,4.493787009601615,10.46534252166748
2.7847683429718018,4.498648812029777,10.396244049072266
2.7489888668060303,4.455800426957597,10.444713592529297
2.788700580596924,4.449760303366929,10.345565795898438
2.759970188140869,4.4589400792028755,10.394240379333496
2.7621123790740967,4.514695531788416,10.420674324035645
2.7978601455688477,4.4243113078243494,10.45457649230957
2.826223134994507,4.534670348212655,10.369621276855469
2.806274175643921,4.503052116704307,10.504801750183105
2.8086347579956055,4.522636827846457,10.348993301391602
2.752939224243164,4.541980238032661,10.378606796264648
2.86777663230896,4.556800548885284,10.414264678955078
2.803433895111084,4.498716850632003,10.368940353393555
2.8946962356567383,4.553101402906968,10.317573547363281
2.817302703857422,4.491598029920299,10.457715034484863
2.810363292694092,4.522067956692939,10.448862075805664
2.753472328186035,4.507390254609553,10.381172180175781
2.8497729301452637,4.519302281284971,10.32153034210205
2.768841028213501,4.499876144807785,10.425817489624023
2.809290885925293,4.555258633968021,10.350956916809082
2.801996946334839,4.4942567315883934,10.351053237915039
2.783315420150757,4.502287849284975,10.34801959991455
2.7868964672088623,4.524493045605985,10.37987232208252
2.7517898082733154,4.438899573204773,10.4281587600708
2.699506998062134,4.433377758100894,10.40018367767334
2.7917826175689697,4.509042272976201,10.363151550292969
2.790994167327881,4.47127625043504,10.46420669555664
2.783141613006592,4.496978443049427,10.40864372253418
2.844181776046753,4.5262614198893845,10.423157691955566
2.7927565574645996,4.460242731330385,10.429777145385742
2.731187343597412,4.485416623331339,10.44211196899414
2.8475120067596436,4.463076586735301,10.306459426879883
2.8078513145446777,4.541653939622587,10.384273529052734
2.810452938079834,4.523795883470614,10.310751914978027
2.7977917194366455,4.529090251773595,10.315718650817871
2.8138649463653564,4.5569186865884275,10.354766845703125
2.8086371421813965,4.527093372906425,10.375277519226074
2.767563819885254,4.509616765093857,10.310676574707031
2.7875425815582275,4.534848361176306,10.385869979858398
2.7856266498565674,4.508582954062149,10.352897644042969
2.818284511566162,4.555628332409209,10.389281272888184
2.7543928623199463,4.532820591004565,10.338730812072754
2.7914087772369385,4.466796761312122,10.452024459838867
2.827467203140259,4.541919639300821,10.370563507080078
2.7929906845092773,4.550383048664246,10.304828643798828
2.8102304935455322,4.5452520090620965,10.445022583007812
2.797863245010376,4.51212495621959,10.404279708862305
2.775726318359375,4.493903483995902,10.395687103271484
2.776184558868408,4.529597245921779,10.296323776245117
2.7810490131378174,4.521115511988422,10.382165908813477
2.796842575073242,4.526831170178151,10.30197525024414
2.798342227935791,4.54957629583909,10.362116813659668
2.8533120155334473,4.555192778785048,10.317991256713867
2.779536247253418,4.463234659583707,10.383543014526367
2.818596839904785,4.473783410819514,10.399921417236328
2.77156662940979,4.477349266443135,10.292036056518555
2.7847182750701904,4.530956548971257,10.295881271362305
2.810723066329956,4.49345825852028,10.386544227600098
2.782804250717163,4.550320956323828,10.37507438659668
2.8034873008728027,4.603630738698744,10.40122127532959
2.767563819885254,4.4819102531764665,10.348944664001465
2.768559694290161,4.4299322629813105,10.36106014251709
2.790231227874756,4.457967236870899,10.371297836303711
2.753657579421997,4.460925249615684,10.35843276977539
2.7890915870666504,4.496390497444996,10.375636100769043
2.7651054859161377,4.477610317524522,10.418360710144043
2.8116512298583984,4.572677558154932,10.256443977355957
2.8484466075897217,4.506992299076436,10.329608917236328
2.7960758209228516,4.566505392281605,10.373710632324219
2.831862688064575,4.553077747745972,10.468499183654785
2.7670464515686035,4.485764957565282,10.376483917236328
2.757831573486328,4.486190370550113,10.371036529541016
2.770448923110962,4.490836764619287,10.328956604003906
2.8458971977233887,4.581169745219605,10.385965347290039
2.7487893104553223,4.550121103612971,10.371051788330078
2.8550195693969727,4.628518562630884,10.399188995361328
2.7820565700531006,4.533653112494253,10.482187271118164
2.772186756134033,4.527575127680653,10.353118896484375
2.7728517055511475,4.522716086258048,10.411853790283203
2.7924327850341797,4.4526333466305275,10.444865226745605
2.8066112995147705,4.59352815553679,10.33092212677002
2.778904438018799,4.537959736572312,10.367147445678711
2.759874105453491,4.541478161001578,10.394732475280762
2.7594501972198486,4.539013014707183,10.45738697052002
2.7582688331604004,4.5159319248383065,10.367792129516602
2.817136526107788,4.5810316865265905,10.369585037231445
2.7605855464935303,4.462146470822128,10.422187805175781
2.7934839725494385,4.493128146477309,10.344718933105469
2.851569414138794,4.625803110222998,10.331676483154297
2.6966552734375,4.504630529787391,10.370356559753418
2.7957522869110107,4.543954031209328,10.34031867980957
2.720459461212158,4.464549900531503,10.399258613586426
2.7343461513519287,4.446110977092758,10.480206489562988
2.7545788288116455,4.504640560929796,10.310795783996582
2.832489013671875,4.582430990978278,10.46450424194336
2.755615472793579,4.524131491447665,10.385052680969238
2.8259100914001465,4.551771724895973,10.354303359985352
2.7934114933013916,4.490722530022531,10.413873672485352
2.802229642868042,4.525652145734057,10.28036117553711
2.7593417167663574,4.545996586792171,10.353693008422852
2.8093619346618652,4.521997139755904,10.282756805419922
2.8345816135406494,4.543646443003256,10.328103065490723
2.754828929901123,4.5717763079862515,10.374192237854004
2.8089959621429443,4.490762799246503,10.330760955810547
2.8081071376800537,4.479995888225468,10.474925994873047
2.788300037384033,4.464195935986936,10.407197952270508
2.746565103530884,4.490354611837704,10.376226425170898
2.7962210178375244,4.501498730919723,10.323802947998047
2.7702643871307373,4.506302479089104,10.40844440460205
2.7706594467163086,4.555933045123571,10.372251510620117
2.7417120933532715,4.537531136002923,10.356283187866211
2.817101240158081,4.55547148993771,10.428255081176758
2.7562100887298584,4.514305976917968,10.390316009521484
2.7530550956726074,4.5123604158870885,10.386629104614258
2.786745071411133,4.524546765090365,10.335222244262695
2.7438788414001465,4.542058431377102,10.350224494934082
2.7953603267669678,4.5133108304746985,10.410783767700195
2.806238889694214,4.563927303035078,10.384861946105957
2.7714667320251465,4.482933340261558,10.488592147827148
2.67488956451416,4.482945873601627,10.415380477905273
2.7788281440734863,4.5623308134797425,10.358264923095703
2.815559148788452,4.60015416697466,10.386798858642578
2.8241336345672607,4.567477850642588,10.371376037597656
2.8030858039855957,4.560188120497125,10.326218605041504
2.7198896408081055,4.480664798158354,10.381335258483887
2.7205543518066406,4.459559846170513,10.38818073272705
2.7772459983825684,4.5650297828085185,10.269988059997559
2.771794557571411,4.496370001862358,10.423123359680176
2.7801942825317383,4.548745442115303,10.329377174377441
2.8099606037139893,4.594304238113442,10.445611953735352
2.793757915496826,4.577148605969601,10.326248168945312
2.7323904037475586,4.501342862312283,10.394919395446777
2.751884937286377,4.463311056440164,10.438864707946777
2.7353689670562744,4.477736154271822,10.369077682495117
2.76792311668396,4.558668028929137,10.47071361541748
2.8085217475891113,4.572245810646564,10.403488159179688
2.7278738021850586,4.505513171299494,10.389912605285645
2.7775557041168213,4.5651367590762675,10.358068466186523
2.7532763481140137,4.589241939962709,10.415451049804688
2.7906906604766846,4.542810576236141,10.409448623657227
2.7889063358306885,4.537697716616094,10.438538551330566
2.730471611022949,4.537956933989855,10.40223503112793
2.730473279953003,4.542046968093408,10.417543411254883
2.7922921180725098,4.557556239256103,10.43458366394043
2.8103110790252686,4.560276951740629,10.458980560302734
2.7433712482452393,4.485900024284741,10.461080551147461
2.7552757263183594,4.512494274315292,10.431744575500488
2.7142586708068848,4.453431420427348,10.373252868652344
2.755446434020996,4.532520599629996,10.380983352661133
2.8007822036743164,4.509572599249493,10.344430923461914
2.7727153301239014,4.552600656037352,10.346875190734863
2.7305948734283447,4.486508904989543,10.29835319519043
2.719538688659668,4.452209875652834,10.379867553710938
2.78340482711792,4.519153054005334,10.371557235717773
2.735379695892334,4.5850144627371,10.431564331054688
2.76949143409729,4.490806979725936,10.346872329711914
2.761958599090576,4.565066708085526,10.376852035522461
2.7369847297668457,4.510060801736212,10.427593231201172
2.7145400047302246,4.562914327285918,10.384377479553223
2.793602466583252,4.532220149113398,10.340532302856445
2.8130602836608887,4.561606479542596,10.376821517944336
2.732715368270874,4.533829502861148,10.388935089111328
2.740293025970459,4.566916326526552,10.418993949890137
2.7856364250183105,4.552215135855867,10.354402542114258
2.7374346256256104,4.596141567254173,10.467216491699219
2.7969131469726562,4.544236822452928,10.40302848815918
2.7420315742492676,4.518378878644268,10.488521575927734
2.7606191635131836,4.54663279446374,10.328314781188965
2.7746222019195557,4.5247056075770935,10.397504806518555
2.742406129837036,4.545837829953857,10.453851699829102
2.7618513107299805,4.542384075533066,10.355684280395508
2.7709848880767822,4.529803932378335,10.44351577758789
2.78829026222229,4.527652812356661,10.391633987426758
2.7375059127807617,4.531445061887747,10.400627136230469
2.77626895904541,4.554355251303476,10.328380584716797
2.7267050743103027,4.595256925726842,10.322945594787598
2.7201473712921143,4.534474074142053,10.339767456054688
2.727076292037964,4.533776276778164,10.38632583618164
2.760023593902588,4.586497373213725,10.372455596923828
2.7335715293884277,4.5043617506245415,10.359198570251465
2.7496256828308105,4.449876314860635,10.415523529052734
2.7665040493011475,4.576620500767604,10.381343841552734
2.6773433685302734,4.539594172932474,10.348516464233398
2.767995834350586,4.560761201561295,10.31468391418457
2.7488033771514893,4.542031603998372,10.386335372924805
2.7612452507019043,4.55565657882419,10.29611873626709
2.7852425575256348,4.577247879933566,10.443477630615234
2.7986202239990234,4.48285277467221,10.334821701049805
2.799018383026123,4.586818022088014,10.389714241027832
2.729890823364258,4.516755077522248,10.338598251342773
2.7667109966278076,4.580253962061501,10.39361572265625
2.752135992050171,4.552822194394789,10.36201000213623
2.7407329082489014,4.564771216595545,10.411720275878906
2.781538724899292,4.524184115330822,10.302850723266602
2.691006660461426,4.5407817534703225,10.394311904907227
2.729600191116333,4.559562898107938,10.38500690460205
2.8018994331359863,4.589929917760726,10.337491035461426
2.790009021759033,4.554262215471161,10.456138610839844
2.802874803543091,4.539439739060721,10.393115043640137
2.7383387088775635,4.491242539470218,10.363189697265625
2.7570438385009766,4.535714903713337,10.409695625305176
2.776512861251831,4.515287978541372,10.388842582702637
2.7293272018432617,4.560331241959441,10.406211853027344
2.733628034591675,4.574267995277686,10.373531341552734
2.718919038772583,4.564604308256613,10.309678077697754
2.7215795516967773,4.552752417079838,10.36030387878418
2.7279722690582275,4.53626034851186,10.431994438171387
2.7517218589782715,4.564507859892079,10.385705947875977
2.8293297290802,4.590644813541855,10.366561889648438
2.760403871536255,4.582518186952387,10.328899383544922
2.731606960296631,4.487922372063622,10.474939346313477
2.749784469604492,4.559106570468949,10.499794006347656
2.7558107376098633,4.600386516922819,10.391575813293457
2.7557311058044434,4.5299294946183055,10.316381454467773
2.807288885116577,4.5972631638204415,10.374004364013672
2.7493345737457275,4.578291470584061,10.308547973632812
2.7269811630249023,4.54068252613901,10.408818244934082
2.766601085662842,4.615625105332582,10.405417442321777
2.729194402694702,4.531056533268254,10.361727714538574
2.740410566329956,4.548578949079715,10.43136978149414
2.7831509113311768,4.5940405839521965,10.3881254196167
2.7934329509735107,4.53204279050364,10.466338157653809
2.727172613143921,4.547992886276916,10.415642738342285
2.7186150550842285,4.549388762929343,10.42097282409668
2.795341968536377,4.611852478202699,10.366121292114258
2.762094497680664,4.579251400827031,10.369983673095703
2.7454662322998047,4.5235060791351955,10.327892303466797
2.7236883640289307,4.457298977599879,10.42494010925293
2.762603759765625,4.56418499377157,10.393403053283691
2.7787866592407227,4.554555111165558,10.401966094970703
2.813896656036377,4.605848056763144,10.41054916381836
2.7697184085845947,4.534037599473128,10.408437728881836
2.729698657989502,4.538973803498915,10.405582427978516
2.706575870513916,4.572274209366047,10.401147842407227
2.7228281497955322,4.553551696506995,10.35523796081543
2.737030506134033,4.480280148198029,10.360321044921875
2.7174456119537354,4.550283059444546,10.3064603805542
2.7423765659332275,4.518774036451109,10.327462196350098
2.791351079940796,4.6077746556007435,10.357677459716797
2.710801839828491,4.489625975722447,10.41691780090332
2.7510297298431396,4.573486309930948,10.477859497070312
2.7160584926605225,4.529396532801911,10.430818557739258
2.7396655082702637,4.5814604766866465,10.413148880004883
2.7176194190979004,4.546975731982717,10.416560173034668
2.731086492538452,4.570544364862144,10.40597915649414
2.7258412837982178,4.5039683403114665,10.353607177734375
2.703435182571411,4.4621028937732,10.405380249023438
2.7036314010620117,4.534833917261235,10.377081871032715
2.769890308380127,4.5965090102981785,10.375566482543945
2.7757043838500977,4.58589224267884,10.411348342895508
2.728667974472046,4.584578454494476,10.386795043945312
2.7573812007904053,4.61258505301417,10.341519355773926
2.7466676235198975,4.604560736200906,10.351666450500488
2.7368783950805664,4.592393403839586,10.443517684936523
2.7337663173675537,4.572420486415337,10.371480941772461
2.737659215927124,4.535688982278641,10.459295272827148
2.7717158794403076,4.613448435207829,10.396440505981445
2.6752443313598633,4.537803827685171,10.39685344696045
2.8018555641174316,4.631969981061826,10.31382942199707
2.75968337059021,4.616144087265379,10.347949981689453
2.7741281986236572,4.640574800249722,10.457526206970215
2.677830219268799,4.603117426125599,10.34642219543457
2.74722957611084,4.567337784882901,10.349193572998047
2.7419238090515137,4.531672366695212,10.484878540039062
2.700950860977173,4.5557274779171815,10.375164985656738
2.740999460220337,4.615238559532113,10.38343334197998
2.7481472492218018,4.490593492519111,10.395018577575684
2.756145477294922,4.57095604459755,10.422611236572266
2.7672860622406006,4.564437141575452,10.338031768798828
2.7435460090637207,4.5996745117008695,10.373038291931152
2.7743146419525146,4.66026938696658,10.340576171875
2.743108034133911,4.5444953063769,10.397781372070312
2.7342159748077393,4.575226201243433,10.31871223449707
2.723080635070801,4.560601923016033,10.367013931274414
2.719785690307617,4.552988077613659,10.479745864868164
2.6827476024627686,4.556783806033699,10.3331880569458
2.76342511177063,4.557322262220883,10.421491622924805
2.7580642700195312,4.6230299600200455,10.397924423217773
2.780078172683716,4.560382961229022,10.382990837097168
2.7226343154907227,4.534266180891011,10.383797645568848
2.728672981262207,4.54839904622973,10.403473854064941
2.6925716400146484,4.558718646710206,10.32086181640625
2.700247049331665,4.55116081696802,10.396991729736328
2.7724785804748535,4.578596259666873,10.34582233428955
2.726062297821045,4.516793765427012,10.361181259155273
2.728043794631958,4.576452881297363,10.427900314331055
2.7572789192199707,4.5833701960675945,10.352280616760254
2.688889265060425,4.584548660853345,10.363201141357422
2.709131956100464,4.603891778471215,10.428550720214844
2.775183916091919,4.5808564888180365,10.314142227172852
2.7389614582061768,4.524922775803133,10.36596965789795
2.720451593399048,4.560956594467695,10.284488677978516
2.7123429775238037,4.5799860290717325,10.360677719116211
2.7476720809936523,4.573149876768834,10.333423614501953
2.7496097087860107,4.541358884989417,10.358333587646484
2.6773159503936768,4.572598466217252,10.362018585205078
2.7663042545318604,4.588020667566784,10.353034019470215
2.7222819328308105,4.54941586780894,10.379608154296875
2.7455968856811523,4.5249138237975,10.391613006591797
2.7025229930877686,4.55547442054376,10.439352035522461
2.778996706008911,4.61070472168337,10.318880081176758
2.7730906009674072,4.627345827507919,10.304018020629883
2.7102677822113037,4.593970139610714,10.357280731201172
2.7736196517944336,4.703807146887162,10.386007308959961
2.698141098022461,4.502577770900514,10.31383228302002
2.659081220626831,4.56260032233383,10.356951713562012
2.678560733795166,4.544888396614365,10.425365447998047
2.7275264263153076,4.546080107434785,10.292165756225586
2.7492856979370117,4.545266667713544,10.311299324035645
2.703972339630127,4.557193037721196,10.355912208557129
2.719919204711914,4.603294044965879,10.452766418457031
2.7594754695892334,4.612177580561755,10.355319023132324
2.715082883834839,4.543198328032823,10.386833190917969
2.726454257965088,4.585364269358772,10.462080001831055
2.7207255363464355,4.627842992777004,10.344624519348145
2.7237327098846436,4.536000771614324,10.365675926208496
2.7492289543151855,4.59549077300887,10.310896873474121
2.727928400039673,4.580219698703981,10.423385620117188
2.738443374633789,4.594883556677295,10.417160034179688
2.7411890029907227,4.619356282188424,10.470744132995605
2.6871988773345947,4.568724399033401,10.311868667602539
2.6974408626556396,4.570002902864611,10.455575942993164
2.6761088371276855,4.584210196476697,10.284269332885742
2.7021002769470215,4.5859419498592615,10.473333358764648
2.7005834579467773,4.571688430716416,10.398273468017578
2.762514114379883,4.647692233656666,10.377799034118652
2.7642033100128174,4.604543381171035,10.357179641723633
2.7496933937072754,4.5711220899330725,10.289228439331055
2.7253098487854004,4.559773013461382,10.343788146972656
2.7745418548583984,4.570170643772664,10.35923957824707
2.6810100078582764,4.546510970153446,10.398761749267578
2.7823543548583984,4.617339927104434,10.35135269165039
2.777294874191284,4.626076943706721,10.314733505249023
2.760509729385376,4.548619685761098,10.3593111038208
2.7013020515441895,4.589847629124831,10.413152694702148
2.7143313884735107,4.533155885624832,10.40417194366455
2.7371132373809814,4.554916617626858,10.346614837646484
2.702399969100952,4.549926451307589,10.436622619628906
2.726022958755493,4.551289745606482,10.435041427612305
2.799067258834839,4.618707901897973,10.404791831970215
2.7420315742492676,4.580720755970106,10.339714050292969
2.7078170776367188,4.519213399251125,10.395662307739258
2.7193856239318848,4.6086600217303,10.40502643585205
2.681354522705078,4.523100235732273,10.320417404174805
2.7133545875549316,4.577006827807054,10.445028305053711
2.6788437366485596,4.554811990853132,10.409566879272461
2.735344171524048,4.587774321536666,10.38191032409668
2.678938865661621,4.5202110040866375,10.40264892578125
2.6695199012756348,4.5290030717650165,10.358593940734863
2.780484199523926,4.633460417489655,10.40751838684082
2.7210512161254883,4.519716164562851,10.358403205871582
2.716970443725586,4.609683919465169,10.363652229309082
2.6832196712493896,4.505190945962178,10.326061248779297
2.719381809234619,4.609806569027049,10.462384223937988
2.728837490081787,4.565854829303654,10.315888404846191
2.7075624465942383,4.601886439170422,10.428537368774414
2.682027578353882,4.563886919391475,10.325041770935059
2.7040951251983643,4.591360896326868,10.421887397766113
2.7000248432159424,4.5886689263861635,10.420564651489258
2.6621625423431396,4.578330053981127,10.315634727478027
2.7465364933013916,4.593347219351147,10.412339210510254
2.7178170680999756,4.572408410587482,10.398847579956055
2.6892857551574707,4.565970558274005,10.406115531921387
2.7060372829437256,4.562510491348804,10.326631546020508
2.6881136894226074,4.606584842682683,10.415909767150879
2.691072463989258,4.600450744819162,10.356914520263672
2.696911334991455,4.610456576138469,10.310220718383789
2.7210066318511963,4.5968760707681735,10.386558532714844
2.6709601879119873,4.551662632131151,10.38562297821045
2.696692943572998,4.562288645322301,10.40223217010498
2.7306013107299805,4.614791401994548,10.398506164550781
2.7300710678100586,4.5912495341285,10.425516128540039
2.7049245834350586,4.6179915179964155,10.436578750610352
2.714069366455078,4.605065123377634,10.402640342712402
2.683945894241333,4.614809756932247,10.359479904174805
2.7540183067321777,4.638194447915469,10.360791206359863
2.713542938232422,4.572596906384986,10.471500396728516
2.6786749362945557,4.635028142049642,10.39928913116455
2.6921143531799316,4.618403435318864,10.434713363647461
2.7249903678894043,4.595454517884978,10.35274887084961
2.764965772628784,4.606221849797294,10.405272483825684
2.737605094909668,4.573791800898367,10.334623336791992
2.7165427207946777,4.643663646852864,10.449511528015137
2.6768553256988525,4.560511451014983,10.456777572631836
2.7014691829681396,4.629488092381507,10.330272674560547
2.724579095840454,4.565956436796115,10.43439769744873
2.719658613204956,4.619714764445754,10.35972785949707
2.7371580600738525,4.613656553705889,10.452150344848633
2.7059166431427,4.668422710882234,10.318785667419434
2.710761308670044,4.630338286482063,10.391433715820312
2.661046266555786,4.618998437454658,10.38511848449707
2.7115607261657715,4.593621886568143,10.352402687072754
2.7304089069366455,4.621479754402701,10.367256164550781
2.7102699279785156,4.560511807146083,10.404376983642578
2.7292401790618896,4.572347804637892,10.389456748962402
2.68672251701355,4.5903915706356715,10.362183570861816
2.6837079524993896,4.559526160625475,10.3543119430542
2.6923882961273193,4.572669722372666,10.390031814575195
2.714674711227417,4.652774761730273,10.363670349121094
2.703983783721924,4.555935691709497,10.328448295593262
2.6999528408050537,4.599220380619434,10.449869155883789
2.641339063644409,4.5753342642315795,10.365731239318848
2.7092933654785156,4.635228281408282,10.424723625183105
2.700105667114258,4.599862097330124,10.439096450805664
2.7020208835601807,4.642398687611733,10.377989768981934
2.6630325317382812,4.563759751285293,10.359566688537598
2.6605920791625977,4.516999509518168,10.373104095458984
2.7065179347991943,4.557316165517218,10.364278793334961
2.713275194168091,4.6428543415718835,10.367555618286133
2.7387073040008545,4.670464646703165,10.365991592407227
2.7221827507019043,4.643593688229365,10.340129852294922
2.735403537750244,4.5654121606078535,10.406574249267578
2.6814208030700684,4.601428705866316,10.438678741455078
2.7091028690338135,4.58004174610999,10.40115737915039
2.6718597412109375,4.551562054415366,10.38633918762207
2.6723861694335938,4.579672727800373,10.332855224609375
2.718043804168701,4.580768591990428,10.379457473754883
2.7026865482330322,4.613707477692515,10.411016464233398
2.615016460418701,4.563855751849977,10.359624862670898
2.6972336769104004,4.5518601749957135,10.377248764038086
2.7373225688934326,4.626181080305417,10.381202697753906
2.7677743434906006,4.662320525019563,10.351073265075684
2.662616014480591,4.57069751344222,10.425077438354492
2.695312976837158,4.586043067076909,10.36902904510498
2.6478474140167236,4.59463386077966,10.39654541015625
2.674484968185425,4.591765048115381,10.462657928466797
2.697866439819336,4.6304175170870225,10.366559982299805
2.6756770610809326,4.565897459596662,10.442059516906738
2.6821095943450928,4.645984488838751,10.334582328796387
2.669867992401123,4.559240826837984,10.41090202331543
2.663607120513916,4.6147501669225415,10.375197410583496
2.670973777770996,4.601071954305683,10.33302116394043
2.7150912284851074,4.674983548066979,10.334911346435547
2.66549015045166,4.531765212105321,10.394026756286621
2.667701244354248,4.555488872142242,10.33213996887207
2.688166618347168,4.603670623785416,10.392367362976074
2.7078640460968018,4.57434137245374,10.362317085266113
2.644834518432617,4.612681109225377,10.318183898925781
2.6628575325012207,4.587839443269851,10.339679718017578
2.706592559814453,4.617670696029173,10.431486129760742
2.6767427921295166,4.570293426314103,10.288925170898438
2.7024319171905518,4.625503815544237,10.359732627868652
2.654071807861328,4.611459819965863,10.434656143188477
2.687366247177124,4.5965103819034985,10.383785247802734
2.7228691577911377,4.680377974075133,10.325122833251953
2.6818697452545166,4.619794875316853,10.417366027832031
2.6821792125701904,4.582978579714629,10.336958885192871
2.6717209815979004,4.615264928833183,10.374398231506348
2.6993935108184814,4.679008530486109,10.36624526977539
2.708820343017578,4.62761764141864,10.337736129760742
2.779003143310547,4.673378515855543,10.42984390258789
2.613821029663086,4.603691486608503,10.41236686706543
2.6706812381744385,4.546593772979187,10.360855102539062
2.620800495147705,4.550610608753881,10.40032958984375
2.626112222671509,4.552704896145899,10.449267387390137
2.6668918132781982,4.555340508996908,10.387567520141602
2.6969544887542725,4.624715260230004,10.398321151733398
2.665668249130249,4.597232206791107,10.374149322509766
2.6681158542633057,4.584769675009219,10.34911823272705
2.663623094558716,4.617172391486487,10.388496398925781
2.6677234172821045,4.59524753842769,10.387739181518555
2.621276378631592,4.529566540748679,10.398810386657715
2.5990378856658936,4.588235346034967,10.346651077270508
2.6568682193756104,4.603915728828205,10.419443130493164
2.666180372238159,4.593387471877836,10.464607238769531
2.6858527660369873,4.590442115640533,10.46374225616455
2.6653168201446533,4.65422434669121,10.281292915344238
2.6999316215515137,4.683372260902875,10.419937133789062
2.674880027770996,4.657891098276845,10.489938735961914
2.6720809936523438,4.6374823856167495,10.30562686920166
2.7146055698394775,4.573854736883992,10.35467529296875
2.7781014442443848,4.643164906517735,10.386470794677734
2.6874825954437256,4.673462717926928,10.363936424255371
2.7396585941314697,4.612880813756159,10.359237670898438
2.6739420890808105,4.569753339480875,10.387728691101074
2.691272258758545,4.720779852775324,10.393528938293457
2.67830228805542,4.654413506920849,10.33142375946045
2.640289783477783,4.571638417430222,10.320415496826172
2.644268751144409,4.5518788892243585,10.34854507446289
2.657564401626587,4.58494975234914,10.408682823181152
2.6739351749420166,4.559001960525556,10.45927619934082
2.6745216846466064,4.606755864241028,10.29519271850586
2.6555614471435547,4.600238813918882,10.436677932739258
2.6655566692352295,4.646673188245456,10.369678497314453
2.701265811920166,4.648964905013729,10.388998031616211
2.654766798019409,4.629035725158507,10.321820259094238
2.6817116737365723,4.656938465046031,10.322977066040039
2.7315428256988525,4.696427384291643,10.373552322387695
2.679778575897217,4.607459287292191,10.42125129699707
2.6843786239624023,4.592281942754718,10.361872673034668
2.6613640785217285,4.644071128718289,10.385065078735352
2.6390304565429688,4.660382987997894,10.379434585571289
2.670488119125366,4.635644936834329,10.443939208984375
2.6360154151916504,4.551034717321662,10.394495010375977
2.64695405960083,4.668881014322064,10.38424301147461
2.7007858753204346,4.661997109318951,10.316767692565918
2.6871893405914307,4.6205133720567195,10.414292335510254
2.650728225708008,4.638489345454478,10.457693099975586
2.6839139461517334,4.636098285105877,10.405954360961914
2.6832008361816406,4.614471058427755,10.408071517944336
2.7020351886749268,4.653834286977404,10.414283752441406
2.630115032196045,4.601794702799192,10.462182998657227
2.6261637210845947,4.621322767709249,10.358716011047363
2.6619369983673096,4.560801660575505,10.405959129333496
2.6364543437957764,4.532461953781811,10.475274085998535
2.71948504447937,4.686273204994255,10.379490852355957
2.687042713165283,4.623598360190434,10.410860061645508
2.639984369277954,4.633008548391185,10.447319030761719
2.6900200843811035,4.687088191243155,10.394536018371582
2.6845672130584717,4.6478545046411455,10.349645614624023
2.7338907718658447,4.670492166021307,10.397948265075684
2.6701250076293945,4.571575969224796,10.445674896240234
2.675452470779419,4.593670520299514,10.352256774902344
2.686903953552246,4.651504858862609,10.343664169311523
2.684452533721924,4.680794242037726,10.494959831237793
2.7302865982055664,4.696318888038928,10.416692733764648
2.675107002258301,4.5725488043390214,10.377847671508789
2.670734405517578,4.657672497177763,10.404571533203125
2.7200324535369873,4.6955484145187905,10.448088645935059
2.603673219680786,4.658290414372459,10.43123722076416
2.618363857269287,4.630875844042748,10.367255210876465
2.6660518646240234,4.617632064303117,10.351509094238281
2.7291226387023926,4.659590724822399,10.401846885681152
2.7082958221435547,4.6455181733638575,10.399564743041992
2.641448497772217,4.640744551051674,10.362934112548828
2.606506824493408,4.566990375186183,10.395119667053223
2.5996170043945312,4.5398746262903185,10.353622436523438
2.651890754699707,4.744471202238596,10.43631362915039
2.6671135425567627,4.659849613672122,10.393120765686035
2.6440727710723877,4.638298215444332,10.377445220947266
2.6976864337921143,4.642790674564562,10.392210960388184
2.7273266315460205,4.65309400224526,10.429523468017578
2.72568678855896,4.632210224933391,10.368864059448242
2.6669082641601562,4.649244738376833,10.407931327819824
2.7797162532806396,4.760751660314521,10.342068672180176
2.643249988555908,4.591280003178066,10.363048553466797
2.703474283218384,4.683710498435955,10.471989631652832
2.6453442573547363,4.590564284806273,10.353699684143066
2.6727380752563477,4.624856216699949,10.334856033325195
2.682405948638916,4.611051202651911,10.447227478027344
2.7008471488952637,4.6466984996638665,10.483880996704102
2.6438193321228027,4.620773843057187,10.383630752563477
2.6265127658843994,4.62114009866491,10.36010456085205
2.7125630378723145,4.694886529319254,10.423635482788086
2.6908719539642334,4.683192463990832,10.394607543945312
2.6676993370056152,4.597086218618123,10.442277908325195
2.651425361633301,4.640194379524993,10.369718551635742
2.67051100730896,4.688466000902865,10.413043022155762
2.6984713077545166,4.682277382052104,10.464845657348633
2.6866872310638428,4.619699769121196,10.422280311584473
2.6794822216033936,4.684520018287002,10.36766529083252
2.6501059532165527,4.655936307939036,10.400226593017578
2.667003870010376,4.660546075120303,10.400516510009766
2.622765302658081,4.638746120634356,10.395000457763672
2.714360475540161,4.761690999248198,10.378911972045898
2.6375670433044434,4.6863077195427785,10.300052642822266
2.658773183822632,4.667571388218285,10.389392852783203
2.6643989086151123,4.631031625238913,10.390686988830566
2.658785104751587,4.662766273931733,10.415443420410156
2.7194933891296387,4.694371717117195,10.371906280517578
2.6793975830078125,4.697603689606435,10.421815872192383
2.6352412700653076,4.670486305773791,10.441814422607422
2.6859471797943115,4.685599977849052,10.399490356445312
2.6742358207702637,4.724103213188106,10.447516441345215
2.6342597007751465,4.648314689419099,10.4298734664917
2.653973340988159,4.6530408519652795,10.334171295166016
2.6484241485595703,4.617601677143414,10.455648422241211
2.6747891902923584,4.65279675617681,10.398067474365234
2.652231454849243,4.6715091460584,10.345829963684082
2.667722225189209,4.635023485636339,10.381725311279297
2.666386365890503,4.602899115333067,10.415672302246094
2.617662191390991,4.639464756739992,10.346972465515137
2.6733767986297607,4.665412988580232,10.295550346374512
2.680360794067383,4.6994952102790455,10.343021392822266
2.687481164932251,4.674744804057159,10.342490196228027
2.660667657852173,4.6973475758651535,10.399789810180664
2.6426756381988525,4.578932388486074,10.42871379852295
2.6423299312591553,4.606314396651994,10.34997272491455
2.6642515659332275,4.611808906442353,10.381032943725586
2.6162869930267334,4.612082376577226,10.307263374328613
2.6456806659698486,4.641964695749006,10.355361938476562
2.6542277336120605,4.695437050989963,10.481196403503418
2.5955305099487305,4.587040276998388,10.32111644744873
2.6666910648345947,4.672374864408214,10.366451263427734
2.625236749649048,4.547135057094107,10.367532730102539
2.6810927391052246,4.663709518466411,10.384783744812012
2.6277575492858887,4.568811646463083,10.39681625366211
2.6445746421813965,4.601693626193862,10.408764839172363
2.659776449203491,4.679126223449463,10.469402313232422
2.6654319763183594,4.6572677293858895,10.323972702026367
2.63602876663208,4.59669705061242,10.409941673278809
2.6582164764404297,4.617953278756301,10.362214088439941
2.695519208908081,4.687083033844828,10.453473091125488
2.6146183013916016,4.611669756039712,10.401205062866211
2.585601806640625,4.648015941892352,10.37376594543457
2.6271562576293945,4.606352706772408,10.473133087158203
2.6431355476379395,4.649593560390973,10.478717803955078
2.6642370223999023,4.6714175090393315,10.406341552734375
2.6656482219696045,4.659021657825049,10.429725646972656
2.690110206604004,4.736023190431296,10.41566276550293
2.647416830062866,4.638504665311691,10.434852600097656
2.6359384059906006,4.6318044317886224,10.33829402923584
2.6591265201568604,4.6530046408463805,10.403671264648438
2.680424451828003,4.6912520041223615,10.419370651245117
2.6437911987304688,4.61274378134736,10.345871925354004
2.6580941677093506,4.648605171424736,10.377779006958008
2.645103931427002,4.709615241470081,10.499377250671387
2.6136908531188965,4.619918513577431,10.400333404541016
2.662320137023926,4.602342107798905,10.396708488464355
2.6320550441741943,4.646924851894645,10.372227668762207
2.628490686416626,4.616932411412044,10.373312950134277
2.6079330444335938,4.706794157491198,10.410179138183594
2.5893027782440186,4.596557449582698,10.448240280151367
2.6301732063293457,4.617985380946525,10.385496139526367
2.6867730617523193,4.709947530280001,10.344483375549316
2.6316866874694824,4.694988463772461,10.370550155639648
2.6407394409179688,4.6580925290472806,10.378107070922852
2.6547248363494873,4.654785579469587,10.40213394165039
2.628232717514038,4.655111350651298,10.320326805114746
2.685041904449463,4.6768716934270085,10.411229133605957
2.661688804626465,4.665560549158337,10.407318115234375
2.6208579540252686,4.631273894770337,10.412500381469727
2.6306653022766113,4.649940470732482,10.358884811401367
2.6643972396850586,4.67547202928524,10.471221923828125
2.6248936653137207,4.651902485106672,10.416511535644531
2.652081251144409,4.658870046326358,10.305455207824707
2.62748646736145,4.627625355796356,10.37175178527832
2.6450836658477783,4.715930289888222,10.418503761291504
2.634943962097168,4.7022163684346845,10.462236404418945
2.620790481567383,4.612309727185806,10.45921802520752
2.6749961376190186,4.664442552785788,10.412520408630371
2.6658406257629395,4.702355079685471,10.354965209960938
2.6593995094299316,4.602242124998677,10.290416717529297
2.6174635887145996,4.604821725382602,10.387889862060547
2.6387815475463867,4.667882992852745,10.311786651611328
2.6726386547088623,4.680848563455844,10.400849342346191
2.6515374183654785,4.732209065629702,10.34417724609375
2.6487159729003906,4.668524567470221,10.34007453918457
2.6678049564361572,4.68527470103332,10.410948753356934
2.6485588550567627,4.699137810384855,10.408793449401855
2.656250476837158,4.6560308277008255,10.390865325927734
2.674285411834717,4.708637933446361,10.298295974731445
2.672739267349243,4.698078367127372,10.450604438781738
2.681304454803467,4.672345154486331,10.356918334960938
2.650139331817627,4.723973953165114,10.409762382507324
2.6146974563598633,4.623076753990192,10.422684669494629
2.670107841491699,4.704918922390789,10.322973251342773
2.6410934925079346,4.671851954090276,10.44070053100586
2.632800817489624,4.581575569796509,10.419438362121582
2.6566717624664307,4.731847484163674,10.455378532409668
2.6298439502716064,4.645302770226928,10.358217239379883
2.623887062072754,4.680323982744345,10.443159103393555
2.6203463077545166,4.604105935698109,10.451118469238281
2.657630205154419,4.629238089579823,10.377461433410645
2.629509449005127,4.652426291689542,10.317083358764648
2.676983594894409,4.715257025456854,10.362013816833496
2.6448326110839844,4.637980571182977,10.354935646057129
2.6568164825439453,4.696269864416016,10.323019981384277
2.5938827991485596,4.674870387517981,10.359952926635742
2.655952215194702,4.587719331295895,10.432794570922852
2.60593843460083,4.609477973410061,10.336928367614746
2.628943681716919,4.683285581746271,10.361309051513672
2.6640143394470215,4.646884733744498,10.307107925415039
2.6305055618286133,4.609467232533332,10.425765037536621
2.6479411125183105,4.666402639022896,10.365711212158203
2.6455843448638916,4.622309621756098,10.310449600219727
2.6274571418762207,4.646995900830786,10.296930313110352
2.6839993000030518,4.642266005876341,10.326730728149414
2.639956474304199,4.663284033769742,10.296720504760742
2.6590235233306885,4.673115868088124,10.433286666870117
2.696572780609131,4.6911920388561805,10.395051956176758
2.650861978530884,4.67214089382573,10.296123504638672
2.5892438888549805,4.681933171149078,10.280116081237793
2.6003448963165283,4.647602338709736,10.318252563476562
2.625656843185425,4.649856958671339,10.421571731567383
2.629878520965576,4.655754099600017,10.430967330932617
2.6614599227905273,4.648383219925952,10.343480110168457
2.6385326385498047,4.7341107422086806,10.293973922729492
2.692103147506714,4.753571623636941,10.295886039733887
2.616978168487549,4.65943300734008,10.399656295776367
2.5711328983306885,4.588978570253987,10.392803192138672
2.6089112758636475,4.627309098141267,10.379608154296875
2.6205599308013916,4.597881298312652,10.418716430664062
2.5885543823242188,4.634175869935591,10.362171173095703
2.6318862438201904,4.655317921956469,10.34088134765625
2.6243364810943604,4.663331407122315,10.366423606872559
2.669924259185791,4.746938042076572,10.404129981994629
2.633171796798706,4.679214137573061,10.360401153564453
2.6530869007110596,4.675812515662983,10.397334098815918
2.617316246032715,4.714616913947143,10.408251762390137
2.6482999324798584,4.690009852937822,10.35575008392334
2.594719171524048,4.68941113908243,10.424026489257812
2.6775660514831543,4.656133990535246,10.374805450439453
2.635505437850952,4.624409684645278,10.414883613586426
2.6121504306793213,4.649477059054854,10.32120418548584
2.648817539215088,4.719434309052303,10.318235397338867
2.642768383026123,4.678480317616569,10.438159942626953
2.6700832843780518,4.79933609753581,10.378140449523926
2.607564926147461,4.640351524410238,10.380943298339844
2.600084066390991,4.630329958262986,10.441146850585938
2.651212453842163,4.732063145443265,10.313379287719727
2.614548921585083,4.658480355682384,10.361099243164062
2.664710521697998,4.667795413705919,10.413908004760742
2.6039884090423584,4.6602886059720605,10.499593734741211
2.666563034057617,4.693702961783856,10.444544792175293
2.637768030166626,4.7593600641869545,10.370136260986328
2.5679399967193604,4.622652971717929,10.371849060058594
2.650006055831909,4.745146595972723,10.44825553894043
2.6157352924346924,4.7083776305496166,10.361244201660156
2.627995252609253,4.630022682083238,10.422597885131836
2.662033796310425,4.685298569467184,10.340970039367676
2.6536953449249268,4.64289246250077,10.377992630004883
2.6425461769104004,4.715526230599997,10.332327842712402
2.659918785095215,4.669381189293095,10.362724304199219
2.6006243228912354,4.659768971481494,10.420140266418457
2.604454278945923,4.673886539780402,10.330975532531738
2.6194088459014893,4.67841590255765,10.338855743408203
2.6420557498931885,4.705841594275886,10.369987487792969
2.5656352043151855,4.590293372216236,10.35556411743164
2.6351540088653564,4.644765831929232,10.317916870117188
2.6170177459716797,4.662827313478504,10.380367279052734
2.633976459503174,4.624959448618548,10.401225090026855
2.592499017715454,4.690085653747831,10.388731956481934
2.6083717346191406,4.692203063551071,10.399852752685547
2.602720022201538,4.630768536257424,10.438270568847656
2.654590368270874,4.71504070852617,10.434505462646484
2.6245009899139404,4.692050182094265,10.367816925048828
2.614114284515381,4.725172614878309,10.328595161437988
2.6376547813415527,4.620470416399517,10.341187477111816
2.5925188064575195,4.55280313770553,10.360222816467285
2.6393215656280518,4.772876050921955,10.353601455688477
2.6720170974731445,4.709372983779758,10.443530082702637
2.575963258743286,4.662470537703484,10.462747573852539
2.6450793743133545,4.701333189815549,10.49575424194336
2.6335737705230713,4.692610984468566,10.442289352416992
2.5928001403808594,4.676487765807126,10.429662704467773
2.602404832839966,4.723558932143663,10.379735946655273
2.592759609222412,4.768183359843015,10.330076217651367
2.6493258476257324,4.691661379832243,10.352534294128418
2.626336097717285,4.660064975930645,10.351251602172852
2.621753692626953,4.663922878747274,10.31668472290039
2.6202211380004883,4.601202261268294,10.351822853088379
2.62746000289917,4.677020956828659,10.30097770690918
2.6272966861724854,4.731286071274163,10.343171119689941
2.589698314666748,4.641229634638876,10.415691375732422
2.6181581020355225,4.702506403438747,10.364036560058594
2.618504047393799,4.698020361363889,10.391164779663086
2.6001431941986084,4.688958334703265,10.3646821975708
2.596203565597534,4.661424908687229,10.367653846740723
2.6634271144866943,4.660560229859714,10.444129943847656
2.670093059539795,4.6800889011938125,10.362503051757812
2.6001603603363037,4.64524630613492,10.35888671875
2.610975742340088,4.723458299446585,10.37285041809082
2.566134214401245,4.671951572743378,10.367637634277344
2.6420342922210693,4.695722894576777,10.281611442565918
2.6297004222869873,4.6449110586129665,10.35269546508789
2.665187358856201,4.786738294941772,10.346907615661621
2.64662766456604,4.640218283116286,10.355379104614258
2.6422030925750732,4.689565801959751,10.380609512329102
2.6510214805603027,4.730080810175942,10.450311660766602
2.58772349357605,4.60189423650237,10.391401290893555
2.639077663421631,4.743703457127724,10.341673851013184
2.5802342891693115,4.6447867498666575,10.415000915527344
2.6231648921966553,4.712102043974612,10.354242324829102
2.634657144546509,4.746093220942255,10.390448570251465
2.606510877609253,4.646312686115769,10.388443946838379
2.5799059867858887,4.689848533099784,10.350028991699219
2.661663293838501,4.736501972956051,10.40487003326416
2.636542797088623,4.717431495132457,10.414255142211914
2.6146209239959717,4.616593667572098,10.401923179626465
2.5758137702941895,4.618460280953774,10.446951866149902
2.643796920776367,4.712113832755547,10.295387268066406
2.6478271484375,4.685874322196468,10.333060264587402
2.631091356277466,4.69976770897795,10.44838809967041
2.638253927230835,4.715077211315345,10.404598236083984
2.639021873474121,4.774165933951736,10.429655075073242
2.5923473834991455,4.671009613001453,10.368558883666992
2.6163170337677,4.71954528229045,10.415020942687988
2.5988576412200928,4.707963006404627,10.314024925231934
2.6006360054016113,4.661996779364667,10.34274673461914
2.628962993621826,4.659038606765014,10.332927703857422
2.6672327518463135,4.775255067273975,10.367505073547363
2.663691520690918,4.742071488938693,10.311925888061523
2.5946264266967773,4.6574695274965565,10.40553092956543
2.6178908348083496,4.725375313112245,10.348958969116211
2.6078202724456787,4.695641883549147,10.336519241333008
2.606693744659424,4.668892123669918,10.433971405029297
2.6045446395874023,4.6789882175424795,10.414310455322266
2.6122848987579346,4.684349633586993,10.428140640258789
2.607675552368164,4.695809509671692,10.420513153076172
2.626544237136841,4.708416668997544,10.364119529724121
2.6363728046417236,4.762795160324977,10.379322052001953
2.6426239013671875,4.678779903167326,10.426982879638672
2.6045167446136475,4.7428040831083695,10.405983924865723
2.604482412338257,4.651421134692749,10.341012954711914
2.5989842414855957,4.67249644986753,10.418172836303711
2.5945563316345215,4.703540738638757,10.357641220092773
2.6673684120178223,4.725837382055554,10.416701316833496
2.594891309738159,4.666387288365513,10.34688949584961
2.630188465118408,4.719706292929395,10.366025924682617
2.65089750289917,4.737166041275486,10.383946418762207
2.625898599624634,4.6617566627516815,10.371589660644531
2.5726583003997803,4.671385115145573,10.374749183654785
2.6514182090759277,4.661287177054743,10.3438138961792
2.6648573875427246,4.725738246625822,10.43829345703125
2.654379367828369,4.714107047866231,10.411093711853027
2.596923828125,4.695486129261553,10.365984916687012
2.5925421714782715,4.678018824696275,10.373847961425781
2.5854601860046387,4.676423130656726,10.415960311889648
2.6214582920074463,4.681206751049363,10.401206970214844
2.6160364151000977,4.70806665598814,10.378013610839844
2.592700242996216,4.736090375542907,10.380952835083008
2.6619293689727783,4.711150075674855,10.34465217590332
2.6308813095092773,4.651735924250846,10.396391868591309
2.6366543769836426,4.750201460040573,10.349527359008789
2.646336555480957,4.706541052853156,10.52043342590332
2.57773756980896,4.6906398608282736,10.447816848754883
2.5970091819763184,4.665588851885072,10.299398422241211
2.569369316101074,4.653615220915525,10.439428329467773
2.6226534843444824,4.730505109997466,10.381940841674805
2.596355438232422,4.658250310025843,10.363200187683105
2.6263973712921143,4.768095082403827,10.328378677368164
2.626694917678833,4.695204194535369,10.324217796325684
2.6429033279418945,4.71593603049405,10.404008865356445
2.677921772003174,4.768735823919997,10.40963363647461
2.6127219200134277,4.722866128232064,10.408221244812012
2.6306943893432617,4.689365141492869,10.347249031066895
2.5923359394073486,4.628927730589306,10.382017135620117
2.6578457355499268,4.708454669453203,10.36233139038086
2.5861306190490723,4.602350638148241,10.402234077453613
2.6325998306274414,4.747795642486641,10.406698226928711
2.5883209705352783,4.651678278110921,10.285818099975586
2.5902507305145264,4.692867595136965,10.408157348632812
2.6565871238708496,4.676102329278365,10.445256233215332
2.622828483581543,4.764294337747353,10.369812965393066
2.6021814346313477,4.715162819384464,10.421278953552246
2.6361114978790283,4.671441836216087,10.400943756103516
2.6015658378601074,4.668991371822942,10.309670448303223
2.6516518592834473,4.759677807301549,10.37774658203125
2.6142354011535645,4.75540200627542,10.352983474731445
2.6118850708007812,4.666699122936864,10.391487121582031
2.6257622241973877,4.7168924250041275,10.418984413146973
2.613006114959717,4.742365308471823,10.399866104125977
2.5833187103271484,4.675289205907445,10.441143035888672
2.58902645111084,4.669229870562309,10.307748794555664
2.5503644943237305,4.6785493040058235,10.35122013092041
2.627197027206421,4.7202058268511395,10.426907539367676
2.5894434452056885,4.746562590988885,10.371509552001953
2.603464365005493,4.685874058898272,10.365028381347656
2.606393337249756,4.7346144751645625,10.294825553894043
2.610774278640747,4.727390626877812,10.287374496459961
2.5999374389648438,4.714525366734181,10.379789352416992
2.6079039573669434,4.7053920934642,10.348835945129395
2.6282835006713867,4.730951367611332,10.420188903808594
2.6200385093688965,4.702996745007113,10.489843368530273
2.6334221363067627,4.680952305938782,10.371475219726562
2.6160764694213867,4.708518565033695,10.404644012451172
2.6195390224456787,4.788457568468792,10.56893539428711
2.602008581161499,4.7352376382332295,10.227493286132812
2.578953504562378,4.70173890452965,10.38451099395752
2.639706611633301,4.7994315703732084,10.431365966796875
2.6153078079223633,4.743609724266987,10.460617065429688
2.566330909729004,4.626830920510526,10.363312721252441
2.608027935028076,4.689340381450685,10.345312118530273
2.621098518371582,4.713059605365353,10.363641738891602
2.6254122257232666,4.628335407303114,10.399446487426758
2.6469264030456543,4.7030044904510895,10.361688613891602
2.5994632244110107,4.685777318663896,10.3963041305542
2.630723237991333,4.758309658949397,10.405250549316406
2.5827231407165527,4.675206747039088,10.325841903686523
2.5964128971099854,4.651796064838502,10.420208930969238
2.5753586292266846,4.671642492791371,10.417102813720703
2.612210512161255,4.748738686055211,10.412672996520996
2.636072874069214,4.765913283019992,10.35647964477539
2.609724283218384,4.737620452285877,10.407875061035156
2.600306987762451,4.7055833226269375,10.465271949768066
2.6114306449890137,4.726434230139214,10.396465301513672
2.5790786743164062,4.743435157928615,10.382914543151855
2.605834722518921,4.697334709211385,10.389997482299805
2.6280229091644287,4.7044085008092225,10.388612747192383
2.6173834800720215,4.734383575518483,10.419027328491211
2.5746376514434814,4.642903342610225,10.347240447998047
2.5822248458862305,4.707111115833478,10.46428108215332
2.6290903091430664,4.6808399765286595,10.36215877532959
2.566269636154175,4.751234095610146,10.410043716430664
2.5681631565093994,4.6744182593455275,10.341418266296387
2.647881031036377,4.730920399838527,10.273537635803223
2.5954666137695312,4.680575765236947,10.412964820861816
2.571359395980835,4.684894759207965,10.407082557678223
2.594688653945923,4.74641402571329,10.353353500366211
2.609771728515625,4.749823948634523,10.416799545288086
2.6525676250457764,4.824535444412114,10.416423797607422
2.6947054862976074,4.780426133656874,10.388107299804688
2.580111265182495,4.687230072749247,10.406686782836914
2.6129493713378906,4.706650429072656,10.351238250732422
2.620500326156616,4.681905586804663,10.371147155761719
2.6220486164093018,4.783087749433305,10.424201965332031
2.632467746734619,4.710491412884689,10.296677589416504
2.6127896308898926,4.734377986884543,10.409056663513184
2.653738260269165,4.784479455456935,10.371796607971191
2.6030375957489014,4.672588349985225,10.366453170776367
2.591535806655884,4.6928329565229685,10.449116706848145
2.592210531234741,4.664801599657429,10.381649017333984
2.608334541320801,4.686981341901369,10.434267044067383
2.649731159210205,4.7565660320355425,10.323139190673828
2.591952085494995,4.758686933699729,10.428104400634766
2.5523252487182617,4.701380799358177,10.362414360046387
2.5977728366851807,4.729873400647193,10.401090621948242
2.5974020957946777,4.692943366277697,10.375060081481934
2.5924484729766846,4.745999052255813,10.409515380859375
2.6229171752929688,4.695454705473303,10.374246597290039
2.596081256866455,4.724909529123189,10.355550765991211
2.519176959991455,4.701226431543805,10.352762222290039
2.606724739074707,4.71922421032962,10.390229225158691
2.6778202056884766,4.826803457191479,10.334633827209473
2.558349609375,4.663535893695163,10.293831825256348
2.633955955505371,4.671593046747148,10.42051887512207
2.577634572982788,4.706691092212818,10.362351417541504
2.5987627506256104,4.722460934293589,10.370065689086914
2.6189496517181396,4.760008848239003,10.409341812133789
2.5949699878692627,4.801766671007499,10.372562408447266
2.642516613006592,4.7442199921102395,10.329109191894531
2.6369898319244385,4.76796840244372,10.457601547241211
2.592331886291504,4.713663368885006,10.481367111206055
2.5821568965911865,4.714043970319576,10.401412963867188
2.6105620861053467,4.7402349013635625,10.380322456359863
2.5291030406951904,4.658178402875949,10.406652450561523
2.5819246768951416,4.734491299505212,10.338428497314453
2.570425033569336,4.728684635234199,10.350567817687988
2.643867015838623,4.7406813777717085,10.371341705322266
2.6031858921051025,4.7022278816771825,10.399446487426758
2.6174492835998535,4.75254396246081,10.358506202697754
2.635955333709717,4.760936432617849,10.334955215454102
2.5739264488220215,4.701532289585365,10.320389747619629
2.5879900455474854,4.705045179131307,10.416177749633789
2.6085596084594727,4.788959558055336,10.356485366821289
2.6119706630706787,4.814491471674825,10.372554779052734
2.6378493309020996,4.775228336553223,10.419572830200195
2.611088275909424,4.755533768363032,10.330684661865234
2.5757458209991455,4.733400059165433,10.419967651367188
2.5993542671203613,4.703676005459523,10.330761909484863
2.61610746383667,4.737399032372716,10.361786842346191
2.602836847305298,4.761080843695839,10.370306015014648
2.594454288482666,4.764590304910339,10.413728713989258
2.5842819213867188,4.681400527445865,10.3394193649292
2.5622596740722656,4.667937566792326,10.492288589477539
2.627285957336426,4.724946458491364,10.338788986206055
2.58872652053833,4.78418705875187,10.396427154541016
2.5520975589752197,4.668566297573436,10.319911003112793
2.6140873432159424,4.73623800453996,10.4027099609375
2.595662832260132,4.723256139716666,10.341822624206543
2.5672008991241455,4.736711824678683,10.39175796508789
2.562537431716919,4.634578378671514,10.522530555725098
2.5825178623199463,4.686784354105059,10.335652351379395
2.6184816360473633,4.75277536828071,10.357528686523438
2.5791070461273193,4.727531661379284,10.375465393066406
2.6230380535125732,4.732162704092583,10.452040672302246
2.5889923572540283,4.654796315656443,10.372659683227539
2.593468427658081,4.689554384177816,10.456230163574219
2.5768744945526123,4.756340128003752,10.309823036193848
2.5583157539367676,4.7096209586265365,10.409144401550293
2.6158447265625,4.774275190329978,10.41600513458252
2.570432424545288,4.693892263840619,10.439508438110352
2.6122403144836426,4.754556984873488,10.38254451751709
2.6309187412261963,4.720841596335438,10.297554016113281
2.617973804473877,4.753570355973872,10.33381175994873
2.498286247253418,4.704053381624233,10.399458885192871
2.5875017642974854,4.738587356671425,10.297683715820312
2.561889171600342,4.692560217276748,10.31831169128418
2.5421597957611084,4.769243299528691,10.29037094116211
2.5428595542907715,4.669273757907961,10.393806457519531
2.6357181072235107,4.831504064212952,10.408246994018555
2.6006789207458496,4.748430648519259,10.360234260559082
2.6178884506225586,4.79263694657545,10.421248435974121
2.5599896907806396,4.74397204763123,10.289499282836914
2.5272085666656494,4.68432472875741,10.320598602294922
2.6206088066101074,4.841338077160928,10.398268699645996
2.601144313812256,4.792105211011533,10.457667350769043
2.617647886276245,4.742103738909853,10.36219596862793
2.574152708053589,4.720220666944182,10.377891540527344
2.528688430786133,4.722847481989968,10.329758644104004
2.5360069274902344,4.74217007322503,10.420085906982422
2.586747407913208,4.7308110553837786,10.409573554992676
2.605402946472168,4.7873398366583775,10.387068748474121
2.6157186031341553,4.780800915123629,10.262052536010742
2.59171462059021,4.783861276593857,10.337047576904297
2.5707881450653076,4.786366549353781,10.331457138061523
2.575174570083618,4.699513700225258,10.417940139770508
2.5667896270751953,4.748629820333528,10.421280860900879
2.613191604614258,4.775789043932621,10.322669982910156
2.567564010620117,4.671414729673415,10.348787307739258
2.543808937072754,4.6916861145956705,10.394468307495117
2.5533342361450195,4.742255203558931,10.368560791015625
2.5629701614379883,4.752985788442726,10.388927459716797
2.56575608253479,4.739197398103508,10.438668251037598
2.5696427822113037,4.793685809077162,10.359590530395508
2.5307815074920654,4.646882039361767,10.408368110656738
2.5956244468688965,4.731484094002683,10.409421920776367
2.5832793712615967,4.754834241167243,10.365549087524414
2.5738682746887207,4.800791345669754,10.349154472351074
2.554973602294922,4.715915022185072,10.35965633392334
2.644974708557129,4.777694302444745,10.38652229309082
2.554426908493042,4.66674317792058,10.44117546081543
2.581024408340454,4.724949629611469,10.383869171142578
2.547934055328369,4.663902065251023,10.454330444335938
2.530932903289795,4.725272217565881,10.40831184387207
2.647087335586548,4.81867564692428,10.349997520446777
2.602952718734741,4.786466625851712,10.333040237426758
2.5907936096191406,4.825571322747106,10.36068344116211
2.5609710216522217,4.7648472576069505,10.347210884094238
2.5995395183563232,4.735984551321182,10.406614303588867
2.609189748764038,4.754388254302155,10.386313438415527
2.5295817852020264,4.7067436338734945,10.353668212890625
2.547370433807373,4.735933661993061,10.338865280151367
2.5962138175964355,4.7842364188150635,10.36870002746582
2.563023805618286,4.732050490099937,10.3759765625
2.5866501331329346,4.779794962478003,10.34538745880127
2.5214295387268066,4.7735419891708135,10.377800941467285
2.560303211212158,4.750268589472398,10.397064208984375
2.539376735687256,4.731232946405985,10.366809844970703
2.5918397903442383,4.746324958545821,10.337467193603516
2.567171573638916,4.728260655787641,10.4808931350708
2.523695945739746,4.689669925553192,10.296629905700684
2.5667786598205566,4.7329558808289995,10.389284133911133
2.583815097808838,4.75404912043762,10.389856338500977
2.5392889976501465,4.719990847599028,10.387809753417969
2.58481764793396,4.738635770776974,10.351982116699219
2.5741007328033447,4.734775052671985,10.416366577148438
2.6135668754577637,4.771270769382161,10.359615325927734
2.5482654571533203,4.703842169405626,10.441307067871094
2.551934003829956,4.75183566004437,10.408641815185547
2.598639965057373,4.786998036483834,10.286783218383789
2.5789599418640137,4.830334344878792,10.432927131652832
2.5460352897644043,4.722665486225326,10.382617950439453
2.62495493888855,4.787333574345602,10.428786277770996
2.5915725231170654,4.727498887339608,10.286507606506348
2.6054062843322754,4.814014730575893,10.435370445251465
2.5739428997039795,4.7379102593820015,10.390732765197754
2.560337543487549,4.795129336117368,10.409585952758789
2.514950752258301,4.769528651776324,10.454763412475586
2.5433778762817383,4.705760680571464,10.422179222106934
2.5891849994659424,4.726837493146637,10.388051986694336
2.589040517807007,4.800263748537482,10.388315200805664
2.5692355632781982,4.779221180859687,10.315698623657227
2.5654287338256836,4.771890855959749,10.409478187561035
2.524136781692505,4.705436932222386,10.369093894958496
2.509620189666748,4.6589259032625705,10.371108055114746
2.5169713497161865,4.720718976442835,10.422232627868652
2.541433572769165,4.7738329343431225,10.34611701965332
2.5785577297210693,4.770339847509084,10.393946647644043
2.5769972801208496,4.705034319810303,10.399694442749023
2.5845088958740234,4.784883877328996,10.34619140625
2.5468590259552,4.713595690238955,10.436354637145996
2.573464870452881,4.78689321017425,10.42362117767334
2.5425853729248047,4.7363822116250445,10.356735229492188
2.542012929916382,4.703141775946798,10.3053560256958
2.5827810764312744,4.720858513743483,10.357583999633789
2.527824878692627,4.768419965902078,10.405254364013672
2.5917437076568604,4.7206551197117985,10.347549438476562
2.5340654850006104,4.800282695363941,10.34033203125
2.5758562088012695,4.708989138714969,10.428502082824707
2.591041326522827,4.828189794539607,10.33363151550293
2.5432605743408203,4.74171574447038,10.337865829467773
2.6361734867095947,4.832963054567309,10.308150291442871
2.5080621242523193,4.679606276830393,10.324111938476562
2.5925846099853516,4.899198222173644,10.402791976928711
2.5379440784454346,4.6809795370458485,10.37289047241211
2.613297700881958,4.812868745531888,10.41710090637207
2.5477778911590576,4.71278206954178,10.366877555847168
2.5635018348693848,4.8315815626244465,10.316561698913574
2.550814628601074,4.752550798168938,10.420064926147461
2.604763984680176,4.835658969490655,10.407272338867188
2.6025550365448,4.800246713816056,10.463163375854492
2.574021100997925,4.808574103417674,10.376493453979492
2.5051164627075195,4.641618431712101,10.323158264160156
2.5342490673065186,4.735197090377499,10.433452606201172
2.536161422729492,4.675183873723394,10.36368179321289
2.56984543800354,4.74979056198416,10.280000686645508
2.545030355453491,4.796716223903267,10.322672843933105
2.513537645339966,4.768135280680975,10.398847579956055
2.523865222930908,4.719226500085954,10.3724365234375
2.564490795135498,4.748031590599568,10.368057250976562
2.5554182529449463,4.704465379805438,10.432101249694824
2.592343807220459,4.797945008779477,10.338736534118652
2.590412139892578,4.778694058103221,10.43448257446289
2.5539965629577637,4.758190031130133,10.343769073486328
2.5924692153930664,4.786287285221209,10.324013710021973
2.5224828720092773,4.703879980071049,10.334806442260742
2.5219709873199463,4.690040484802531,10.431233406066895
2.531235456466675,4.738353832824422,10.295173645019531
2.494346857070923,4.749107966565394,10.36598014831543
2.55729079246521,4.874414571061996,10.31978702545166
2.502981185913086,4.788150945179431,10.302900314331055
2.5481131076812744,4.818703253820006,10.37742805480957
2.5344126224517822,4.789119173905679,10.264959335327148
2.526644229888916,4.737069835587006,10.452970504760742
2.5992863178253174,4.870296468825213,10.393858909606934
2.534982204437256,4.713185429140659,10.346643447875977
2.560084819793701,4.795861668884753,10.362008094787598
2.55014967918396,4.716098568003092,10.420114517211914
2.5558505058288574,4.779043855079051,10.457540512084961
2.578850269317627,4.807797116726371,10.396554946899414
2.5011603832244873,4.768973591038956,10.360532760620117
2.4948837757110596,4.735508551854374,10.390366554260254
2.563281536102295,4.780696629812675,10.338447570800781
2.53556227684021,4.776816853821012,10.386068344116211
2.515995502471924,4.717392424387591,10.438100814819336
2.5671844482421875,4.761388820196902,10.369390487670898
2.595114231109619,4.80194654970962,10.361686706542969
2.5878498554229736,4.7844035733890315,10.333236694335938
2.565504312515259,4.8073543247633745,10.354207038879395
2.591190814971924,4.79075620639404,10.289054870605469
2.5546412467956543,4.801279168110341,10.39072322845459
2.546720027923584,4.766439839232978,10.445114135742188
2.5411741733551025,4.770012084195124,10.338842391967773
2.5307435989379883,4.730046367372519,10.328313827514648
2.599543333053589,4.820156378372173,10.438411712646484
2.5044727325439453,4.720156341125923,10.404589653015137
2.5527782440185547,4.78382275902134,10.36526870727539
2.568074941635132,4.749298821003841,10.342147827148438
2.534182548522949,4.790312152488956,10.363517761230469
2.5468153953552246,4.827550649243806,10.370218276977539
2.595698356628418,4.7684646867149105,10.356748580932617
2.5726840496063232,4.750467456212001,10.344171524047852
2.55708646774292,4.815123196558228,10.41258430480957
2.5873122215270996,4.8145144191304485,10.363516807556152
2.5200676918029785,4.80723909444974,10.384637832641602
2.60402774810791,4.786178385273421,10.277481079101562
2.5652856826782227,4.776387534204072,10.379480361938477
2.5574352741241455,4.71815927649316,10.465920448303223
2.5288472175598145,4.758272252145356,10.431497573852539
2.5727765560150146,4.7384643188810776,10.271259307861328
2.493683338165283,4.694569189766688,10.320470809936523
2.59566330909729,4.850149037249919,10.336862564086914
2.573406457901001,4.765850129304455,10.385787010192871
2.556581497192383,4.7914437751086165,10.459748268127441
2.559718608856201,4.7736199503498415,10.294635772705078
2.507101535797119,4.718336185573468,10.350313186645508
2.559908628463745,4.765289607590862,10.448938369750977
2.5384058952331543,4.7046809124959905,10.4026517868042
2.495983362197876,4.736628569396479,10.345325469970703
2.568549394607544,4.836887606319839,10.443225860595703
2.5711915493011475,4.8023562121005465,10.376297950744629
2.6014151573181152,4.768344300133842,10.407119750976562
2.5057411193847656,4.714281448163092,10.287652015686035
2.586592197418213,4.840797174023463,10.353853225708008
2.528576612472534,4.825108367484063,10.4327974319458
2.5586190223693848,4.804546222855736,10.463614463806152
2.514122486114502,4.724881459592974,10.411303520202637
2.577545642852783,4.8805660319381525,10.343939781188965
2.5319817066192627,4.7469941895854255,10.367502212524414
2.4883763790130615,4.792292109125161,10.375904083251953
2.5267772674560547,4.806453345443256,10.416386604309082
2.566993236541748,4.814342747409163,10.365387916564941
2.470491886138916,4.78647110671071,10.453344345092773
2.548260450363159,4.756248848412984,10.326906204223633
2.5007808208465576,4.7691399204943865,10.450946807861328
2.550032138824463,4.762056776655039,10.349937438964844
2.5455658435821533,4.792575769691862,10.41646671295166
2.5452499389648438,4.749393660741458,10.388297080993652
2.5595760345458984,4.782379057624245,10.381285667419434
2.5342278480529785,4.749304549003552,10.403806686401367
2.545280694961548,4.772935353119725,10.380972862243652
2.5680551528930664,4.81308724930776,10.475774765014648
2.589651346206665,4.848189784978915,10.33333683013916
2.5555455684661865,4.782053852520351,10.378142356872559
2.5540177822113037,4.773938053054735,10.432577133178711
2.551558017730713,4.812514250033668,10.443853378295898
2.531097650527954,4.687219662791383,10.386792182922363
2.5403952598571777,4.766372463998518,10.440351486206055
2.4990742206573486,4.722301983573873,10.463053703308105
2.585221767425537,4.822996811542128,10.323216438293457
2.5631282329559326,4.845772364143548,10.328804969787598
2.5287070274353027,4.714855925213279,10.35158634185791
2.5612614154815674,4.776620790295835,10.356740951538086
2.5867815017700195,4.838412676039817,10.368444442749023
2.5496280193328857,4.807932347391866,10.365877151489258
2.541283130645752,4.790915406442114,10.399645805358887
2.532893180847168,4.783703008633373,10.425185203552246
2.5129384994506836,4.742116597248242,10.364952087402344
2.5048649311065674,4.76554157352075,10.356029510498047
2.503836154937744,4.794030381466395,10.435708999633789
2.6373062133789062,4.857016418228991,10.380208969116211
2.5384395122528076,4.736239290430343,10.410158157348633
2.545836925506592,4.784829521718036,10.338637351989746
2.5586578845977783,4.791040708676779,10.405736923217773
2.575673818588257,4.810443072413493,10.426241874694824
2.5054616928100586,4.684185151376629,10.321503639221191
2.505513906478882,4.756054416531697,10.315103530883789
2.5156569480895996,4.740450162074662,10.373863220214844
2.526988983154297,4.760213393252343,10.391807556152344
2.5290467739105225,4.809790475393778,10.283904075622559
2.5403006076812744,4.7128659293521205,10.36293888092041
2.5461807250976562,4.7990966434257905,10.362909317016602
2.57114315032959,4.815693305605756,10.367316246032715
2.5316646099090576,4.760686729402681,10.398453712463379
2.532930374145508,4.735622144769877,10.409906387329102
2.498904228210449,4.729531218164733,10.48335075378418
2.5273849964141846,4.790110576432198,10.429450988769531
2.536860227584839,4.78170522322346,10.31982707977295
2.547619581222534,4.749963339418173,10.44972038269043
2.5363025665283203,4.80316643403577,10.278685569763184
2.5669503211975098,4.800785979322557,10.428997039794922
2.5772998332977295,4.791130440808566,10.351960182189941
2.5093441009521484,4.7275005961502234,10.461320877075195
2.559720039367676,4.851999288624419,10.364523887634277
2.533968210220337,4.781585953930127,10.424715995788574
2.533937454223633,4.782200454634481,10.327156066894531
2.4758975505828857,4.753360126167536,10.388642311096191
2.5343146324157715,4.816981520869636,10.411083221435547
2.51485538482666,4.764829954531576,10.353819847106934
2.535871744155884,4.848278106955278,10.358122825622559
2.564998149871826,4.8267743156757215,10.452994346618652
2.5557196140289307,4.803869226248935,10.369524955749512
2.5268137454986572,4.811093108928097,10.449190139770508
2.485959529876709,4.726977766790826,10.374604225158691
2.549433708190918,4.8232427328891525,10.410537719726562
2.5606815814971924,4.7588200070895255,10.39653491973877
2.554029941558838,4.770794199713106,10.428935050964355
2.554724931716919,4.757790350421731,10.372121810913086
2.5182676315307617,4.754643959192825,10.418388366699219
2.5098464488983154,4.744760369981773,10.391502380371094
2.594358205795288,4.808441199096187,10.359111785888672
2.5509965419769287,4.770159906275304,10.328691482543945
2.50952410697937,4.742447254879933,10.415722846984863
2.558809995651245,4.840951302055535,10.427973747253418
2.5707902908325195,4.835827560430127,10.387735366821289
2.5759437084198,4.857752663282944,10.340686798095703
2.5320725440979004,4.808151067700237,10.327828407287598
2.525000810623169,4.7613138975575575,10.365949630737305
2.5345816612243652,4.805468155337231,10.3632230758667
2.537959337234497,4.807541996174092,10.4039945602417
2.578352451324463,4.854799137151401,10.372420310974121
2.5515856742858887,4.839541754884912,10.357316970825195
2.533989906311035,4.784032539863672,10.413888931274414
2.5532405376434326,4.7624616965518465,10.388997077941895
2.564112901687622,4.783570791228807,10.28847885131836
2.5810062885284424,4.872575489238702,10.469094276428223
2.5096466541290283,4.76159487717918,10.435604095458984
2.571643829345703,4.815048886562831,10.425701141357422
2.529232978820801,4.835622594525504,10.433490753173828
2.5486748218536377,4.802795009155359,10.377582550048828
2.5214266777038574,4.799740308596354,10.393208503723145
2.537571907043457,4.766966801868486,10.39198112487793
2.511847496032715,4.759103241476364,10.39913558959961
2.525726079940796,4.7685024313562145,10.330763816833496
2.539820671081543,4.791769378619002,10.378482818603516
2.5489234924316406,4.8266711808475,10.359197616577148
2.5487074851989746,4.850015058481534,10.411523818969727
2.5045504570007324,4.759228585055098,10.292675971984863
2.598992347717285,4.844355446186715,10.443985939025879
2.5397496223449707,4.805337367379772,10.357189178466797
2.514709949493408,4.777431337162851,10.305051803588867
2.5412867069244385,4.872432753776334,10.338933944702148
2.544463872909546,4.803519825484337,10.387479782104492
2.524815559387207,4.8237643633037806,10.304716110229492
2.6037397384643555,4.922042183345184,10.365585327148438
2.551137924194336,4.808956706630333,10.3989896774292
2.5105252265930176,4.817098296081115,10.415513038635254
2.541616439819336,4.7736056330946415,10.3201904296875
2.537118434906006,4.835023383709736,10.32082462310791
2.589301109313965,4.824796113617984,10.409186363220215
2.551419496536255,4.819899686179789,10.370912551879883
2.493629217147827,4.786659233205552,10.400614738464355
2.505573272705078,4.745965964859351,10.480428695678711
2.5576581954956055,4.798888129148899,10.409085273742676
2.5260684490203857,4.717974928706618,10.382022857666016
2.525099515914917,4.7388655135873705,10.3583345413208
2.5258567333221436,4.82917019398883,10.378474235534668
2.5479025840759277,4.796947059254827,10.372611045837402
2.559858798980713,4.825233107266415,10.44644832611084
2.5302329063415527,4.758513497388257,10.35251522064209
2.5065975189208984,4.769146833369242,10.348672866821289
2.5043554306030273,4.830727515076952,10.368553161621094
2.5876998901367188,4.890821288140224,10.435627937316895
2.493190050125122,4.797463014322732,10.383262634277344
2.5342025756835938,4.820857254455665,10.405689239501953
2.478463649749756,4.724218066116529,10.310070037841797
2.531383991241455,4.8194085940984746,10.36253833770752
2.5104331970214844,4.785551209501657,10.407628059387207
2.4605443477630615,4.711947297810443,10.366912841796875
2.478699207305908,4.725662826360868,10.40269660949707
2.5190579891204834,4.753446426774774,10.370538711547852
2.546633243560791,4.809559842737924,10.369575500488281
2.5244932174682617,4.801600314078054,10.455526351928711
2.553865432739258,4.832329539016687,10.3893461227417
2.5008039474487305,4.777166261703574,10.333166122436523
2.5252442359924316,4.7902172138980985,10.285813331604004
2.5451622009277344,4.765227869951299,10.438504219055176
2.549003839492798,4.848814439793517,10.316875457763672
2.5574116706848145,4.857934252425496,10.420659065246582
2.557586193084717,4.788290670041793,10.382224082946777
2.5233676433563232,4.811102057940193,10.426752090454102
2.530543088912964,4.760481388141801,10.506930351257324
2.541717052459717,4.751184427345703,10.376108169555664
2.551968812942505,4.852540579824043,10.395529747009277
2.500889301300049,4.7414572886856545,10.408469200134277
2.517117738723755,4.816243805689737,10.362347602844238
2.5000932216644287,4.786293710448913,10.397191047668457
2.5374631881713867,4.795613130221942,10.344406127929688
2.5031747817993164,4.741256361561162,10.38528823852539
2.5158188343048096,4.780011092013281,10.344782829284668
2.5020751953125,4.735123542203967,10.359976768493652
2.472775936126709,4.816336245575386,10.429861068725586
2.5769779682159424,4.8288658953804,10.341386795043945
2.4603700637817383,4.767075290803665,10.256365776062012
2.527914524078369,4.850678562086874,10.361679077148438
2.557396411895752,4.894499628006347,10.371490478515625
2.5152487754821777,4.7355453432537615,10.382925033569336
2.4924697875976562,4.754921684972942,10.354133605957031
2.567728042602539,4.802429465177868,10.250165939331055
2.5736734867095947,4.813948092882389,10.446146965026855
2.5038633346557617,4.7904776343743185,10.355379104614258
2.537630081176758,4.805603797580781,10.394563674926758
2.506535530090332,4.831677899729194,10.42692756652832
2.5132739543914795,4.774306306415903,10.400144577026367
2.4835658073425293,4.75018754524977,10.329294204711914
2.542480945587158,4.825174137051882,10.352544784545898
2.4973196983337402,4.792916083974497,10.389669418334961
2.547070264816284,4.835975724172645,10.386588096618652
2.527696371078491,4.831315437863981,10.358146667480469
2.5812203884124756,4.866098651928561,10.385948181152344
2.5267913341522217,4.773544729654012,10.373041152954102
2.5483486652374268,4.81884033751807,10.465866088867188
2.557974100112915,4.8457833920339395,10.338483810424805
2.5192997455596924,4.790231864733089,10.387422561645508
2.5268616676330566,4.760870542676587,10.414898872375488
2.5475573539733887,4.830119825068063,10.405757904052734
2.5434024333953857,4.843674124185262,10.341909408569336
2.531895875930786,4.865326399682089,10.359040260314941
2.5826001167297363,4.884092268567266,10.347261428833008
2.453050136566162,4.72085187720534,10.296180725097656
2.4523141384124756,4.753868543875536,10.403311729431152
2.496710777282715,4.837605968117714,10.338470458984375
2.5606815814971924,4.8062672076547255,10.375631332397461
2.5180118083953857,4.800568177763905,10.438531875610352
2.504678249359131,4.802354243184839,10.345078468322754
2.455538272857666,4.679573050633604,10.348962783813477
2.5384318828582764,4.868551972588258,10.370283126831055
2.512160301208496,4.824156285263598,10.365768432617188
2.5625205039978027,4.765657177061907,10.406683921813965
2.497957229614258,4.810920960635745,10.419303894042969
2.5119290351867676,4.777773863003989,10.329893112182617
2.5613911151885986,4.781162686945338,10.317757606506348
2.503138542175293,4.7659412117209285,10.325486183166504
2.5889923572540283,4.86182125923889,10.426045417785645
2.5324249267578125,4.73585178446956,10.376615524291992
2.5125982761383057,4.801044087624177,10.338325500488281
2.4917140007019043,4.79979993951773,10.356578826904297
2.510490655899048,4.806215760264811,10.244746208190918
2.496511936187744,4.784438540127927,10.487916946411133
2.491588830947876,4.750002671265975,10.397804260253906
2.52437424659729,4.831942166567647,10.376307487487793
2.495521068572998,4.8362438496468325,10.330559730529785
2.554572582244873,4.898570282218445,10.379194259643555
2.528221368789673,4.822985521617478,10.384258270263672
2.543229818344116,4.845538819607879,10.35000228881836
2.4912991523742676,4.769641949928232,10.375751495361328
2.5159752368927,4.820807863359472,10.348417282104492
2.526643991470337,4.810285835094483,10.435123443603516
2.513148784637451,4.817859532577652,10.372183799743652
2.4759883880615234,4.759364202685122,10.296319961547852
2.5006160736083984,4.79013468255289,10.427574157714844
2.5266611576080322,4.826646214716934,10.334930419921875
2.5223724842071533,4.853037428011054,10.334141731262207
2.508796215057373,4.809411683984632,10.386256217956543
2.451748847961426,4.774320802584823,10.349729537963867
2.517350196838379,4.788017640954682,10.372357368469238
2.5389883518218994,4.800157073020403,10.268030166625977
2.5176491737365723,4.87185171123461,10.44687271118164
2.5239791870117188,4.83179745803188,10.407055854797363
2.547349452972412,4.858438848684143,10.359732627868652
2.5028693675994873,4.778653708353106,10.341961860656738
2.5346791744232178,4.841644292397956,10.345053672790527
2.5296952724456787,4.845731912080997,10.320154190063477
2.4932892322540283,4.8641229058017155,10.371334075927734
2.5042331218719482,4.811567393231339,10.40174674987793
2.5108890533447266,4.788225143150027,10.343530654907227
2.5455949306488037,4.851332700611757,10.380461692810059
2.495180606842041,4.85653654419418,10.438413619995117
2.53468656539917,4.896072873878958,10.42322826385498
2.4959304332733154,4.8070078074067295,10.327709197998047
2.545469045639038,4.8458464023258,10.292156219482422
2.513913631439209,4.835380411972958,10.502617835998535
2.509455442428589,4.858671335836074,10.359682083129883
2.5073301792144775,4.752865424446229,10.406875610351562
2.527590274810791,4.87236548787249,10.288207054138184
2.460763454437256,4.7167606375712365,10.390386581420898
2.4803266525268555,4.824394326590533,10.405777931213379
2.523740768432617,4.818651704450271,10.372544288635254
2.511882781982422,4.800747958111709,10.299055099487305
2.5390660762786865,4.8611331328283995,10.394123077392578
2.5439536571502686,4.890758416981304,10.436059951782227
2.5353987216949463,4.872969928463655,10.356834411621094
2.456329107284546,4.793918719814558,10.35107421875
2.472275972366333,4.747594563922446,10.387274742126465
2.4827747344970703,4.823081349820963,10.352710723876953
2.499907970428467,4.82845069501283,10.42576789855957
2.4794859886169434,4.797398693793054,10.402628898620605
2.5313503742218018,4.907558208497773,10.422516822814941
2.475210428237915,4.768707238270768,10.313959121704102
2.4479565620422363,4.745568459587438,10.35796070098877
2.5105178356170654,4.786044883142624,10.360306739807129
2.5256218910217285,4.7857442852442285,10.393381118774414
2.5018117427825928,4.7961813793185035,10.365727424621582
2.4983878135681152,4.825515243524153,10.389384269714355
2.46479868888855,4.809793195321357,10.292658805847168
2.4902985095977783,4.827359819618453,10.285327911376953
2.493830442428589,4.790643689056327,10.357952117919922
2.522062063217163,4.88371193997695,10.307077407836914
2.5482711791992188,4.871668286022863,10.398857116699219
2.459538459777832,4.781489217021901,10.411879539489746
2.569519519805908,4.848126271905909,10.294720649719238
2.5233633518218994,4.814169367442706,10.365267753601074
2.5142269134521484,4.817925541395588,10.27364730834961
2.5414202213287354,4.826532291181917,10.396110534667969
2.5027949810028076,4.823763194327642,10.351178169250488
2.508260488510132,4.824007152679509,10.393696784973145
2.509615421295166,4.817307558941788,10.404006958007812
2.4771676063537598,4.801940459758042,10.451013565063477
2.4774293899536133,4.7788919425635985,10.36297607421875
2.5225324630737305,4.825230098362746,10.393739700317383
2.541161298751831,4.7932418117831865,10.400716781616211
2.5320775508880615,4.834071848474976,10.361837387084961
2.486035108566284,4.769809080121506,10.411870956420898
2.525167942047119,4.830111779571909,10.387958526611328
2.522688865661621,4.909700926226963,10.380760192871094
2.5126421451568604,4.846877834327253,10.370079040527344
2.5120737552642822,4.819971128267103,10.373671531677246
2.5127954483032227,4.8627018283254335,10.406209945678711
2.473811388015747,4.746161203831434,10.376911163330078
2.463648557662964,4.735333128100526,10.312847137451172
2.4562878608703613,4.7623246716934124,10.356600761413574
2.491431474685669,4.807941244948389,10.41604232788086
2.5032413005828857,4.83854840499615,10.375587463378906
2.5220766067504883,4.832151784362005,10.353496551513672
2.459146738052368,4.801075203410749,10.349994659423828
2.5119547843933105,4.767618811489749,10.328733444213867
2.4988739490509033,4.796740905614569,10.274589538574219
2.4733541011810303,4.7315075755052804,10.371063232421875
2.4664254188537598,4.812525362474844,10.38470458984375
2.551862955093384,4.901973416962261,10.374798774719238
2.448916435241699,4.813813153388245,10.42384147644043
2.511336088180542,4.850292367261968,10.356685638427734
2.532493829727173,4.856622427834996,10.418957710266113
2.5249760150909424,4.866170154452058,10.308879852294922
2.5880980491638184,4.878780777000689,10.411075592041016
2.522639513015747,4.859290563368372,10.399977684020996
2.493640422821045,4.844881684319781,10.281206130981445
2.4664087295532227,4.802456835550921,10.410805702209473
2.529155969619751,4.86391795466521,10.39260482788086
2.5365500450134277,4.852974909357727,10.317793846130371
2.478280544281006,4.789853014783667,10.325543403625488
2.484210252761841,4.789295283977741,10.28431510925293
2.504267692565918,4.845328880274402,10.432489395141602
2.5372159481048584,4.835074252349191,10.43216323852539
2.5182013511657715,4.84657994574601,10.43063735961914
2.4931485652923584,4.899771566236657,10.43410873413086
2.5212173461914062,4.8358230723201165,10.329618453979492
2.5189905166625977,4.843431095692463,10.428092002868652
2.5129356384277344,4.853528564729329,10.291677474975586
2.529863119125366,4.856402436903279,10.362920761108398
2.5257904529571533,4.856793274404481,10.43596076965332
2.5413479804992676,4.838585010397115,10.371746063232422
2.5212442874908447,4.809933943308091,10.370010375976562
2.4875855445861816,4.819286237736898,10.390435218811035
2.4730703830718994,4.823544388104763,10.430802345275879
2.5031847953796387,4.825565393814552,10.38494873046875
2.506739377975464,4.8285223799425045,10.38626766204834
2.4919023513793945,4.875861632670941,10.366235733032227
2.4916372299194336,4.818595404969528,10.422314643859863
2.474783420562744,4.767911236966029,10.420248985290527
2.5279760360717773,4.879939049083208,10.355621337890625
2.491071939468384,4.850108405375587,10.355827331542969
2.5342087745666504,4.9370441749093255,10.432828903198242
2.5302956104278564,4.940214946067759,10.43289566040039
2.4889631271362305,4.7866408010346015,10.430685043334961
2.480304479598999,4.905036392821266,10.332786560058594
2.524667739868164,4.822730089371492,10.395498275756836
2.525395393371582,4.897107015430395,10.44034194946289
2.556034564971924,4.9397448004289926,10.290905952453613
2.5265281200408936,4.906377258444471,10.349950790405273
2.532407760620117,4.845436900920634,10.34790325164795
2.5406813621520996,4.831976653642154,10.355741500854492
2.517779588699341,4.885344457945653,10.300410270690918
2.519216537475586,4.868754449034376,10.479668617248535
2.5066306591033936,4.804684947377869,10.413912773132324
2.547077178955078,4.86198035747345,10.472868919372559
2.548056125640869,4.850470535590181,10.462303161621094
2.539980888366699,4.855838280270941,10.454717636108398
2.476851224899292,4.773182895500213,10.401871681213379
2.4721062183380127,4.85069037608004,10.429494857788086
2.5359935760498047,4.869930456658559,10.39629077911377
2.4717519283294678,4.816399205708876,10.436955451965332
2.5109574794769287,4.840646294677364,10.315608978271484
2.4785406589508057,4.806029868445226,10.390562057495117
2.4738898277282715,4.788548131007701,10.290180206298828
2.4796764850616455,4.820241129192125,10.34947395324707
2.5014047622680664,4.949021836609713,10.358416557312012
2.507976531982422,4.869147786504723,10.339754104614258
2.5043790340423584,4.853374256785694,10.385209083557129
2.5572288036346436,4.913595144470621,10.381221771240234
2.460379123687744,4.800109977800664,10.335440635681152
2.493675947189331,4.825611597359446,10.370200157165527
2.5118589401245117,4.842975075855585,10.389725685119629
2.541353940963745,4.817695640526446,10.3612642288208
2.512561321258545,4.859009887557477,10.350784301757812
2.419477701187134,4.744478119770065,10.422235488891602
2.5042836666107178,4.8676844127476215,10.386590003967285
2.4756240844726562,4.82316118388969,10.394868850708008
2.5525357723236084,4.844903121303235,10.320430755615234
2.5109012126922607,4.791998599023957,10.350104331970215
2.4931375980377197,4.824372234388387,10.448219299316406
2.4221456050872803,4.796088779844078,10.36892318725586
2.4901435375213623,4.845631018879691,10.339662551879883
2.4787139892578125,4.820006240259057,10.37874698638916
2.5092568397521973,4.852312123070337,10.244475364685059
2.508725166320801,4.868494192603975,10.36337661743164
2.512061595916748,4.847208548437005,10.410478591918945
2.47432017326355,4.858630463680519,10.322940826416016
2.533534526824951,4.8685170277021825,10.443729400634766
2.5291898250579834,4.882062847925616,10.33266544342041
2.523573875427246,4.781847250780889,10.371782302856445
2.519998550415039,4.868314315232315,10.38088607788086
2.48258900642395,4.858898245662983,10.437417030334473
2.4638211727142334,4.790988407064495,10.459941864013672
2.4720284938812256,4.801880907167548,10.316532135009766
2.4876997470855713,4.8566044495174925,10.405284881591797
2.521584987640381,4.914589086713802,10.415594100952148
2.5057618618011475,4.822339916501993,10.325157165527344
2.4916012287139893,4.808602842602081,10.4410400390625
2.491912364959717,4.87517341020118,10.455728530883789
2.4736108779907227,4.7786496859709064,10.378424644470215
2.5217397212982178,4.833533969375171,10.387948989868164
2.502228260040283,4.910864454561046,10.367166519165039
2.49204683303833,4.828101755153122,10.412474632263184
2.4654037952423096,4.820405468577518,10.404770851135254
2.4831464290618896,4.822613524905007,10.457819938659668
2.496746301651001,4.808265659758555,10.333578109741211
2.4992735385894775,4.84332784115603,10.361531257629395
2.523409605026245,4.87732270622759,10.296268463134766
2.529015064239502,4.903989708816101,10.471419334411621
2.5408949851989746,4.8717966427627415,10.379858016967773
2.535215139389038,4.941486664149643,10.292417526245117
2.5311944484710693,4.924502720424372,10.438407897949219
2.5251195430755615,4.9348713207790365,10.367980003356934
2.5011351108551025,4.8423324824044744,10.374305725097656
2.5182600021362305,4.8570983539601515,10.295793533325195
2.4840524196624756,4.78149962974047,10.332517623901367
2.5563204288482666,4.937611306352275,10.299774169921875
2.506878614425659,4.909321811549099,10.443376541137695
2.5005030632019043,4.8865991134994795,10.315752983093262
2.5329060554504395,4.872461505001411,10.367268562316895
2.526231050491333,4.852644208885198,10.379162788391113
2.4953441619873047,4.900414379413372,10.413269996643066
2.4893462657928467,4.836124879940013,10.347004890441895
2.5422096252441406,4.87127577177515,10.452719688415527
2.48004150390625,4.829529248377575,10.339653015136719
2.4485654830932617,4.737907790046717,10.352803230285645
2.5414347648620605,4.850191826133855,10.374070167541504
2.4970932006835938,4.898934960365295,10.3682861328125
2.5076186656951904,4.853254139889031,10.374706268310547
2.4843251705169678,4.824587371898815,10.424174308776855
2.512840747833252,4.887592198426968,10.345129013061523
2.509756088256836,4.82520652828472,10.396388053894043
2.5281460285186768,4.894029113497319,10.385774612426758
2.466636896133423,4.818794157622116,10.292998313903809
2.489217758178711,4.841123431289036,10.330180168151855
2.5746800899505615,4.943784745077469,10.423063278198242
2.4370646476745605,4.799508342353095,10.397017478942871
2.533445358276367,4.892633191808791,10.373976707458496
2.5025041103363037,4.843928044761665,10.424234390258789
2.475412130355835,4.815680166107735,10.410475730895996
2.463599681854248,4.888790330516972,10.313055992126465
2.5087406635284424,4.87629677102502,10.22052001953125
2.51054048538208,4.883345979764791,10.322362899780273
2.485011100769043,4.890217671436924,10.348151206970215
2.4473018646240234,4.747131194686517,10.343745231628418
2.487978458404541,4.836318435646327,10.410137176513672
