ABloss,Bobloss,Eveloss
9.129880905151367,8.203285958950541,10.24969482421875
9.097217559814453,8.093853888234921,10.216198921203613
9.142573356628418,8.197139789017715,10.176216125488281
9.161835670471191,8.256893964983256,10.251299858093262
9.123379707336426,8.138149075077047,10.288259506225586
9.075594902038574,8.183209136161686,10.172677993774414
9.076878547668457,8.15460065143582,10.26742172241211
9.057659149169922,8.144702546298504,10.270710945129395
9.039897918701172,8.09163446508215,10.335006713867188
9.067586898803711,8.104293073327947,10.247008323669434
9.073662757873535,8.098328786835607,10.214442253112793
9.100432395935059,8.148880270575837,10.262210845947266
9.053665161132812,8.198151245314095,10.252405166625977
9.080485343933105,8.10725158655883,10.326242446899414
9.016327857971191,8.131150227805067,10.192407608032227
9.132608413696289,8.12382085794317,10.39555549621582
9.087261199951172,8.172479318488124,10.222193717956543
9.014761924743652,8.087113631057687,10.276721000671387
9.031497955322266,8.118712680480842,10.316008567810059
9.00644302368164,8.117417144056942,10.277779579162598
9.037901878356934,8.160868748390515,10.335261344909668
9.077744483947754,8.164545902949092,10.403495788574219
8.961443901062012,7.997216548571097,10.260421752929688
8.994397163391113,8.010913761498939,10.350265502929688
9.086265563964844,8.109797285869718,10.285855293273926
9.093671798706055,8.18235501434122,10.309514045715332
9.082915306091309,8.109610373254068,10.3250093460083
9.081655502319336,8.173672944972557,10.218635559082031
9.048723220825195,8.142055222764611,10.365440368652344
9.057003021240234,8.139138196994152,10.337724685668945
8.98042106628418,8.138690069783479,10.342615127563477
9.013030052185059,8.050971209038316,10.356963157653809
9.019540786743164,8.096185271794509,10.365631103515625
9.126765251159668,8.19190872008247,10.315620422363281
9.022732734680176,8.102819335746712,10.370935440063477
9.013649940490723,8.136592524857926,10.36838436126709
9.111618041992188,8.19568657612295,10.331106185913086
8.963606834411621,8.059523213355403,10.398455619812012
9.076874732971191,8.186448861844838,10.41453742980957
9.047295570373535,8.131730560978342,10.40078067779541
9.081218719482422,8.168884813153584,10.399702072143555
8.993192672729492,8.067813719888884,10.320209503173828
8.954691886901855,8.042097520947989,10.298644065856934
9.010756492614746,8.067284712933802,10.306184768676758
9.007807731628418,8.038330509460398,10.373132705688477
8.948573112487793,8.062408256144927,10.449164390563965
9.012981414794922,8.080282939597964,10.3150634765625
9.014525413513184,8.138409013361004,10.36938762664795
9.011425018310547,8.114796742231452,10.35560417175293
9.025707244873047,8.105731217589762,10.32945442199707
9.01042366027832,8.125449155424057,10.349475860595703
8.995016098022461,8.090250502340496,10.356548309326172
8.98364543914795,8.114133948992405,10.415630340576172
9.052594184875488,8.164787883637473,10.483319282531738
8.994027137756348,8.099579790640355,10.471892356872559
9.047718048095703,8.157179457933776,10.428342819213867
9.01077938079834,8.115937307909398,10.324084281921387
8.998098373413086,8.084140288710062,10.40951156616211
9.015463829040527,8.118163801197495,10.463873863220215
9.040987968444824,8.169440365196872,10.482198715209961
9.018111228942871,8.12925784163443,10.517354965209961
9.000718116760254,8.159269584442622,10.42778205871582
8.952232360839844,8.100859206668765,10.498634338378906
8.922256469726562,8.104045962548948,10.489219665527344
9.023465156555176,8.146703446217414,10.523735046386719
9.004552841186523,8.155042468603433,10.397176742553711
9.032720565795898,8.205895665667153,10.4030122756958
8.999334335327148,8.066659840489073,10.401456832885742
9.036553382873535,8.163055968371086,10.512323379516602
8.935648918151855,8.1195538581482,10.392732620239258
8.925952911376953,8.077912437862583,10.462345123291016
8.940237045288086,8.125775654800236,10.445463180541992
8.924384117126465,8.090299913759477,10.396060943603516
9.062660217285156,8.183121486833054,10.500810623168945
8.93761157989502,8.11764450953342,10.456045150756836
8.865594863891602,8.061412769901965,10.475346565246582
8.888297080993652,8.078987796691113,10.474113464355469
9.019437789916992,8.167568044570674,10.422616004943848
9.014134407043457,8.15145013820646,10.41132926940918
8.955721855163574,8.145132994944497,10.427816390991211
9.016311645507812,8.174620374837623,10.488533020019531
9.014439582824707,8.13608772011607,10.48932933807373
9.003338813781738,8.169636037533305,10.465182304382324
9.046689987182617,8.169526874553412,10.528002738952637
8.956568717956543,8.164662020380742,10.391812324523926
8.869058609008789,8.04049727799637,10.454530715942383
8.990094184875488,8.165054387412965,10.498528480529785
8.96914005279541,8.100976908512946,10.469990730285645
8.932358741760254,8.101012574009864,10.537374496459961
8.889113426208496,8.041438394458964,10.434033393859863
8.938543319702148,8.086798874628064,10.412956237792969
8.98941421508789,8.137112801661715,10.523910522460938
9.015244483947754,8.192029756693435,10.412242889404297
8.920186042785645,8.095688894490845,10.451648712158203
9.017326354980469,8.142399542798687,10.526898384094238
8.970232963562012,8.135306354878205,10.483857154846191
8.965254783630371,8.127065299677529,10.428567886352539
8.952107429504395,8.092556547573102,10.488037109375
8.9092435836792,8.040969677469027,10.535273551940918
8.926130294799805,8.152538792828896,10.51979923248291
8.912151336669922,8.08969460949967,10.643739700317383
8.982169151306152,8.197717179377962,10.478719711303711
8.965957641601562,8.104332595464907,10.484346389770508
8.946643829345703,8.113645063580147,10.483541488647461
8.953200340270996,8.15352225589699,10.439070701599121
8.974069595336914,8.102410168786133,10.4777193069458
8.931736946105957,8.146699198089275,10.534757614135742
8.895472526550293,8.120257721116236,10.502484321594238
9.005187034606934,8.154540272995032,10.482096672058105
8.942339897155762,8.097764572195176,10.597467422485352
8.882027626037598,8.108128559376512,10.518966674804688
8.895492553710938,8.072788213512727,10.452380180358887
8.939062118530273,8.148137790017893,10.455585479736328
8.918913841247559,8.159471220037501,10.380891799926758
8.993193626403809,8.168962524605117,10.427359580993652
9.022147178649902,8.174546733165958,10.459928512573242
8.871969223022461,8.040030032363056,10.483785629272461
8.985610961914062,8.171789855962352,10.566678047180176
8.850944519042969,8.09140359520513,10.47283935546875
8.872014045715332,8.059780465572008,10.474081039428711
8.86551284790039,8.1438475635701,10.568764686584473
8.912354469299316,8.13857466019025,10.541397094726562
8.969487190246582,8.162511007993348,10.465415000915527
8.873085975646973,8.101002492210164,10.559843063354492
8.959474563598633,8.148929959961347,10.479242324829102
8.82062816619873,8.005580413155258,10.47431755065918
8.933143615722656,8.124741099142868,10.512051582336426
8.943855285644531,8.134437234440286,10.605426788330078
8.881304740905762,8.143553571542725,10.489808082580566
8.934048652648926,8.096376914963392,10.6195650100708
8.929496765136719,8.155899218084024,10.566130638122559
8.8599271774292,8.077917934395373,10.531458854675293
8.884325981140137,8.095340467723354,10.56961441040039
8.848472595214844,8.054413535465885,10.617417335510254
9.011969566345215,8.192262252959024,10.403339385986328
8.872476577758789,8.081205675511487,10.485279083251953
8.891119003295898,8.152448330872826,10.45724105834961
8.904045104980469,8.103953141453012,10.444303512573242
8.887957572937012,8.11022311232851,10.498151779174805
8.879638671875,8.111697497378504,10.545655250549316
8.84935474395752,8.099032734953132,10.530742645263672
8.861526489257812,8.089839613297954,10.6094388961792
8.871991157531738,8.105116457678378,10.535144805908203
8.931455612182617,8.14729071162375,10.53489875793457
8.915952682495117,8.153784253867343,10.569159507751465
8.913778305053711,8.129102084586131,10.542032241821289
8.900568962097168,8.113125566359875,10.560269355773926
8.895628929138184,8.148884076558586,10.53725528717041
8.825304985046387,8.079850252152287,10.546749114990234
8.954398155212402,8.168401938929621,10.543306350708008
8.917353630065918,8.096007467181023,10.59483814239502
8.929415702819824,8.155857602766316,10.639162063598633
8.900557518005371,8.162024421950004,10.48681926727295
8.859676361083984,8.03686378646775,10.569355964660645
8.875456809997559,8.080507188802585,10.55032730102539
8.875813484191895,8.078564720062007,10.535801887512207
8.93460750579834,8.141638289870961,10.503849983215332
8.838820457458496,8.065037255108889,10.475152969360352
8.887083053588867,8.104143452664305,10.56821060180664
8.894362449645996,8.143045202729159,10.710578918457031
8.865215301513672,8.097312613523432,10.573521614074707
8.85672664642334,8.140884724079765,10.504425048828125
8.926911354064941,8.20236891301881,10.469144821166992
8.855772018432617,8.080399380897038,10.577022552490234
8.931417465209961,8.194371324830822,10.611274719238281
8.923832893371582,8.170002995890432,10.572037696838379
8.821050643920898,8.089351328622017,10.489730834960938
8.9053316116333,8.15850173103224,10.66478157043457
8.796650886535645,8.097079853294417,10.5106840133667
8.867816925048828,8.170982085401192,10.673116683959961
8.831950187683105,8.110451130928205,10.516009330749512
8.878089904785156,8.161028226205547,10.556029319763184
8.931632995605469,8.182635698633801,10.591713905334473
8.845502853393555,8.10013930180243,10.52607250213623
8.830001831054688,8.116640645678022,10.461801528930664
8.927104949951172,8.162497747955578,10.609421730041504
8.89039421081543,8.114895885344595,10.640349388122559
8.816920280456543,8.089940162275784,10.535003662109375
8.882880210876465,8.120246100904685,10.626320838928223
8.878463745117188,8.154887826581085,10.697175979614258
8.821844100952148,8.094464473526127,10.56102180480957
8.856771469116211,8.11944045276115,10.643180847167969
8.857078552246094,8.12428209707806,10.593042373657227
8.8715181350708,8.145961799592312,10.52247428894043
8.898077964782715,8.135627486876079,10.592660903930664
8.815610885620117,8.10659340845554,10.549665451049805
8.845258712768555,8.098111178859005,10.600635528564453
8.751260757446289,8.081766766562525,10.513427734375
8.873483657836914,8.179141338715063,10.625240325927734
8.725090026855469,8.09375537582673,10.548788070678711
8.781620025634766,8.037805394236264,10.535578727722168
8.884071350097656,8.206205312761345,10.541072845458984
8.828465461730957,8.132388360033342,10.525092124938965
8.90042781829834,8.179910251072474,10.498343467712402
8.846783638000488,8.114876195888167,10.603395462036133
8.865052223205566,8.13605630820218,10.578001022338867
8.78297233581543,8.039140683898172,10.53945541381836
8.809657096862793,8.037167332467757,10.631734848022461
8.852313995361328,8.18172714440152,10.535836219787598
8.802753448486328,8.10352190707012,10.516233444213867
8.768308639526367,8.075320200828303,10.62695026397705
8.833428382873535,8.09194004249626,10.645669937133789
8.838187217712402,8.132088637578168,10.530325889587402
8.823891639709473,8.098469310839262,10.519514083862305
8.772040367126465,8.04529884454262,10.520496368408203
8.895944595336914,8.165535715608193,10.609625816345215
8.790966987609863,8.105282702084098,10.680930137634277
8.83186149597168,8.108844009061743,10.60080337524414
8.867025375366211,8.12599258753471,10.579914093017578
8.790167808532715,8.092504978645593,10.552403450012207
8.845024108886719,8.152685165139182,10.530953407287598
8.782564163208008,8.071258017427422,10.629777908325195
8.832921981811523,8.118790492382166,10.572786331176758
8.871710777282715,8.151732818290059,10.571545600891113
8.819574356079102,8.14281803153322,10.563724517822266
8.746190071105957,8.005859739047342,10.74277400970459
8.800212860107422,8.07670290887888,10.524436950683594
8.780081748962402,8.122852276877634,10.53884506225586
8.821805953979492,8.116896563276116,10.520593643188477
8.794331550598145,8.10472214281825,10.600713729858398
8.81500244140625,8.125796918424644,10.630023956298828
8.833772659301758,8.153845479379275,10.5147066116333
8.766839981079102,8.132076566007786,10.596860885620117
8.813533782958984,8.138599216804973,10.543813705444336
8.790177345275879,8.140103885937215,10.52042007446289
8.804089546203613,8.08575878857768,10.481195449829102
8.873700141906738,8.148361813077438,10.563480377197266
8.820262908935547,8.089005062655945,10.637744903564453
8.808050155639648,8.112290545034089,10.60207462310791
8.88583755493164,8.21319822717591,10.669859886169434
8.897174835205078,8.185988070709364,10.614425659179688
8.812725067138672,8.123429653301304,10.619199752807617
8.784709930419922,8.11788247239643,10.54265308380127
8.769479751586914,8.098156280083849,10.597061157226562
8.767762184143066,8.074045658810064,10.593900680541992
8.71213436126709,8.100366203713097,10.62228012084961
8.789649963378906,8.047975356723846,10.612958908081055
8.737669944763184,8.102367600492602,10.668203353881836
8.798349380493164,8.110302851635165,10.598917007446289
8.769287109375,8.095154648447144,10.587409973144531
8.777190208435059,8.072224127694167,10.634692192077637
8.75020694732666,8.072256857928421,10.616669654846191
8.71811294555664,8.06203524997857,10.558611869812012
8.795694351196289,8.124966338243603,10.547955513000488
8.794231414794922,8.098992719181947,10.610736846923828
8.811820983886719,8.128906994459353,10.622031211853027
8.744050025939941,7.9908118778507085,10.580121994018555
8.824070930480957,8.099786711058446,10.602693557739258
8.77775764465332,8.119812077277206,10.44462776184082
8.836544036865234,8.146487799606152,10.693400382995605
8.856115341186523,8.117559711149495,10.653348922729492
8.74987506866455,8.070996098386658,10.53888988494873
8.75119686126709,8.026277695050728,10.5215482711792
8.846590995788574,8.214559698244557,10.56655502319336
8.783500671386719,8.094953456960086,10.633320808410645
8.763522148132324,8.069582354077802,10.69595718383789
8.84643840789795,8.13221642824023,10.680784225463867
8.817426681518555,8.127309350962085,10.531124114990234
8.787182807922363,8.120093981901716,10.62590503692627
8.834793090820312,8.156707247186985,10.655250549316406
8.766950607299805,8.132818190314408,10.455177307128906
8.878287315368652,8.159362192565043,10.595968246459961
8.77527141571045,8.094905620640409,10.610981941223145
8.827205657958984,8.118378161885111,10.601293563842773
8.78006649017334,8.0798891230952,10.620255470275879
8.814803123474121,8.130714154003988,10.582481384277344
8.746622085571289,8.06360346215245,10.52481460571289
8.77688980102539,8.108880508591287,10.596158981323242
8.75874137878418,8.087239248777873,10.602033615112305
8.787799835205078,8.113276762089559,10.600825309753418
8.818870544433594,8.167964814297322,10.584716796875
8.696028709411621,8.048834970686585,10.566926002502441
8.830320358276367,8.159644763184977,10.578934669494629
8.78962230682373,8.106172157784126,10.610055923461914
8.849989891052246,8.167092297558806,10.53818416595459
8.754937171936035,8.073881840100512,10.566523551940918
8.793882369995117,8.153347219373764,10.570941925048828
8.773761749267578,8.065440234694895,10.627893447875977
8.768852233886719,8.125769328292726,10.617149353027344
8.712969779968262,8.015245750679501,10.56702995300293
8.764979362487793,8.081832554324397,10.62267017364502
8.782257080078125,8.128948734042101,10.562605857849121
8.763540267944336,8.125254276275102,10.570767402648926
8.78778076171875,8.13500828093051,10.614513397216797
8.828310012817383,8.156749272719026,10.513769149780273
8.774358749389648,8.10458595279072,10.629142761230469
8.775896072387695,8.124875263577062,10.628927230834961
8.807738304138184,8.175042375123926,10.603232383728027
8.822321891784668,8.185060604874577,10.5844087600708
8.822589874267578,8.151669507646666,10.583471298217773
8.780113220214844,8.15539624216035,10.614285469055176
8.665067672729492,8.037871859169432,10.536262512207031
8.717216491699219,8.058714190996918,10.57962417602539
8.755987167358398,8.112862951421578,10.532105445861816
8.716755867004395,8.125468453824785,10.641965866088867
8.667938232421875,8.071317455997425,10.676862716674805
8.754525184631348,8.088613876241393,10.547262191772461
8.708166122436523,8.01199578394049,10.546340942382812
8.754124641418457,8.10404645611665,10.611562728881836
8.797159194946289,8.121472736953626,10.466649055480957
8.760046005249023,8.103490104599457,10.439763069152832
8.759244918823242,8.122342464879953,10.509357452392578
8.724456787109375,8.125840944005176,10.701924324035645
8.740678787231445,8.107708674722485,10.556413650512695
8.727346420288086,8.112168620041171,10.538955688476562
8.803314208984375,8.126487605506554,10.470113754272461
8.707104682922363,8.048882813858135,10.639397621154785
8.798482894897461,8.155756795512778,10.572465896606445
8.784462928771973,8.177586631616578,10.640691757202148
8.70989990234375,8.091536701756663,10.62939453125
8.695648193359375,8.070134452078493,10.587410926818848
8.705519676208496,8.084070237054089,10.61425495147705
8.764557838439941,8.166920109552198,10.552989959716797
8.695439338684082,8.122298984788358,10.638105392456055
8.697099685668945,8.06024464951562,10.573713302612305
8.711075782775879,8.073370508018082,10.439409255981445
8.765058517456055,8.087490774325229,10.470174789428711
8.737478256225586,8.118846977661763,10.556811332702637
8.713966369628906,8.009237953561492,10.580278396606445
8.759496688842773,8.118806738539467,10.590192794799805
8.63536262512207,7.976903205571165,10.550167083740234
8.777288436889648,8.159349655665988,10.601068496704102
8.582368850708008,7.961734678064074,10.52353286743164
8.735188484191895,8.08686710328662,10.57276439666748
8.789937019348145,8.072115006989666,10.598821640014648
8.835293769836426,8.191283889746826,10.63084602355957
8.753910064697266,8.106450069728972,10.674455642700195
8.719159126281738,8.04434381145984,10.587876319885254
8.742910385131836,8.083916960383899,10.655561447143555
8.805712699890137,8.143270812163662,10.569393157958984
8.676253318786621,8.03530023040782,10.619574546813965
8.71977710723877,8.099188119040004,10.52105712890625
8.794776916503906,8.155874493531883,10.496402740478516
8.756613731384277,8.07850004692695,10.548776626586914
8.680329322814941,8.072012587516967,10.62536334991455
8.716670989990234,8.107933617463068,10.581428527832031
8.695947647094727,8.077469676999108,10.527456283569336
8.691153526306152,8.026818112802824,10.719225883483887
8.646919250488281,8.038554119910778,10.589529037475586
8.693109512329102,8.115198913396203,10.440311431884766
8.705142974853516,8.051562500984542,10.552519798278809
8.739991188049316,8.134755227415424,10.66347599029541
8.7121000289917,8.124200683685817,10.634298324584961
8.733628273010254,8.123041624968339,10.585258483886719
8.848350524902344,8.150947339666475,10.535411834716797
8.700591087341309,8.080836178867944,10.610901832580566
8.757485389709473,8.092694248405419,10.672677993774414
8.700644493103027,8.065496354563429,10.562360763549805
8.702874183654785,8.06007509083221,10.609261512756348
8.776927947998047,8.192730008358403,10.601919174194336
8.721427917480469,8.096590288648647,10.461202621459961
8.681427001953125,8.091393941148583,10.613221168518066
8.683757781982422,8.095181640503663,10.429668426513672
8.69035530090332,8.006849344819784,10.602075576782227
8.738534927368164,8.098788988244321,10.682916641235352
8.757925033569336,8.140554029727355,10.582118034362793
8.724820137023926,8.131583331152797,10.489805221557617
8.67526912689209,8.065953983592667,10.608600616455078
8.649471282958984,8.048264277965895,10.53408432006836
8.758522987365723,8.149524577560701,10.5726957321167
8.65250015258789,8.01550438371487,10.502347946166992
8.720940589904785,8.10639677040412,10.558359146118164
8.746244430541992,8.078107894764148,10.601678848266602
8.693392753601074,8.06151354362789,10.494894027709961
8.728174209594727,8.11469772581144,10.605138778686523
8.624408721923828,8.026910206402784,10.650867462158203
8.752965927124023,8.089718837590356,10.498223304748535
8.706245422363281,8.08249818530333,10.501616477966309
8.723384857177734,8.11031600018032,10.589996337890625
8.674569129943848,8.08749836214286,10.513557434082031
8.636621475219727,8.040884762403689,10.546198844909668
8.71336841583252,8.123382416853149,10.66844654083252
8.837790489196777,8.216038776860973,10.527702331542969
8.76488971710205,8.15735119112235,10.623390197753906
8.621241569519043,8.034797715322513,10.523721694946289
8.755474090576172,8.121371297365322,10.52491569519043
8.731766700744629,8.134257050630238,10.520999908447266
8.636366844177246,8.055832471299384,10.543119430541992
8.743950843811035,8.122675558119745,10.56107234954834
8.750175476074219,8.144638481317088,10.472095489501953
8.766161918640137,8.086460579818645,10.552618026733398
8.688278198242188,8.085262224843195,10.557191848754883
8.737768173217773,8.136617196624035,10.54393196105957
8.709614753723145,8.122159425169231,10.524832725524902
8.699411392211914,8.093709128942074,10.551656723022461
8.682586669921875,8.078931351591434,10.619778633117676
8.706986427307129,8.102479767154104,10.490646362304688
8.67298698425293,8.057971127564088,10.528726577758789
8.730402946472168,8.089011588167132,10.586041450500488
8.616964340209961,7.979562928334676,10.583486557006836
8.741349220275879,8.137204462063632,10.494867324829102
8.73067855834961,8.126456233373444,10.608724594116211
8.69234848022461,8.108527913057644,10.565813064575195
8.704153060913086,8.119439592385397,10.603325843811035
8.655996322631836,8.050345958177267,10.577579498291016
8.73287582397461,8.131430991193545,10.573029518127441
8.734769821166992,8.169068367486554,10.5568208694458
8.745484352111816,8.138457799596447,10.601180076599121
8.694091796875,8.135491593840666,10.603601455688477
8.725237846374512,8.09399909273322,10.479816436767578
8.658641815185547,8.070487149758264,10.514863967895508
8.749490737915039,8.134789420890488,10.57694149017334
8.68134880065918,8.068044846578102,10.56446361541748
8.676472663879395,8.079751334485731,10.477869033813477
8.770780563354492,8.118553377721192,10.518365859985352
8.726847648620605,8.120345140840591,10.485334396362305
8.730803489685059,8.116928500788553,10.577070236206055
8.725655555725098,8.145381864426392,10.528261184692383
8.6340913772583,8.107569431254108,10.657137870788574
8.712173461914062,8.110016659500875,10.55091667175293
8.771769523620605,8.140822171067287,10.607053756713867
8.763267517089844,8.171009370524969,10.67517375946045
8.71573257446289,8.143383608765102,10.573814392089844
8.685858726501465,8.101483071888133,10.596517562866211
8.636371612548828,8.077344850104835,10.521845817565918
8.729137420654297,8.152357037278957,10.548200607299805
8.7020902633667,8.107345941543047,10.482921600341797
8.640595436096191,8.095402597117106,10.580293655395508
8.605162620544434,8.044753682766375,10.53013801574707
8.698986053466797,8.098966818336132,10.49679183959961
8.703964233398438,8.115088377414006,10.54642105102539
8.671257972717285,8.03989962997314,10.620170593261719
8.684133529663086,8.139598001526402,10.538476943969727
8.664543151855469,8.142364871854495,10.571342468261719
8.659648895263672,8.053909315095682,10.509791374206543
8.738618850708008,8.139634922313105,10.518402099609375
8.649007797241211,8.028372828782137,10.520345687866211
8.632923126220703,8.108553227003929,10.570343017578125
8.770870208740234,8.127044060234248,10.623970031738281
8.675091743469238,8.107709387150992,10.519576072692871
8.645645141601562,8.047441134462133,10.538108825683594
8.629467010498047,8.061016160362799,10.602191925048828
8.65584659576416,8.076165502525066,10.589658737182617
8.664981842041016,8.126365811065106,10.60916805267334
8.63023567199707,8.03655996625977,10.539514541625977
8.67422866821289,8.071033393964171,10.612122535705566
8.625741004943848,8.086261433615748,10.529508590698242
8.632071495056152,8.051135799182314,10.518987655639648
8.60094928741455,8.042460947364038,10.514975547790527
8.622444152832031,8.077363888001335,10.56513786315918
8.666708946228027,8.04803127120249,10.57498550415039
8.593182563781738,8.044054531558816,10.608936309814453
8.698158264160156,8.115113550198398,10.520650863647461
8.605266571044922,8.043919289551143,10.63028335571289
8.66052532196045,8.0895412624481,10.528301239013672
8.633440017700195,8.06028852079596,10.398056030273438
8.740950584411621,8.101306093224723,10.517385482788086
8.673835754394531,8.101111518551727,10.483373641967773
8.621877670288086,8.076236748668766,10.513731002807617
8.659221649169922,8.06054626208996,10.458681106567383
8.623382568359375,8.065127245848998,10.531702041625977
8.691246032714844,8.095016436551564,10.586662292480469
8.578570365905762,8.061980697160054,10.548782348632812
8.689128875732422,8.0777004570035,10.52781867980957
8.638703346252441,8.130041621259547,10.573833465576172
8.700329780578613,8.141404418174975,10.463322639465332
8.684715270996094,8.114126494387165,10.568594932556152
8.693638801574707,8.152083862905524,10.535335540771484
8.716712951660156,8.143866615070563,10.596145629882812
8.755477905273438,8.180050868141864,10.447931289672852
8.652560234069824,8.039805549263422,10.603948593139648
8.661231994628906,8.123972467778783,10.451055526733398
8.673809051513672,8.12223242446115,10.586470603942871
8.790787696838379,8.177991282394423,10.541179656982422
8.666071891784668,8.074679851598505,10.510171890258789
8.714700698852539,8.117806362819726,10.561051368713379
8.635336875915527,8.065382489768256,10.544866561889648
8.665388107299805,8.11751721194014,10.566597938537598
8.64336109161377,8.082898578240668,10.634737968444824
8.6483793258667,8.058791503044112,10.570823669433594
8.644964218139648,7.988468628908907,10.525838851928711
8.572667121887207,8.03012088579791,10.476729393005371
8.685744285583496,8.109130540297235,10.579904556274414
8.646060943603516,8.108914886102347,10.546311378479004
8.64453411102295,8.094927871633056,10.574267387390137
8.685358047485352,8.1498342086561,10.51949405670166
8.571028709411621,8.088304689054244,10.528347969055176
8.640823364257812,8.097007106390915,10.547307014465332
8.715579986572266,8.180469121783972,10.50936508178711
8.6867036819458,8.14107097356048,10.557613372802734
8.678024291992188,8.025428705482877,10.507084846496582
8.684313774108887,8.120817772511925,10.506885528564453
8.659475326538086,8.085944324465734,10.520193099975586
8.676765441894531,8.105146570862935,10.584047317504883
8.576041221618652,8.074797362089157,10.5267972946167
8.68724250793457,8.174510155139226,10.595454216003418
8.703313827514648,8.13600489108025,10.540929794311523
8.739542007446289,8.15951434276732,10.579283714294434
8.61935043334961,8.037988228756667,10.528432846069336
8.597975730895996,8.10742111094961,10.596622467041016
8.56917667388916,8.07011534004206,10.625508308410645
8.632229804992676,8.128377340135298,10.537872314453125
8.70179557800293,8.12415584223345,10.48006820678711
8.60334587097168,8.093871267778534,10.43504524230957
8.605352401733398,8.053604991973511,10.504349708557129
8.6092529296875,8.001004736804004,10.500682830810547
8.641960144042969,8.051936031352461,10.60307502746582
8.581694602966309,8.037562235823964,10.531888961791992
8.600824356079102,8.039145172207748,10.536958694458008
8.584864616394043,8.06262642999978,10.649637222290039
8.595817565917969,8.066929785701047,10.570682525634766
8.593408584594727,8.047705656216879,10.550833702087402
8.599692344665527,8.099772701139694,10.546310424804688
8.578906059265137,8.031704856847812,10.442422866821289
8.677787780761719,8.084784386945621,10.600386619567871
8.666245460510254,8.12077569984831,10.51559066772461
8.616592407226562,8.067933503139233,10.538982391357422
8.620467185974121,8.063418949787904,10.43875503540039
8.60181999206543,8.042832144303247,10.54033088684082
8.626873016357422,8.08123233076185,10.527756690979004
8.676169395446777,8.104104735988326,10.517186164855957
8.580204010009766,8.105365919381647,10.48414134979248
8.671236991882324,8.137278407313195,10.494514465332031
8.659863471984863,8.135626664584768,10.576955795288086
8.640820503234863,8.101818515686318,10.599589347839355
8.621479034423828,8.094839287422865,10.529603958129883
8.663496971130371,8.138573547126725,10.524614334106445
8.635189056396484,8.07186891996701,10.527116775512695
8.644951820373535,8.08120976421716,10.514097213745117
8.539159774780273,8.024895521778879,10.564666748046875
8.654611587524414,8.111988550384662,10.49082088470459
8.611068725585938,8.13604952824036,10.436243057250977
8.612992286682129,8.084545926822882,10.510784149169922
8.660371780395508,8.159556017323796,10.61540699005127
8.66091251373291,8.158254171222715,10.516239166259766
8.607101440429688,8.0761771618189,10.463333129882812
8.65960693359375,8.095284645412383,10.515297889709473
8.636407852172852,8.038567713195725,10.532515525817871
8.606739044189453,8.035370498197153,10.531723976135254
8.54090690612793,8.001438479371634,10.577882766723633
8.657649993896484,8.10932266891801,10.562738418579102
8.665824890136719,8.149701818757292,10.539139747619629
8.573606491088867,8.089140605746902,10.557098388671875
8.595704078674316,8.141205407612558,10.607680320739746
8.617094993591309,8.081525870399284,10.499659538269043
8.616669654846191,8.099128212413884,10.439059257507324
8.630609512329102,8.142591304810983,10.528963088989258
8.600953102111816,8.037361307036397,10.643098831176758
8.575634002685547,8.047813972092367,10.548745155334473
8.648494720458984,8.084293355333752,10.508116722106934
8.635966300964355,8.16380076486218,10.45252799987793
8.534953117370605,8.030758536354238,10.4796781539917
8.566317558288574,8.040747162852702,10.526865005493164
8.613740921020508,8.09861272639994,10.473274230957031
8.626564979553223,8.128296129372236,10.622417449951172
8.545697212219238,8.031821307194019,10.517618179321289
8.596122741699219,8.072073372546583,10.480026245117188
8.6821928024292,8.145783890105252,10.502445220947266
8.662797927856445,8.102864319092728,10.506059646606445
8.62801742553711,8.173217980856341,10.554916381835938
8.58554744720459,8.04282923847703,10.524394035339355
8.623421669006348,8.073653310969739,10.513429641723633
8.617908477783203,8.106364174579669,10.612279891967773
8.59514045715332,8.09013723532137,10.539888381958008
8.597954750061035,8.091586694420716,10.48866081237793
8.60598373413086,8.100680426927283,10.482464790344238
8.602550506591797,8.061425936242035,10.618423461914062
8.622020721435547,8.06998203096113,10.501518249511719
8.608635902404785,8.11528401632261,10.540514945983887
8.52221965789795,7.973120701033621,10.54800796508789
8.630233764648438,8.164572923444211,10.597256660461426
8.569159507751465,8.081427672545292,10.573661804199219
8.630396842956543,8.114612516414907,10.485883712768555
8.610795974731445,8.132897151634097,10.504114151000977
8.649347305297852,8.087041247469772,10.519673347473145
8.629541397094727,8.078383149080244,10.47049331665039
8.595599174499512,8.074122189743711,10.519037246704102
8.674661636352539,8.110154131626977,10.477991104125977
8.614153861999512,8.095405670049201,10.463545799255371
8.594342231750488,8.087869862327352,10.508129119873047
8.673937797546387,8.120365228005019,10.544575691223145
8.539963722229004,8.079408430461106,10.572733879089355
8.564070701599121,8.078054150034275,10.613245010375977
8.650288581848145,8.125438308143721,10.508204460144043
8.63869857788086,8.111736327143653,10.501208305358887
8.639057159423828,8.153943728622314,10.47523021697998
8.61163330078125,8.075065204141929,10.565596580505371
8.562214851379395,8.071033333727557,10.466658592224121
8.596189498901367,8.073644338608053,10.497564315795898
8.597618103027344,8.089447584468871,10.619070053100586
8.545731544494629,8.071922244238001,10.503055572509766
8.590981483459473,8.154556747758761,10.432209014892578
8.658011436462402,8.131791196331116,10.626294136047363
8.626069068908691,8.142077661984201,10.626280784606934
8.589390754699707,8.118033776325838,10.51391315460205
8.562141418457031,8.040313908863547,10.498514175415039
8.68553638458252,8.160524464611496,10.451790809631348
8.56403636932373,8.034316128020041,10.503780364990234
8.528278350830078,8.022241965701271,10.564764976501465
8.558219909667969,8.05734247867284,10.423629760742188
8.581067085266113,8.09251593688636,10.536441802978516
8.554522514343262,8.026191873442647,10.561906814575195
8.663948059082031,8.111641338693776,10.503316879272461
8.571422576904297,8.112790495057457,10.512224197387695
8.532539367675781,8.072681172451537,10.639389038085938
8.592292785644531,8.055650481488556,10.618951797485352
8.578744888305664,8.110462218057364,10.624534606933594
8.488731384277344,7.994883106223175,10.556398391723633
8.618935585021973,8.08729290147312,10.405029296875
8.542606353759766,8.038650064629369,10.557215690612793
8.639742851257324,8.11239637051975,10.515069961547852
8.618029594421387,8.101648823358119,10.590218544006348
8.546581268310547,8.050049243228775,10.537555694580078
8.608129501342773,8.133873522447953,10.498408317565918
8.591042518615723,8.082239584598158,10.51561164855957
8.616402626037598,8.164174744160846,10.526963233947754
8.637317657470703,8.119847767953095,10.512334823608398
8.601213455200195,8.083358869522012,10.495875358581543
8.616869926452637,8.132694925314613,10.509696006774902
8.59147834777832,8.09340478606256,10.514605522155762
8.676990509033203,8.174880284716242,10.50991439819336
8.538286209106445,8.084791132781122,10.537775993347168
8.495826721191406,8.018101715316464,10.454376220703125
8.561800956726074,8.091528384746717,10.543514251708984
8.620906829833984,8.14714675662773,10.601895332336426
8.588926315307617,8.079190623846703,10.481897354125977
8.635965347290039,8.145600931718946,10.469566345214844
8.578889846801758,8.061920256553483,10.447234153747559
8.556676864624023,8.12680769754973,10.561284065246582
8.598892211914062,8.067662165600009,10.49659538269043
8.558364868164062,8.077950208614181,10.533233642578125
8.58309555053711,8.103543103838872,10.493699073791504
8.559791564941406,8.086298758197309,10.46370792388916
8.569121360778809,8.073862332850695,10.44924259185791
8.540181159973145,8.047903298500128,10.509368896484375
8.627625465393066,8.149083628618557,10.493054389953613
8.530037879943848,8.046618070253837,10.533992767333984
8.566032409667969,8.05419450466122,10.488832473754883
8.537659645080566,8.068250584283046,10.500059127807617
8.626482009887695,8.124228467599355,10.448629379272461
8.583796501159668,8.085019470325538,10.547954559326172
8.564597129821777,8.088856016418765,10.529367446899414
8.499056816101074,8.021444593057302,10.441707611083984
8.598686218261719,8.095274151070043,10.556595802307129
8.63266658782959,8.128376843773626,10.503013610839844
8.658291816711426,8.142351077004735,10.467326164245605
8.610400199890137,8.133671267190948,10.493513107299805
8.51601505279541,8.018472760150742,10.468038558959961
8.531527519226074,8.030199320388158,10.507680892944336
8.660470008850098,8.162923450548467,10.521782875061035
8.585502624511719,8.06158344866708,10.487236022949219
8.632025718688965,8.119980825643454,10.505533218383789
8.45451831817627,7.978750329930335,10.461701393127441
8.614527702331543,8.13840373851625,10.475375175476074
8.559050559997559,8.05827702502055,10.509740829467773
8.5700044631958,8.101487416774035,10.551446914672852
8.590343475341797,8.130515999094182,10.473299980163574
8.56859016418457,8.088455761416947,10.603904724121094
8.625224113464355,8.09701240531701,10.521117210388184
8.568180084228516,8.086086011757807,10.496950149536133
8.59697437286377,8.0987756916854,10.565563201904297
8.503907203674316,8.047509630476789,10.506093978881836
8.577652931213379,8.101107079968124,10.513525009155273
8.576933860778809,8.119756830190974,10.488391876220703
8.562090873718262,8.100455835195524,10.488699913024902
8.539602279663086,8.041241773271135,10.440874099731445
8.549617767333984,8.092511219371643,10.537753105163574
8.575560569763184,8.10226095228323,10.390201568603516
8.582780838012695,8.124531911153879,10.500558853149414
8.608484268188477,8.104868676380388,10.487710952758789
8.533307075500488,8.028359696368819,10.587790489196777
8.585512161254883,8.114239257760346,10.50927734375
8.519283294677734,8.067137551261112,10.494138717651367
8.582710266113281,8.058866630408115,10.465509414672852
8.541016578674316,8.10605452385997,10.615389823913574
8.56948471069336,8.069093135584676,10.43630599975586
8.490230560302734,8.051981774824005,10.585241317749023
8.554607391357422,8.10962506593205,10.434389114379883
8.571297645568848,8.108507091112967,10.459610939025879
8.502687454223633,8.08246276896846,10.396909713745117
8.601348876953125,8.093069077203316,10.538198471069336
8.526252746582031,8.046452160359227,10.534409523010254
8.507214546203613,8.080441670858168,10.550030708312988
8.474929809570312,8.04341536577392,10.540708541870117
8.629054069519043,8.108162894845009,10.508841514587402
8.544877052307129,8.084518235243324,10.430914878845215
8.4989652633667,8.026884853673566,10.48778247833252
8.571037292480469,8.083389008750341,10.47463607788086
8.5567045211792,8.058487869898922,10.43923568725586
8.525575637817383,8.023492181740169,10.519054412841797
8.492216110229492,8.065954691996533,10.376041412353516
8.573930740356445,8.064280410829399,10.53255558013916
8.574759483337402,8.132257071955662,10.50407600402832
8.550601959228516,8.127469552348234,10.513320922851562
8.521814346313477,8.064832756395585,10.505388259887695
8.537616729736328,8.109191885883256,10.528589248657227
8.472188949584961,8.06776360601985,10.51318073272705
8.547879219055176,8.100563240204274,10.485648155212402
8.580527305603027,8.100281087282514,10.442262649536133
8.585487365722656,8.102617465558328,10.494674682617188
8.541101455688477,8.069742622951578,10.480358123779297
8.493998527526855,8.04174854762719,10.537870407104492
8.514092445373535,8.04724363380644,10.571173667907715
8.509346008300781,8.055440909761403,10.355053901672363
8.547675132751465,8.13491624444058,10.400104522705078
8.548750877380371,8.1038288960699,10.484127044677734
8.591246604919434,8.122675834323413,10.477635383605957
8.566605567932129,8.102943313141752,10.501737594604492
8.608421325683594,8.191001649746406,10.541895866394043
8.536133766174316,8.112073538425777,10.482976913452148
8.527721405029297,8.091300776860278,10.295125007629395
8.563419342041016,8.146950514155574,10.433484077453613
8.495351791381836,8.074524486304394,10.451448440551758
8.521758079528809,8.042359873486152,10.462165832519531
8.481973648071289,8.04824848080586,10.477991104125977
8.504365921020508,8.106432539810028,10.53776741027832
8.505460739135742,8.076477596137142,10.454450607299805
8.553692817687988,8.11562711076944,10.492583274841309
8.59380054473877,8.123150667142388,10.541683197021484
8.506800651550293,8.092097456300896,10.511357307434082
8.474691390991211,7.984405115945264,10.573966026306152
8.488811492919922,8.067093792105359,10.379093170166016
8.5359468460083,8.099442789963048,10.467469215393066
8.510897636413574,8.088608915984098,10.446372985839844
8.508750915527344,8.08059377000401,10.447611808776855
8.536640167236328,8.056448301932376,10.417686462402344
8.556442260742188,8.105500039478231,10.481616973876953
8.526205062866211,8.029111297335476,10.489852905273438
8.473929405212402,8.068869968211011,10.459281921386719
8.467470169067383,8.020246889242637,10.504045486450195
8.52902889251709,8.11970463491577,10.487707138061523
8.50051212310791,8.088531574467197,10.494386672973633
8.541250228881836,8.10193270637787,10.464481353759766
8.527512550354004,8.095939682929643,10.573881149291992
8.452327728271484,8.023193763768568,10.452583312988281
8.428313255310059,8.029287313077866,10.459956169128418
8.608620643615723,8.13089295978924,10.461135864257812
8.50553035736084,8.09476334738013,10.517938613891602
8.48909854888916,8.029585931816007,10.4144287109375
8.544984817504883,8.080451553321575,10.597357749938965
8.594780921936035,8.153808015631512,10.478944778442383
8.504263877868652,8.05861942413529,10.36099624633789
8.538566589355469,8.123816555199612,10.456184387207031
8.547403335571289,8.079050489069362,10.511329650878906
8.500602722167969,8.063599744379255,10.47707748413086
8.497013092041016,8.06239992047527,10.5086669921875
8.516242027282715,8.0877590692336,10.40292739868164
8.526549339294434,8.099470339582435,10.442853927612305
8.553884506225586,8.147484458949684,10.446550369262695
8.485361099243164,8.087273285092255,10.488507270812988
8.486942291259766,8.056467440444976,10.425332069396973
8.424651145935059,7.998070473949026,10.502975463867188
8.436734199523926,7.97873229293951,10.485812187194824
8.530794143676758,8.060948095051572,10.53701114654541
8.602572441101074,8.178497650294698,10.386453628540039
8.464509010314941,8.067387650055544,10.527255058288574
8.529271125793457,8.084525325102732,10.547494888305664
8.538983345031738,8.08975451333182,10.499588012695312
8.477975845336914,8.06125293718651,10.524977684020996
8.453825950622559,8.037437280739791,10.413055419921875
8.519411087036133,8.098498400832925,10.484258651733398
8.474661827087402,8.05877047604216,10.441807746887207
8.523690223693848,8.130405821138993,10.41594123840332
8.55090045928955,8.083616048629795,10.580009460449219
8.480813026428223,8.039390774477006,10.424150466918945
8.4585542678833,8.090448905614071,10.469820976257324
8.512435913085938,8.073691634893684,10.557631492614746
8.518301010131836,8.097663509792515,10.496539115905762
8.464875221252441,8.072775239790124,10.476551055908203
8.523634910583496,8.122402570077352,10.43920612335205
8.44716739654541,8.08273102176775,10.453457832336426
8.54994010925293,8.122831524815412,10.440010070800781
8.497678756713867,8.065442729807858,10.433605194091797
8.521665573120117,8.127163704617749,10.429597854614258
8.512459754943848,8.113567888337586,10.494789123535156
8.461963653564453,8.061850705915795,10.432016372680664
8.49718189239502,8.12242589588277,10.467008590698242
8.47113037109375,8.113114061765373,10.571346282958984
8.479959487915039,8.058264224257853,10.608636856079102
8.482129096984863,8.086869501741603,10.426788330078125
8.480362892150879,8.087393976415374,10.461616516113281
8.464895248413086,8.02921709687715,10.47256088256836
8.543831825256348,8.141785763337143,10.470808029174805
8.457141876220703,8.076265093604368,10.477496147155762
8.477851867675781,8.018223543485094,10.53077507019043
8.511270523071289,8.06676963753333,10.487936973571777
8.470656394958496,8.070479801656413,10.341635704040527
8.487138748168945,8.06458597297647,10.476081848144531
8.473323822021484,8.034200487359028,10.369205474853516
8.446929931640625,7.984685533713283,10.424568176269531
8.503625869750977,8.099502270176474,10.495879173278809
8.484354972839355,8.10395052516833,10.452402114868164
8.46584415435791,8.097314461899389,10.562044143676758
8.49890422821045,8.070243983762339,10.465560913085938
8.469392776489258,8.087771261144164,10.496777534484863
8.460956573486328,8.084331435484014,10.561628341674805
8.510668754577637,8.063900246384687,10.461908340454102
8.466568946838379,8.0683410196299,10.541295051574707
8.486050605773926,8.05762663250789,10.484722137451172
8.485347747802734,8.072357474593446,10.513622283935547
8.466116905212402,8.044330443222343,10.36059856414795
8.454689025878906,8.051072117373613,10.526765823364258
8.436789512634277,8.042376600704822,10.462386131286621
8.481426239013672,8.043160501934056,10.5257568359375
8.479818344116211,8.067690909906691,10.470229148864746
8.462539672851562,8.12105862932679,10.54348373413086
8.449064254760742,8.082799992391042,10.423747062683105
8.465563774108887,8.039079273751538,10.506878852844238
8.469088554382324,8.093079722719267,10.491825103759766
8.48604965209961,8.040676703377228,10.41618537902832
8.49400520324707,8.073609075076613,10.408235549926758
8.461009979248047,8.099221474158446,10.46592903137207
8.472896575927734,8.109863526620238,10.440561294555664
8.457684516906738,8.035573836249698,10.49069595336914
8.425251960754395,8.046971082221717,10.345515251159668
8.454081535339355,8.083387635748034,10.435781478881836
8.460436820983887,8.111401197267696,10.51366901397705
8.427205085754395,8.08167356947836,10.49700927734375
8.470586776733398,8.041908778050649,10.455573081970215
8.480520248413086,8.104720167183716,10.435012817382812
8.459136009216309,8.091615599447064,10.393866539001465
8.43061637878418,8.095252108028424,10.502578735351562
8.45439338684082,8.081858122555007,10.42335319519043
8.437932968139648,8.052084767159872,10.421216011047363
8.481372833251953,8.09245149994136,10.38254451751709
8.393348693847656,8.064436423891623,10.531217575073242
8.439420700073242,8.063483258842357,10.520095825195312
8.413108825683594,8.07916655857116,10.411539077758789
8.410346984863281,8.042539838202563,10.429862976074219
8.431740760803223,8.043072857262036,10.456901550292969
8.423250198364258,8.064140878517978,10.50195026397705
8.472039222717285,8.080840408170063,10.523225784301758
8.415007591247559,8.000288540630468,10.541105270385742
8.446329116821289,8.05929313114445,10.501460075378418
8.433225631713867,8.068888225492888,10.397089004516602
8.421483039855957,8.112091607813325,10.465177536010742
8.432976722717285,8.053492846499596,10.464752197265625
8.480682373046875,8.050799291980054,10.402198791503906
8.381999969482422,8.011969762954063,10.445108413696289
8.423639297485352,8.027080450439826,10.511951446533203
8.413191795349121,8.104759241587349,10.42850112915039
8.417376518249512,8.034146148911011,10.488935470581055
8.512173652648926,8.106858242136825,10.511996269226074
8.40315055847168,8.030249306399908,10.36641788482666
8.441839218139648,8.048214536991768,10.410467147827148
8.406617164611816,8.044274762239572,10.467592239379883
8.425930976867676,8.077287482097745,10.540656089782715
8.440004348754883,8.043118128719339,10.462736129760742
8.423855781555176,8.064962965802158,10.429293632507324
8.4599609375,8.067500178070206,10.431612968444824
8.453213691711426,8.059718904218503,10.40262222290039
8.448265075683594,8.070431029989518,10.506591796875
8.414825439453125,8.053796340279016,10.477455139160156
8.465248107910156,8.06541231191451,10.438916206359863
8.381558418273926,8.01017038001945,10.480067253112793
8.40890884399414,8.023390679354115,10.498159408569336
8.444808006286621,8.085911365458742,10.479986190795898
8.414409637451172,8.054727076453023,10.47495174407959
8.39206314086914,8.053713152484436,10.503341674804688
8.425910949707031,8.056094526080415,10.497383117675781
8.433873176574707,8.071740830782801,10.41804313659668
8.384797096252441,8.037182494898193,10.53628921508789
8.420869827270508,8.038606687515442,10.412894248962402
8.405759811401367,8.03704221875939,10.401337623596191
8.442306518554688,8.08193721346158,10.54662799835205
8.40123176574707,8.008787059724066,10.395294189453125
8.41855525970459,8.061836435792168,10.481270790100098
8.383489608764648,7.98613122577912,10.447630882263184
8.35429573059082,8.008565333937959,10.404674530029297
8.421072006225586,8.0653823533295,10.53751277923584
8.413300514221191,8.024731886107475,10.379388809204102
8.443977355957031,8.089316525762635,10.446956634521484
8.405558586120605,8.027651890181005,10.453753471374512
8.48072338104248,8.094358086719044,10.496755599975586
8.358112335205078,8.01501413830556,10.481837272644043
8.486994743347168,8.086041540007239,10.473403930664062
8.399593353271484,8.03516140683288,10.518749237060547
8.479696273803711,8.072656447866134,10.494470596313477
8.36814022064209,8.051773504553628,10.461874961853027
8.385568618774414,8.04944039109562,10.38902473449707
8.360280990600586,8.06052569293284,10.482105255126953
8.355230331420898,8.01408775110862,10.478282928466797
8.390167236328125,8.083144936078627,10.482574462890625
8.457874298095703,8.058105454148192,10.548677444458008
8.332075119018555,8.029234200383403,10.425800323486328
8.396411895751953,8.07193710721497,10.470738410949707
8.443944931030273,8.078564536957336,10.4592924118042
8.454910278320312,8.091061814322268,10.464632987976074
8.482505798339844,8.11998980129803,10.425347328186035
8.455477714538574,8.096872444597206,10.488946914672852
8.385008811950684,8.00074878664288,10.510887145996094
8.42311954498291,8.041833933908492,10.472162246704102
8.37987995147705,8.056802147733313,10.4508056640625
8.39731216430664,8.11653257427471,10.419153213500977
8.414060592651367,8.06797903556643,10.448107719421387
8.37369441986084,8.02031150257348,10.41013240814209
8.343338012695312,8.030295934262021,10.39178466796875
8.4015474319458,8.068610083677672,10.411767959594727
8.377256393432617,8.00738633078124,10.401061058044434
8.353161811828613,8.060117744508066,10.359184265136719
8.420970916748047,8.056068206970977,10.425475120544434
8.397835731506348,8.020353678780209,10.358463287353516
8.368979454040527,8.020045775920153,10.479839324951172
8.407809257507324,8.053057959602613,10.488937377929688
8.397773742675781,8.077412586326577,10.533431053161621
8.385115623474121,8.03892123519576,10.451704978942871
8.322063446044922,8.061239013381835,10.48646068572998
8.35983657836914,8.047213483568546,10.434078216552734
8.356507301330566,8.029255988475468,10.490015029907227
8.318497657775879,8.04326148936525,10.428363800048828
8.389559745788574,8.075032080024746,10.417449951171875
8.401636123657227,8.053486131264696,10.424125671386719
8.393503189086914,8.053689688444138,10.449270248413086
8.431992530822754,8.100532975812841,10.424545288085938
8.375752449035645,8.090015310727592,10.467140197753906
8.320754051208496,7.960096995878433,10.398327827453613
8.337904930114746,8.007461968410228,10.460803031921387
8.366578102111816,8.03752928047574,10.470172882080078
8.36927318572998,8.01778577188296,10.420146942138672
8.390829086303711,8.077867409879609,10.395488739013672
8.345208168029785,8.025196210314919,10.394274711608887
8.391559600830078,8.076593080202915,10.500102996826172
8.390381813049316,8.084638643510907,10.456789016723633
8.364080429077148,8.01721299815524,10.413955688476562
8.367238998413086,8.037761551627357,10.404651641845703
8.348064422607422,8.045834858569183,10.435888290405273
8.339690208435059,8.047380560510126,10.412202835083008
8.390392303466797,8.05968260944688,10.383251190185547
8.341302871704102,7.997094531876169,10.408824920654297
8.422335624694824,8.084354023948045,10.329082489013672
8.358410835266113,8.066554653724388,10.447710990905762
8.327585220336914,8.042034943521555,10.34830093383789
8.3369722366333,8.064143494669615,10.544906616210938
8.307673454284668,7.985776685344589,10.439007759094238
8.289937019348145,8.003391362859734,10.513046264648438
8.345447540283203,8.045503751408042,10.454229354858398
8.362835884094238,8.045535952118891,10.414163589477539
8.325850486755371,8.0379908220909,10.428326606750488
8.383147239685059,8.056898518598505,10.47757339477539
8.3546724319458,8.03847331779876,10.428540229797363
8.32775592803955,8.064050726891894,10.427011489868164
8.290251731872559,8.00914246080044,10.431622505187988
8.333000183105469,8.017558530871092,10.45600700378418
8.342954635620117,8.046506594833252,10.438799858093262
8.315693855285645,8.020128626941835,10.409189224243164
8.321460723876953,8.008636448066682,10.444181442260742
8.339583396911621,8.034593274949916,10.416918754577637
8.345779418945312,8.071041722682171,10.413675308227539
8.353254318237305,8.017189524701928,10.421969413757324
8.371781349182129,8.039237715004544,10.439218521118164
8.291078567504883,7.950867359027532,10.46359634399414
8.364158630371094,8.043034243962861,10.345891952514648
8.33960247039795,8.047097744686262,10.363018035888672
8.34107494354248,8.072072059780892,10.450605392456055
8.351561546325684,8.046668830294427,10.497444152832031
8.355613708496094,8.035160811019264,10.455551147460938
8.32548713684082,8.060902435232752,10.509445190429688
8.416210174560547,8.068575452081859,10.392853736877441
8.395203590393066,8.088947979700086,10.424006462097168
8.317327499389648,8.051436102416899,10.340560913085938
8.322059631347656,8.04181538994557,10.506573677062988
8.35796070098877,8.03583193141302,10.441263198852539
8.35075855255127,8.02155547991528,10.490530967712402
8.342672348022461,8.020753455813974,10.340997695922852
8.303994178771973,8.072467057001113,10.460332870483398
8.325554847717285,8.042230718802395,10.467241287231445
8.320246696472168,8.025483776549143,10.47318172454834
8.320061683654785,8.055449356191925,10.416690826416016
8.287678718566895,8.046319045126438,10.429143905639648
8.25047779083252,7.995820356399886,10.404266357421875
8.336743354797363,8.037355738958079,10.477346420288086
8.325289726257324,8.015100470245152,10.442296028137207
8.361315727233887,8.044226059191196,10.390264511108398
8.290862083435059,8.03836572309956,10.385473251342773
8.317138671875,8.026527565338515,10.435637474060059
8.305455207824707,8.003936869358379,10.423125267028809
8.309441566467285,8.034595020747345,10.447976112365723
8.308747291564941,8.014132116056446,10.459274291992188
8.296401023864746,7.967440351644264,10.471475601196289
8.29233455657959,7.969349630243544,10.517982482910156
8.300064086914062,7.998113294132054,10.448381423950195
8.29209041595459,8.000360052134576,10.503732681274414
8.277122497558594,7.97428343890767,10.423745155334473
8.34427547454834,8.036707324275215,10.33226203918457
8.286872863769531,7.962449867477906,10.421154022216797
8.326033592224121,8.049369668554782,10.385845184326172
8.31750202178955,8.044546914353434,10.405267715454102
8.297272682189941,8.010483200295962,10.273422241210938
8.279106140136719,8.01195750082843,10.379557609558105
8.331402778625488,8.07661805371754,10.414651870727539
8.269640922546387,7.987991104634212,10.52464485168457
8.319723129272461,8.0569231742993,10.482288360595703
8.262466430664062,8.023646910940961,10.62442398071289
8.31583023071289,7.9992200680675785,10.497358322143555
8.313350677490234,8.021689400476005,10.41324234008789
8.332132339477539,8.083158896304667,10.392617225646973
8.298771858215332,7.993060709575989,10.497842788696289
8.277660369873047,8.043572129249306,10.366649627685547
8.33728313446045,8.048200931133968,10.408782958984375
8.278707504272461,8.015825402623575,10.390798568725586
8.267647743225098,8.004713507502206,10.471433639526367
8.27165412902832,8.024438306323384,10.420099258422852
8.242422103881836,8.00429303621474,10.408085823059082
8.294295310974121,7.969324628290321,10.50724983215332
8.33127498626709,8.018751420579585,10.410348892211914
8.357579231262207,8.023543877460595,10.485071182250977
8.309577941894531,8.020029949223888,10.39577579498291
8.264730453491211,7.9832304922664274,10.47751522064209
8.240753173828125,7.966532674784373,10.400665283203125
8.253693580627441,7.987633591650852,10.42805004119873
8.241148948669434,7.973350341830934,10.505084991455078
8.311688423156738,8.010968169496794,10.421038627624512
8.295669555664062,8.002889512472652,10.392297744750977
8.285551071166992,7.970373345838327,10.479884147644043
8.272479057312012,8.006403735240124,10.401337623596191
8.28428840637207,8.015260826430417,10.482970237731934
8.29568099975586,8.04575213769983,10.411721229553223
8.256394386291504,7.983360177537959,10.489531517028809
8.277441024780273,7.989857461802395,10.535621643066406
8.295516014099121,7.980532656357225,10.332923889160156
8.283492088317871,7.991927223113765,10.407879829406738
8.280961990356445,8.002325556739898,10.468606948852539
8.255252838134766,7.991675434534304,10.371959686279297
8.235945701599121,8.014791732221576,10.376452445983887
8.188770294189453,7.949794647217328,10.439130783081055
8.289900779724121,8.002514048412975,10.472118377685547
8.262360572814941,7.971568241648908,10.424799919128418
8.25500202178955,7.98059902696072,10.421595573425293
8.256823539733887,8.022237145175625,10.489648818969727
8.224499702453613,7.936115993552708,10.469923973083496
8.285929679870605,8.008953419081601,10.426042556762695
8.226970672607422,7.966059655117403,10.438121795654297
8.248807907104492,7.975796544192624,10.467623710632324
8.273104667663574,7.99137052221756,10.418484687805176
8.275215148925781,8.067300054411005,10.420799255371094
8.217459678649902,7.943444460497371,10.34259033203125
8.347111701965332,8.033133221856717,10.503779411315918
8.22359561920166,7.974754423701338,10.464130401611328
8.248924255371094,7.984048141066784,10.30224895477295
8.225027084350586,7.977059997784506,10.408875465393066
8.211755752563477,8.050338186988872,10.363191604614258
8.226122856140137,8.02213451010175,10.445610046386719
8.266433715820312,8.021463875292934,10.40287971496582
8.227201461791992,8.07532328101141,10.418258666992188
8.219696998596191,7.9411188225328395,10.38446044921875
8.233173370361328,7.973421971513224,10.410240173339844
8.224746704101562,8.013682394454786,10.405451774597168
8.193183898925781,8.00566156883724,10.415128707885742
8.221105575561523,8.018463368693899,10.34758186340332
8.201066970825195,7.993744715083656,10.38080883026123
8.207084655761719,7.959144359487774,10.410079002380371
8.183725357055664,8.005759149423934,10.441534042358398
8.252535820007324,7.958406557761399,10.466851234436035
8.262575149536133,8.019904438339706,10.391107559204102
8.250712394714355,8.029289077268913,10.444089889526367
8.263826370239258,7.9807945591331055,10.526914596557617
8.222417831420898,7.954742695803622,10.447174072265625
8.221248626708984,7.915313875934642,10.42418098449707
8.23803424835205,7.997882783579241,10.346271514892578
8.180872917175293,7.948302998606648,10.456880569458008
8.229270935058594,7.947174825805373,10.383207321166992
8.242448806762695,7.997487564238587,10.420402526855469
8.192477226257324,8.013105919817463,10.51229190826416
8.207684516906738,7.970675827070538,10.386628150939941
8.227041244506836,7.978353155211413,10.474156379699707
8.204277992248535,7.9311452544893015,10.350208282470703
8.277641296386719,8.00281608131315,10.375377655029297
8.270248413085938,7.993090676842257,10.398516654968262
8.213560104370117,7.960036789998411,10.404979705810547
8.266942024230957,8.021539869485423,10.481629371643066
8.208396911621094,7.979022453139935,10.367949485778809
8.178089141845703,7.9329771338629405,10.395537376403809
8.219145774841309,8.008613765705377,10.469029426574707
8.219293594360352,7.991109458929194,10.380069732666016
8.176949501037598,7.983544805186932,10.395540237426758
8.197895050048828,7.971259850809085,10.348790168762207
8.235669136047363,7.973297983441235,10.37752914428711
8.176156044006348,7.9601998174829145,10.322592735290527
8.223855018615723,8.012607946060598,10.442778587341309
8.172343254089355,7.953483834796185,10.347023010253906
8.187787055969238,7.996786197115267,10.44648265838623
8.242731094360352,8.012268161534198,10.358075141906738
8.151162147521973,7.958013683557511,10.382607460021973
8.217609405517578,7.967463873326778,10.41773509979248
8.119123458862305,7.957346564690981,10.487977981567383
8.152915954589844,7.966124513419345,10.433534622192383
8.184170722961426,7.992832241014444,10.45273494720459
8.171487808227539,7.964867867363084,10.356799125671387
8.199422836303711,7.930046057627935,10.350713729858398
8.211782455444336,7.9531926431227475,10.328140258789062
8.202651977539062,7.971260999296126,10.333239555358887
8.191305160522461,7.9546276718444595,10.383794784545898
8.161852836608887,7.948051641362587,10.337640762329102
8.153289794921875,7.9408611618315,10.406938552856445
8.183234214782715,7.966492219495454,10.432527542114258
8.206066131591797,7.968451036805552,10.445860862731934
8.166475296020508,7.964213057986594,10.439830780029297
8.160287857055664,7.931354428974113,10.412575721740723
8.163993835449219,7.965712200151756,10.47039794921875
8.200644493103027,7.994730658696167,10.468576431274414
8.191401481628418,7.986791262270085,10.384714126586914
8.194485664367676,7.942582821373694,10.35268783569336
8.183959007263184,7.928216120028601,10.438310623168945
8.178496360778809,7.955002150797684,10.461618423461914
8.18027114868164,7.956197917627703,10.472024917602539
8.170027732849121,7.974677553167566,10.467674255371094
8.187835693359375,8.03864674815642,10.481551170349121
8.160109519958496,7.96330368116365,10.402948379516602
8.149181365966797,7.945595444479425,10.492867469787598
8.153459548950195,7.975565204795982,10.37675952911377
8.15750503540039,7.963130667672625,10.420577049255371
8.134713172912598,7.947178008267656,10.361109733581543
8.165682792663574,8.013984934659677,10.374688148498535
8.159506797790527,7.993385399558715,10.415661811828613
8.067907333374023,7.900081106727677,10.440436363220215
8.209405899047852,7.98515800622824,10.350719451904297
8.114615440368652,7.947228956169316,10.506319046020508
8.134598731994629,7.914840862919975,10.419259071350098
8.101154327392578,7.9226362882514625,10.309619903564453
8.14645767211914,7.968596004947488,10.492892265319824
8.183859825134277,7.961807343576635,10.447115898132324
8.144890785217285,7.9240919186268,10.433079719543457
8.117186546325684,7.925217408254477,10.36973762512207
8.126752853393555,7.988959305952969,10.450983047485352
8.142123222351074,7.925206821179017,10.37597370147705
8.126203536987305,7.970383193909324,10.437942504882812
8.144020080566406,7.942504812231554,10.326663970947266
8.181841850280762,7.944786337437109,10.420077323913574
8.089632034301758,7.95963352768948,10.424630165100098
8.136760711669922,8.007395978717664,10.39002799987793
8.096901893615723,7.979330752477316,10.37630844116211
8.109084129333496,7.965915535044457,10.42019271850586
8.124089241027832,7.979060689951958,10.462301254272461
8.181478500366211,7.970090143648641,10.386528015136719
8.136244773864746,7.913213259939637,10.326133728027344
8.141888618469238,7.93959750743982,10.412266731262207
8.140841484069824,7.949065418348515,10.439952850341797
8.133069038391113,7.943981945481417,10.359965324401855
8.098915100097656,7.894334233532261,10.4581937789917
8.129744529724121,7.9302642146191955,10.408981323242188
8.183366775512695,7.943079357401335,10.367263793945312
8.163057327270508,7.950081815144846,10.366476058959961
8.133143424987793,7.966956379590558,10.46211051940918
8.135459899902344,7.886238956092192,10.414918899536133
8.144577980041504,8.017088585200588,10.4279146194458
8.07758617401123,7.968920947551461,10.388445854187012
8.117962837219238,7.938699449778401,10.442398071289062
8.141142845153809,7.960143511981836,10.368141174316406
8.114492416381836,7.932830613771719,10.406932830810547
8.14869213104248,7.9296484219376,10.353711128234863
8.111481666564941,7.921204488524901,10.398239135742188
8.103023529052734,7.8976904805749655,10.426383972167969
8.13044261932373,7.929210994026757,10.426929473876953
8.092268943786621,7.963041021422084,10.512349128723145
8.176896095275879,7.972103972952547,10.453054428100586
8.151030540466309,7.943055160144079,10.451828956604004
8.044767379760742,7.867567935925242,10.475675582885742
8.102721214294434,7.923603618883395,10.330649375915527
8.100167274475098,7.944566753426833,10.396780014038086
8.09521198272705,7.967047076007084,10.265378952026367
8.109786033630371,7.954107618790918,10.358379364013672
8.0855131149292,7.948911614549745,10.371997833251953
8.061943054199219,7.90901903462197,10.418272018432617
8.107563972473145,7.890180070651695,10.447368621826172
8.124455451965332,7.8960780667340655,10.427846908569336
8.139015197753906,7.992904774079633,10.464341163635254
8.062894821166992,7.939547120560227,10.456087112426758
8.052728652954102,7.893571914173663,10.417000770568848
8.054021835327148,7.85622869837763,10.34760570526123
8.079667091369629,7.895239368513493,10.459304809570312
8.084613800048828,7.902831706983437,10.424093246459961
8.062997817993164,7.859088963463103,10.347551345825195
8.07656192779541,7.937875972661589,10.381299018859863
8.041045188903809,7.906439596188388,10.388751983642578
8.074150085449219,7.874679218412243,10.296110153198242
8.049079895019531,7.918916145705485,10.375351905822754
8.062581062316895,7.923306523290064,10.485015869140625
8.114665985107422,7.914534807271723,10.384783744812012
8.065544128417969,7.849984345026314,10.454285621643066
8.096630096435547,7.9171929477514436,10.353785514831543
8.097972869873047,7.916452564066274,10.413725852966309
8.111456871032715,7.912745363012489,10.30233383178711
8.071488380432129,7.896905833389609,10.353063583374023
8.065279006958008,7.896985493766676,10.260370254516602
8.044447898864746,7.862922631736312,10.298425674438477
8.058807373046875,7.944445043769001,10.433753967285156
8.073759078979492,7.910715087416715,10.402048110961914
8.071111679077148,7.911576155639653,10.415145874023438
8.043548583984375,7.904679994464718,10.434541702270508
8.051539421081543,7.879505560567071,10.428573608398438
8.068894386291504,7.8716835728181245,10.361942291259766
8.041940689086914,7.887150048378057,10.351272583007812
7.985217571258545,7.896243532121714,10.449268341064453
8.058316230773926,7.884346858698077,10.42524528503418
8.07684326171875,7.9359677274977525,10.452252388000488
8.063444137573242,7.9573954495135695,10.448514938354492
8.023435592651367,7.925991136480921,10.452558517456055
8.036572456359863,7.907655358114946,10.393755912780762
8.087186813354492,7.8879246273011505,10.352542877197266
8.046061515808105,7.881486828638506,10.372157096862793
8.072977066040039,7.952561822353995,10.421345710754395
8.0280122756958,7.853154795576952,10.39499282836914
8.04433536529541,7.888683311375123,10.508557319641113
8.022041320800781,7.88657985448039,10.381081581115723
8.053290367126465,7.886201340671895,10.348810195922852
8.004928588867188,7.8245665724389255,10.436339378356934
8.046883583068848,7.883371597089405,10.390670776367188
8.031338691711426,7.893055916597534,10.381074905395508
8.046696662902832,7.885230211274964,10.43382453918457
8.026639938354492,7.88159026321955,10.437623023986816
8.00733757019043,7.820380386064893,10.371740341186523
8.010173797607422,7.8833986904272555,10.373786926269531
8.021716117858887,7.888358955970034,10.451984405517578
8.036916732788086,7.8819206939744095,10.45467758178711
8.009822845458984,7.889104069809298,10.424860954284668
8.028837203979492,7.864457450507741,10.368698120117188
7.975844860076904,7.8171648291671385,10.514947891235352
8.002211570739746,7.852075008908288,10.386630058288574
8.042220115661621,7.925828405023951,10.43722915649414
7.9889726638793945,7.847840537150789,10.464738845825195
8.042236328125,7.90115189505741,10.449674606323242
8.013739585876465,7.868922882513809,10.463445663452148
8.00448226928711,7.8923598177331895,10.376090049743652
8.022527694702148,7.847925328117396,10.37811279296875
8.001197814941406,7.854851896275899,10.383376121520996
8.039277076721191,7.842521064582148,10.390523910522461
7.984164714813232,7.873043126526422,10.396974563598633
8.0129976272583,7.8564185340489665,10.41386604309082
7.99435567855835,7.8299315688200295,10.331514358520508
7.989818096160889,7.8612612734681795,10.443313598632812
7.989207744598389,7.879659924855721,10.427083015441895
7.975968360900879,7.8181825399265765,10.483283042907715
8.054682731628418,7.899898863164708,10.450922012329102
7.957162380218506,7.805970692441666,10.389142990112305
8.024011611938477,7.868191281899012,10.427813529968262
7.977209568023682,7.869238944591156,10.356014251708984
7.98008394241333,7.867437025066465,10.491022109985352
8.010265350341797,7.849658496478307,10.526631355285645
8.04555606842041,7.9085916624670585,10.429057121276855
7.978731155395508,7.828651641695095,10.455501556396484
7.957427978515625,7.808555881259963,10.402105331420898
8.075728416442871,7.892040381440893,10.3616304397583
8.011419296264648,7.87147797810446,10.479909896850586
7.962397575378418,7.8549935054033995,10.417404174804688
7.980360507965088,7.840901345945895,10.5038480758667
7.9828033447265625,7.875914639061584,10.419265747070312
8.022881507873535,7.870218398781227,10.515214920043945
7.985630512237549,7.862236805293444,10.36911392211914
7.928542137145996,7.805775272759742,10.384593963623047
7.977053642272949,7.852607570122926,10.409762382507324
7.9731597900390625,7.849929152987898,10.456249237060547
7.958076000213623,7.833392121563,10.399449348449707
8.029844284057617,7.84493070674528,10.456771850585938
7.9739089012146,7.843048301924552,10.251852035522461
7.96693229675293,7.823989071949784,10.485855102539062
7.917895793914795,7.816021136241034,10.30788516998291
7.906930446624756,7.779078406714168,10.484890937805176
7.985969543457031,7.873930603299023,10.282464027404785
7.960226535797119,7.81758207402059,10.407970428466797
7.942398548126221,7.807385630839105,10.36226749420166
8.013138771057129,7.839661402893918,10.370595932006836
7.9419355392456055,7.855900012488876,10.359091758728027
8.012301445007324,7.878912835614756,10.378971099853516
7.9357686042785645,7.816103922502536,10.396676063537598
7.966685771942139,7.829496772427644,10.310234069824219
7.968282699584961,7.8477707780964145,10.330415725708008
7.901069641113281,7.776744070230051,10.345378875732422
7.959099769592285,7.870927262785179,10.410698890686035
7.914059162139893,7.8198385827376375,10.413372039794922
7.958078384399414,7.857874723816557,10.370200157165527
7.97637939453125,7.826806740003771,10.460588455200195
7.94156551361084,7.825656139025732,10.29965591430664
7.937647819519043,7.843537784547412,10.474018096923828
7.907628059387207,7.792849984485657,10.349843978881836
7.950602054595947,7.823234082964648,10.39055061340332
7.948563575744629,7.7954260705571095,10.331474304199219
7.952045440673828,7.82701169579689,10.351333618164062
7.957665920257568,7.839833483499076,10.500515937805176
7.979190826416016,7.824970252878432,10.416122436523438
7.898003101348877,7.798049350368923,10.353527069091797
7.920925617218018,7.771138722309843,10.464468002319336
7.921146392822266,7.803536664628025,10.34520149230957
7.88444709777832,7.761740956887868,10.468024253845215
7.911106586456299,7.833046490093693,10.39786434173584
7.901083469390869,7.784189142586131,10.407732963562012
7.970292568206787,7.8459031205025624,10.38167953491211
7.894939422607422,7.813879905202028,10.419082641601562
7.947113513946533,7.870925084222108,10.346961975097656
7.8872857093811035,7.788467105777402,10.47927188873291
7.924086570739746,7.788529911710482,10.388833045959473
7.934983253479004,7.823163969309203,10.303523063659668
7.909318923950195,7.795119650096499,10.393942832946777
7.87671422958374,7.8150793515877535,10.342510223388672
7.876308917999268,7.758474013668352,10.322107315063477
7.875949382781982,7.770927942491003,10.435062408447266
7.882612705230713,7.7406949333048285,10.468585968017578
7.877849578857422,7.775667056075431,10.41642951965332
7.9331536293029785,7.7994537816516,10.350728034973145
7.9076619148254395,7.787765836675784,10.442739486694336
7.897289752960205,7.8618996079146335,10.325952529907227
7.902283191680908,7.802997022201971,10.409173011779785
7.986233711242676,7.857727792612941,10.36367416381836
7.884799003601074,7.710763963671135,10.442583084106445
7.884588718414307,7.77882708649018,10.447696685791016
7.878384113311768,7.839392901764118,10.396746635437012
7.86463737487793,7.7992257784852494,10.430144309997559
7.861748218536377,7.755121597388227,10.298602104187012
7.876319885253906,7.77461374531101,10.434714317321777
7.877571105957031,7.8023148175062875,10.456542015075684
7.911593437194824,7.8024085112514765,10.383550643920898
7.843497276306152,7.827889675074921,10.390412330627441
7.879030704498291,7.7705553191980075,10.331074714660645
7.875360012054443,7.705826704756222,10.464157104492188
7.875631332397461,7.742262859363109,10.500582695007324
7.87646484375,7.787542669202334,10.383731842041016
7.839824676513672,7.764410746283829,10.419012069702148
7.850583553314209,7.72971374474998,10.336557388305664
7.81965970993042,7.724988221756316,10.406492233276367
7.819077014923096,7.723470521525346,10.447341918945312
7.878896236419678,7.805088499427907,10.360518455505371
7.87966775894165,7.748548060223194,10.424127578735352
7.864428520202637,7.753497698610382,10.306356430053711
7.808355808258057,7.764593622547441,10.468839645385742
7.841946601867676,7.778785448188761,10.411874771118164
7.864268779754639,7.780051534662821,10.375161170959473
7.856945037841797,7.730172739763345,10.424034118652344
7.879298210144043,7.807372761424631,10.426604270935059
7.837583541870117,7.706143987963774,10.325810432434082
7.851432800292969,7.744846237856629,10.335168838500977
7.843569755554199,7.738178748371347,10.400408744812012
7.860316753387451,7.760269540528368,10.494070053100586
7.87743616104126,7.750210360224758,10.406815528869629
7.833597660064697,7.775218374361948,10.437019348144531
7.829160213470459,7.779890774616173,10.399879455566406
7.834108352661133,7.748309728323615,10.451192855834961
7.823603630065918,7.718036480746898,10.420860290527344
7.799129009246826,7.686414656162794,10.411089897155762
7.86104154586792,7.732539419916326,10.415176391601562
7.873585224151611,7.767213452940009,10.375760078430176
7.848265647888184,7.724966329189816,10.350034713745117
7.821742534637451,7.730082539043257,10.375750541687012
7.804759502410889,7.750367185100913,10.40180778503418
7.803102016448975,7.744345811761117,10.392820358276367
7.804564476013184,7.693149107974023,10.372804641723633
7.823237419128418,7.731320956422548,10.445671081542969
7.781967639923096,7.7481714711591065,10.379931449890137
7.814754009246826,7.6988423000023305,10.422181129455566
7.787520408630371,7.69938734815722,10.419859886169434
7.8140692710876465,7.6825494386056175,10.381841659545898
7.795516014099121,7.734862693585455,10.281259536743164
7.794554233551025,7.744172255275772,10.415740966796875
7.800872325897217,7.7401391142380565,10.370353698730469
7.827532768249512,7.71797072874116,10.358354568481445
7.818805694580078,7.749044230307585,10.413103103637695
7.769928932189941,7.6965100495144725,10.406305313110352
7.809327125549316,7.706505782636149,10.342127799987793
7.778833866119385,7.686520411799262,10.398689270019531
7.792510032653809,7.713841599944447,10.340520858764648
7.773006916046143,7.706754111784644,10.317896842956543
7.827250003814697,7.749809547161151,10.408747673034668
7.787220478057861,7.742028559391786,10.400649070739746
7.778705596923828,7.68825548760859,10.406530380249023
7.7777204513549805,7.7023588599903245,10.404050827026367
7.772908687591553,7.676596945085164,10.45209789276123
7.7874369621276855,7.685029501062153,10.331928253173828
7.804105758666992,7.7312239588437865,10.405834197998047
7.789990425109863,7.676398182853259,10.370094299316406
7.779463768005371,7.705720737343654,10.437356948852539
7.76107120513916,7.66389104407946,10.385065078735352
7.770382404327393,7.70354805088469,10.450284957885742
7.777551651000977,7.660944549732709,10.428145408630371
7.772686958312988,7.674601196710553,10.419055938720703
7.811004161834717,7.659175262553617,10.432827949523926
7.779199600219727,7.640486720151135,10.377347946166992
7.7902631759643555,7.713454256532714,10.39405345916748
7.767826080322266,7.6917129730739235,10.450382232666016
7.7787652015686035,7.700693642221657,10.34768295288086
7.790472984313965,7.678403567822118,10.41372299194336
7.765531539916992,7.652495981925831,10.426595687866211
7.738570213317871,7.674474748017799,10.375799179077148
7.744409084320068,7.6869060465999475,10.392753601074219
7.719782829284668,7.6655953203194915,10.413272857666016
7.745487689971924,7.679057002766058,10.398219108581543
7.764550685882568,7.70088552184669,10.505449295043945
7.74484395980835,7.649219337119055,10.323463439941406
7.7407450675964355,7.6825136349736045,10.350492477416992
7.732461929321289,7.652115275783997,10.407133102416992
7.761364936828613,7.7144077961399615,10.436054229736328
7.726362228393555,7.65071792917193,10.442873001098633
7.761096954345703,7.658833298133687,10.517274856567383
7.724843978881836,7.634474479094414,10.366196632385254
7.751742839813232,7.67933081978533,10.310141563415527
7.72003173828125,7.631699902072016,10.469548225402832
7.749444007873535,7.656797333254612,10.386302947998047
7.7430853843688965,7.631697345325458,10.370572090148926
7.762875556945801,7.701153156513881,10.507176399230957
7.679800510406494,7.611509320525719,10.372562408447266
7.727938175201416,7.648216597336744,10.353564262390137
7.715332508087158,7.662012425650444,10.396371841430664
7.765796661376953,7.649589039518365,10.403472900390625
7.714619159698486,7.638275714158746,10.320737838745117
7.725817680358887,7.63649138492266,10.376047134399414
7.679575443267822,7.633667790996176,10.42406940460205
7.710565090179443,7.636495983361133,10.449750900268555
7.679739952087402,7.6445531436641305,10.375459671020508
7.69811487197876,7.6566878093539605,10.460319519042969
7.737987518310547,7.675606373531212,10.368440628051758
7.687788486480713,7.608699702158837,10.27924633026123
7.706054210662842,7.614755090791732,10.329889297485352
7.691025733947754,7.651251798462389,10.420164108276367
7.709781646728516,7.641118457906746,10.392826080322266
7.695827484130859,7.653257223444857,10.404302597045898
7.694453239440918,7.63239245692135,10.433902740478516
7.711239814758301,7.622897594634976,10.34959602355957
7.688388347625732,7.616136905637436,10.435870170593262
7.721616744995117,7.627937273288678,10.36175537109375
7.7044196128845215,7.648501237022824,10.312568664550781
7.687575340270996,7.6476136297985375,10.326004028320312
7.665981769561768,7.585972856364346,10.300439834594727
7.677792072296143,7.6193213170793435,10.350984573364258
7.6518449783325195,7.569746283781049,10.492654800415039
7.684024333953857,7.594282325523507,10.414467811584473
7.686855316162109,7.6635484266028335,10.389558792114258
7.661320209503174,7.592370609120866,10.371994972229004
7.693575859069824,7.646463272693967,10.374755859375
7.678707122802734,7.623025695227884,10.375389099121094
7.650232791900635,7.582392475301665,10.393513679504395
7.705418109893799,7.632118068568941,10.471278190612793
7.662108421325684,7.588765503705613,10.427173614501953
7.648156642913818,7.577753439678677,10.39525032043457
7.609278202056885,7.558552857388609,10.37303352355957
7.665363788604736,7.565249817811751,10.346649169921875
7.6455302238464355,7.5782908020940205,10.383211135864258
7.650571346282959,7.560444700066,10.327322006225586
7.646693229675293,7.593219174038884,10.397195816040039
7.625957012176514,7.5833656310569495,10.344707489013672
7.642727375030518,7.5793871145828495,10.363009452819824
7.64601993560791,7.603700584931565,10.301774978637695
7.655116081237793,7.617842746532656,10.244709014892578
7.647407531738281,7.580649196968547,10.364543914794922
7.680991172790527,7.583607837823885,10.344161987304688
7.644717216491699,7.618313089079623,10.376564025878906
7.632935047149658,7.601270843962474,10.328804969787598
7.640881538391113,7.59685600578918,10.441699981689453
7.638777732849121,7.604393757181242,10.434706687927246
7.64570951461792,7.587313159335671,10.299178123474121
7.593162536621094,7.58198429098619,10.344686508178711
7.654952526092529,7.602383857992079,10.453238487243652
7.597630977630615,7.556319170997345,10.44073486328125
7.61797571182251,7.542604370175728,10.388511657714844
7.588770866394043,7.545187544044373,10.419426918029785
7.619388580322266,7.566117215269644,10.397345542907715
7.623182773590088,7.572029039396772,10.527149200439453
7.628692626953125,7.567029626574366,10.402615547180176
7.616495132446289,7.608550698263571,10.393750190734863
7.582788944244385,7.583411957869041,10.441195487976074
7.587685585021973,7.564968477003276,10.384302139282227
7.600595951080322,7.5164723672371885,10.267436027526855
7.569594860076904,7.58651459250333,10.345019340515137
7.584619045257568,7.554527582999851,10.482595443725586
7.553953170776367,7.557624564073714,10.333440780639648
7.606574535369873,7.593834351482136,10.353333473205566
7.592064380645752,7.573104011526864,10.395183563232422
7.584834098815918,7.5303549877301394,10.398748397827148
7.554564476013184,7.513212759546669,10.324858665466309
7.567686557769775,7.571819577598944,10.41077995300293
7.622318267822266,7.547397578534271,10.398937225341797
7.590592384338379,7.496059469679105,10.297664642333984
7.600070476531982,7.552828947414778,10.431406021118164
7.551730155944824,7.519827722704837,10.434568405151367
7.5849761962890625,7.554691102355719,10.425596237182617
7.59250020980835,7.520866046792694,10.446815490722656
7.586562633514404,7.558484094483512,10.364274978637695
7.538062572479248,7.535680181579664,10.419846534729004
7.575270175933838,7.528751257008739,10.338555335998535
7.598943710327148,7.557183957525662,10.35191822052002
7.568003177642822,7.569954221103607,10.447908401489258
7.5525078773498535,7.486766386111932,10.34018611907959
7.5537896156311035,7.4903348118199835,10.38579273223877
7.585415363311768,7.547429453215695,10.432632446289062
7.572948932647705,7.525568745564669,10.290374755859375
7.576197147369385,7.558754297505532,10.41504192352295
7.568039417266846,7.554583517801283,10.383487701416016
7.534823417663574,7.502007893552737,10.388564109802246
7.5462870597839355,7.48785122297704,10.34058952331543
7.530562400817871,7.496169218793511,10.412458419799805
7.556009292602539,7.536531242874584,10.399433135986328
7.547177314758301,7.450415969061267,10.294307708740234
7.522187232971191,7.4993437241230705,10.394355773925781
7.533902645111084,7.49154009467124,10.447572708129883
7.525009632110596,7.498699141799339,10.407329559326172
7.520916938781738,7.529109633660743,10.376036643981934
7.525669574737549,7.527392526556339,10.342442512512207
7.502552509307861,7.504643101511258,10.336617469787598
7.504403591156006,7.456834200470309,10.319194793701172
7.495769500732422,7.44873180729337,10.352670669555664
7.489027976989746,7.496639490194086,10.390549659729004
7.529114723205566,7.5501083257674635,10.274514198303223
7.497824192047119,7.490855471463875,10.38032054901123
7.519364833831787,7.501892733853311,10.36172866821289
7.4527130126953125,7.420827574795112,10.40245246887207
7.514466285705566,7.454224116235439,10.420940399169922
7.5529303550720215,7.474440375176657,10.41950511932373
7.5117974281311035,7.52484748785251,10.330717086791992
7.518397331237793,7.512284295932789,10.441091537475586
7.509310245513916,7.463727857784501,10.463594436645508
7.468035697937012,7.40164145315066,10.401107788085938
7.540380954742432,7.507087961205148,10.434617042541504
7.4606781005859375,7.498607899162121,10.348228454589844
7.46911096572876,7.481095550049628,10.34432601928711
7.487854480743408,7.472691162888493,10.423588752746582
7.477152347564697,7.444260935631713,10.417567253112793
7.480677604675293,7.446421010619296,10.404830932617188
7.488174915313721,7.436700558323147,10.373779296875
7.430808067321777,7.432748184339808,10.413213729858398
7.510911464691162,7.479801247727925,10.415771484375
7.445886611938477,7.419889309776149,10.375008583068848
7.428213596343994,7.454786966854174,10.365531921386719
7.438518524169922,7.495608934700222,10.36246395111084
7.44143009185791,7.456716576391564,10.358100891113281
7.4551191329956055,7.446416394352646,10.397642135620117
7.4296064376831055,7.426160910965077,10.45235824584961
7.455621719360352,7.441547847718799,10.379915237426758
7.474723815917969,7.478849588261385,10.499418258666992
7.432195663452148,7.458635262745831,10.42325210571289
7.455048084259033,7.460633079853973,10.372676849365234
7.495297908782959,7.434362728048914,10.457216262817383
7.3986968994140625,7.4307056653446395,10.382600784301758
7.464761734008789,7.459368840924331,10.37881088256836
7.426993370056152,7.453992740617,10.355868339538574
7.460134983062744,7.452239601872861,10.369436264038086
7.453092575073242,7.450291072251275,10.507709503173828
7.440735816955566,7.436171039373481,10.34386157989502
7.4512786865234375,7.422332229624901,10.376931190490723
7.44514799118042,7.478034315397963,10.420690536499023
7.429965496063232,7.451442911588987,10.395317077636719
7.4456706047058105,7.439256183437205,10.497499465942383
7.428966522216797,7.395842756909718,10.466619491577148
7.407647132873535,7.403461255232937,10.471296310424805
7.408116340637207,7.41166248814469,10.34666919708252
7.457529544830322,7.432682528825744,10.442487716674805
7.404837131500244,7.409319620280127,10.397393226623535
7.4232282638549805,7.4606388763391545,10.422882080078125
7.4173808097839355,7.393694246620205,10.367542266845703
7.405048847198486,7.429555386637471,10.29731273651123
7.386600971221924,7.457178726492982,10.362674713134766
7.409091472625732,7.388720101444051,10.349865913391113
7.39614200592041,7.409373184799084,10.406129837036133
7.3951897621154785,7.452107169266259,10.354537963867188
7.4266357421875,7.417391138051504,10.503729820251465
7.412738800048828,7.445445831598979,10.420873641967773
7.35297155380249,7.406303850135633,10.445222854614258
7.392326831817627,7.395955214376695,10.325061798095703
7.406998157501221,7.394044321396255,10.455543518066406
7.373927593231201,7.366465798080233,10.432391166687012
7.39135217666626,7.390250207457159,10.420906066894531
7.382155418395996,7.383601108765495,10.390541076660156
7.36139440536499,7.427704324579931,10.41636848449707
7.379072189331055,7.377698690563972,10.289192199707031
7.3929877281188965,7.369016781116703,10.312080383300781
7.358813285827637,7.345298314832949,10.398171424865723
7.383731365203857,7.406079061495672,10.29172134399414
7.35693883895874,7.384854012268728,10.299847602844238
7.345736980438232,7.408643812672901,10.461959838867188
7.3556809425354,7.36521276415858,10.466161727905273
7.369325160980225,7.381116909041468,10.468116760253906
7.344783306121826,7.346573685927849,10.350821495056152
7.351840496063232,7.386897165161956,10.440185546875
7.36543083190918,7.398272277487974,10.40269660949707
7.357133388519287,7.414740309052702,10.498448371887207
7.33635950088501,7.344531872110176,10.492870330810547
7.337141513824463,7.321854589839599,10.407849311828613
7.357880592346191,7.387343552861628,10.390986442565918
7.318172931671143,7.373125398099157,10.360013961791992
7.355416297912598,7.381008134389828,10.502135276794434
7.311846733093262,7.340001380170828,10.463553428649902
7.345797538757324,7.346568644013521,10.34327507019043
7.316741466522217,7.357108513924426,10.3199462890625
7.296141624450684,7.357547595764377,10.345300674438477
7.327126979827881,7.330291855015925,10.424609184265137
7.348470687866211,7.384955991292372,10.351921081542969
7.318103790283203,7.366913869611119,10.467256546020508
7.34031343460083,7.35170041686589,10.390706062316895
7.2980451583862305,7.332276231808853,10.413403511047363
7.3435893058776855,7.3943751332948775,10.409156799316406
7.3362717628479,7.342690757276224,10.405952453613281
7.325814247131348,7.344733623355361,10.351126670837402
7.32517147064209,7.376892110632201,10.455239295959473
7.289951324462891,7.309505108511074,10.406797409057617
7.293557643890381,7.328336413683637,10.35067081451416
7.323897838592529,7.345285908718194,10.368098258972168
7.333765029907227,7.353314863052219,10.402499198913574
7.29532527923584,7.3023904646813325,10.422428131103516
7.323679447174072,7.368320276395285,10.432842254638672
7.318913459777832,7.383335533684917,10.467960357666016
7.30654239654541,7.375742138696035,10.335792541503906
7.290188312530518,7.3411041236748655,10.41847038269043
7.265738487243652,7.326900205375361,10.451173782348633
7.272762298583984,7.340467070262614,10.448617935180664
7.289992332458496,7.381266654202981,10.394552230834961
7.2548980712890625,7.311131254503769,10.470830917358398
7.28151798248291,7.331645672475654,10.346471786499023
7.253647804260254,7.319385448703543,10.41965389251709
7.282035827636719,7.350287996199248,10.359888076782227
7.262213230133057,7.320757382249992,10.266511917114258
7.263611793518066,7.316551685865436,10.375886917114258
7.284633159637451,7.322385241643393,10.379907608032227
7.257624626159668,7.304768847634218,10.46826171875
7.259862422943115,7.34433225588873,10.3602294921875
7.179441452026367,7.286535361316056,10.379585266113281
7.236212253570557,7.310984279361687,10.283525466918945
7.234227180480957,7.296581545179443,10.478572845458984
7.241903305053711,7.289591347599136,10.305482864379883
7.267164707183838,7.316382268909365,10.362466812133789
7.25817346572876,7.302865988608184,10.478986740112305
7.247110366821289,7.338793496568021,10.27302360534668
7.258993148803711,7.3303896781788875,10.40052604675293
7.260505199432373,7.278684479417279,10.431682586669922
7.266696929931641,7.297206656076013,10.393738746643066
7.214806079864502,7.335625014999616,10.327828407287598
7.235326766967773,7.318095217858041,10.335582733154297
7.252223491668701,7.29376918057512,10.379361152648926
7.217878818511963,7.267459325824997,10.275346755981445
7.248680591583252,7.33829059288837,10.36424732208252
7.226464748382568,7.313780542330018,10.356822967529297
7.199085712432861,7.2591404128220995,10.364063262939453
7.2231574058532715,7.273204336342003,10.435772895812988
7.223507404327393,7.305209123662541,10.349393844604492
7.188223361968994,7.267067497828975,10.374682426452637
7.229793071746826,7.304663937372554,10.308878898620605
7.205941677093506,7.277574190770143,10.433832168579102
7.18986701965332,7.29056365305691,10.423484802246094
7.221823215484619,7.307599335609536,10.34552001953125
7.197063446044922,7.257057436276227,10.330163955688477
7.1986918449401855,7.248122659578387,10.329937934875488
7.192442417144775,7.285928431931618,10.387554168701172
7.194628715515137,7.25404252401287,10.371182441711426
7.18462610244751,7.289661226860646,10.371783256530762
7.184993743896484,7.2670688599547635,10.352213859558105
7.170979976654053,7.232709214157824,10.416500091552734
7.15308952331543,7.260650310199708,10.491266250610352
7.17739200592041,7.245991467099105,10.394424438476562
7.181015491485596,7.25385883992671,10.496452331542969
7.224189281463623,7.281379713444038,10.416703224182129
7.157937049865723,7.198419541020744,10.32595443725586
7.164694786071777,7.241440777434036,10.412321090698242
7.160260200500488,7.272987076147858,10.373294830322266
7.126291275024414,7.203162878984585,10.34718132019043
7.118014335632324,7.2373523768702785,10.319936752319336
7.138813495635986,7.19380052161536,10.40939712524414
7.1540913581848145,7.190161970277716,10.389656066894531
7.126393795013428,7.202399905139048,10.369913101196289
7.1160054206848145,7.241101052212928,10.373235702514648
7.1620659828186035,7.219775889102102,10.362269401550293
7.131994247436523,7.264347830887085,10.377518653869629
7.107784748077393,7.2278312425062605,10.37295150756836
7.130344390869141,7.226105549106641,10.316758155822754
7.132147789001465,7.233915599162824,10.419221878051758
7.110058784484863,7.2099860213763485,10.417686462402344
7.1439528465271,7.216865385051019,10.333362579345703
7.115220069885254,7.202368307259999,10.395857810974121
7.080813884735107,7.179856061004102,10.345367431640625
7.155536651611328,7.24199733806641,10.379215240478516
7.126430988311768,7.202097373049973,10.402060508728027
7.101677894592285,7.202890281665271,10.371402740478516
7.077238082885742,7.214092466082159,10.471492767333984
7.1363911628723145,7.2446045209653676,10.416620254516602
7.105035781860352,7.168368705548346,10.45445728302002
7.100591659545898,7.203641417735655,10.381800651550293
7.1039299964904785,7.1940517539624125,10.45372200012207
7.115509510040283,7.196267378350187,10.383220672607422
7.094086647033691,7.2197090341776065,10.411502838134766
7.101109027862549,7.212380798167682,10.396153450012207
7.085712909698486,7.193589494497115,10.302248001098633
7.13062858581543,7.217053397159492,10.427148818969727
7.085110187530518,7.199125696705389,10.320919036865234
7.082571506500244,7.203267807307254,10.412479400634766
7.099467754364014,7.188893425943595,10.436744689941406
7.103175640106201,7.202185197932911,10.341861724853516
7.098617076873779,7.214856323519989,10.312938690185547
7.096907615661621,7.19855779835156,10.374506950378418
7.038147449493408,7.174393124346222,10.44369125366211
7.075902462005615,7.199520776114825,10.420598983764648
7.055168151855469,7.159291082095089,10.416540145874023
7.064176082611084,7.196196991018951,10.385990142822266
7.091944694519043,7.179103657603264,10.430707931518555
7.046768665313721,7.168871795791866,10.416739463806152
7.034051418304443,7.16120679397136,10.346905708312988
7.060615062713623,7.188465446732672,10.451363563537598
7.059012413024902,7.1807537288737615,10.39659595489502
7.069698810577393,7.206455957477113,10.380477905273438
7.069564342498779,7.159997009705486,10.424505233764648
7.059126377105713,7.200518558134458,10.333120346069336
7.045081615447998,7.168361658662823,10.403337478637695
7.040207862854004,7.146381128945254,10.424600601196289
7.049906253814697,7.16573785777603,10.426843643188477
7.059230804443359,7.1876148900482795,10.345369338989258
7.072511672973633,7.173384592435988,10.357234954833984
7.040209770202637,7.158507375312704,10.493703842163086
7.036005973815918,7.160852989714061,10.401138305664062
7.03000020980835,7.127424167768498,10.348223686218262
7.013893127441406,7.155312029678107,10.28984546661377
7.009803295135498,7.16479973920754,10.342175483703613
7.014484405517578,7.120823011899899,10.386425018310547
6.995386600494385,7.149029346947957,10.440038681030273
7.029778003692627,7.131211809281791,10.347358703613281
7.018636226654053,7.136863273568451,10.397134780883789
7.024101257324219,7.15706007528518,10.391196250915527
7.004415035247803,7.133568254598815,10.27149772644043
7.031285285949707,7.173286710566442,10.379931449890137
7.001048564910889,7.158931872341782,10.342589378356934
7.026275634765625,7.166521263741222,10.44412612915039
7.018918514251709,7.120462196047551,10.30062198638916
6.992932319641113,7.126613978063687,10.370108604431152
7.004467964172363,7.151914453333509,10.40829849243164
6.969064235687256,7.09703269990028,10.375032424926758
6.987433433532715,7.10976440246616,10.369743347167969
7.000121116638184,7.113091143646411,10.400134086608887
6.980617046356201,7.121244028144117,10.404850006103516
6.979230880737305,7.082784205142941,10.410975456237793
6.97863245010376,7.12380251178651,10.312191009521484
6.993110179901123,7.114299178988274,10.410728454589844
7.000230312347412,7.124250178691,10.408976554870605
6.971189022064209,7.078879731042045,10.386880874633789
6.973077297210693,7.124944213944088,10.479156494140625
6.984665870666504,7.159318150253967,10.351909637451172
6.963603973388672,7.13624008043137,10.326467514038086
6.977295875549316,7.080465570424817,10.411307334899902
6.958106517791748,7.105064355435648,10.421562194824219
6.968730926513672,7.082199294120073,10.437849044799805
6.968170166015625,7.12035345046648,10.413387298583984
6.925626754760742,7.134132279615319,10.410407066345215
6.959030628204346,7.104571396651279,10.324578285217285
6.953884601593018,7.101052591577171,10.334039688110352
6.9696125984191895,7.077024937540825,10.451616287231445
6.9258503913879395,7.082137192732521,10.368425369262695
6.896504878997803,7.076493572244154,10.403715133666992
6.958337306976318,7.122255648985239,10.400732040405273
6.9189276695251465,7.0873466883120795,10.481375694274902
6.921233654022217,7.0598555478666505,10.374015808105469
6.923617362976074,7.073054334381595,10.478109359741211
6.966987133026123,7.14962241552504,10.408866882324219
6.934104919433594,7.076868635336204,10.392755508422852
6.948290824890137,7.068498746824584,10.38258171081543
6.915390968322754,7.062182613581951,10.495800018310547
6.9307169914245605,7.057121297776964,10.39857292175293
6.923243045806885,7.06084487444189,10.37698745727539
6.907961845397949,7.107402874855325,10.366219520568848
6.922694206237793,7.097654511619891,10.328266143798828
6.868479251861572,7.068355229450389,10.36091423034668
6.913540363311768,7.126541750771658,10.444034576416016
6.887582778930664,7.056812261331028,10.461015701293945
6.914175510406494,7.106716329730781,10.40228271484375
6.903628826141357,7.0842307989285995,10.41021728515625
6.91502571105957,7.123114918258839,10.411086082458496
6.900914192199707,7.051128641269834,10.36508560180664
6.901098251342773,7.012068509822711,10.390358924865723
6.90414571762085,7.056624247925356,10.350448608398438
6.883260726928711,7.069532347676743,10.42770004272461
6.892041206359863,7.068344052581647,10.319908142089844
6.915185928344727,7.011721698400964,10.377084732055664
6.9047136306762695,7.082897899905221,10.359501838684082
6.8765740394592285,7.019869556184858,10.401848793029785
6.848666667938232,7.063430479494855,10.406598091125488
6.851354122161865,7.049353262076952,10.345450401306152
6.8887128829956055,7.106102786459294,10.331039428710938
6.858783721923828,7.048091250039371,10.343955993652344
6.859431266784668,7.0396939331133455,10.371548652648926
6.868929862976074,7.027623971658094,10.3939208984375
6.871106147766113,7.041106824962688,10.44136905670166
6.840920448303223,7.009084991378977,10.373987197875977
6.842329502105713,7.0256259435388655,10.521448135375977
6.855738639831543,7.045389842375048,10.478015899658203
6.863447189331055,7.087776416280706,10.435510635375977
6.848763465881348,7.002409840102441,10.444755554199219
6.841371059417725,7.035527686621728,10.34919261932373
6.838351726531982,7.023735518567264,10.403790473937988
6.861832141876221,7.043728783859738,10.331954956054688
6.80485725402832,6.979406090420007,10.355608940124512
6.854153156280518,7.008591545778992,10.438657760620117
6.838700294494629,6.998513327878236,10.406919479370117
6.82218599319458,7.028518209865849,10.43078899383545
6.806720733642578,7.005700470713366,10.310544967651367
6.812048435211182,6.985575395436692,10.384859085083008
6.812686920166016,6.9834927221361,10.34506893157959
6.818351745605469,7.041270413003597,10.376424789428711
6.832396030426025,7.03471668563517,10.416078567504883
6.804011344909668,6.962986895249092,10.368544578552246
6.8344621658325195,7.030599747684652,10.399526596069336
6.793979167938232,6.978920949789297,10.388017654418945
6.82424259185791,7.027732347770195,10.375444412231445
6.797051906585693,7.010989484709821,10.445932388305664
6.8032684326171875,7.036286079624136,10.303918838500977
6.810568809509277,6.994025612449539,10.286417961120605
6.787459373474121,6.970819795038551,10.43589973449707
6.824856758117676,6.982477607272034,10.425135612487793
6.799949645996094,7.001998293679208,10.363781929016113
6.781104564666748,6.9640104335932325,10.380992889404297
6.76413106918335,6.960852791488703,10.3753080368042
6.783298015594482,6.970444855246959,10.38341236114502
6.784939289093018,6.947912108751812,10.440285682678223
6.751942157745361,6.999178474336596,10.394542694091797
6.804192066192627,7.0008228530641645,10.422428131103516
6.81154203414917,7.0532443320179095,10.337614059448242
6.778735637664795,7.0014571170987825,10.414373397827148
6.809961795806885,7.003412310167082,10.411506652832031
6.773228168487549,6.952441521221772,10.420127868652344
6.773877143859863,6.993249779933,10.32908821105957
6.780699253082275,6.947347557205441,10.424412727355957
6.7616987228393555,6.938606406894646,10.384639739990234
6.783079147338867,6.992447325161526,10.281150817871094
6.756685256958008,6.972020926153554,10.36062240600586
6.753265857696533,6.99480016682563,10.429041862487793
6.739497184753418,6.93326514317388,10.420677185058594
6.750066757202148,6.975298142559561,10.407944679260254
6.746889591217041,6.94060591738006,10.375762939453125
6.732430934906006,6.932629199199645,10.340270042419434
6.730635643005371,6.938549405296467,10.358419418334961
6.739346981048584,6.952827743720263,10.397664070129395
6.730680465698242,6.923239966422053,10.439956665039062
6.7359113693237305,6.919662378894698,10.442662239074707
6.732301235198975,6.978140119330159,10.386849403381348
6.723702907562256,6.968059538896861,10.342604637145996
6.725218296051025,6.966190376485299,10.413538932800293
6.72474479675293,6.9204114810563615,10.366684913635254
6.7134199142456055,6.897571545559913,10.387886047363281
6.745645046234131,6.9266994737886955,10.447375297546387
6.723158359527588,6.947067704783487,10.343077659606934
6.6908040046691895,6.952845884254202,10.42672348022461
6.708557605743408,6.958666255996961,10.379463195800781
6.7072343826293945,6.94210906506383,10.453372955322266
6.7262701988220215,6.937912648344146,10.283087730407715
6.717072486877441,6.915489565980221,10.313108444213867
6.678908348083496,6.942781946222698,10.31613540649414
6.70808744430542,6.920074524424438,10.425138473510742
6.685893535614014,6.910734617417413,10.406780242919922
6.704808712005615,6.9253654912047615,10.434338569641113
6.696441650390625,6.921154911563333,10.318032264709473
6.67303466796875,6.915230176977015,10.50847053527832
6.690380573272705,6.917773960357797,10.347090721130371
6.675887584686279,6.929161317480196,10.368644714355469
6.690572261810303,6.922806836232278,10.401552200317383
6.693479061126709,6.926361490373633,10.408352851867676
6.694798946380615,6.93146110332704,10.293909072875977
6.680688381195068,6.919766280633797,10.354416847229004
6.682309150695801,6.932930971030146,10.369852066040039
6.660183906555176,6.92418339030285,10.437233924865723
6.680105209350586,6.9048681689891955,10.423203468322754
6.644715785980225,6.914970493642613,10.363767623901367
6.6383256912231445,6.8456292404194485,10.421380043029785
6.6569695472717285,6.9103215754564316,10.409905433654785
6.668478965759277,6.909146595047787,10.494111061096191
6.666790962219238,6.918145271916209,10.430021286010742
6.647883892059326,6.87891259420264,10.470239639282227
6.6465044021606445,6.856041783001275,10.42400074005127
6.6584672927856445,6.8852070814796855,10.376155853271484
6.665468692779541,6.9100207058446745,10.415496826171875
6.642965316772461,6.916654441139793,10.384998321533203
6.63486385345459,6.885173577150064,10.381141662597656
6.624125003814697,6.861830900356706,10.405803680419922
6.6308512687683105,6.836865361480575,10.385706901550293
6.635284423828125,6.870089711455097,10.408961296081543
6.62312126159668,6.848389336573225,10.373631477355957
6.619013786315918,6.870563130060742,10.41981029510498
6.627633094787598,6.85273450134056,10.42399787902832
6.6221747398376465,6.875756812514737,10.376761436462402
6.621129035949707,6.868160168507269,10.383916854858398
6.606962203979492,6.863315880065784,10.522500991821289
6.623562812805176,6.874560723613416,10.409276008605957
6.610881328582764,6.868944196263328,10.417623519897461
6.58240270614624,6.904827486224739,10.332128524780273
6.605765342712402,6.8381907981820405,10.343772888183594
6.606818675994873,6.809729301071327,10.36560344696045
6.6038103103637695,6.879751461524783,10.505010604858398
6.597751617431641,6.850315850327856,10.441825866699219
6.593868255615234,6.881648786964693,10.366277694702148
6.607595443725586,6.882456814271531,10.484798431396484
6.5960893630981445,6.855228858966647,10.41715145111084
6.594510078430176,6.807513858391237,10.362595558166504
6.5802717208862305,6.805769126829026,10.310612678527832
6.593136310577393,6.886399735829659,10.351329803466797
6.573361396789551,6.869372864519911,10.378396987915039
6.563930034637451,6.853209444088861,10.41383171081543
6.583053112030029,6.810920526107241,10.36676025390625
6.581225395202637,6.815615760594872,10.402748107910156
6.573459625244141,6.854907054187995,10.322569847106934
6.586576461791992,6.817912611179054,10.432294845581055
6.56630277633667,6.809886283241213,10.404523849487305
6.568401336669922,6.829108379448631,10.35741138458252
6.573103427886963,6.850525235491139,10.40534782409668
6.543214797973633,6.819562120396377,10.405778884887695
6.562387466430664,6.79613354918547,10.315174102783203
6.557055950164795,6.808119296794757,10.412651062011719
6.552777290344238,6.820321657096169,10.41769027709961
6.544946670532227,6.800669237904781,10.410290718078613
6.540165901184082,6.821497081645897,10.351505279541016
6.552107810974121,6.797052640667451,10.313285827636719
6.539280414581299,6.857706065954906,10.33228588104248
6.531206130981445,6.817706067081808,10.330583572387695
6.525910377502441,6.806339118396864,10.435334205627441
6.541435718536377,6.778264382022566,10.42103099822998
6.533492088317871,6.838780030109254,10.323832511901855
6.559218406677246,6.803217670913519,10.454485893249512
6.555050373077393,6.831380845812548,10.430298805236816
6.54245138168335,6.789255594635116,10.366086959838867
6.525705814361572,6.821186749031767,10.403009414672852
6.524240016937256,6.84981821953053,10.374486923217773
6.511534214019775,6.811712030288098,10.34386157989502
6.543105125427246,6.819460022895198,10.373211860656738
6.53721809387207,6.798648969203766,10.31081771850586
6.515851020812988,6.781675399447392,10.374250411987305
6.499291896820068,6.747609409270808,10.335776329040527
6.511699199676514,6.7944585374623,10.421873092651367
6.4856181144714355,6.746319624994483,10.396158218383789
6.500973701477051,6.786288160664428,10.447418212890625
6.50506067276001,6.7988921485043,10.324003219604492
6.5171895027160645,6.815460327280951,10.386652946472168
6.499691009521484,6.817633173095862,10.34714126586914
6.47871732711792,6.7875169713183165,10.422916412353516
6.496493339538574,6.807209309523127,10.374215126037598
6.472535133361816,6.816443172815655,10.373241424560547
6.473538398742676,6.78379376036381,10.366353034973145
6.485462188720703,6.797553142133568,10.457396507263184
6.485718250274658,6.804186672704028,10.348213195800781
6.493504047393799,6.773731013560401,10.387578964233398
6.48356819152832,6.752860106128667,10.413476943969727
6.4441728591918945,6.74502068674857,10.390750885009766
6.50784158706665,6.770076265691648,10.338006973266602
6.496678352355957,6.785809394970004,10.379667282104492
6.45393705368042,6.74870501199205,10.344757080078125
6.464945316314697,6.758813192968123,10.369708061218262
6.459702968597412,6.770125984846215,10.440535545349121
6.443475246429443,6.698842066140578,10.420602798461914
6.464849948883057,6.739166239010436,10.423583984375
6.423354148864746,6.7332986298882,10.371631622314453
6.453564167022705,6.759183058149315,10.41329288482666
6.448975563049316,6.763062708678522,10.40145492553711
6.458001613616943,6.74487783423891,10.353784561157227
6.443267345428467,6.746148444579116,10.473098754882812
6.428337574005127,6.764853130028184,10.401237487792969
6.431317329406738,6.752017958056447,10.393427848815918
6.428598403930664,6.740060628890725,10.41862678527832
6.453396320343018,6.763252793079507,10.403976440429688
6.430796146392822,6.701910720306582,10.36650276184082
6.434794902801514,6.747986334276252,10.369850158691406
6.435357570648193,6.712596890948979,10.463703155517578
6.418233871459961,6.739234850708662,10.385224342346191
6.4228596687316895,6.748858712147921,10.425444602966309
6.437923908233643,6.726724186113902,10.303483963012695
6.434135437011719,6.747802526490497,10.360860824584961
6.424388408660889,6.725112808701981,10.410000801086426
6.412259578704834,6.7050958370257705,10.391680717468262
6.413729190826416,6.742133695266343,10.363702774047852
6.401998043060303,6.730405084655754,10.363747596740723
6.39849853515625,6.721728755626828,10.37768268585205
6.4191741943359375,6.726590692132179,10.481767654418945
6.404040336608887,6.661508343614904,10.415519714355469
6.390741348266602,6.678073327522725,10.357433319091797
6.398808002471924,6.731360009039886,10.417248725891113
6.396355152130127,6.720109229508255,10.384822845458984
6.376777172088623,6.720362679101527,10.448036193847656
6.382338047027588,6.693658440506884,10.459775924682617
6.414167881011963,6.696607071174575,10.385738372802734
6.400115489959717,6.717534815493439,10.383468627929688
6.396085739135742,6.705958713976932,10.373007774353027
6.363753795623779,6.687071899085173,10.38366985321045
6.405090808868408,6.700202768369179,10.404182434082031
6.3906121253967285,6.694456301163882,10.404766082763672
6.355319023132324,6.688942308171786,10.349631309509277
6.377251148223877,6.6854723261868845,10.363712310791016
6.364730358123779,6.684683826120039,10.425824165344238
6.3568501472473145,6.65010884327681,10.37961196899414
6.37860631942749,6.688617822847196,10.373892784118652
6.360323905944824,6.6509733577258885,10.432451248168945
6.365653038024902,6.68896377382667,10.340253829956055
6.381087303161621,6.691490795862462,10.392396926879883
6.333178997039795,6.651846827240661,10.386101722717285
6.360517501831055,6.688933396878253,10.439088821411133
6.345450401306152,6.685831855616665,10.458181381225586
6.343773365020752,6.671725440471034,10.401443481445312
6.379765510559082,6.710547262170751,10.343785285949707
6.356049060821533,6.668943737533741,10.334226608276367
6.351128101348877,6.688448336341286,10.36560344696045
6.342784404754639,6.6363880654930005,10.32303524017334
6.346109867095947,6.701029093703255,10.361967086791992
6.366266250610352,6.6618749509964665,10.31362533569336
6.347841739654541,6.64091383948523,10.354541778564453
6.354548454284668,6.661355055236657,10.323705673217773
6.346778392791748,6.658935700543225,10.438395500183105
6.350988388061523,6.688184877957351,10.29786491394043
6.340369701385498,6.63142975642612,10.44268798828125
6.323306560516357,6.649991044375513,10.379955291748047
6.32716703414917,6.659997180636441,10.509395599365234
6.32117223739624,6.664546180682789,10.329052925109863
6.319544792175293,6.657321614346333,10.428845405578613
6.313989162445068,6.622049411392903,10.412975311279297
6.29170560836792,6.643105909527678,10.435230255126953
6.315746307373047,6.671372363975804,10.375662803649902
6.307254314422607,6.6292571254473724,10.419689178466797
6.3024983406066895,6.637365969330338,10.412734985351562
6.292269706726074,6.659714509400407,10.36923885345459
6.31527042388916,6.6316601214930415,10.385353088378906
6.311465740203857,6.604137232660184,10.310940742492676
6.311384201049805,6.652578367452536,10.365104675292969
6.3106889724731445,6.65361589868553,10.280657768249512
6.291873455047607,6.650779475524489,10.486438751220703
6.280856609344482,6.655195877920571,10.373703002929688
6.288424491882324,6.645176773192361,10.445749282836914
6.284538269042969,6.623884018277749,10.386356353759766
6.265161514282227,6.65464353291983,10.438621520996094
6.300407886505127,6.663813929638958,10.47688102722168
6.285412311553955,6.637794191816024,10.355411529541016
6.262239456176758,6.586648214941046,10.420263290405273
6.265279293060303,6.582048376722793,10.342032432556152
6.2769904136657715,6.621783912348162,10.402167320251465
6.266327381134033,6.628678477202941,10.329479217529297
6.272623538970947,6.602705330222047,10.502771377563477
6.255509376525879,6.6311149664688855,10.4334077835083
6.263899803161621,6.631403661000409,10.281365394592285
6.243449687957764,6.629257594002412,10.356355667114258
6.288731575012207,6.628839709729489,10.401998519897461
6.254055500030518,6.617056553152256,10.403623580932617
6.246098518371582,6.630801857615422,10.398679733276367
6.250904560089111,6.614312074779134,10.365159034729004
6.263312816619873,6.626866637496279,10.352168083190918
6.235772132873535,6.616409836702847,10.361272811889648
6.236232280731201,6.582182568531216,10.403614044189453
6.240126132965088,6.624232579022646,10.37258529663086
6.240293979644775,6.6203801464954655,10.350550651550293
6.2412590980529785,6.624383198296917,10.424215316772461
6.248310089111328,6.588580619676836,10.375038146972656
6.246531963348389,6.597502216630216,10.449056625366211
6.240877628326416,6.575818966741541,10.51980209350586
6.223696708679199,6.532838244223967,10.430340766906738
6.234777450561523,6.627097938542387,10.390436172485352
6.222653865814209,6.579991829415251,10.43765640258789
6.244181156158447,6.577573757019958,10.412619590759277
6.234626770019531,6.595456100468125,10.415434837341309
6.2189836502075195,6.620463363360614,10.33135986328125
6.224314212799072,6.596043186761172,10.373351097106934
6.203775882720947,6.568011654873512,10.364303588867188
6.211231231689453,6.559851050609723,10.42115592956543
6.2236175537109375,6.568512391864456,10.416769027709961
6.215821743011475,6.5715915017561715,10.334948539733887
6.2064433097839355,6.584381926538689,10.508476257324219
6.2114973068237305,6.586167315154203,10.457500457763672
6.20496940612793,6.533151996987207,10.396135330200195
6.205514430999756,6.543923659383187,10.425823211669922
6.201226711273193,6.56305274796406,10.376437187194824
6.187869071960449,6.558261792973749,10.264273643493652
6.195419788360596,6.562363097211346,10.4073486328125
6.206655025482178,6.542144065124116,10.40827751159668
6.196412563323975,6.551203088202913,10.386805534362793
6.194490909576416,6.584724776446819,10.43832015991211
6.189481258392334,6.606590461518083,10.484567642211914
6.187485218048096,6.542973560713497,10.429533004760742
6.178652286529541,6.531998626289091,10.41849136352539
6.176148891448975,6.566539749869013,10.379796981811523
6.183238983154297,6.539934125795428,10.44682502746582
6.193077087402344,6.518068950656535,10.420031547546387
6.152773857116699,6.527394697435998,10.351764678955078
6.1631178855896,6.5409641362327555,10.36021614074707
6.170101642608643,6.541490665903049,10.371685028076172
6.192502498626709,6.558840379285227,10.356118202209473
6.170386791229248,6.531455572927371,10.37847900390625
6.182468414306641,6.57351683772036,10.455826759338379
6.160555362701416,6.509403340352168,10.340065002441406
6.179123401641846,6.57394612563907,10.40262222290039
6.167480945587158,6.566113955441064,10.419951438903809
6.147457122802734,6.549341901970495,10.338212013244629
6.1571879386901855,6.5387703743430645,10.326952934265137
6.142684459686279,6.515130263320836,10.513067245483398
6.161496162414551,6.51517132643078,10.280482292175293
6.163145542144775,6.58952652543251,10.414165496826172
6.145710468292236,6.499186718171196,10.371261596679688
6.139753818511963,6.466173597511702,10.390828132629395
6.1510844230651855,6.506365429277398,10.360139846801758
6.147130966186523,6.5515180439688265,10.354350090026855
6.123938083648682,6.553048772837168,10.34518051147461
6.160543441772461,6.538966374172428,10.372260093688965
6.119227886199951,6.519093926663378,10.368821144104004
6.1391282081604,6.530705252795348,10.329141616821289
6.130244731903076,6.509232220838644,10.379332542419434
6.131608486175537,6.5215960029911795,10.416816711425781
6.118704319000244,6.481546988078792,10.379045486450195
6.104674339294434,6.532454572318654,10.333388328552246
6.118367671966553,6.529781639575958,10.365958213806152
6.112941265106201,6.564135793962382,10.449272155761719
6.100863933563232,6.560801215103961,10.410646438598633
6.110748291015625,6.478934694813299,10.44264030456543
6.113065719604492,6.529763448218415,10.403797149658203
6.121263027191162,6.470562553532156,10.377163887023926
6.095727920532227,6.506446512216436,10.43142318725586
6.085671424865723,6.5096040875983565,10.454307556152344
6.100593566894531,6.502450052582259,10.354202270507812
6.11777400970459,6.515055298738714,10.357308387756348
6.097805500030518,6.476636635571985,10.47839069366455
6.076925277709961,6.483669251103753,10.338628768920898
6.099241256713867,6.472201299188392,10.38700008392334
6.083681583404541,6.5199219168696025,10.495122909545898
6.096856117248535,6.446700282062271,10.33505916595459
6.099664688110352,6.504545660523165,10.353343963623047
6.080390930175781,6.502923848107457,10.445280075073242
6.089169502258301,6.482570043399132,10.368611335754395
6.083277225494385,6.488196197797411,10.426435470581055
6.094915390014648,6.475112681609711,10.416159629821777
6.081148147583008,6.500175165378357,10.395522117614746
6.092609882354736,6.501586421592427,10.445804595947266
6.064104080200195,6.4547340691954425,10.336566925048828
6.043792724609375,6.441266123770869,10.474851608276367
6.090059757232666,6.4604905363105765,10.471230506896973
6.070981025695801,6.485667405051313,10.401482582092285
6.068803310394287,6.507504438981413,10.409509658813477
6.068152904510498,6.524664397717321,10.420412063598633
6.065622329711914,6.474092213869361,10.364483833312988
6.084596633911133,6.45790262403898,10.43583869934082
6.060828685760498,6.443606652585523,10.415245056152344
6.043339729309082,6.470126951545743,10.440899848937988
6.042358875274658,6.457992371903467,10.370293617248535
6.0617756843566895,6.461220651499128,10.413331031799316
6.038278102874756,6.455385731067508,10.357229232788086
6.039302825927734,6.435915459213511,10.451993942260742
6.041491985321045,6.436028755303207,10.49850845336914
6.031314849853516,6.494431662772383,10.443103790283203
6.031759738922119,6.496553188356172,10.451092720031738
6.033372402191162,6.466930574837274,10.389030456542969
6.047170162200928,6.4474502121364425,10.506332397460938
6.038081645965576,6.466098565674786,10.454099655151367
6.040731430053711,6.453922802781952,10.324563980102539
6.0325093269348145,6.471670901535877,10.349919319152832
6.034936428070068,6.454337198819433,10.426334381103516
6.040004730224609,6.4166293917556425,10.382757186889648
6.019778728485107,6.44154984470723,10.451855659484863
6.016577243804932,6.43971671865854,10.338348388671875
6.020155906677246,6.44949999840797,10.40135383605957
6.023636817932129,6.484000798846995,10.390666961669922
6.024643421173096,6.472633479728496,10.346074104309082
6.029425144195557,6.406364605695542,10.378786087036133
6.044469356536865,6.428575486942593,10.368946075439453
6.019251823425293,6.4175308904544055,10.433749198913574
6.008590221405029,6.447687895802249,10.432657241821289
6.0127997398376465,6.470100675776068,10.379528045654297
5.996962070465088,6.423142668857639,10.390673637390137
6.009716033935547,6.447189468424767,10.298761367797852
6.0105767250061035,6.426682217146403,10.410490036010742
6.0055766105651855,6.454991535084056,10.428291320800781
5.983031272888184,6.38912180182524,10.328357696533203
5.99062442779541,6.372594294703699,10.42383098602295
6.019125938415527,6.366399540931785,10.383304595947266
5.998000621795654,6.480391420922907,10.49039363861084
5.988338470458984,6.402027534453996,10.380976676940918
5.985334396362305,6.400133842436065,10.412038803100586
5.954392910003662,6.425151183868626,10.303659439086914
5.998154163360596,6.445140912496884,10.329044342041016
5.970980167388916,6.428781369202105,10.348714828491211
5.992147922515869,6.400771561943527,10.45130729675293
5.9643025398254395,6.444092812515528,10.393233299255371
5.962677478790283,6.41030803672038,10.478099822998047
5.950750827789307,6.415714174741879,10.392309188842773
5.971789360046387,6.4175307092789025,10.423810005187988
5.9856438636779785,6.389454458607361,10.325271606445312
5.950498580932617,6.417510965373367,10.436670303344727
5.9573750495910645,6.443290779234044,10.388689994812012
5.966838836669922,6.409315256801035,10.381638526916504
5.9719438552856445,6.397933192251782,10.38371467590332
5.957640171051025,6.398594338480117,10.30791187286377
5.952234268188477,6.393489919037425,10.410085678100586
5.948103904724121,6.425669694884813,10.449662208557129
5.967991828918457,6.430965141426505,10.496711730957031
5.959005832672119,6.392313390670877,10.373589515686035
5.937201499938965,6.388303261483088,10.401208877563477
5.940197944641113,6.3900697421216,10.332555770874023
5.946075916290283,6.342428986548579,10.493612289428711
5.962724685668945,6.374885609107358,10.418039321899414
5.932074069976807,6.38482834541771,10.42505931854248
5.964964866638184,6.374923588275644,10.37771224975586
5.932415008544922,6.38837643909002,10.37433910369873
5.957461357116699,6.391575793868729,10.358231544494629
5.925249099731445,6.391215529392606,10.36665153503418
5.923227310180664,6.396552238014659,10.388296127319336
5.942635536193848,6.370681911839971,10.39279556274414
5.920947074890137,6.394547852887107,10.329804420471191
5.906245708465576,6.398927787285564,10.460702896118164
5.923434257507324,6.387362340797803,10.458329200744629
5.923224449157715,6.377976098430476,10.426410675048828
5.913384437561035,6.368261149153113,10.366517066955566
5.913610935211182,6.397621092918728,10.456567764282227
5.89646053314209,6.356278324067326,10.33321762084961
5.902821063995361,6.359986115180488,10.441384315490723
5.919523239135742,6.384340777028617,10.50656795501709
5.887185096740723,6.346508738485032,10.366226196289062
5.904716491699219,6.334967582519831,10.339151382446289
5.9077911376953125,6.380683694234384,10.42613410949707
5.89661979675293,6.397911492868193,10.289812088012695
5.903114318847656,6.390325812722689,10.393407821655273
5.916294097900391,6.360610545380042,10.382070541381836
5.921497344970703,6.350594726490921,10.425198554992676
5.8853325843811035,6.349711952132306,10.430746078491211
5.904912948608398,6.328107548511721,10.376474380493164
5.880927085876465,6.373428060174255,10.423112869262695
5.904765605926514,6.344414063563038,10.388594627380371
5.881094932556152,6.351316904050432,10.44716739654541
5.878154277801514,6.361759276927582,10.38579273223877
5.897716999053955,6.357448801996985,10.385452270507812
5.886404514312744,6.358040860721044,10.452199935913086
5.880032062530518,6.361083364812657,10.358916282653809
5.861596584320068,6.347452854039147,10.369482040405273
5.881128787994385,6.3642206323067,10.318900108337402
5.873199462890625,6.354748538096569,10.313352584838867
5.882418155670166,6.338522430076929,10.369551658630371
5.873700141906738,6.359950736630709,10.423318862915039
5.876596927642822,6.371949092983934,10.435851097106934
5.869470119476318,6.354860204271973,10.399079322814941
5.864544868469238,6.346480027938794,10.389116287231445
5.877830982208252,6.315631253212424,10.411739349365234
5.8349103927612305,6.3266231592944155,10.433780670166016
5.848769187927246,6.329958098208798,10.439656257629395
5.847906112670898,6.334585011803678,10.388691902160645
5.845942497253418,6.360059092353497,10.279815673828125
5.858034610748291,6.283029131425012,10.395587921142578
5.846923828125,6.284598800686322,10.36477279663086
5.845754146575928,6.3075898540139725,10.440351486206055
5.838649272918701,6.327462851967929,10.471214294433594
5.832810878753662,6.32110961892509,10.373833656311035
5.859373092651367,6.336461025789114,10.421581268310547
5.846617221832275,6.343061549023592,10.347893714904785
5.841208457946777,6.311466764625428,10.472319602966309
5.848610877990723,6.2817168683811495,10.403473854064941
5.850283622741699,6.337451684288681,10.511576652526855
5.817690849304199,6.285660100335788,10.435859680175781
5.807034015655518,6.305248530548332,10.480628967285156
5.842704772949219,6.320287359479283,10.408968925476074
5.807256698608398,6.360498456118096,10.26400375366211
5.833898544311523,6.27141388259562,10.492654800415039
5.818116664886475,6.292957081758817,10.363248825073242
5.817328453063965,6.289209374525983,10.425535202026367
5.833425521850586,6.3374157955736985,10.392104148864746
5.811814308166504,6.314439266454428,10.384442329406738
5.813424587249756,6.286694036763428,10.380088806152344
5.815389633178711,6.298044948140158,10.417844772338867
5.795632362365723,6.336109326586926,10.373469352722168
5.813415050506592,6.325024863305901,10.359387397766113
5.800665378570557,6.310496957706554,10.320549964904785
5.827176570892334,6.312977543400068,10.403732299804688
5.786261081695557,6.309237198205665,10.45278263092041
5.806463718414307,6.298960324044206,10.417920112609863
5.7999348640441895,6.28054563139033,10.403114318847656
5.81250524520874,6.263259334057303,10.424602508544922
5.8076019287109375,6.299666240146117,10.4448823928833
5.825496673583984,6.286925185704604,10.368542671203613
5.810476779937744,6.33429983052026,10.385157585144043
5.814582824707031,6.328370569174045,10.363603591918945
5.772562026977539,6.276073558721691,10.409222602844238
5.778956413269043,6.259449176091168,10.387923240661621
5.7986955642700195,6.288358705717006,10.478129386901855
5.780907154083252,6.272703936656138,10.319934844970703
5.789115905761719,6.3070691964322965,10.518798828125
5.782124042510986,6.234836305491627,10.453768730163574
5.785529136657715,6.271683622983152,10.4042387008667
5.78140115737915,6.314557740631114,10.406113624572754
5.776942253112793,6.274664494075946,10.427830696105957
5.770293712615967,6.285422382111261,10.347131729125977
5.778537750244141,6.30142275406979,10.449188232421875
5.742991924285889,6.243450557447171,10.396333694458008
5.790115833282471,6.2654666189836075,10.440502166748047
5.748619556427002,6.291838767439392,10.412298202514648
5.767749309539795,6.2935444865974475,10.32494831085205
5.769211292266846,6.308247601380572,10.368844985961914
5.761136054992676,6.281452027216021,10.404557228088379
5.759064674377441,6.258610966382548,10.39813232421875
5.737951278686523,6.2692930313558985,10.473196029663086
5.771491527557373,6.28045198464367,10.426365852355957
5.763099193572998,6.27478762739338,10.414937973022461
5.741937637329102,6.25933159086188,10.388681411743164
5.743844032287598,6.2803705299738795,10.353631019592285
5.741549015045166,6.300639903139588,10.433006286621094
5.713860988616943,6.282903202011117,10.310294151306152
5.748377323150635,6.244675316249154,10.304033279418945
5.750700950622559,6.252071327030925,10.377494812011719
5.733122825622559,6.241137909603172,10.413395881652832
5.732149124145508,6.258774250912081,10.456757545471191
5.722820281982422,6.229133877304516,10.435901641845703
5.748176097869873,6.255176180175373,10.470684051513672
5.738157272338867,6.273172291793993,10.339641571044922
5.729440212249756,6.229045389186857,10.422197341918945
5.746057987213135,6.257513280459015,10.375161170959473
5.715397357940674,6.237825904740021,10.343938827514648
5.720314025878906,6.239385664529566,10.333988189697266
5.7090911865234375,6.255192624338504,10.359671592712402
5.718413352966309,6.254282586176747,10.354124069213867
5.7332377433776855,6.260454911505803,10.438232421875
5.71144437789917,6.255689244052129,10.28485107421875
5.7239227294921875,6.255274712440691,10.350706100463867
5.720599174499512,6.26033261601281,10.398771286010742
5.709108829498291,6.23049200648841,10.454947471618652
5.708304405212402,6.251762878482363,10.319825172424316
5.704013347625732,6.248227650299668,10.323739051818848
5.69492769241333,6.246678217314184,10.40296459197998
5.713508129119873,6.26058506327016,10.423844337463379
5.688406944274902,6.230094653487737,10.405622482299805
5.688239574432373,6.207443389309836,10.320009231567383
5.713953018188477,6.27060108319191,10.422897338867188
5.711937427520752,6.2104955019562365,10.445806503295898
5.686618328094482,6.210968799889088,10.572778701782227
5.683712005615234,6.25015576403322,10.325946807861328
5.697824478149414,6.221701844861465,10.294718742370605
5.679236888885498,6.193783818478031,10.42776870727539
5.687995433807373,6.224393606418745,10.310979843139648
5.706294059753418,6.224378230083468,10.433551788330078
5.6686224937438965,6.189303660366151,10.35763931274414
5.662736415863037,6.205193170446105,10.392900466918945
5.686001300811768,6.241677951233993,10.425432205200195
5.680699348449707,6.236309371988422,10.444233894348145
5.700028419494629,6.212184784401741,10.417174339294434
5.68123722076416,6.174244194790455,10.281646728515625
5.68222713470459,6.2181675686567495,10.462583541870117
5.662942886352539,6.242557931159223,10.436100006103516
5.6572465896606445,6.236023858522198,10.42489242553711
5.657279014587402,6.226918100978114,10.408940315246582
5.647650718688965,6.235438550755915,10.343534469604492
5.655136585235596,6.200605504480856,10.366844177246094
5.67128324508667,6.204118005299408,10.390131950378418
5.647824764251709,6.248613050839465,10.347305297851562
5.660606861114502,6.179264979603301,10.362085342407227
5.644738674163818,6.2188419169480245,10.324370384216309
5.649184703826904,6.213952788284846,10.400571823120117
5.628115653991699,6.2033448053656945,10.456331253051758
5.6547040939331055,6.20077822507093,10.454510688781738
5.639679908752441,6.168831268425232,10.462315559387207
5.641968727111816,6.2080678201746196,10.430741310119629
5.658753871917725,6.190476590434888,10.42313003540039
5.610433101654053,6.189295213137354,10.420166969299316
5.605921745300293,6.206232108874247,10.285219192504883
5.64528226852417,6.18796538485081,10.405899047851562
5.645017623901367,6.207874549053876,10.359971046447754
5.613804340362549,6.174042991063158,10.421354293823242
5.63054084777832,6.217594059649854,10.394529342651367
5.664328575134277,6.191154123915892,10.336376190185547
5.634310245513916,6.143713242307838,10.349709510803223
5.615793228149414,6.17583383130841,10.409287452697754
5.626997470855713,6.153226494190416,10.345556259155273
5.610815048217773,6.164070643617639,10.30809497833252
5.616558074951172,6.199725020477282,10.458911895751953
5.641829967498779,6.176930612784677,10.410785675048828
5.589078903198242,6.187330043974466,10.474494934082031
5.595986366271973,6.160306041561334,10.390693664550781
5.61488151550293,6.15779968357778,10.402606010437012
5.637327194213867,6.152614216519787,10.415719032287598
5.614114761352539,6.157519536225924,10.418107986450195
5.622668743133545,6.183482302951494,10.38896656036377
5.621148586273193,6.170069918302553,10.417495727539062
5.594821929931641,6.156694401587759,10.334895133972168
5.598572254180908,6.146419762201341,10.437599182128906
5.605754375457764,6.128406981538449,10.40674877166748
5.613029479980469,6.172802172069039,10.416576385498047
5.6089091300964355,6.14544906088018,10.351517677307129
5.592947483062744,6.1563046092300535,10.421311378479004
5.603786945343018,6.158521797807355,10.369743347167969
5.57816743850708,6.154222846829466,10.454291343688965
5.587457180023193,6.191902202720355,10.393736839294434
5.605324745178223,6.224589208839461,10.408857345581055
5.575271129608154,6.171730957160304,10.35028076171875
5.579596996307373,6.134855285320165,10.316154479980469
5.594846725463867,6.1382643454375545,10.405010223388672
5.578283786773682,6.138158762428377,10.41676139831543
5.564301013946533,6.18433807191572,10.40172290802002
5.587852478027344,6.126560286618769,10.376239776611328
5.5818190574646,6.106930513400584,10.431425094604492
5.577483654022217,6.128871276741847,10.307683944702148
5.586986064910889,6.1103721295283835,10.468040466308594
5.575678825378418,6.173528713972441,10.412370681762695
5.586190223693848,6.127947973253738,10.453009605407715
5.568788051605225,6.124031355305175,10.321357727050781
5.5666656494140625,6.153831755409816,10.409687042236328
5.544397354125977,6.160243023453014,10.424417495727539
5.551529407501221,6.15416197605165,10.344893455505371
5.573668003082275,6.163877842382395,10.467448234558105
5.58164644241333,6.163357467590166,10.338519096374512
5.555022716522217,6.146706576791725,10.43379020690918
5.573304176330566,6.184467859233597,10.30372428894043
5.561120986938477,6.130667363825653,10.452982902526855
5.5482964515686035,6.108138483849221,10.324586868286133
5.558539867401123,6.140449903107115,10.363166809082031
5.567687034606934,6.151276923350192,10.33095645904541
5.574417591094971,6.138839664403349,10.4381742477417
5.52266788482666,6.16155713783311,10.361908912658691
5.531238079071045,6.090137528255581,10.369013786315918
5.532039165496826,6.079401937479686,10.447465896606445
5.546191215515137,6.15738986229657,10.377266883850098
5.544135093688965,6.131439952479143,10.320042610168457
5.5587921142578125,6.17163455472993,10.405393600463867
5.5560526847839355,6.104848320496136,10.310806274414062
5.534728527069092,6.1083481251927365,10.41545295715332
5.535656452178955,6.104499776747876,10.369402885437012
5.508602142333984,6.168515531146633,10.295353889465332
5.52375602722168,6.1506160864872585,10.368453025817871
5.5137834548950195,6.097782836528495,10.419111251831055
5.508978366851807,6.146357288351282,10.344182014465332
5.524600505828857,6.106306263312166,10.380884170532227
5.520254611968994,6.1317486222833395,10.410743713378906
5.49048376083374,6.101246641882296,10.441125869750977
5.528470993041992,6.114229422960697,10.412309646606445
5.5092854499816895,6.09814118108313,10.378957748413086
5.514513969421387,6.11945723835379,10.377184867858887
5.514920234680176,6.1086160458424805,10.373143196105957
5.499478340148926,6.117801097654073,10.365633010864258
5.505672454833984,6.103110775018909,10.457090377807617
5.500168800354004,6.103035855838764,10.357248306274414
5.496562957763672,6.07823964634112,10.398717880249023
5.473661422729492,6.118205260984334,10.364421844482422
5.49115514755249,6.049512214093869,10.338747024536133
5.483494281768799,6.05978500074707,10.38591480255127
5.485350131988525,6.12148366805299,10.36904239654541
5.496806621551514,6.088481486941289,10.376752853393555
5.495020389556885,6.094494143367878,10.448850631713867
5.492592811584473,6.082097582386008,10.350894927978516
5.476743698120117,6.070161869317027,10.445694923400879
5.4926042556762695,6.063549696401293,10.392497062683105
5.48865270614624,6.102500209485048,10.410211563110352
5.492146968841553,6.098697746372117,10.414522171020508
5.47457218170166,6.097090534832594,10.355924606323242
5.478774070739746,6.065320884775637,10.400141716003418
5.481183052062988,6.063899883002575,10.436891555786133
5.466704845428467,6.104939072492665,10.519782066345215
5.4739155769348145,6.085080334184958,10.373306274414062
5.459711074829102,6.064096509711818,10.405927658081055
5.453619956970215,6.060139329305716,10.355843544006348
5.430484771728516,6.103224752005189,10.399872779846191
5.45505428314209,6.115214991449778,10.443426132202148
5.4474406242370605,6.080464072824856,10.395614624023438
5.479477405548096,6.087695945719523,10.406510353088379
5.46746301651001,6.065227098762989,10.439282417297363
5.476724624633789,6.032349051907659,10.40296459197998
5.4765400886535645,6.065396327092978,10.463278770446777
5.44874906539917,6.0999144855554075,10.457103729248047
5.460476875305176,6.079898165472383,10.36023998260498
5.437647342681885,6.118190549513591,10.352277755737305
5.446206092834473,6.063308570800083,10.424620628356934
5.441788196563721,6.06298994113292,10.406692504882812
5.463750839233398,6.0533533000187685,10.3967924118042
5.458859443664551,6.067967715107703,10.465985298156738
5.441688537597656,6.014613461847018,10.384357452392578
5.416326522827148,6.067418533344088,10.450947761535645
5.4561896324157715,6.035294216891218,10.477519035339355
5.454156398773193,6.05767939406048,10.396343231201172
5.430545330047607,6.082619652717508,10.36055850982666
5.451045036315918,6.104203307901376,10.368995666503906
5.44716215133667,6.043392413961036,10.390837669372559
5.4440436363220215,6.022737180747624,10.392438888549805
5.441478729248047,6.064624538112964,10.42155933380127
5.406826496124268,6.037973353073799,10.423267364501953
5.406445503234863,6.047631345855604,10.381187438964844
5.432733058929443,6.036942079430446,10.27186393737793
5.440910816192627,6.059884178651763,10.478350639343262
5.397972583770752,6.033055243315175,10.381877899169922
5.407235145568848,6.059988089504518,10.390438079833984
5.435719966888428,6.0482033950143625,10.367737770080566
5.429866790771484,6.0426497281795095,10.353484153747559
5.433767318725586,6.046603767600443,10.407652854919434
5.394867420196533,6.043444579134563,10.435243606567383
5.403791427612305,6.012470974354073,10.416532516479492
5.416187286376953,6.044782166635351,10.434642791748047
5.397488594055176,6.039211473860113,10.44851016998291
5.412411212921143,6.0774319707416,10.463568687438965
5.403282165527344,6.033272841745722,10.320061683654785
5.3723554611206055,6.065566782373935,10.332952499389648
5.413941383361816,6.080844253434667,10.38357925415039
5.409323215484619,6.05247565375508,10.366254806518555
5.414577007293701,6.008426810082581,10.358230590820312
5.386579513549805,6.054586331493089,10.423444747924805
5.394778728485107,6.023439926095308,10.341157913208008
5.409268379211426,6.040763472073845,10.40235710144043
5.3882036209106445,6.0451629848685124,10.425360679626465
5.367585182189941,6.016796171232792,10.35490608215332
5.367490768432617,6.008645158227798,10.36246109008789
5.392965793609619,6.070242739581902,10.404685974121094
5.358412265777588,6.059426492778584,10.463996887207031
5.3815388679504395,6.053589035224702,10.469583511352539
5.383314609527588,6.001490507674005,10.414793014526367
5.33799934387207,6.012282068275713,10.305135726928711
5.377164363861084,6.012973618028419,10.36197280883789
5.373608112335205,5.972262667691601,10.401248931884766
5.3820085525512695,6.052431426576472,10.467551231384277
5.401481628417969,5.997200871385369,10.438253402709961
5.386360168457031,6.068419460839193,10.321572303771973
5.352726459503174,5.965437363533836,10.410355567932129
5.356786727905273,5.986156708128484,10.321892738342285
5.364452838897705,6.013347185882075,10.437134742736816
5.369095802307129,6.06068152282387,10.500907897949219
5.3420305252075195,6.034755198052153,10.36962890625
5.363898277282715,5.9644957762544175,10.341714859008789
5.34462833404541,6.010442487928751,10.338371276855469
5.350740432739258,6.00091675013703,10.391566276550293
5.360676288604736,6.050935265408563,10.368562698364258
5.34740686416626,6.005862725333178,10.437040328979492
5.373368263244629,5.949431588740222,10.341307640075684
5.35186243057251,5.9765557555282225,10.490398406982422
5.356575965881348,6.03905392125515,10.382216453552246
5.361684322357178,5.981610591257257,10.451994895935059
5.317051887512207,5.984830497863835,10.411999702453613
5.335891246795654,5.987310251387369,10.380980491638184
5.340977191925049,5.952390039106831,10.315330505371094
5.3617963790893555,6.048314340312832,10.460946083068848
5.318676471710205,5.999904032530529,10.384431838989258
5.3478803634643555,5.97273649561352,10.330453872680664
5.330115795135498,6.00199383493912,10.450258255004883
5.339841842651367,5.979670509729268,10.435613632202148
5.322301387786865,6.0380659423702,10.429041862487793
5.313289165496826,6.003049591423145,10.342538833618164
5.32175874710083,5.970081719037678,10.360614776611328
5.332103729248047,5.984088128432631,10.403894424438477
5.370861053466797,6.026267663143309,10.340875625610352
5.29547643661499,5.95321261600059,10.264838218688965
5.301311492919922,6.000363189394452,10.413782119750977
5.287260055541992,5.9754055643986375,10.373027801513672
5.3289618492126465,5.986854167588588,10.318343162536621
5.317843437194824,5.976603471707287,10.43624496459961
5.313938140869141,5.978048385553327,10.41939640045166
5.3125200271606445,5.98580367397517,10.42936897277832
5.277252197265625,5.97709107425596,10.423269271850586
5.300040245056152,5.976286845015628,10.415135383605957
5.302393913269043,5.950615593930707,10.510869979858398
5.2907233238220215,5.949387301591092,10.401090621948242
5.302022457122803,5.985309847430991,10.554455757141113
5.305419921875,5.9911071341484785,10.350349426269531
5.306859970092773,5.977976716888535,10.482666015625
5.3015289306640625,5.945665455789173,10.40843677520752
5.29177713394165,5.975642545381561,10.433405876159668
5.293896675109863,5.963663613224137,10.30915641784668
5.277007579803467,5.998810104260754,10.433880805969238
5.274194717407227,5.941285541480674,10.298938751220703
5.279745101928711,5.961098770378158,10.356992721557617
5.2808756828308105,5.988048686413094,10.358185768127441
5.283932685852051,6.000731327171836,10.422174453735352
5.287758827209473,5.9735148623918315,10.323853492736816
5.256921291351318,5.997848318457336,10.288260459899902
5.28191614151001,5.9125261449122,10.43697738647461
5.28041410446167,5.9870427538241655,10.37861442565918
5.270654678344727,5.953508255204984,10.462960243225098
5.264843940734863,5.954650279034728,10.431857109069824
5.269752502441406,5.989354509427877,10.341920852661133
5.284254550933838,5.9779344625837565,10.435473442077637
5.249752044677734,5.984998640338225,10.440757751464844
5.267239093780518,5.948143434843847,10.295549392700195
5.267971515655518,5.913865641624268,10.417168617248535
5.254642009735107,5.953735131204927,10.400985717773438
5.278634071350098,5.967562114187915,10.428277969360352
5.27107572555542,5.977099684299902,10.424448013305664
5.24177360534668,5.939974643290044,10.427095413208008
5.248429298400879,5.935008212458343,10.434322357177734
5.247114181518555,5.971499012117939,10.423160552978516
5.261040687561035,5.949713882258428,10.348115921020508
5.235478401184082,5.968027381525775,10.348995208740234
5.249556064605713,5.921325543729056,10.37348747253418
5.240167617797852,5.954837142789204,10.46959400177002
5.252447128295898,5.976051909849048,10.379033088684082
5.239342212677002,5.984384339968009,10.425722122192383
5.248712539672852,5.9541043278960775,10.435481071472168
5.218164920806885,5.9040324754148195,10.359489440917969
5.235962390899658,5.989130823207754,10.432289123535156
5.238123893737793,5.953252871820171,10.426602363586426
5.246532917022705,5.927415571707701,10.399633407592773
5.24204158782959,5.947039723429563,10.449468612670898
5.236146926879883,5.886668240618226,10.528006553649902
5.198862075805664,5.901057202368976,10.479480743408203
5.221413612365723,5.898832746748147,10.39770793914795
5.237738132476807,5.919998726441658,10.286858558654785
5.197911739349365,5.950604361748057,10.45954704284668
5.19966459274292,5.919641476956063,10.373887062072754
5.232779026031494,5.966596115513572,10.387643814086914
5.193753719329834,5.963628441328183,10.398934364318848
5.219466686248779,5.893876749589772,10.392809867858887
5.182133197784424,5.938353421199801,10.37571907043457
5.2061448097229,5.901146928912827,10.307915687561035
5.204432964324951,5.919050794793293,10.417608261108398
5.195533275604248,5.91509262908117,10.41390609741211
5.205790042877197,5.95046650688164,10.386504173278809
5.207709789276123,5.951184297812038,10.419503211975098
5.209270477294922,5.9071076163756,10.37542724609375
5.2038893699646,5.929460016977308,10.285140991210938
5.21016788482666,5.90892113339422,10.442668914794922
5.216496467590332,5.949699553095603,10.406225204467773
5.202220439910889,5.9080142304633885,10.418909072875977
5.199850082397461,5.881279734661803,10.393579483032227
5.1824493408203125,5.949241749942303,10.320270538330078
5.186002731323242,5.918417644221336,10.470039367675781
5.174210548400879,5.846725775560897,10.38675308227539
5.219962120056152,5.909301259787753,10.320926666259766
5.179011821746826,5.967641913165738,10.343927383422852
5.191867351531982,5.9011553657307685,10.386317253112793
5.191567897796631,5.937303917050095,10.308303833007812
5.183581829071045,5.9357158713641445,10.472610473632812
5.184512615203857,5.91511752725845,10.335412979125977
5.1725544929504395,5.922197450118671,10.40676498413086
5.147891044616699,5.907766920215051,10.379266738891602
5.159905910491943,5.894372418755666,10.393054008483887
5.20000696182251,5.89670743573723,10.421053886413574
5.169355392456055,5.894670255515458,10.360676765441895
5.176223278045654,5.888752354175917,10.388544082641602
5.165122032165527,5.913144152977371,10.357637405395508
5.191242694854736,5.913491425437054,10.404791831970215
5.162117958068848,5.928783427757611,10.441652297973633
5.1666765213012695,5.916704683365034,10.461709022521973
5.1669793128967285,5.867287647311708,10.345502853393555
5.17315149307251,5.909581012924069,10.390600204467773
5.182758808135986,5.938259420084901,10.350969314575195
5.160600185394287,5.904926509795977,10.39426040649414
5.183291435241699,5.896924192485001,10.395827293395996
5.170746803283691,5.897102849524734,10.34676742553711
5.177212715148926,5.945825487541567,10.42317008972168
5.170124053955078,5.9103276070340405,10.425392150878906
5.153290271759033,5.886633835633153,10.320683479309082
5.151379585266113,5.891289632401562,10.375319480895996
5.1692399978637695,5.922152004237952,10.346431732177734
5.157343864440918,5.889661112733718,10.28073501586914
5.191572666168213,5.934908930345306,10.379192352294922
5.132129192352295,5.829729034997788,10.383301734924316
5.16745138168335,5.876801816946163,10.447555541992188
5.153499603271484,5.848090831423178,10.486392974853516
5.1245598793029785,5.861211600813217,10.4629545211792
5.132683753967285,5.87815201102889,10.252159118652344
5.15733003616333,5.90074266832588,10.414217948913574
5.1419243812561035,5.8981860746696055,10.462800979614258
5.146819114685059,5.874940034567512,10.39622688293457
5.161764621734619,5.895401421036305,10.397911071777344
5.121636867523193,5.890178658001656,10.443891525268555
5.1275200843811035,5.8767777013459375,10.434322357177734
5.147305965423584,5.8654612592820605,10.354639053344727
5.132750511169434,5.8804587000382265,10.45919132232666
5.128556728363037,5.941175437665412,10.432806015014648
5.097040176391602,5.847958311471822,10.339858055114746
5.111260890960693,5.849386377526182,10.30295181274414
5.136190891265869,5.924228112080268,10.35185718536377
5.134095191955566,5.894237477332354,10.371088027954102
5.1064372062683105,5.854193831228518,10.344589233398438
5.073444843292236,5.867388376799811,10.44100570678711
5.084849834442139,5.83907803340948,10.432487487792969
5.097996234893799,5.888455795357005,10.318735122680664
5.101117134094238,5.874523502009522,10.409320831298828
5.071756839752197,5.883845262994457,10.43580436706543
5.0834784507751465,5.87284546927549,10.342873573303223
5.089685440063477,5.843646181015564,10.41926097869873
5.110156536102295,5.813779125555552,10.3458251953125
5.118564605712891,5.825386262033135,10.541837692260742
5.082916259765625,5.895511094979676,10.356849670410156
5.079329013824463,5.88010037600595,10.475692749023438
5.140036106109619,5.831855679961986,10.404949188232422
5.093571186065674,5.8785046349678725,10.36712646484375
5.089737892150879,5.8273774899342765,10.458327293395996
5.064820766448975,5.821344439173117,10.291552543640137
5.083005428314209,5.858575699551563,10.361412048339844
5.085263252258301,5.852785122281474,10.349335670471191
5.09651517868042,5.875400408703301,10.407207489013672
5.105245590209961,5.878273874487993,10.37369441986084
5.0713324546813965,5.856587830997471,10.407273292541504
5.079202651977539,5.8692178038015435,10.36876106262207
5.0690460205078125,5.862111308744976,10.44393253326416
5.099578857421875,5.831748160067946,10.440000534057617
5.0675530433654785,5.867445463181606,10.407196998596191
5.103206157684326,5.877204167024631,10.347187042236328
5.091381072998047,5.862523493357003,10.358877182006836
5.059723377227783,5.845020777512607,10.374024391174316
5.051773548126221,5.885046697022127,10.423615455627441
5.058002948760986,5.847972507621827,10.406209945678711
5.070835113525391,5.858272012156833,10.294466972351074
5.085975646972656,5.862083563048925,10.337190628051758
5.072932243347168,5.841330213106371,10.40887451171875
5.053992748260498,5.812798539309629,10.440775871276855
5.08224630355835,5.801865345266249,10.401458740234375
5.089915752410889,5.7915691333889425,10.403133392333984
5.084810733795166,5.8077538052374225,10.431234359741211
5.03535270690918,5.8153977997467985,10.403746604919434
5.051840782165527,5.83416290049042,10.402523040771484
5.07122278213501,5.797455327019893,10.424768447875977
5.052557468414307,5.843490871534285,10.37479019165039
5.065878391265869,5.824482907906973,10.389570236206055
5.097036838531494,5.846864562714472,10.365785598754883
5.049851894378662,5.8034136791247874,10.435579299926758
5.084388732910156,5.8720266772434115,10.35534381866455
5.044532299041748,5.849872256828738,10.413618087768555
5.042966365814209,5.855581021934215,10.35133171081543
5.0332512855529785,5.837929531566,10.412343978881836
5.065575122833252,5.788774677419236,10.464681625366211
5.070591926574707,5.826635871348636,10.292131423950195
4.993290424346924,5.793571486902821,10.426482200622559
5.065006732940674,5.77794884870361,10.360107421875
5.056797504425049,5.805419263330156,10.360679626464844
5.0245256423950195,5.826001121895388,10.371768951416016
5.020289421081543,5.877067054322521,10.360751152038574
5.0529303550720215,5.790353336737358,10.397486686706543
5.028413772583008,5.760716191293406,10.39220142364502
5.0303955078125,5.8470574993573665,10.410490036010742
4.993722438812256,5.80292550926762,10.391411781311035
5.025035858154297,5.828570505936763,10.371490478515625
5.018849849700928,5.814061029747661,10.396341323852539
4.9998779296875,5.746403470302798,10.386938095092773
5.026316165924072,5.835863022166969,10.506782531738281
5.014309883117676,5.827781778926561,10.369009017944336
5.014287948608398,5.810629900112482,10.348882675170898
4.999598026275635,5.799831052709903,10.305601119995117
5.026821136474609,5.796977799884709,10.384883880615234
5.018070697784424,5.821886070970712,10.382070541381836
5.043797016143799,5.81432444316202,10.383264541625977
5.0079665184021,5.808892683691479,10.341268539428711
5.028180122375488,5.805205298521157,10.479867935180664
4.993309020996094,5.8217327033302615,10.33629322052002
5.026451587677002,5.8061702387806555,10.393922805786133
4.970041751861572,5.776711746152224,10.45977783203125
5.003917694091797,5.812054171393227,10.385858535766602
5.026108264923096,5.783303217696292,10.344508171081543
4.9729084968566895,5.7947056338057985,10.34636116027832
4.970763206481934,5.755675421595307,10.381832122802734
5.033626079559326,5.80982598519352,10.41928768157959
4.978795528411865,5.741133114223236,10.447229385375977
5.001483917236328,5.824532171977418,10.33607006072998
4.980873107910156,5.801509292596685,10.379239082336426
5.002182483673096,5.7927150319862575,10.338080406188965
4.980611324310303,5.795187236375308,10.365960121154785
4.992486000061035,5.794027624685051,10.367472648620605
5.0181803703308105,5.770038947828913,10.38986587524414
5.027144908905029,5.7648838643716385,10.369392395019531
4.990943431854248,5.779335513744238,10.390436172485352
5.00327730178833,5.8024089402585695,10.311481475830078
4.972777366638184,5.774378178973815,10.412298202514648
4.969770908355713,5.807629983572822,10.358400344848633
4.9937520027160645,5.781564914355321,10.388513565063477
5.005335807800293,5.8167521213846545,10.410255432128906
4.987393856048584,5.811759899969079,10.383051872253418
4.970046520233154,5.738893678145749,10.384873390197754
4.9644646644592285,5.812071005348115,10.368087768554688
4.98081111907959,5.785261304250786,10.377384185791016
4.959095001220703,5.813960915597688,10.317986488342285
4.980852127075195,5.784612942287431,10.383997917175293
4.972082614898682,5.734055159546967,10.42130184173584
4.9839606285095215,5.791350129393062,10.342191696166992
4.939035415649414,5.756836863168116,10.371844291687012
4.994638442993164,5.822669608418697,10.379490852355957
4.949477195739746,5.739027390156739,10.396151542663574
5.000870227813721,5.7297492260778595,10.424077033996582
4.961978435516357,5.77551512473396,10.366561889648438
4.950631618499756,5.776838580977969,10.319971084594727
4.938589572906494,5.749068352393806,10.42923355102539
4.967522144317627,5.760639854839869,10.459836959838867
4.937444686889648,5.779730369769302,10.300190925598145
4.982612609863281,5.822906964292218,10.354535102844238
4.959512233734131,5.840168687448437,10.37126350402832
4.925492763519287,5.797789736750669,10.44809627532959
4.968095779418945,5.733188846381381,10.382797241210938
4.923895359039307,5.734489168339808,10.487794876098633
4.947400093078613,5.734006781530167,10.384700775146484
4.956572532653809,5.762912234590788,10.47178840637207
4.943343162536621,5.713279206106173,10.372102737426758
4.935574531555176,5.746844854638247,10.318603515625
4.921388626098633,5.776080488859276,10.44572925567627
4.9244256019592285,5.759147975128144,10.469696044921875
4.893852233886719,5.707058596956943,10.396760940551758
4.936509132385254,5.742435016769117,10.26906967163086
4.972427845001221,5.782399996217074,10.334430694580078
4.922228813171387,5.734071327606215,10.39392375946045
4.898196697235107,5.76879301460992,10.364351272583008
4.9366960525512695,5.74095426509822,10.423160552978516
4.935207843780518,5.745838728567053,10.400654792785645
4.910163879394531,5.778932565590368,10.423820495605469
4.9363508224487305,5.771446602917941,10.307210922241211
4.929128170013428,5.781777624007581,10.36790943145752
4.916267395019531,5.73431965522468,10.379014015197754
4.90936279296875,5.757867416134104,10.355748176574707
4.925161838531494,5.731207738464167,10.332330703735352
4.923811435699463,5.7447378088587095,10.378020286560059
4.908078670501709,5.748819819451975,10.348005294799805
4.873110771179199,5.702450273558497,10.497098922729492
4.8744096755981445,5.78638580378278,10.367900848388672
4.886018753051758,5.732144529698416,10.41767692565918
4.8723039627075195,5.754961076924311,10.53612232208252
4.881625175476074,5.731099752542962,10.458641052246094
4.874597549438477,5.679970033999,10.382970809936523
4.870572090148926,5.74211547327494,10.387781143188477
4.899707317352295,5.754733046616561,10.283085823059082
4.890992164611816,5.749492555158213,10.433595657348633
4.827376365661621,5.725636506353371,10.333080291748047
4.888741970062256,5.726239438867196,10.378510475158691
4.9173583984375,5.768869851815647,10.353521347045898
4.886735439300537,5.731600304100929,10.382930755615234
4.883207321166992,5.733983206462914,10.439226150512695
4.887973785400391,5.684186718859045,10.370732307434082
4.922895908355713,5.748125800729863,10.299590110778809
4.9179205894470215,5.736420700526131,10.374234199523926
4.843973636627197,5.741890942278717,10.418984413146973
4.836643695831299,5.717145192337089,10.387786865234375
4.9140095710754395,5.72675074151318,10.282655715942383
4.8706183433532715,5.7597079794920445,10.411754608154297
4.863223075866699,5.7235755322368025,10.458175659179688
4.874955177307129,5.72208536981738,10.44602108001709
4.8614020347595215,5.724359580814572,10.463266372680664
4.878452777862549,5.732854493694114,10.469791412353516
4.874799728393555,5.688954642940578,10.360520362854004
4.824280738830566,5.732595960177215,10.457413673400879
4.825412273406982,5.7332051328516425,10.461288452148438
4.863393783569336,5.745176432887092,10.432473182678223
4.868399143218994,5.697533846234104,10.432973861694336
4.873669147491455,5.716022654137175,10.338768005371094
4.848500728607178,5.73635851581847,10.356733322143555
4.826002597808838,5.735962075347613,10.348554611206055
4.807583808898926,5.7133113782453755,10.449084281921387
4.870485305786133,5.712197539795722,10.353515625
4.854371547698975,5.709913450426289,10.378408432006836
4.829682350158691,5.692118788736739,10.393489837646484
4.8595051765441895,5.689559658823003,10.346916198730469
4.846044540405273,5.686990019299889,10.384350776672363
4.8715949058532715,5.716700824210421,10.4965238571167
4.828168869018555,5.744923129478204,10.408346176147461
4.860073089599609,5.724974621353405,10.370713233947754
4.83866548538208,5.6967275020932515,10.289305686950684
4.831823348999023,5.709299908585048,10.496517181396484
4.84122896194458,5.687741682864726,10.329626083374023
4.837996482849121,5.686756578440378,10.43844985961914
4.848613262176514,5.690317410909172,10.322327613830566
4.858824729919434,5.714323900373919,10.391166687011719
4.837784767150879,5.70255466667004,10.307564735412598
4.812209129333496,5.675310652037816,10.393333435058594
4.863114356994629,5.684996654645406,10.389059066772461
4.84675931930542,5.688972585834563,10.376736640930176
4.857977390289307,5.659372594872756,10.300044059753418
4.835679531097412,5.711898130531023,10.458419799804688
4.827710151672363,5.720340662635862,10.406737327575684
4.797130584716797,5.697952722797969,10.466239929199219
4.8347697257995605,5.681458069177876,10.365221977233887
4.836935520172119,5.661467856394926,10.442225456237793
4.834641933441162,5.680537538802517,10.394974708557129
4.84338903427124,5.72804280613283,10.321057319641113
4.829118251800537,5.730714425178511,10.399429321289062
4.804348945617676,5.693709001011614,10.407943725585938
4.785228729248047,5.683343777599345,10.462119102478027
4.790070056915283,5.677335377449968,10.322288513183594
4.819895267486572,5.729397109177496,10.394646644592285
4.7943291664123535,5.69198225092675,10.361407279968262
4.761324405670166,5.688527767413429,10.451067924499512
4.81883430480957,5.694620546918096,10.444458961486816
4.794299602508545,5.637453690404072,10.416029930114746
4.7687602043151855,5.692215719526367,10.41773796081543
4.788693428039551,5.66780164920991,10.385374069213867
4.798809051513672,5.674448437556358,10.453754425048828
4.805737495422363,5.693817411615912,10.396754264831543
4.851102828979492,5.726381956832483,10.374929428100586
4.797181129455566,5.710441002123324,10.464707374572754
4.803070545196533,5.675458872624273,10.392505645751953
4.792706489562988,5.67400936320025,10.307191848754883
4.788133144378662,5.684397528280637,10.398160934448242
4.780342102050781,5.593325840309262,10.372322082519531
4.806807994842529,5.681432669350345,10.390511512756348
4.7692389488220215,5.665993356777887,10.444260597229004
4.756908416748047,5.667346739775635,10.442903518676758
4.793206691741943,5.6826813657036315,10.437076568603516
4.75926399230957,5.659775663300285,10.27785873413086
4.781625270843506,5.666510884517005,10.377622604370117
4.7823309898376465,5.703818374479722,10.330492973327637
4.7707200050354,5.615996672771871,10.474370956420898
4.753661632537842,5.666804239586262,10.380468368530273
4.810188293457031,5.686984363377893,10.401939392089844
4.756173610687256,5.6189418275108824,10.313285827636719
4.764928340911865,5.617264844377392,10.38024616241455
4.75703239440918,5.626260647051303,10.416980743408203
4.756153583526611,5.663688063255644,10.456464767456055
4.79126501083374,5.695458261462461,10.388254165649414
4.751759052276611,5.67843014607206,10.405868530273438
4.792491436004639,5.611545490699687,10.384174346923828
4.783081531524658,5.603678869017001,10.44819450378418
4.7861738204956055,5.6645523912739,10.387840270996094
4.730714321136475,5.6485476330521385,10.492304801940918
4.786652088165283,5.59311245927321,10.322427749633789
4.755300998687744,5.6514320080168545,10.45363998413086
4.758756160736084,5.615401180361264,10.386337280273438
4.734893798828125,5.6474089401973675,10.339468955993652
4.740930557250977,5.60068981216422,10.489974021911621
4.739993572235107,5.652248577514131,10.479195594787598
4.773469924926758,5.66785482510126,10.362412452697754
4.731248378753662,5.600934856238641,10.434991836547852
4.7157206535339355,5.651281368253486,10.364419937133789
4.765909671783447,5.627854073852566,10.472820281982422
4.760172367095947,5.659608280818377,10.386024475097656
4.744133949279785,5.640616787331446,10.303435325622559
4.7536725997924805,5.710638562416924,10.469747543334961
4.762029647827148,5.61019883886911,10.4365816116333
4.7563796043396,5.618774135929665,10.39152717590332
4.73904275894165,5.653754389612003,10.386087417602539
4.723835468292236,5.654723421836804,10.38389778137207
4.71874475479126,5.639392586192116,10.291337966918945
4.767299652099609,5.679452943515831,10.409597396850586
4.755110263824463,5.637843342930345,10.452126502990723
4.704098701477051,5.639378523553854,10.398920059204102
4.749086856842041,5.656062070446621,10.362212181091309
4.710409641265869,5.654211040120572,10.317018508911133
4.74162483215332,5.671571995164933,10.40510082244873
4.760254383087158,5.694591001175078,10.40174388885498
4.739807605743408,5.636013172067968,10.36732006072998
4.725918769836426,5.586554005376196,10.351724624633789
4.725683212280273,5.658484075650839,10.36175537109375
4.733017921447754,5.653257750141035,10.352202415466309
4.706522464752197,5.633593126166878,10.35226821899414
4.754234313964844,5.644834868942521,10.42848014831543
4.74023962020874,5.6297360685587465,10.303873062133789
4.70812463760376,5.6148742417405755,10.375672340393066
4.720152378082275,5.6421724771748165,10.312112808227539
4.700140476226807,5.620693062598417,10.435894966125488
4.768121719360352,5.61842355657635,10.363096237182617
4.7171454429626465,5.565900246745774,10.359859466552734
4.72389030456543,5.643150056878637,10.320036888122559
4.701564788818359,5.656283650580528,10.363954544067383
4.7241668701171875,5.622966034737017,10.398600578308105
4.673167705535889,5.629121383385999,10.348675727844238
4.682793140411377,5.621906274064843,10.345462799072266
4.6939849853515625,5.628472376149149,10.374561309814453
4.693341255187988,5.667550567271454,10.429319381713867
4.678435325622559,5.638215365187664,10.386186599731445
4.686310768127441,5.606072796941069,10.448790550231934
4.713292121887207,5.639075532023396,10.36546802520752
4.69020938873291,5.594705152591424,10.488077163696289
4.733973979949951,5.552390176470258,10.394296646118164
4.713634967803955,5.630597098231581,10.34538459777832
4.694441318511963,5.61933775369211,10.420812606811523
4.706202983856201,5.5637742968143105,10.370208740234375
4.708851337432861,5.617038368180927,10.317102432250977
4.690911769866943,5.6258708636742085,10.387073516845703
4.70361328125,5.571715108883966,10.426494598388672
4.713267803192139,5.568596455401607,10.33566951751709
4.674084663391113,5.577586512580249,10.38620376586914
4.676276206970215,5.580327763654557,10.332891464233398
4.6518235206604,5.579145886902032,10.419743537902832
4.631088733673096,5.607614007179759,10.489312171936035
4.707290172576904,5.586669360586841,10.390047073364258
4.669206142425537,5.639924473428567,10.49046516418457
4.688143253326416,5.591783632324742,10.435211181640625
4.641165733337402,5.578965457555439,10.401453971862793
4.667074680328369,5.610804253756733,10.413896560668945
4.6836161613464355,5.554515282290855,10.357196807861328
4.646365642547607,5.57791087546918,10.41834545135498
4.638944625854492,5.588518453296273,10.428332328796387
4.666592597961426,5.584791985706294,10.348499298095703
4.640684604644775,5.559891460529927,10.470346450805664
4.641899585723877,5.543771800618353,10.394811630249023
4.676703453063965,5.548023836121761,10.40725326538086
4.711029052734375,5.5524842866829465,10.45541763305664
4.687800407409668,5.576817932704995,10.32404899597168
4.622812271118164,5.581515205458604,10.353409767150879
4.699625492095947,5.613214893366343,10.390862464904785
4.648301601409912,5.584476390221555,10.3807373046875
4.666092872619629,5.58604212474477,10.427814483642578
4.6141510009765625,5.558847902775077,10.355401039123535
4.6656270027160645,5.582723852912231,10.401278495788574
4.672231674194336,5.647395511457165,10.36919116973877
4.607882022857666,5.569362142322851,10.375017166137695
4.625914096832275,5.572916229654636,10.342708587646484
4.649798393249512,5.550559981227187,10.381795883178711
4.630649089813232,5.51904135962416,10.351097106933594
4.630385875701904,5.607917298329993,10.486969947814941
4.649600982666016,5.598889897976603,10.31170654296875
4.651035785675049,5.567820940432804,10.378721237182617
4.667309761047363,5.5322599066754,10.326029777526855
4.610907077789307,5.596270352468959,10.329208374023438
4.636744976043701,5.582948205659965,10.389455795288086
4.624076843261719,5.594416038232988,10.455768585205078
4.645640850067139,5.596798864159999,10.417236328125
4.614603042602539,5.588638037908822,10.328644752502441
4.633325099945068,5.585623674061416,10.423074722290039
4.683250904083252,5.549362481006288,10.361044883728027
4.61778450012207,5.53547707629124,10.379764556884766
4.656033992767334,5.683815376201112,10.362149238586426
4.591946601867676,5.53322605289785,10.36218547821045
4.614228248596191,5.577565314780388,10.425622940063477
4.637572765350342,5.532222308151956,10.32441520690918
4.618498802185059,5.533212336478754,10.360990524291992
4.624170780181885,5.544136972898351,10.396199226379395
4.627739429473877,5.534865561207491,10.424798965454102
4.585277080535889,5.579184712975153,10.357260704040527
4.589948654174805,5.5815841136167625,10.34344482421875
4.597620964050293,5.579805693223274,10.442591667175293
4.652861595153809,5.538914532700022,10.41659164428711
4.592519760131836,5.624691724211775,10.494020462036133
4.603023052215576,5.541485401269581,10.377165794372559
4.5498199462890625,5.56485368308079,10.448542594909668
4.566236972808838,5.542266769101843,10.419014930725098
4.573728561401367,5.579628400670896,10.361278533935547
4.608958721160889,5.524730595726786,10.412004470825195
4.577686309814453,5.500091149205608,10.504335403442383
4.577099323272705,5.531900203953097,10.364227294921875
4.613324165344238,5.548031662956679,10.36611270904541
4.607326030731201,5.5731092828458975,10.370810508728027
4.638500690460205,5.555078668453332,10.475751876831055
4.57381010055542,5.5054216027326355,10.300394058227539
4.517011642456055,5.551326953506629,10.413714408874512
4.602168560028076,5.543930752402439,10.32025146484375
4.563170433044434,5.551809757914661,10.373106956481934
4.59749698638916,5.570097384774791,10.404607772827148
4.631618499755859,5.56968349906882,10.427828788757324
4.579341888427734,5.505260961562661,10.344049453735352
4.5905537605285645,5.521030629619158,10.40391731262207
4.538405418395996,5.48507022747903,10.41390609741211
4.593264102935791,5.564138875974875,10.378604888916016
4.557095050811768,5.580031055258587,10.429821014404297
4.580315113067627,5.61022488200771,10.366193771362305
4.60302209854126,5.532728853269614,10.34304428100586
4.591336727142334,5.505724468900423,10.365384101867676
4.600350856781006,5.563520567458388,10.400121688842773
4.563530921936035,5.541880263547813,10.335246086120605
4.566368579864502,5.5561948118930955,10.489754676818848
4.556036949157715,5.562514511702051,10.372224807739258
4.529937744140625,5.486615268147683,10.413837432861328
4.5405402183532715,5.494318687323747,10.290765762329102
4.579899787902832,5.549678591612194,10.413270950317383
4.535253047943115,5.635538004638095,10.425758361816406
4.503916263580322,5.529658396395722,10.43185806274414
4.5531229972839355,5.498220992075013,10.375696182250977
4.59145450592041,5.5073442431832,10.424093246459961
4.556973934173584,5.571662244054356,10.385467529296875
4.5566606521606445,5.557217617386153,10.430509567260742
4.545208930969238,5.538385931003307,10.419583320617676
4.558544158935547,5.554033583329459,10.29293441772461
4.565723896026611,5.578018683407988,10.34154987335205
4.533016681671143,5.470686855759205,10.394491195678711
4.521039962768555,5.60045635267826,10.365269660949707
4.5452189445495605,5.506378899860595,10.411565780639648
4.562022686004639,5.5339148687863995,10.442392349243164
4.553692817687988,5.509442463251097,10.356634140014648
4.548758506774902,5.533336837210559,10.372154235839844
4.5288825035095215,5.519333190683808,10.45627498626709
4.504393100738525,5.462852210671241,10.372238159179688
4.527141094207764,5.52255437400059,10.403485298156738
4.52228307723999,5.513069192646071,10.444965362548828
4.5381927490234375,5.508467446413955,10.440814971923828
4.539449214935303,5.498120389246781,10.459589958190918
4.555594444274902,5.479544844179015,10.45234489440918
4.558178901672363,5.461905998377396,10.494966506958008
4.543424129486084,5.533520552196673,10.322659492492676
4.550157070159912,5.499445175485952,10.36909008026123
4.532241344451904,5.5141730546352585,10.43783950805664
4.542656421661377,5.594512661885736,10.359329223632812
4.5319342613220215,5.484808505679082,10.411251068115234
4.521241188049316,5.490926786658487,10.393810272216797
4.495596408843994,5.494040141248011,10.302967071533203
4.4587554931640625,5.4775558839485585,10.414262771606445
4.525193214416504,5.51313156654526,10.394187927246094
4.460809230804443,5.497448255607327,10.399641990661621
4.542720317840576,5.513303124246055,10.395050048828125
4.553295135498047,5.498475629503705,10.30481243133545
4.5327982902526855,5.490215160451563,10.409235000610352
4.5491132736206055,5.511029866923178,10.444314956665039
4.482178211212158,5.445438227283636,10.356011390686035
4.473691940307617,5.475201392912173,10.385208129882812
4.484344959259033,5.502085420901754,10.33924674987793
4.48408317565918,5.516912854376383,10.372075080871582
4.501227378845215,5.483202793834997,10.438596725463867
4.525186061859131,5.504379154216232,10.408411979675293
4.49398946762085,5.505510622934837,10.394150733947754
4.462667465209961,5.5057596649442395,10.412591934204102
4.500161170959473,5.523031226658661,10.41508674621582
4.519340991973877,5.46693338067936,10.369735717773438
4.522215366363525,5.518844138697854,10.395807266235352
4.517215728759766,5.495570038245725,10.387895584106445
4.469374179840088,5.472676075961707,10.448203086853027
4.464903831481934,5.48436655819283,10.398344039916992
4.505954265594482,5.529588982030483,10.383941650390625
4.464089393615723,5.477649095434963,10.383163452148438
4.505086421966553,5.535387125464954,10.432254791259766
4.50851583480835,5.479396758966947,10.383949279785156
4.488321781158447,5.4908418036066,10.41692066192627
4.49014949798584,5.500488729382466,10.33473014831543
4.4744873046875,5.427087011048571,10.510425567626953
4.465810298919678,5.479629955221235,10.407429695129395
4.470094680786133,5.51245624731694,10.485809326171875
4.5186991691589355,5.445262305571565,10.384445190429688
4.509973049163818,5.491049178842721,10.425238609313965
4.50224494934082,5.468598749555116,10.436990737915039
4.529996395111084,5.4375096373592635,10.485796928405762
4.531264781951904,5.430843933784802,10.373714447021484
4.456145286560059,5.435422732760864,10.291471481323242
4.517390251159668,5.511525979831017,10.404319763183594
4.446497440338135,5.495471853995695,10.43889045715332
4.431344985961914,5.46276638863076,10.35992431640625
4.466761112213135,5.467437203408085,10.427353858947754
4.45994758605957,5.476283892124359,10.431174278259277
4.465797424316406,5.487402915488929,10.328778266906738
4.464253902435303,5.4611669295533956,10.379711151123047
4.454781532287598,5.478574659808406,10.388463020324707
4.475061416625977,5.495916298590601,10.387569427490234
4.428053855895996,5.48672379510078,10.36640739440918
4.481828689575195,5.4646197529509655,10.315298080444336
4.428005218505859,5.431633345483403,10.459478378295898
4.441066741943359,5.443718241261584,10.39155387878418
4.441388130187988,5.44370780961721,10.365946769714355
4.4142608642578125,5.445220417076988,10.370296478271484
4.471992015838623,5.51875372896237,10.475078582763672
4.42687463760376,5.494249283602195,10.42585563659668
4.466403007507324,5.435123197468264,10.326221466064453
4.441612243652344,5.436997044532161,10.379292488098145
4.4363837242126465,5.466377568464459,10.494646072387695
4.4487199783325195,5.443992109237505,10.376752853393555
4.418612957000732,5.4733507132623345,10.508472442626953
4.434711456298828,5.455548964341038,10.348318099975586
4.423812389373779,5.457500116167855,10.435314178466797
4.4871506690979,5.473580929184598,10.39484691619873
4.488625526428223,5.444894256070256,10.381536483764648
4.428363800048828,5.489109077989789,10.398788452148438
4.417728900909424,5.459684257162735,10.330133438110352
4.444843769073486,5.478789927670732,10.413813591003418
4.403224945068359,5.434879779416535,10.454232215881348
4.426054000854492,5.450826724392495,10.480233192443848
4.424066066741943,5.415679482477052,10.382052421569824
4.437043190002441,5.425569343846291,10.4425687789917
4.502443313598633,5.476087256966691,10.342151641845703
4.441459655761719,5.478855048572378,10.33401107788086
4.391383647918701,5.481173233395177,10.364058494567871
4.443401336669922,5.458507732587999,10.373760223388672
4.451938152313232,5.429933711786621,10.438497543334961
4.482034683227539,5.4463528533732255,10.450786590576172
4.3909807205200195,5.427131500427745,10.341148376464844
4.413995265960693,5.465253580561174,10.34152889251709
4.383462905883789,5.5098874541332155,10.385350227355957
4.449162006378174,5.455347382929176,10.433771133422852
4.448699951171875,5.425219324716766,10.43154525756836
4.421290397644043,5.451270538149401,10.383256912231445
4.396548748016357,5.413385108678735,10.411609649658203
4.45286750793457,5.488186258357018,10.43614387512207
4.36876106262207,5.43773229812671,10.335868835449219
4.441508769989014,5.507385490761537,10.39401912689209
4.395240783691406,5.423313083293449,10.322416305541992
4.428256988525391,5.409595260296815,10.331022262573242
4.373248100280762,5.416738274640271,10.45984935760498
4.402593612670898,5.435036060999015,10.420221328735352
4.412503719329834,5.460256884473242,10.393678665161133
4.426855087280273,5.404856988761042,10.358217239379883
4.42185115814209,5.434800057272827,10.39982795715332
4.42335319519043,5.47029286642958,10.383340835571289
4.3649187088012695,5.435022346442565,10.45681381225586
4.402871608734131,5.437969964563049,10.363556861877441
4.390344619750977,5.44653451758703,10.370661735534668
4.393294811248779,5.4142889837468315,10.372108459472656
4.39381217956543,5.4539458273377805,10.42529296875
4.380514144897461,5.408095787878016,10.421782493591309
4.394614219665527,5.450370848511478,10.413228988647461
4.405245780944824,5.410770839313045,10.418625831604004
4.376558303833008,5.439302583690733,10.333351135253906
4.3222527503967285,5.415268752058703,10.347423553466797
4.391884803771973,5.42134505177715,10.399454116821289
4.374906063079834,5.413305762922391,10.432065963745117
4.367578506469727,5.430254690182794,10.3650484085083
4.417286396026611,5.432766270524422,10.359737396240234
4.373626708984375,5.44787659276543,10.359808921813965
4.386478900909424,5.456503613552611,10.451783180236816
4.315335273742676,5.44609988580591,10.39232063293457
4.334507942199707,5.366052611963823,10.419147491455078
4.375169277191162,5.334053199472172,10.4161376953125
4.401662826538086,5.461086204840934,10.28882122039795
4.378612995147705,5.390529434795359,10.325218200683594
4.359819412231445,5.376362521301156,10.327913284301758
4.3704423904418945,5.410458443686366,10.439794540405273
4.353257179260254,5.375809764988455,10.434741973876953
4.3206048011779785,5.385802149340244,10.384195327758789
4.3704376220703125,5.436932839320174,10.331422805786133
4.327787399291992,5.418960073563669,10.340511322021484
4.3624186515808105,5.386949416050421,10.431133270263672
4.374873638153076,5.379841218070527,10.384042739868164
4.372193813323975,5.395223934536001,10.356379508972168
4.353204727172852,5.413145458325745,10.322912216186523
4.379457473754883,5.429468429846955,10.335866928100586
4.386704444885254,5.414431351769184,10.318163871765137
4.360004425048828,5.43245810652817,10.376215934753418
4.348911285400391,5.446141297330281,10.447505950927734
4.354541778564453,5.446401971625164,10.363717079162598
4.325708389282227,5.391809646406078,10.350512504577637
4.39984655380249,5.410535750311933,10.3994140625
4.3300604820251465,5.415495774775212,10.344109535217285
4.327321529388428,5.411256843379565,10.37195110321045
4.366511344909668,5.435479871063893,10.410768508911133
4.353118419647217,5.440751237395618,10.361902236938477
4.337655067443848,5.404976727707045,10.367897987365723
4.3523478507995605,5.361723448881614,10.399645805358887
4.353776931762695,5.430878568407414,10.393858909606934
4.343686580657959,5.432204173511958,10.442337036132812
4.331835746765137,5.415065632567608,10.344225883483887
4.280858516693115,5.37511975437935,10.431168556213379
4.332935333251953,5.331082489807159,10.332294464111328
4.354099273681641,5.393818566908261,10.3170166015625
4.338059425354004,5.432818231971136,10.291241645812988
4.333517551422119,5.453863025476624,10.466957092285156
4.320334434509277,5.405939875702773,10.382634162902832
4.34118127822876,5.4061190935982655,10.38100814819336
4.331805229187012,5.3625729704342255,10.419190406799316
4.308443069458008,5.440800706955737,10.358227729797363
4.349807262420654,5.411518409881475,10.377669334411621
4.302541255950928,5.359015939690704,10.421993255615234
4.363195419311523,5.372008269419894,10.441388130187988
4.353840351104736,5.377716211967968,10.461369514465332
4.299185276031494,5.350139475993013,10.368284225463867
4.347955226898193,5.370750602467783,10.352703094482422
4.385297775268555,5.42489322550994,10.380682945251465
4.346857070922852,5.3894907983152995,10.430885314941406
4.302781581878662,5.3983976224969545,10.332576751708984
4.396322727203369,5.361533686219315,10.432729721069336
4.32589054107666,5.372059110518811,10.45119857788086
4.318503379821777,5.356541671324521,10.300987243652344
4.285691738128662,5.390625329388838,10.403239250183105
4.302191734313965,5.405044662566589,10.33716106414795
4.299867630004883,5.355422287580691,10.385040283203125
4.317172527313232,5.3476516550872475,10.364141464233398
4.311585903167725,5.379974901210517,10.362380981445312
4.315948486328125,5.353502218145877,10.346646308898926
4.304914951324463,5.359498319182811,10.361879348754883
4.335418224334717,5.385776613606141,10.413422584533691
4.307205677032471,5.3276861167978495,10.317627906799316
4.250629425048828,5.39407434241314,10.315696716308594
4.310229778289795,5.441964687812807,10.333944320678711
4.265100002288818,5.37118637252466,10.44469165802002
4.349372863769531,5.360693108223911,10.397745132446289
4.267672061920166,5.327972767209368,10.50977611541748
4.278812408447266,5.3780301893129945,10.337885856628418
4.283104419708252,5.378692362025114,10.417216300964355
4.265852451324463,5.351641677053911,10.391119003295898
4.307000637054443,5.3936514176561365,10.395160675048828
4.312481880187988,5.319799259271739,10.451116561889648
4.307665824890137,5.394004761440945,10.34976577758789
4.270819187164307,5.388388033656936,10.355053901672363
4.259775638580322,5.358021348049598,10.37227725982666
4.29091215133667,5.355007874812665,10.404831886291504
4.249369144439697,5.328788595107784,10.449519157409668
4.301368713378906,5.3021322785144935,10.435518264770508
4.246438980102539,5.297823435793232,10.380050659179688
4.275343418121338,5.373676458939112,10.393723487854004
4.276057720184326,5.38073864935099,10.469390869140625
4.266781806945801,5.352614568745983,10.369562149047852
4.247117519378662,5.304282459896058,10.388195037841797
4.3000359535217285,5.355009400851227,10.443901062011719
4.296321392059326,5.3933901893906295,10.405197143554688
4.288375377655029,5.383924091367849,10.448989868164062
4.2070465087890625,5.381133617201288,10.437860488891602
4.235501766204834,5.345672527827056,10.361295700073242
4.256520748138428,5.3603918324557265,10.511283874511719
4.280683517456055,5.342407881215747,10.39399242401123
4.247450351715088,5.376442222456847,10.37294864654541
4.299991607666016,5.3382280939258635,10.39725112915039
4.280174255371094,5.348085410260994,10.327126502990723
4.250636100769043,5.361561389773019,10.399781227111816
4.229082107543945,5.304335766372137,10.379518508911133
4.215365409851074,5.352407336700708,10.380821228027344
4.235250949859619,5.329548604287474,10.364276885986328
4.182751178741455,5.309981312735805,10.435009956359863
4.2548112869262695,5.3576534659202615,10.378726959228516
4.247435092926025,5.3806934928454995,10.352303504943848
4.251931190490723,5.316605256537773,10.494525909423828
4.252124309539795,5.390412938448467,10.371416091918945
4.260051727294922,5.356792288865628,10.368183135986328
4.262052536010742,5.318059509586809,10.431678771972656
4.256847858428955,5.322501973315542,10.365337371826172
4.199367046356201,5.358840296909745,10.368188858032227
4.199404239654541,5.328222557503198,10.438020706176758
4.2346673011779785,5.24038680812477,10.405158996582031
4.21349573135376,5.315458281797223,10.400155067443848
4.304579257965088,5.343164581938513,10.431412696838379
4.236692428588867,5.283096335129812,10.359919548034668
4.1696367263793945,5.277041929474633,10.382828712463379
4.210599422454834,5.379126647919683,10.43215560913086
4.284681797027588,5.324235320623432,10.343116760253906
4.174195766448975,5.333877857175788,10.442739486694336
4.236401081085205,5.302810958187496,10.295619010925293
4.2194132804870605,5.288108768606824,10.397133827209473
4.254490375518799,5.247223880042189,10.253561019897461
4.226124286651611,5.313777773774095,10.355420112609863
4.246214866638184,5.308265442461042,10.360584259033203
4.259603977203369,5.301658810881365,10.337356567382812
4.23060417175293,5.387693318638152,10.43654727935791
4.2298970222473145,5.3158870218654295,10.416054725646973
4.221982002258301,5.296511235281026,10.352680206298828
4.228549957275391,5.320523118467203,10.349201202392578
4.262645244598389,5.328582734867398,10.369718551635742
4.176146507263184,5.334710979534845,10.44862174987793
4.223484992980957,5.316101905723501,10.390918731689453
4.211211204528809,5.304732343747413,10.407516479492188
4.190426349639893,5.283021394762077,10.282526016235352
4.223575115203857,5.278520689678511,10.427923202514648
4.154732704162598,5.3365236840743036,10.36026668548584
4.213875770568848,5.3162542725248,10.286579132080078
4.204988956451416,5.330217430135235,10.406349182128906
4.197196960449219,5.265857587867815,10.420554161071777
4.263332366943359,5.3271582562010735,10.411128997802734
4.190169334411621,5.2628346734148055,10.408836364746094
4.230915546417236,5.304164006707391,10.363667488098145
4.226297378540039,5.3157399006720105,10.370060920715332
4.252524375915527,5.376340816396155,10.46237564086914
4.197499752044678,5.302684283416187,10.379919052124023
4.187402725219727,5.271170026190313,10.275156021118164
4.167749881744385,5.303401309065522,10.435018539428711
4.211747646331787,5.296921288428296,10.365379333496094
4.151655673980713,5.2800717746971975,10.40235710144043
4.144179344177246,5.345273938894803,10.433669090270996
4.21233606338501,5.309523954189249,10.393247604370117
4.147673606872559,5.260039365517773,10.405767440795898
4.162733554840088,5.294311277634863,10.403512001037598
4.19965934753418,5.287095917056181,10.436107635498047
4.228516578674316,5.302297702458288,10.447484970092773
4.1364054679870605,5.224387235074703,10.282064437866211
4.198162078857422,5.26843913375134,10.362360954284668
4.1881489753723145,5.276258326601238,10.351308822631836
4.176111221313477,5.267441196400406,10.390704154968262
4.168082237243652,5.239282351153504,10.382118225097656
4.192071437835693,5.313459242960172,10.332993507385254
4.199837684631348,5.268273955510397,10.32505989074707
4.207633018493652,5.2063757248355875,10.431673049926758
4.1956000328063965,5.27833034177976,10.311983108520508
4.173912525177002,5.307632308187229,10.358283042907715
4.191898822784424,5.33087419651981,10.344733238220215
4.1668829917907715,5.213695839313523,10.3266019821167
4.21962308883667,5.267392734098913,10.414689064025879
4.17297887802124,5.267422496407692,10.441754341125488
4.193995475769043,5.310269582650757,10.36590576171875
4.21954870223999,5.278533050491076,10.392449378967285
4.155257701873779,5.29747212195902,10.341753005981445
4.166191101074219,5.277495174535683,10.404435157775879
4.231372833251953,5.312709189785113,10.403326988220215
4.198530197143555,5.353568752894977,10.341447830200195
4.156585693359375,5.226627673355065,10.373903274536133
4.12951135635376,5.244789420261181,10.540945053100586
4.161741733551025,5.277836174770657,10.434606552124023
4.178344249725342,5.291441442844059,10.414450645446777
4.151727199554443,5.310509242050881,10.505313873291016
4.190934658050537,5.281313815619796,10.383499145507812
4.150548934936523,5.274621294711583,10.394883155822754
4.146197319030762,5.337531028049333,10.387325286865234
4.1660332679748535,5.257171087698745,10.43871784210205
4.07863187789917,5.279162872615935,10.353209495544434
4.172654151916504,5.256596605426498,10.430474281311035
4.177001953125,5.311966700446127,10.480874061584473
4.154385089874268,5.302424526407516,10.403580665588379
4.1410980224609375,5.279517134152619,10.238951683044434
4.153789043426514,5.27122286863492,10.42464542388916
4.154765605926514,5.27991104747967,10.446402549743652
4.102874279022217,5.354371497108202,10.261075973510742
4.15299654006958,5.288993828597346,10.2996244430542
4.133218288421631,5.19044005235524,10.303422927856445
4.113266944885254,5.256780544428953,10.332651138305664
4.063235759735107,5.226689837640151,10.410755157470703
4.134888648986816,5.266461355611682,10.371607780456543
4.137534141540527,5.244843282637053,10.370129585266113
4.129029273986816,5.247754484714407,10.354146957397461
4.114368915557861,5.291777783372838,10.34012222290039
4.1484599113464355,5.283073744503781,10.359654426574707
4.111561298370361,5.299858381871932,10.436535835266113
4.122629642486572,5.232189535861835,10.471515655517578
4.129533290863037,5.27865988465159,10.26977825164795
4.127142906188965,5.19911758501881,10.427652359008789
4.106605052947998,5.26066316973551,10.434167861938477
4.0873284339904785,5.319841424003243,10.463079452514648
4.118064880371094,5.278394766018859,10.442577362060547
4.119213104248047,5.286403287501473,10.389056205749512
4.095570087432861,5.26612244779244,10.36663818359375
4.082833766937256,5.241108155044328,10.396530151367188
4.062183856964111,5.255125782219692,10.363031387329102
4.141144752502441,5.283450270736856,10.392654418945312
4.082261085510254,5.19860405950541,10.467787742614746
4.1344990730285645,5.268731434496917,10.429407119750977
4.0891571044921875,5.2316812433169355,10.465959548950195
4.104362487792969,5.255482694998916,10.342117309570312
4.139099597930908,5.307569481299392,10.338102340698242
4.1298604011535645,5.283699520198362,10.383130073547363
4.104829788208008,5.23666365551097,10.392372131347656
4.097583770751953,5.256139578197949,10.32723331451416
4.0445404052734375,5.25280254414039,10.355854988098145
4.073489665985107,5.220397213241085,10.425152778625488
4.051215171813965,5.199563518366111,10.424140930175781
4.160649299621582,5.264343610798408,10.426231384277344
4.027053356170654,5.2311109040664245,10.357210159301758
4.129086494445801,5.312640222354925,10.414127349853516
4.070566177368164,5.2518876405166735,10.364477157592773
4.05748176574707,5.225941016771165,10.331450462341309
4.111652851104736,5.262834520079196,10.37749195098877
4.069015979766846,5.238303868998108,10.397233963012695
4.066432952880859,5.217905128308173,10.381603240966797
4.057551383972168,5.200823107235399,10.365728378295898
4.1012091636657715,5.2011562840946555,10.44361686706543
4.0848588943481445,5.277989107982388,10.303539276123047
4.088222503662109,5.273380978664915,10.305407524108887
4.100455284118652,5.251738189852664,10.309093475341797
4.049961566925049,5.253829887170078,10.565231323242188
4.081814289093018,5.19349022552238,10.38740348815918
4.056108474731445,5.210535291116685,10.37015151977539
4.072132110595703,5.174888313348804,10.409597396850586
4.115543842315674,5.2295316908774625,10.46660327911377
4.076656818389893,5.243019027169793,10.368189811706543
4.043936729431152,5.171360804699361,10.415351867675781
4.029456615447998,5.24312395412874,10.420597076416016
4.039312839508057,5.235854261787608,10.442814826965332
4.079757213592529,5.216363201982209,10.357246398925781
4.11729621887207,5.263075742138815,10.383625030517578
4.080112457275391,5.260336016504359,10.432207107543945
4.0443315505981445,5.248922348255292,10.38739013671875
4.109267234802246,5.240546369659049,10.44079303741455
4.076984405517578,5.238677118472489,10.349735260009766
4.049770355224609,5.228291363022955,10.399479866027832
4.066587448120117,5.230278490743201,10.492609024047852
4.015389919281006,5.2123066997820775,10.45545768737793
4.085587024688721,5.203891037597454,10.448841094970703
4.069424629211426,5.217503095411563,10.362950325012207
3.9736597537994385,5.223662669105189,10.34702205657959
4.032376766204834,5.2308078852282565,10.329380989074707
4.10698938369751,5.228961788749855,10.433120727539062
4.080769062042236,5.277175428645153,10.31832504272461
4.045988082885742,5.202648188153813,10.3862886428833
4.070040225982666,5.258855544596111,10.337601661682129
4.007224082946777,5.172377326226394,10.345688819885254
4.029831886291504,5.229540780752099,10.370216369628906
4.099448204040527,5.189261306376596,10.5385160446167
4.097280979156494,5.248666256533137,10.424420356750488
3.9981939792633057,5.2088095246082435,10.440299987792969
4.060654640197754,5.201185353200084,10.358348846435547
4.044732570648193,5.156527315233168,10.377294540405273
4.110625267028809,5.20547925927011,10.370319366455078
4.103569030761719,5.186440324610365,10.422805786132812
4.012972831726074,5.2089767676911185,10.435874938964844
4.038146495819092,5.227036031694817,10.221890449523926
4.027734279632568,5.1574906902055115,10.328166961669922
4.023365020751953,5.23316530680417,10.488798141479492
4.0421600341796875,5.2596790540763845,10.448078155517578
4.016869068145752,5.211482427448832,10.304964065551758
4.071706295013428,5.224370356948515,10.40818977355957
4.011250972747803,5.13094770499239,10.369704246520996
4.012611389160156,5.190733899395647,10.403502464294434
4.050121307373047,5.22039207204112,10.393501281738281
4.021632194519043,5.211023680100749,10.300874710083008
4.047595024108887,5.151626081871135,10.4241943359375
4.097334384918213,5.220891169804547,10.462608337402344
4.0574188232421875,5.225730824650133,10.351058006286621
3.983135223388672,5.182360036764294,10.409899711608887
3.9957399368286133,5.150775915178071,10.436574935913086
4.021193981170654,5.198351225283529,10.309225082397461
4.008301734924316,5.160703773277679,10.438817977905273
3.9947562217712402,5.156176672549918,10.35356616973877
4.02879524230957,5.229709023177357,10.341946601867676
3.9743309020996094,5.165325108982091,10.379837989807129
3.989459753036499,5.167458670114034,10.35067367553711
3.9940786361694336,5.218230269749515,10.319738388061523
4.0206685066223145,5.17310990333291,10.440909385681152
4.030057907104492,5.202898550645581,10.29227352142334
4.006828308105469,5.195680391941486,10.441641807556152
3.984107732772827,5.163339998606325,10.447347640991211
4.035831928253174,5.197787600103766,10.437917709350586
3.9883296489715576,5.1600424185661335,10.324414253234863
3.9581449031829834,5.181002784021466,10.379511833190918
4.0478835105896,5.212792541598901,10.451933860778809
4.013138294219971,5.192329435376451,10.412999153137207
3.9839956760406494,5.2111584400824675,10.375176429748535
4.002926826477051,5.1669990044486305,10.357295989990234
3.970506191253662,5.167973488635782,10.254135131835938
3.9757964611053467,5.140045069091554,10.43552303314209
3.961744785308838,5.133208351575636,10.375235557556152
4.001067161560059,5.189372724221488,10.437201499938965
4.024676322937012,5.17612964064548,10.505661964416504
3.9888787269592285,5.173857885778749,10.495035171508789
3.9864768981933594,5.147122150652908,10.439175605773926
3.9466278553009033,5.150454951716321,10.378682136535645
3.9895243644714355,5.203184386482462,10.461175918579102
3.997375011444092,5.109655563985663,10.424248695373535
3.981041431427002,5.1245928492197494,10.366738319396973
4.000174045562744,5.135919344079282,10.431819915771484
3.9953737258911133,5.118996575940401,10.272078514099121
4.019012451171875,5.134085955863286,10.421518325805664
4.003346920013428,5.207566496816331,10.351367950439453
4.026963233947754,5.1985192167173535,10.43657398223877
3.950010061264038,5.142594236780757,10.392243385314941
3.9672796726226807,5.169795407248394,10.437553405761719
3.9546971321105957,5.160064752679319,10.40583610534668
4.011104106903076,5.1757123058861385,10.367647171020508
3.9363956451416016,5.142553331130849,10.39162826538086
3.9834089279174805,5.107789461101804,10.446826934814453
3.958984375,5.134145732802738,10.377931594848633
3.993011951446533,5.2276132259784,10.399654388427734
3.9835755825042725,5.221081268940387,10.373912811279297
3.929046154022217,5.130854107772133,10.32528305053711
3.9803874492645264,5.182227520704535,10.395419120788574
3.9706506729125977,5.1551586573477834,10.323707580566406
3.9911489486694336,5.132205629521715,10.393655776977539
4.0130615234375,5.2062828982515,10.41692066192627
3.9156291484832764,5.106424335989037,10.401985168457031
3.9213733673095703,5.167772909759411,10.428483963012695
3.910230875015259,5.127810499830438,10.39799690246582
3.9309921264648438,5.10451973741874,10.369634628295898
3.954406976699829,5.101948549139447,10.307695388793945
3.928199529647827,5.122382717606213,10.34157943725586
3.984827995300293,5.175185179936567,10.414556503295898
3.9439470767974854,5.123531936135675,10.386251449584961
3.9311985969543457,5.169193179612713,10.375055313110352
3.931408643722534,5.178045367822051,10.394824981689453
3.9636189937591553,5.1894930108849495,10.424283027648926
3.9369614124298096,5.140555920678058,10.386737823486328
3.9247617721557617,5.098620932482715,10.366748809814453
3.988138198852539,5.111055814494778,10.378059387207031
3.915963649749756,5.174579681595787,10.412042617797852
3.96437406539917,5.127958321744311,10.36768913269043
3.917006492614746,5.2024490896146744,10.391772270202637
3.9574193954467773,5.100327217485756,10.462796211242676
3.9649693965911865,5.19610934418493,10.436851501464844
3.9448487758636475,5.104892874302875,10.419353485107422
3.94741153717041,5.144396552416896,10.502862930297852
3.9339988231658936,5.132731845768701,10.445585250854492
3.9106574058532715,5.149943610952635,10.340566635131836
3.9264402389526367,5.126796238723077,10.429330825805664
3.965204954147339,5.138996483591784,10.352876663208008
3.9228873252868652,5.097561700602195,10.382143020629883
3.889307737350464,5.187342589621299,10.378860473632812
3.942409038543701,5.101888527761081,10.385106086730957
3.9405767917633057,5.155745588143223,10.455007553100586
3.965341567993164,5.095522879888969,10.366475105285645
3.914837598800659,5.17259677047176,10.443634033203125
3.9217300415039062,5.162561098546055,10.423233032226562
3.9368607997894287,5.152760381178398,10.344841003417969
3.9339213371276855,5.083480098584135,10.357601165771484
3.9044995307922363,5.155574715663013,10.399410247802734
3.9349563121795654,5.219010338952232,10.442495346069336
3.9401607513427734,5.1714400869262,10.395623207092285
3.9435997009277344,5.138917769371931,10.431620597839355
3.9093263149261475,5.107142948478992,10.434712409973145
3.9195396900177,5.119861693686939,10.295438766479492
3.9106807708740234,5.138114772171581,10.500810623168945
3.919595718383789,5.174155710863748,10.377540588378906
3.902989149093628,5.035447115411184,10.372320175170898
3.867621660232544,5.14746376682472,10.423616409301758
3.945624589920044,5.129214497615716,10.503170013427734
3.9031496047973633,5.105368136927219,10.27572250366211
3.9391236305236816,5.157846014181684,10.470298767089844
3.8452389240264893,5.1293147073925605,10.36725902557373
3.920488119125366,5.111008655778797,10.380208969116211
3.9377670288085938,5.0620984002016485,10.38985824584961
3.9061670303344727,5.147844183624589,10.5358304977417
3.862915277481079,5.1314979844527056,10.324410438537598
3.8841941356658936,5.081565711580749,10.426392555236816
3.9014909267425537,5.108340132715446,10.410202026367188
3.8768322467803955,5.119410130461412,10.405856132507324
3.9187474250793457,5.102071222815929,10.47697925567627
3.884014129638672,5.0570468562987765,10.462753295898438
3.913177490234375,5.101827601436526,10.372941970825195
3.847388505935669,5.109412156843714,10.384836196899414
3.8973805904388428,5.101334380218759,10.352577209472656
3.8838047981262207,5.125022499289896,10.438350677490234
3.838162899017334,5.058586386664372,10.344883918762207
3.8190643787384033,5.073806082397433,10.370582580566406
3.905611991882324,5.0919121755619665,10.409690856933594
3.906491994857788,5.102009057300165,10.410017013549805
3.9385385513305664,5.136164693694029,10.316685676574707
3.9277689456939697,5.063046505841027,10.367923736572266
3.8267250061035156,5.079263363233102,10.359885215759277
3.917020082473755,5.091550610394084,10.407155990600586
3.8974251747131348,5.11135838127562,10.389189720153809
3.9264283180236816,5.076078289188445,10.414216041564941
3.811530113220215,5.068112894061155,10.374237060546875
3.8788249492645264,5.157541833485343,10.448441505432129
3.876560688018799,5.124187606553148,10.394073486328125
3.88346004486084,5.056443497605089,10.442089080810547
3.8360812664031982,5.144516808014097,10.320070266723633
3.856332540512085,5.107423914030993,10.423433303833008
3.8650875091552734,5.0804074230005165,10.30905818939209
3.897243022918701,5.058000037612926,10.46858024597168
3.8449883460998535,5.133835560509136,10.36860466003418
3.851224422454834,5.074904449383862,10.40488338470459
3.8859472274780273,5.119605140261618,10.433610916137695
3.8067777156829834,5.038218140735157,10.394561767578125
3.8722100257873535,5.085450218391737,10.341634750366211
3.892491102218628,5.030590295957934,10.40264892578125
3.910676956176758,5.122994724927204,10.386043548583984
3.8292014598846436,5.079136411825727,10.376550674438477
3.852982997894287,5.080229092921529,10.389771461486816
3.8761677742004395,5.04748169296155,10.29601001739502
3.8623948097229004,5.112292147707194,10.29092025756836
3.828286647796631,5.090369259971859,10.409082412719727
3.855009078979492,5.115941790996917,10.421798706054688
3.87137508392334,5.07592509513987,10.31549072265625
3.902864694595337,5.064921366217146,10.400860786437988
3.879136085510254,5.0427794642413835,10.323626518249512
3.8097963333129883,5.080315597654719,10.429427146911621
3.8358020782470703,5.07737241695369,10.447160720825195
3.8604228496551514,5.0804901545800805,10.341373443603516
3.8527207374572754,5.032087216885495,10.416584014892578
3.9008891582489014,5.075247442915237,10.402824401855469
3.82784366607666,5.0749488558088025,10.368144989013672
3.8511297702789307,5.082386768090406,10.366867065429688
3.841557502746582,5.06901075567917,10.331993103027344
3.839276075363159,5.060260140403573,10.359991073608398
3.849050521850586,5.104021143733657,10.361919403076172
3.8670926094055176,5.108182509263445,10.357906341552734
3.8558852672576904,5.1074795124919286,10.340676307678223
3.8995707035064697,5.13506598956883,10.451483726501465
3.8407483100891113,5.115001001362024,10.431307792663574
3.8231003284454346,5.083881883782202,10.316398620605469
3.865574836730957,5.030011376765158,10.455602645874023
3.7996833324432373,5.013726666536448,10.401128768920898
3.8247077465057373,5.052823051577434,10.451093673706055
3.8582091331481934,5.067819041466075,10.357515335083008
3.8090648651123047,5.057792852898793,10.469284057617188
3.727290391921997,4.967968844309715,10.446317672729492
3.8572540283203125,5.027931299892121,10.29157829284668
3.8487355709075928,5.0589242201365,10.357185363769531
3.7852771282196045,5.036217510400872,10.389518737792969
3.8461058139801025,5.095322237183738,10.37175464630127
3.846632719039917,5.085180809355474,10.45793628692627
3.807435989379883,5.0699627982851645,10.382286071777344
3.846658706665039,5.0384904992367545,10.300573348999023
3.8210508823394775,5.0640387505159845,10.529592514038086
3.804335117340088,5.069461012724788,10.373175621032715
3.8214142322540283,5.10857537089448,10.396595001220703
3.7988953590393066,5.030052471872685,10.360668182373047
3.8172459602355957,5.075496311864948,10.458524703979492
3.7943286895751953,5.060754037096299,10.394289016723633
3.8418824672698975,5.023112281491714,10.394952774047852
3.8138582706451416,5.055568340999473,10.366360664367676
3.7797045707702637,4.972883030905255,10.381994247436523
3.7879974842071533,5.0883123122288705,10.47076416015625
3.7694485187530518,5.0464410534727255,10.421886444091797
3.771836280822754,5.054754771525041,10.330123901367188
3.767467737197876,5.02867022017017,10.44119644165039
3.8338654041290283,5.0718779131171425,10.41584587097168
3.808321475982666,5.10998709915605,10.386075019836426
3.8087799549102783,5.082226188254675,10.406658172607422
3.8517513275146484,5.046347509105025,10.35445785522461
3.7586326599121094,5.005400233037237,10.400307655334473
3.7685067653656006,5.051182112024565,10.405747413635254
3.803148031234741,5.0205431640081635,10.426267623901367
3.7829580307006836,5.02993582385326,10.439301490783691
3.812140703201294,5.10445452388376,10.468292236328125
3.806427240371704,5.004573303640687,10.243050575256348
3.8302900791168213,5.018922260762857,10.408990859985352
3.808560371398926,5.081890783305946,10.416202545166016
3.847506523132324,5.06085996692335,10.333057403564453
3.7534098625183105,5.039937435183674,10.390351295471191
3.683027744293213,4.995977051057187,10.411325454711914
3.740229368209839,4.992139452037269,10.300064086914062
3.7634005546569824,5.029224047537095,10.470989227294922
3.79742693901062,5.03967538319661,10.468376159667969
3.7629477977752686,5.036660833650136,10.322930335998535
3.8051369190216064,5.021325607750831,10.41781997680664
3.8129796981811523,5.066919303299593,10.392227172851562
3.763981819152832,4.966613950108044,10.428390502929688
3.787095785140991,5.017620225636555,10.428714752197266
3.7412991523742676,5.0112163934391,10.418768882751465
3.797794818878174,5.054510835558176,10.407001495361328
3.763096570968628,5.0216082471223285,10.377897262573242
3.803464889526367,5.052933832331162,10.354918479919434
3.8100688457489014,5.06684569056545,10.422040939331055
3.6809773445129395,5.03009122563526,10.397472381591797
3.7878618240356445,5.022749653718035,10.44426155090332
3.7646641731262207,4.992049687675067,10.400601387023926
3.819974899291992,5.0249241123508135,10.380690574645996
3.7874324321746826,4.998931609027619,10.395666122436523
3.7441117763519287,5.001487232345556,10.345922470092773
3.748391628265381,5.029425992963037,10.296367645263672
3.745971918106079,4.97774057605836,10.369913101196289
3.780015468597412,5.053964892934475,10.36276626586914
3.7495694160461426,5.028022438553827,10.364251136779785
3.785367250442505,5.011842084383326,10.47378158569336
3.796931505203247,5.025377961208245,10.426362991333008
3.7793221473693848,5.017598789351593,10.323890686035156
3.72158145904541,5.05414949167919,10.343351364135742
3.7503862380981445,5.081557627102094,10.422533988952637
3.7571115493774414,5.027424972471116,10.377828598022461
3.767637252807617,5.028149943832042,10.366944313049316
3.766221046447754,4.9967479728761,10.314643859863281
3.739126443862915,4.997993232050378,10.387081146240234
3.7268123626708984,4.928085181895378,10.473981857299805
3.779282331466675,5.033798177959398,10.354719161987305
3.686673641204834,5.041732895919786,10.42881965637207
3.7705881595611572,5.0040350884664795,10.467683792114258
3.768831253051758,5.055293063732928,10.37741470336914
3.757537603378296,4.992218565229061,10.522209167480469
3.7226364612579346,4.955660185776651,10.421890258789062
3.694983720779419,5.026242524385452,10.323037147521973
3.737114667892456,5.000300426967441,10.399310111999512
3.7292656898498535,5.002243982228849,10.398673057556152
3.7876250743865967,5.071782328055374,10.408390998840332
3.701962471008301,4.974621141462453,10.377506256103516
3.7498834133148193,4.966768623063606,10.351594924926758
3.712017774581909,4.985826426717852,10.390287399291992
3.7263522148132324,4.983410438722266,10.357120513916016
3.703352212905884,5.03130361950025,10.401464462280273
3.700279474258423,4.964043973113544,10.429078102111816
3.6868720054626465,4.9528682513628155,10.407306671142578
3.7753357887268066,5.01675907632203,10.442474365234375
3.741185188293457,4.9255783237250785,10.38359260559082
3.7037036418914795,5.026529357702072,10.38957691192627
3.749109983444214,4.978044202085585,10.366386413574219
3.7365288734436035,4.975512143523832,10.432451248168945
3.7579591274261475,4.967837426146226,10.483057022094727
3.7132949829101562,5.01306894850651,10.370536804199219
3.745779275894165,5.04016479274391,10.326639175415039
3.79177188873291,5.020592363983659,10.478059768676758
3.7101759910583496,5.038489801775929,10.383403778076172
3.6838724613189697,4.955684006646541,10.315963745117188
3.7166521549224854,4.9718909619841725,10.417759895324707
3.7581279277801514,4.929151749570987,10.323064804077148
3.6648523807525635,4.9806139055706025,10.394888877868652
3.738124132156372,5.03957205824554,10.433852195739746
3.708245277404785,5.006999183978353,10.408853530883789
3.7613449096679688,4.998979450336525,10.373647689819336
3.67535400390625,4.925066479515018,10.46153736114502
3.7531213760375977,5.052967029424118,10.378767967224121
3.74688982963562,4.980741605029574,10.359892845153809
3.760611057281494,4.995347631463249,10.443950653076172
3.6859588623046875,4.973211978362607,10.476305961608887
3.7446553707122803,5.0947599180508405,10.417867660522461
3.661176919937134,4.9824752921038975,10.398730278015137
3.6961283683776855,5.049690307350829,10.301770210266113
3.6998026371002197,4.981315304857812,10.377569198608398
3.663599729537964,4.97905313499671,10.442371368408203
3.620335340499878,4.955482964270881,10.316034317016602
3.7661502361297607,4.950861766335687,10.416960716247559
3.7218990325927734,5.0296526252890805,10.388400077819824
3.6725831031799316,4.932616016461647,10.45600700378418
3.7056288719177246,4.993608447523521,10.370749473571777
3.661684274673462,5.0049745756800155,10.381542205810547
3.7118799686431885,4.983150832554592,10.414960861206055
3.7068419456481934,4.965319818251633,10.393752098083496
3.7141287326812744,5.034989582906877,10.405370712280273
3.7543118000030518,5.057072339779032,10.475103378295898
3.6475443840026855,4.995346691359632,10.337535858154297
3.687816858291626,4.955134142622618,10.35766315460205
3.682302951812744,4.942034489940852,10.405416488647461
3.663255453109741,4.973740353947505,10.379554748535156
3.6607043743133545,4.985580457540761,10.408920288085938
3.679234027862549,4.92176641873084,10.40817642211914
3.6312737464904785,4.936528816453315,10.33658218383789
3.6622557640075684,4.969402010452801,10.472238540649414
3.596463441848755,4.981952708946275,10.427316665649414
3.67403507232666,4.914565876858043,10.393178939819336
3.66614031791687,4.967377727086257,10.402979850769043
3.6453559398651123,4.975510011859504,10.469345092773438
3.662457227706909,4.9805747309167465,10.413229942321777
3.594426393508911,4.939981495063486,10.390401840209961
3.6635096073150635,4.947343289918666,10.420361518859863
3.6804187297821045,4.982127826161949,10.274662017822266
3.6844468116760254,4.945649418181607,10.422013282775879
3.6850473880767822,4.979526453618227,10.434350967407227
3.674854040145874,4.944932090817019,10.457405090332031
3.662461519241333,5.007412948978266,10.403732299804688
3.6928153038024902,4.952437465810882,10.427526473999023
3.6813995838165283,4.995026270925466,10.397062301635742
3.6585302352905273,4.949320333943304,10.333568572998047
3.62260365486145,4.95502776991842,10.422979354858398
3.671168088912964,4.932531524848725,10.407486915588379
3.6588759422302246,4.9737085529070875,10.4387845993042
3.6333000659942627,4.976312882366724,10.326343536376953
3.5726318359375,4.93290582532063,10.433422088623047
3.679245948791504,4.9779942813994635,10.394536972045898
3.7138285636901855,4.986575452843681,10.389056205749512
3.727008819580078,4.993851285328025,10.330021858215332
3.670757532119751,4.947518323481615,10.407222747802734
3.6125612258911133,4.872043606459296,10.436458587646484
3.620051383972168,4.987784489822974,10.318415641784668
3.6791274547576904,4.915440409776887,10.466438293457031
3.6891086101531982,4.969234535503866,10.478410720825195
3.5894999504089355,4.952011761155777,10.393930435180664
3.7053794860839844,4.998934033992034,10.337531089782715
3.5955445766448975,4.915699491044506,10.377264022827148
3.7018988132476807,4.971926582079115,10.374439239501953
3.663870096206665,4.909190140631315,10.385767936706543
3.6426758766174316,4.960378597191136,10.449871063232422
3.6882612705230713,4.940757805348507,10.468828201293945
3.608215570449829,4.888821778353304,10.328267097473145
3.7015366554260254,5.005578465693231,10.460055351257324
3.6375319957733154,4.994754317582452,10.372961044311523
3.6647582054138184,4.927449800273669,10.384261131286621
3.542863607406616,4.9305082154792865,10.387323379516602
3.6897363662719727,4.933332238246554,10.334650039672852
3.667236804962158,4.986407232637118,10.361006736755371
3.6668453216552734,4.977709528491167,10.37653923034668
3.637873649597168,4.9105728745260935,10.405524253845215
3.657871961593628,5.00847479764239,10.468860626220703
3.6172969341278076,4.964859238659431,10.409280776977539
3.6243221759796143,4.925002290767485,10.35899543762207
3.6255338191986084,4.928919379665915,10.434163093566895
3.6908953189849854,4.8499021435688645,10.394123077392578
3.620388984680176,4.904536634450778,10.295672416687012
3.6771719455718994,4.931490622460841,10.433141708374023
3.6617913246154785,4.985135109064036,10.433228492736816
3.6011743545532227,4.8676094066218605,10.370169639587402
3.600734233856201,4.9497355812761406,10.411304473876953
3.707392930984497,4.921947069965038,10.343358993530273
3.605950355529785,4.904514958649607,10.414799690246582
3.5775716304779053,4.94460875085289,10.418126106262207
3.5534861087799072,4.9128968087690215,10.298866271972656
3.6332764625549316,4.917982668615878,10.3890962600708
3.5709009170532227,4.91300117620267,10.419031143188477
3.608849048614502,4.9670557371739825,10.397149085998535
3.6584646701812744,4.924218633145626,10.376503944396973
3.6209895610809326,4.902983649301209,10.340216636657715
3.5859293937683105,4.879480897582003,10.393097877502441
3.6067519187927246,4.949270152985784,10.378445625305176
3.6228973865509033,4.861375255975871,10.33465576171875
3.62337589263916,4.949692951814671,10.420065879821777
3.5880866050720215,4.851767358370125,10.338281631469727
3.637009382247925,4.978909067709797,10.431291580200195
3.6545050144195557,4.996501480728121,10.306336402893066
3.6122591495513916,4.935851367855711,10.374045372009277
3.5924177169799805,4.921093458908477,10.386752128601074
3.5922882556915283,4.852471673195915,10.308855056762695
3.644937038421631,4.967838694707358,10.392255783081055
3.5750019550323486,4.8470403942213,10.430288314819336
3.587414503097534,4.906656673676999,10.394219398498535
3.5811002254486084,4.948631529696286,10.352827072143555
3.6436827182769775,4.932270878892657,10.356311798095703
3.6548991203308105,4.951049103202032,10.381208419799805
3.5576107501983643,4.8976318766362965,10.338434219360352
3.5686001777648926,4.861987930356658,10.420052528381348
3.523585081100464,4.860232712534654,10.408584594726562
3.660736560821533,4.926051474974623,10.348058700561523
3.6540327072143555,4.992415011694122,10.3824462890625
3.628566265106201,4.901780567032152,10.381731033325195
3.64730167388916,4.967362637531811,10.386463165283203
3.631364345550537,4.845528491107481,10.355104446411133
3.5930824279785156,4.9221703042276195,10.387763977050781
3.640429973602295,4.938369926031945,10.314648628234863
3.604949474334717,4.898682612426846,10.447731018066406
3.6678078174591064,4.92278546021719,10.374802589416504
3.618109703063965,4.8912922481873204,10.34982681274414
3.6405768394470215,4.953284220237817,10.428056716918945
3.5619468688964844,4.897899417805352,10.396455764770508
3.626392126083374,4.900589532318659,10.361982345581055
3.6499922275543213,4.896673417284286,10.3484525680542
3.5791268348693848,4.886768564448825,10.37742805480957
3.5950353145599365,4.86279393715917,10.363219261169434
3.639094352722168,4.935041678138077,10.321098327636719
3.5704872608184814,4.917352112342736,10.423249244689941
3.6291980743408203,4.909793224518321,10.37571907043457
3.6314520835876465,4.939390393539465,10.415894508361816
3.6375365257263184,4.914904011945639,10.386080741882324
3.592151403427124,4.902209314318108,10.483037948608398
3.5818169116973877,4.840152063573311,10.376323699951172
3.61086368560791,4.918457398656756,10.469094276428223
3.6407806873321533,4.930041256926156,10.381979942321777
3.673208713531494,4.865775250863018,10.33633804321289
3.566969871520996,4.808331427164375,10.372475624084473
3.611023426055908,4.8706982030998915,10.418365478515625
3.5739662647247314,4.8851200545738855,10.38690185546875
3.6019158363342285,4.887514724994877,10.448209762573242
3.6676602363586426,4.966694892849772,10.360001564025879
3.552243709564209,4.930770492014875,10.458358764648438
3.6384589672088623,4.900998431390949,10.321324348449707
3.5836572647094727,4.92302074931961,10.527570724487305
3.6304142475128174,4.985552024162773,10.344554901123047
3.643944025039673,4.9563840130743175,10.436382293701172
3.540928363800049,4.91418738912658,10.40342903137207
3.538778305053711,4.873418655379542,10.440238952636719
3.6558737754821777,4.997947066091001,10.374902725219727
3.6629180908203125,4.93505485485574,10.417832374572754
3.5980820655822754,4.848634566812377,10.41175651550293
3.570237636566162,4.904202909009265,10.370603561401367
3.6114490032196045,4.988596615913724,10.491401672363281
3.658546209335327,4.837955954850518,10.40560531616211
3.64090633392334,4.928516238927841,10.384334564208984
3.5841290950775146,4.923311212898365,10.333847999572754
3.5876471996307373,4.929376980256555,10.421854019165039
3.5940101146698,4.934307266492397,10.435220718383789
3.6615664958953857,4.904422475623765,10.40638542175293
3.6415607929229736,4.903009399904737,10.386465072631836
3.6219687461853027,4.879362140050424,10.425408363342285
3.5673270225524902,4.924652395969523,10.412147521972656
3.5090906620025635,4.888031829880284,10.375967979431152
3.6046671867370605,4.918188084216256,10.376448631286621
3.5736286640167236,4.902340671812583,10.407176971435547
3.6039719581604004,4.907382483793689,10.340553283691406
3.6186046600341797,4.865162306997393,10.411346435546875
3.6115541458129883,4.980972617265901,10.432334899902344
3.565166711807251,4.874167560499959,10.445348739624023
3.6232242584228516,4.878083375781508,10.425724029541016
3.582606315612793,4.934308890220044,10.313932418823242
3.665099859237671,4.911714923967208,10.39769172668457
3.573843002319336,4.851691260567999,10.352994918823242
3.5890347957611084,4.8544233680170565,10.452018737792969
3.604283571243286,4.877709708941569,10.312443733215332
3.6332828998565674,4.889250839528229,10.297493934631348
3.566042423248291,4.902052967942186,10.341946601867676
3.5825467109680176,4.935538717412523,10.415185928344727
3.566362142562866,4.906849601671897,10.444561958312988
3.5351386070251465,4.916322014560657,10.330011367797852
3.5719170570373535,4.926856702060572,10.442831039428711
3.691235303878784,4.9651965672882,10.44957160949707
3.6159942150115967,4.930883502288322,10.314676284790039
3.6069586277008057,4.9081927155077985,10.362478256225586
3.6580018997192383,4.96137537145322,10.378214836120605
3.5974860191345215,4.9306790288870355,10.445969581604004
3.5550458431243896,4.864772332832217,10.395404815673828
3.6027233600616455,4.940575114484611,10.335382461547852
3.6254639625549316,4.948560676803546,10.372709274291992
3.5688016414642334,4.870669514506257,10.293004035949707
3.6314146518707275,4.895168292801827,10.400762557983398
3.562760591506958,4.900921643944457,10.37678337097168
3.5886316299438477,4.871246772352606,10.433754920959473
3.5779569149017334,4.901395681813093,10.37327766418457
3.5510711669921875,4.840906475204974,10.377612113952637
3.570359230041504,4.911351412900591,10.317546844482422
3.575331449508667,4.9380463376042565,10.319756507873535
3.574047088623047,4.850101360918155,10.358831405639648
3.6091840267181396,4.968138832133263,10.504244804382324
3.5782947540283203,4.9370587535668164,10.416191101074219
3.5722146034240723,4.905980446442429,10.427400588989258
3.6158463954925537,4.893760459397786,10.341032028198242
3.593229293823242,4.926922626061631,10.369571685791016
3.587390661239624,4.895668587913471,10.4125394821167
3.550753593444824,4.874009205427553,10.469569206237793
3.561026096343994,4.8650990268880765,10.393356323242188
3.5589287281036377,4.848651334942717,10.35493278503418
3.6051814556121826,4.9387805877652555,10.324228286743164
3.6040704250335693,4.888393932254986,10.398102760314941
3.5534276962280273,4.846914399481777,10.40743350982666
3.5723602771759033,4.876691867697185,10.439680099487305
3.59753155708313,4.948514589407881,10.402666091918945
3.5625665187835693,4.900125274002287,10.387746810913086
3.609861373901367,4.881277291869213,10.45257568359375
3.551680564880371,4.896651873098952,10.411565780639648
3.6289751529693604,4.87786071957089,10.32678508758545
3.576110601425171,4.887022575396778,10.283695220947266
3.5764212608337402,4.970157021689894,10.440232276916504
3.604200601577759,4.916544473563721,10.350830078125
3.5353004932403564,4.861707764278566,10.402678489685059
3.5240845680236816,4.839550213023488,10.424073219299316
3.5357468128204346,4.873940161628915,10.4732084274292
3.5540049076080322,4.902663974191196,10.393045425415039
3.5723140239715576,4.91541879091944,10.400190353393555
3.598660945892334,4.84186702288155,10.366535186767578
3.576467990875244,4.896288032543713,10.366762161254883
3.555316209793091,4.886533855460584,10.378534317016602
3.6347413063049316,4.951139990173813,10.464656829833984
3.561342477798462,4.815048950092335,10.38235092163086
3.522207736968994,4.840272723697127,10.386490821838379
3.626113176345825,4.864608860641186,10.295751571655273
3.507467269897461,4.866525707666629,10.340311050415039
3.6107068061828613,4.8704221015796065,10.452707290649414
3.5706419944763184,4.882511067470269,10.497430801391602
3.5780680179595947,4.8462078835083435,10.304132461547852
3.5844216346740723,4.86241889242748,10.371726036071777
3.5997583866119385,4.847602013232452,10.426639556884766
3.5216996669769287,4.858573368817035,10.328076362609863
3.5817012786865234,4.927945104161544,10.34577751159668
3.5717275142669678,4.943255691290167,10.353082656860352
3.5776467323303223,4.842510976196666,10.395946502685547
3.5892558097839355,4.869225683888154,10.415430068969727
3.5330138206481934,4.833803034221222,10.458417892456055
3.557528495788574,4.881640763454405,10.358406066894531
3.593193769454956,4.88055644886169,10.365355491638184
3.569897413253784,4.858247163572482,10.378128051757812
3.576840400695801,4.924000285665638,10.435680389404297
3.560375690460205,4.889259050334139,10.338857650756836
3.5171568393707275,4.8617816499234845,10.423327445983887
3.553226947784424,4.864713164445545,10.350600242614746
3.5491292476654053,4.828495905734599,10.408595085144043
3.5469133853912354,4.874424871922072,10.377484321594238
3.652627944946289,4.918104732009981,10.422562599182129
3.569096088409424,4.888191550670725,10.394278526306152
3.5776050090789795,4.848869722270007,10.412832260131836
3.566025733947754,4.876994845889775,10.42629623413086
3.5735487937927246,4.886412067604916,10.404695510864258
3.5991203784942627,4.86048968299292,10.374432563781738
3.5249664783477783,4.920904820585357,10.485607147216797
3.5845823287963867,4.866830255503633,10.415911674499512
3.4927122592926025,4.878735466228266,10.483049392700195
3.613123893737793,4.88800264362778,10.399009704589844
3.5470759868621826,4.8837993439353475,10.355127334594727
3.56693172454834,4.8750827280205815,10.495585441589355
3.5755679607391357,4.8693096258544495,10.41993236541748
3.5537686347961426,4.899112504707383,10.434569358825684
3.5688252449035645,4.874065758161513,10.431877136230469
3.5295193195343018,4.893473734081324,10.384568214416504
3.6019270420074463,4.938704860363422,10.413723945617676
3.577646017074585,4.924760308748643,10.382550239562988
3.5582542419433594,4.786707829151835,10.376302719116211
3.5129995346069336,4.793325829086825,10.325166702270508
3.5476112365722656,4.865639158391527,10.449799537658691
3.513597011566162,4.893137953610027,10.3949613571167
3.526726484298706,4.879052128676059,10.484004974365234
3.636946201324463,4.896591184461224,10.484942436218262
3.5107643604278564,4.8402462248756954,10.301355361938477
3.512957811355591,4.8446653066203,10.416662216186523
3.544165849685669,4.876492156381054,10.325448989868164
3.5675048828125,4.865330607430743,10.456348419189453
3.590282440185547,4.83314296520049,10.307767868041992
3.531049966812134,4.915006826332371,10.438793182373047
3.557223081588745,4.823857799671324,10.412413597106934
3.614206552505493,4.886894128950579,10.345266342163086
3.5412466526031494,4.812577808009727,10.39047908782959
3.4861209392547607,4.838611929145243,10.365076065063477
3.534538507461548,4.870184139115736,10.458928108215332
3.5508735179901123,4.82351575775205,10.272433280944824
3.5654807090759277,4.872072959052665,10.364359855651855
3.614889621734619,4.934862845444253,10.354740142822266
3.5294995307922363,4.824553042384131,10.354548454284668
3.599590301513672,4.826490022009239,10.417914390563965
3.5575313568115234,4.868853394740395,10.389877319335938
3.5549683570861816,4.839841951350016,10.422109603881836
3.568175792694092,4.956221899017692,10.407777786254883
3.535109043121338,4.848311394985233,10.412116050720215
3.5825035572052,4.899926919323791,10.446487426757812
3.5628623962402344,4.903932590469984,10.440553665161133
3.53031587600708,4.761154301032159,10.363225936889648
3.5702736377716064,4.890040155234081,10.525507926940918
3.5272698402404785,4.85141844674945,10.440526962280273
3.552155017852783,4.7974853264167905,10.395126342773438
3.5974340438842773,4.914800272655807,10.389394760131836
3.5252983570098877,4.849956230958924,10.36628246307373
3.5769054889678955,4.932855759115358,10.39631175994873
3.5530846118927,4.827043784482937,10.520133972167969
3.5673611164093018,4.893425067587357,10.4124755859375
3.60768723487854,4.918825702708481,10.288568496704102
3.585824489593506,4.779901349883792,10.36575698852539
3.553758144378662,4.871225196103166,10.283990859985352
3.5494115352630615,4.856089511986023,10.321157455444336
3.5426645278930664,4.8805053487220516,10.304222106933594
3.5539727210998535,4.891594517843,10.415390014648438
3.5416617393493652,4.811921603578541,10.374861717224121
3.583317279815674,4.877198615676857,10.35229206085205
3.5284173488616943,4.851629135564768,10.36860466003418
3.574434518814087,4.883269286448402,10.395063400268555
3.5610077381134033,4.931905559995878,10.404277801513672
3.578709363937378,4.822133098496123,10.3771333694458
3.5218076705932617,4.7595722654036114,10.434757232666016
3.5648274421691895,4.851962339099762,10.41611385345459
3.565258264541626,4.813610530524914,10.342686653137207
3.5243468284606934,4.846329641295598,10.442980766296387
3.4628024101257324,4.847289866368685,10.467215538024902
3.504948616027832,4.856620393194524,10.387683868408203
3.5458295345306396,4.808571101831538,10.35450267791748
3.550579786300659,4.846694713990604,10.40196418762207
3.587256669998169,4.862651179112228,10.339571952819824
3.539879560470581,4.930775314403165,10.451784133911133
3.532564401626587,4.856000594894534,10.45447063446045
3.571542501449585,4.847052243504939,10.312582015991211
3.499941110610962,4.7832277833949775,10.294171333312988
3.4917659759521484,4.781269951723516,10.488886833190918
3.534907102584839,4.825453859720645,10.33767318725586
3.5590314865112305,4.845413476694375,10.496369361877441
3.5489141941070557,4.857669876256425,10.370746612548828
3.5722901821136475,4.87809228793984,10.463343620300293
3.5192887783050537,4.828239646706996,10.348098754882812
3.5396885871887207,4.869882697505611,10.365985870361328
3.57027268409729,4.861492835384394,10.424362182617188
3.5783498287200928,4.89948468046662,10.32734489440918
3.5319664478302,4.92922368512622,10.396574020385742
3.601484775543213,4.879412920114452,10.420098304748535
3.5432586669921875,4.854761517207538,10.363096237182617
3.566145658493042,4.877955349195482,10.473053932189941
3.6099681854248047,4.818259049838941,10.421574592590332
3.5496468544006348,4.827868262139548,10.30490779876709
3.562718152999878,4.908581032151623,10.3678560256958
3.570507526397705,4.866422543501747,10.388540267944336
3.5512709617614746,4.86597832308949,10.506921768188477
3.557434320449829,4.848580434352957,10.293453216552734
3.5391581058502197,4.872701962411936,10.349472045898438
3.5291659832000732,4.864257344011483,10.3934965133667
3.5341413021087646,4.825855035101995,10.497064590454102
3.4589109420776367,4.734709102294541,10.399950981140137
3.5365493297576904,4.931196782604925,10.371539115905762
3.5207111835479736,4.793204291657146,10.492071151733398
3.5836994647979736,4.856606725935958,10.388763427734375
3.5472517013549805,4.813332029751369,10.386993408203125
3.535846710205078,4.837336244760081,10.328372955322266
3.496598720550537,4.755908796397437,10.414497375488281
3.5109314918518066,4.820694067149556,10.439327239990234
3.5568153858184814,4.863621177018753,10.378129005432129
3.539381742477417,4.7959954182151705,10.366477966308594
3.548673152923584,4.793172728170507,10.314952850341797
3.536743402481079,4.836514563931684,10.394278526306152
3.5095419883728027,4.822222161339596,10.506213188171387
3.522305727005005,4.847186639572361,10.351022720336914
3.652794361114502,4.764051948141839,10.425859451293945
3.564732789993286,4.878947749467833,10.372170448303223
3.5396525859832764,4.819591361796484,10.402017593383789
3.5384247303009033,4.842983208530184,10.431804656982422
3.5363693237304688,4.747537243213238,10.415114402770996
3.4953324794769287,4.8853062533640434,10.363418579101562
3.5219826698303223,4.858534673860829,10.47316837310791
3.454146146774292,4.818654930851023,10.413008689880371
3.467313528060913,4.844736212132764,10.40902042388916
3.54144287109375,4.8249347881480515,10.449843406677246
3.4829416275024414,4.746185050944665,10.298486709594727
3.472715377807617,4.805025897487732,10.397308349609375
3.4669125080108643,4.801501007684108,10.372612953186035
3.5699098110198975,4.888688668641927,10.433334350585938
3.497589111328125,4.861241210551401,10.399795532226562
3.503016948699951,4.858639629125329,10.379073143005371
3.578904151916504,4.813283270790374,10.400038719177246
3.501927137374878,4.828234291070007,10.42432975769043
3.538670778274536,4.766265421374036,10.372295379638672
3.5221383571624756,4.814829804535423,10.384090423583984
3.529850482940674,4.824096199723759,10.38661003112793
3.5815393924713135,4.861756604430931,10.296831130981445
3.531712293624878,4.758564907857882,10.444774627685547
3.5479655265808105,4.853440400312788,10.34504508972168
3.582728624343872,4.891297122995769,10.359722137451172
3.579294443130493,4.888044500823265,10.304832458496094
3.494467258453369,4.825952299870551,10.408271789550781
3.490475654602051,4.845806298245277,10.348709106445312
3.5158660411834717,4.844063824275509,10.342757225036621
3.486785888671875,4.778726870493432,10.36927604675293
3.507958173751831,4.884463101758489,10.450811386108398
3.552448272705078,4.861851444368118,10.326908111572266
3.476811408996582,4.841507797129451,10.33419132232666
3.474444627761841,4.8180091426641285,10.449005126953125
3.5559945106506348,4.804659235390967,10.4171142578125
3.5943069458007812,4.892308330961637,10.41674518585205
3.56880521774292,4.832854700308028,10.477394104003906
3.5613043308258057,4.776145636436662,10.39580249786377
3.4824535846710205,4.851290979322845,10.354450225830078
3.5532219409942627,4.835606346106423,10.413872718811035
3.5241942405700684,4.840336141109998,10.328421592712402
3.579343795776367,4.8649124853046875,10.461220741271973
3.5704474449157715,4.824634940496512,10.50627326965332
3.4874000549316406,4.770642575641562,10.347606658935547
3.4961347579956055,4.826572711612764,10.4707670211792
3.534391403198242,4.852784035128674,10.364123344421387
3.5491292476654053,4.845526175274114,10.430368423461914
3.560241937637329,4.917182912251779,10.45132827758789
3.492999792098999,4.777506891538256,10.35880184173584
3.5096731185913086,4.851416931021959,10.383101463317871
3.554011106491089,4.823829818151093,10.323616027832031
3.500190019607544,4.884354597689318,10.403242111206055
3.440643310546875,4.816512918399114,10.393290519714355
3.5625715255737305,4.85747927670101,10.440055847167969
3.508894920349121,4.753155843853685,10.389300346374512
3.5151455402374268,4.791758825869433,10.453592300415039
3.540679931640625,4.853103556636987,10.339290618896484
3.474782943725586,4.837622030505113,10.38827896118164
3.5343918800354004,4.800950885550784,10.38613224029541
3.5137574672698975,4.892767227188284,10.420143127441406
3.596369504928589,4.7954346390241485,10.4854154586792
3.542919397354126,4.7660888369594305,10.44010066986084
3.5150389671325684,4.799465321170699,10.403164863586426
3.5222644805908203,4.81332225598661,10.332221031188965
3.4944090843200684,4.854731968737074,10.391307830810547
3.4651803970336914,4.81417240445236,10.340470314025879
3.513430118560791,4.78622909888093,10.414583206176758
3.5860626697540283,4.7856376417247315,10.473505973815918
3.478736400604248,4.737852114618624,10.41795825958252
3.563917636871338,4.81308904722599,10.389774322509766
3.4976539611816406,4.761851875177984,10.533219337463379
3.5085947513580322,4.804701227994103,10.423407554626465
3.523130416870117,4.803070801875687,10.44363021850586
3.414592742919922,4.7366030678884785,10.379117965698242
3.5142171382904053,4.837222448749733,10.419797897338867
3.5751333236694336,4.839714163914323,10.405406951904297
3.500643253326416,4.798569260198357,10.324222564697266
3.5838518142700195,4.852488144400662,10.369956970214844
3.5344040393829346,4.83577982825227,10.407254219055176
3.4874417781829834,4.793352022534237,10.466737747192383
3.493431806564331,4.803347598461967,10.394505500793457
3.566624164581299,4.86467307323723,10.418966293334961
3.515941858291626,4.83716899366118,10.472663879394531
3.5246565341949463,4.844547259421753,10.370023727416992
3.5544369220733643,4.816423225948321,10.430061340332031
3.5228323936462402,4.816251785527649,10.4058198928833
3.564807653427124,4.8151754603521635,10.393747329711914
3.5367705821990967,4.835375314046231,10.369131088256836
3.5179154872894287,4.833232868928462,10.497191429138184
3.561023235321045,4.865485696521189,10.446761131286621
3.5320792198181152,4.80030080263636,10.502575874328613
3.541318655014038,4.7772118037433495,10.476997375488281
3.524872064590454,4.830043198773637,10.414806365966797
3.512648820877075,4.84589634682717,10.469100952148438
3.513761520385742,4.813422764518432,10.293389320373535
3.5058040618896484,4.813417636656336,10.485126495361328
3.51296329498291,4.834265310882724,10.467656135559082
3.505932331085205,4.751520388160964,10.431099891662598
3.5343668460845947,4.890135992218608,10.377464294433594
3.534924030303955,4.821667868710522,10.401605606079102
3.4822769165039062,4.7994179529404,10.383049011230469
3.547391414642334,4.806373043584504,10.464130401611328
3.4913485050201416,4.803232082731224,10.361308097839355
3.466567039489746,4.815774477951761,10.389244079589844
3.4854280948638916,4.829009267568056,10.45727825164795
3.550457239151001,4.826857808079304,10.462786674499512
3.5137100219726562,4.8341901006310115,10.344208717346191
3.4652175903320312,4.719472501061059,10.435324668884277
3.494710683822632,4.823721787393359,10.475105285644531
3.5716090202331543,4.874818831249806,10.37924861907959
3.524306297302246,4.8641834836120585,10.422060012817383
3.538573980331421,4.7530271181770205,10.349063873291016
3.5975050926208496,4.839480574242771,10.390654563903809
3.4660871028900146,4.756776589002194,10.471268653869629
3.5099306106567383,4.78917334711046,10.398111343383789
3.581059694290161,4.848530802775973,10.36301040649414
3.5274500846862793,4.891660844341719,10.564207077026367
3.5719635486602783,4.852402725722641,10.356451034545898
3.574631929397583,4.7955073932451855,10.484590530395508
3.526754856109619,4.877651509196896,10.428953170776367
3.5593762397766113,4.763109239250688,10.407691955566406
3.4633378982543945,4.836926742889253,10.329971313476562
3.5144145488739014,4.800799676649538,10.394207000732422
3.5194780826568604,4.817908747919969,10.440335273742676
3.518817186355591,4.835112876591406,10.420699119567871
3.518782377243042,4.81512382353789,10.425086975097656
3.5461270809173584,4.892868021403307,10.328563690185547
3.469973087310791,4.777544652577489,10.422235488891602
3.6021552085876465,4.816779783993427,10.324370384216309
3.5254862308502197,4.738020766127323,10.490629196166992
3.5190792083740234,4.750584487936327,10.476045608520508
3.5207793712615967,4.870102998135346,10.413782119750977
3.479266405105591,4.791574004139485,10.427770614624023
3.5517830848693848,4.767712929784985,10.393321990966797
3.52470326423645,4.828629152982363,10.419540405273438
3.5047314167022705,4.844745920671682,10.419410705566406
3.519955635070801,4.839882754454655,10.469008445739746
3.578148603439331,4.769244868474614,10.4398193359375
3.487791061401367,4.79296067263931,10.459980010986328
3.506835460662842,4.835706763235586,10.457937240600586
3.4740936756134033,4.831332524107504,10.363561630249023
3.5396714210510254,4.764286985820425,10.45090389251709
3.5285305976867676,4.8255677937330415,10.487565040588379
3.472761631011963,4.8182659846996625,10.45822811126709
3.5028934478759766,4.832649437278242,10.421689987182617
3.4841718673706055,4.802698280429468,10.337700843811035
3.4880940914154053,4.689961740846878,10.429261207580566
3.524362087249756,4.794229511105057,10.391525268554688
3.5062973499298096,4.800753496254661,10.405730247497559
3.496351957321167,4.810233521075653,10.437309265136719
3.4808902740478516,4.847133737489847,10.451255798339844
3.4849584102630615,4.765657773806847,10.349298477172852
3.509805679321289,4.861660069020997,10.352893829345703
3.531036853790283,4.893359546050695,10.357531547546387
3.53560733795166,4.8126188834929575,10.37336254119873
3.5214321613311768,4.787972617229181,10.569941520690918
3.500642776489258,4.854139853202338,10.320429801940918
3.4438204765319824,4.858337951691023,10.388896942138672
3.492602825164795,4.85289109993859,10.385333061218262
3.507617950439453,4.815399986791557,10.327259063720703
3.48512601852417,4.8069285890087485,10.436424255371094
3.5068652629852295,4.843742450665949,10.424036979675293
3.4866726398468018,4.843894253318597,10.403377532958984
3.540297746658325,4.708604189866621,10.504447937011719
3.542020559310913,4.830399859995981,10.39371395111084
3.6036977767944336,4.790997786613713,10.387413024902344
3.556096315383911,4.858427308300244,10.424201965332031
3.5223729610443115,4.814571560061138,10.40845775604248
3.496662139892578,4.776883440258514,10.39627456665039
3.5164828300476074,4.818479644400733,10.406764030456543
3.539663314819336,4.792742746715833,10.301581382751465
3.5192110538482666,4.822284100377666,10.414361953735352
3.472910165786743,4.815749980808635,10.471909523010254
3.537172794342041,4.825639691902325,10.367859840393066
3.5309512615203857,4.822331639904795,10.464818000793457
3.495591878890991,4.793590904213487,10.441739082336426
3.469219923019409,4.738271781043815,10.356003761291504
3.5162322521209717,4.840902920180399,10.516071319580078
3.4583914279937744,4.749350836467264,10.50966739654541
3.5536365509033203,4.810995541945366,10.425081253051758
3.4723074436187744,4.774967619982947,10.440945625305176
3.56038761138916,4.755223780537823,10.459527015686035
3.4585812091827393,4.802944275916421,10.4534273147583
3.4465689659118652,4.777796791434022,10.37336540222168
3.4812302589416504,4.735100651459237,10.444278717041016
3.490929365158081,4.77888956233593,10.449755668640137
3.531022548675537,4.80102552426979,10.396915435791016
3.5055148601531982,4.801141066942363,10.52699089050293
3.4242284297943115,4.765082402055018,10.388886451721191
3.4526493549346924,4.739264278606113,10.340839385986328
3.5345118045806885,4.825411882484332,10.42685317993164
3.4464879035949707,4.73649688916547,10.348958969116211
3.4937868118286133,4.826892100341086,10.422292709350586
3.494251251220703,4.763732709655804,10.4179048538208
3.511275053024292,4.795007722452283,10.366323471069336
3.4902069568634033,4.809735660274912,10.513296127319336
3.498019218444824,4.743379894710545,10.427727699279785
3.493476152420044,4.80654204696683,10.419509887695312
3.552699565887451,4.850263601734436,10.466026306152344
3.516993761062622,4.806227580777236,10.520038604736328
3.5063769817352295,4.810362028124342,10.366207122802734
3.452039957046509,4.736145293040733,10.423188209533691
3.53446626663208,4.73796971558061,10.389044761657715
3.468480110168457,4.750161351702575,10.348970413208008
3.491081476211548,4.791981142879064,10.42474365234375
3.4741220474243164,4.787286922036272,10.396257400512695
3.5817055702209473,4.814745259072099,10.379940032958984
3.5018234252929688,4.800846661108412,10.444766998291016
3.482452630996704,4.754515185852402,10.435806274414062
3.453831434249878,4.716148345797722,10.455018997192383
3.5297021865844727,4.86049677554651,10.310099601745605
3.528310775756836,4.782135853577139,10.515205383300781
3.520387887954712,4.764544050076179,10.405721664428711
3.5614609718322754,4.8123656987944345,10.347743034362793
3.4950196743011475,4.798089682922831,10.3644380569458
3.5211827754974365,4.754574424919806,10.448720932006836
3.4892756938934326,4.809783198338534,10.451935768127441
3.440835475921631,4.742264734481329,10.339920043945312
3.5662190914154053,4.808439390101868,10.403627395629883
3.4602279663085938,4.778945424660509,10.38935661315918
3.4823222160339355,4.740105672174,10.402688026428223
3.4862425327301025,4.734406956937165,10.418793678283691
3.4910888671875,4.763258005359343,10.352777481079102
3.498655319213867,4.764519753965682,10.375886917114258
3.4645965099334717,4.761062289687938,10.449689865112305
3.517392158508301,4.8085816111415625,10.401174545288086
3.395430326461792,4.78703335542897,10.329896926879883
3.459174633026123,4.758157171708133,10.435028076171875
3.527031421661377,4.816804122778454,10.455634117126465
3.5378258228302,4.784983436277669,10.442296981811523
3.5247626304626465,4.776109617901966,10.444356918334961
3.465949296951294,4.829812470690481,10.476508140563965
3.391979932785034,4.768945497992847,10.465936660766602
3.4949724674224854,4.796742943847286,10.450712203979492
3.5066068172454834,4.813853535368772,10.363304138183594
3.492044448852539,4.800787565497947,10.43179702758789
3.4989471435546875,4.71727155980521,10.385890007019043
3.570887327194214,4.796458745308753,10.464408874511719
3.5404322147369385,4.810066328716597,10.372360229492188
3.4672186374664307,4.720112227236054,10.406986236572266
3.5437169075012207,4.7268606537088225,10.481882095336914
3.3899478912353516,4.789810852580039,10.529544830322266
3.5404436588287354,4.813423852203413,10.420570373535156
3.4606807231903076,4.780290501025904,10.402019500732422
3.481097936630249,4.726607518137565,10.421899795532227
3.4964585304260254,4.766765973264618,10.506746292114258
3.491910934448242,4.737012456969492,10.413341522216797
3.5041022300720215,4.770160930996228,10.41932487487793
3.5040035247802734,4.77738755109853,10.43390941619873
3.5458552837371826,4.860657333795514,10.404447555541992
3.539677381515503,4.818163923320494,10.472917556762695
3.526719093322754,4.842232191402998,10.446051597595215
3.494600772857666,4.736850502967303,10.481886863708496
3.4615657329559326,4.705132153284337,10.47269058227539
3.537118434906006,4.797707095575918,10.486599922180176
3.49554705619812,4.8219540403889765,10.380006790161133
3.4900197982788086,4.8063174873324375,10.445805549621582
3.511554718017578,4.754582675938894,10.437992095947266
3.5096118450164795,4.773648008404831,10.374650955200195
3.4189326763153076,4.78711974880259,10.360163688659668
3.528604745864868,4.760158821374977,10.403615951538086
3.5056591033935547,4.805821014268856,10.389246940612793
3.509343147277832,4.750663639412129,10.439993858337402
3.527165651321411,4.802588254545949,10.43348503112793
3.4777684211730957,4.7405904941260815,10.428203582763672
3.452885866165161,4.750639990271469,10.376504898071289
3.527292251586914,4.794514316832647,10.431755065917969
3.509596109390259,4.801165900060109,10.373945236206055
3.4645791053771973,4.745846295396665,10.377314567565918
3.515988349914551,4.779425582449352,10.387924194335938
3.4740610122680664,4.758605946653656,10.45186996459961
3.477416515350342,4.727718082955106,10.399927139282227
3.4522628784179688,4.775402806599491,10.413293838500977
3.5092625617980957,4.765707710624805,10.335386276245117
3.4551451206207275,4.736087890408402,10.41382884979248
3.5231680870056152,4.801751515794812,10.355420112609863
3.499408721923828,4.772779404418543,10.384622573852539
3.477898120880127,4.774017157332439,10.40996265411377
3.504756450653076,4.817503341473639,10.444049835205078
3.5219004154205322,4.759314303652251,10.36221981048584
3.5279316902160645,4.774629116091611,10.341071128845215
3.507312536239624,4.710888897501198,10.458023071289062
3.463620662689209,4.770421614704121,10.484052658081055
3.468390703201294,4.755794141242014,10.333589553833008
3.4572479724884033,4.709413038932586,10.412532806396484
3.4844837188720703,4.762961854892118,10.466102600097656
3.513740301132202,4.7800218388438225,10.479402542114258
3.454357624053955,4.768013435149832,10.459775924682617
3.4969747066497803,4.764806087029033,10.438364028930664
3.490612506866455,4.770667426387912,10.437376976013184
3.4794952869415283,4.731381502734231,10.415719985961914
3.480562210083008,4.727753280395908,10.430561065673828
3.438133955001831,4.857518511258864,10.471427917480469
3.502058982849121,4.7849300722258965,10.416711807250977
3.5406947135925293,4.692898171288626,10.478158950805664
3.4543240070343018,4.738096711957561,10.560543060302734
3.449270725250244,4.722178178673078,10.440190315246582
3.50534725189209,4.759151570232851,10.459564208984375
3.469865083694458,4.707469241760139,10.392261505126953
3.4774787425994873,4.799686199918922,10.425793647766113
3.483332395553589,4.772384909513805,10.369649887084961
3.4631967544555664,4.728851954352909,10.384265899658203
3.4605534076690674,4.836928209057078,10.364041328430176
3.483041524887085,4.70400628410945,10.418787002563477
3.4694018363952637,4.750059864982696,10.430122375488281
3.4203171730041504,4.675755638196798,10.446332931518555
3.5334787368774414,4.7345432225681305,10.44493293762207
3.4802980422973633,4.769956039497629,10.445015907287598
3.504434108734131,4.824454509287275,10.473093032836914
3.4243040084838867,4.781709189959137,10.429826736450195
3.442338228225708,4.744470136971878,10.425642013549805
3.477250576019287,4.791970424886261,10.451892852783203
3.509892225265503,4.796824934160603,10.39392375946045
3.467731475830078,4.742483700592337,10.342196464538574
3.4469268321990967,4.742869392835668,10.442020416259766
3.5025079250335693,4.789060182636604,10.382490158081055
3.480452299118042,4.745992842230147,10.347570419311523
3.4403185844421387,4.736239714315161,10.399203300476074
3.4674694538116455,4.835439414451164,10.426074028015137
3.426483154296875,4.724633176245593,10.31969165802002
3.4667022228240967,4.792435377470351,10.360758781433105
3.4826607704162598,4.7801960924241165,10.440893173217773
3.539815902709961,4.707474372216634,10.291921615600586
3.4807968139648438,4.789606262829953,10.349910736083984
3.4644832611083984,4.790406749816611,10.528952598571777
3.449779987335205,4.767065546309043,10.404654502868652
3.465977430343628,4.769511190076758,10.395927429199219
3.443192720413208,4.747658289270475,10.443967819213867
3.4882538318634033,4.756622423251558,10.427471160888672
3.435509204864502,4.775132831086272,10.451447486877441
3.5080385208129883,4.801926878513769,10.41973876953125
3.4612181186676025,4.765064127277583,10.426579475402832
3.5222907066345215,4.760701573986028,10.415783882141113
3.497838020324707,4.764144705941102,10.470800399780273
3.5197463035583496,4.8323544393559645,10.407631874084473
3.5090880393981934,4.731053276320121,10.393468856811523
3.4866557121276855,4.730486691563523,10.454851150512695
3.5396766662597656,4.774966911911698,10.35934829711914
3.442945718765259,4.763826369973165,10.378734588623047
3.507192373275757,4.743545348456662,10.39329719543457
3.516587018966675,4.7920797790866345,10.442232131958008
3.497816562652588,4.709586178684341,10.459275245666504
3.523155450820923,4.7847469107447465,10.369659423828125
3.5143063068389893,4.782760895954977,10.400510787963867
3.494882345199585,4.7650973510795405,10.482681274414062
3.4725639820098877,4.714228217456756,10.38979721069336
3.504485845565796,4.8000766677515845,10.425997734069824
3.4884021282196045,4.805562500974961,10.444047927856445
3.4613070487976074,4.805594005588708,10.435794830322266
3.546175956726074,4.794072872726247,10.386624336242676
3.49212384223938,4.798403483349829,10.334046363830566
3.4164865016937256,4.762236705615318,10.53451919555664
3.4658761024475098,4.7688885170500726,10.470682144165039
3.4403116703033447,4.754031343052962,10.36391830444336
3.4505600929260254,4.711475083504671,10.461742401123047
3.45920729637146,4.792069307495175,10.495930671691895
3.441483497619629,4.755960692352217,10.509012222290039
3.4370970726013184,4.717813621308388,10.304302215576172
3.4997806549072266,4.783535275974177,10.380956649780273
3.4365346431732178,4.761901840334758,10.322243690490723
3.3936827182769775,4.70169058382245,10.415204048156738
3.4774532318115234,4.721231172227168,10.44550609588623
3.476879358291626,4.7605457109665235,10.423748970031738
3.510885238647461,4.745016412443615,10.46701431274414
3.4992458820343018,4.789177156020221,10.42559814453125
3.459426164627075,4.821699412140464,10.333980560302734
3.472658157348633,4.697804875239464,10.39480209350586
3.4260025024414062,4.682095474397232,10.48318099975586
3.4463584423065186,4.77019391468327,10.432904243469238
3.4810593128204346,4.7447355527297725,10.445676803588867
3.4344358444213867,4.684441047787134,10.410700798034668
3.4671764373779297,4.7176841967739165,10.41689682006836
3.5076181888580322,4.7354181952708005,10.393917083740234
3.434302568435669,4.730193646657947,10.38294792175293
3.3898937702178955,4.678747878709276,10.477947235107422
3.4223151206970215,4.749327544821426,10.41190242767334
3.5051257610321045,4.754330317589588,10.422239303588867
3.4723293781280518,4.782834807410835,10.431469917297363
3.500411033630371,4.7948352310673465,10.375011444091797
3.397657632827759,4.683149909600615,10.429544448852539
3.4871349334716797,4.774401776159981,10.453582763671875
3.4966907501220703,4.767344457130613,10.490413665771484
3.505221128463745,4.724221768290071,10.361543655395508
3.5047316551208496,4.736974974462231,10.40932846069336
3.434934616088867,4.812149118266201,10.422628402709961
3.5319840908050537,4.6946598258800805,10.377754211425781
3.4924697875976562,4.7727520017152925,10.321220397949219
3.4766311645507812,4.764861392855113,10.42803955078125
3.4700868129730225,4.793132193918739,10.421977996826172
3.4850714206695557,4.7188197519031485,10.512383460998535
3.525639057159424,4.787506330991164,10.44449520111084
3.4858598709106445,4.707047812474359,10.413198471069336
3.4651687145233154,4.680702568996431,10.47519302368164
3.4790616035461426,4.796302126288147,10.350107192993164
3.4748802185058594,4.775709437971402,10.34587287902832
3.5447702407836914,4.769402714579233,10.419662475585938
3.5132224559783936,4.7456029126021475,10.416485786437988
3.48469614982605,4.779950032709166,10.35418701171875
3.4839882850646973,4.722579442297241,10.50290298461914
3.478088140487671,4.759921344662351,10.337854385375977
3.5445375442504883,4.8170656601765325,10.45429515838623
3.4797279834747314,4.6961962574361165,10.397995948791504
3.487971782684326,4.738121633517689,10.421483993530273
3.4682977199554443,4.812793978090797,10.44153881072998
3.5016043186187744,4.770957238506526,10.509651184082031
3.447169065475464,4.714678477263078,10.430205345153809
3.4796581268310547,4.747993560108755,10.331900596618652
3.417482852935791,4.7606642999952395,10.402438163757324
3.479739189147949,4.790146602883137,10.46902084350586
3.4931254386901855,4.719337259918185,10.434854507446289
3.4753079414367676,4.702645687951839,10.4492769241333
3.433131217956543,4.742870659035232,10.486289024353027
3.452646493911743,4.710716291896201,10.42154312133789
3.4766716957092285,4.673546308285689,10.416452407836914
3.44320011138916,4.684665729690875,10.485121726989746
3.4301047325134277,4.724164111373414,10.485706329345703
3.445159912109375,4.7118733410856555,10.424356460571289
3.488748073577881,4.7374431782601665,10.459989547729492
3.4399030208587646,4.721257176017389,10.41244888305664
3.4688363075256348,4.744742746431647,10.371289253234863
3.4290249347686768,4.727613341395876,10.34288215637207
3.4821600914001465,4.731489750224033,10.413751602172852
3.4856457710266113,4.779724982400824,10.42125415802002
3.4819846153259277,4.722856197672497,10.421368598937988
3.4617230892181396,4.781965372252411,10.382490158081055
3.471501111984253,4.706028120525714,10.43532657623291
3.4735400676727295,4.750215950721343,10.497320175170898
3.467935085296631,4.723422608537866,10.491842269897461
3.4882969856262207,4.724884134584239,10.415541648864746
3.4648244380950928,4.732343410274812,10.405406951904297
3.4984474182128906,4.711469859051118,10.26012134552002
3.415191411972046,4.67882273090072,10.437339782714844
3.4845211505889893,4.68083737910326,10.371132850646973
3.4725871086120605,4.733900637099786,10.375056266784668
3.4959499835968018,4.816925535344386,10.452147483825684
3.4797589778900146,4.710698185854458,10.450977325439453
3.4553701877593994,4.671616277092004,10.506458282470703
3.4444119930267334,4.745838779623487,10.421154022216797
3.543159008026123,4.713186516659334,10.389510154724121
3.488469362258911,4.743385400689606,10.44927978515625
3.4256844520568848,4.769041877273204,10.450358390808105
3.5231635570526123,4.722360482772014,10.427589416503906
3.503326654434204,4.781238258583471,10.490827560424805
3.4177587032318115,4.684394981978195,10.376432418823242
3.4836113452911377,4.726280636453469,10.335844993591309
3.559757709503174,4.776624251988583,10.465404510498047
3.4942626953125,4.736690051587565,10.508273124694824
3.4634737968444824,4.693097148290169,10.400253295898438
3.4562342166900635,4.74450398821916,10.395377159118652
3.4795517921447754,4.715919475270701,10.394394874572754
3.490694761276245,4.742758902887414,10.36695384979248
3.479323148727417,4.728078464411997,10.469635963439941
3.5244059562683105,4.795151266435694,10.339677810668945
3.4147555828094482,4.715312094560692,10.406473159790039
3.473381757736206,4.695045977032611,10.413618087768555
3.4499361515045166,4.73310311993451,10.442747116088867
3.5117690563201904,4.719975501564997,10.414945602416992
3.466148853302002,4.81575121118554,10.390488624572754
3.442561149597168,4.70760461694694,10.437768936157227
3.4657747745513916,4.7417983442677984,10.401018142700195
3.419790029525757,4.786495802924037,10.39652156829834
3.4782440662384033,4.706380685824635,10.373355865478516
3.4624907970428467,4.71250000017296,10.43311882019043
3.4480390548706055,4.693102566458816,10.49277114868164
3.469252109527588,4.755547213800518,10.48583984375
3.45276141166687,4.7728388743208985,10.451682090759277
3.468944549560547,4.76379534116547,10.463134765625
3.4326841831207275,4.690490118294422,10.351019859313965
3.4654557704925537,4.812197950568848,10.371099472045898
3.4376440048217773,4.723214319408206,10.3983154296875
3.503755807876587,4.6716917355079195,10.442508697509766
3.4491825103759766,4.69075044271137,10.454045295715332
3.4750983715057373,4.764799330117448,10.540765762329102
3.4767277240753174,4.707772411106687,10.460806846618652
3.3726654052734375,4.688841354700603,10.401885986328125
3.4689674377441406,4.640630527133388,10.415182113647461
3.483869791030884,4.6957332918952615,10.449756622314453
3.4448416233062744,4.764931229442092,10.376008033752441
3.5108449459075928,4.706872154193531,10.406713485717773
3.4145991802215576,4.731833515921608,10.471149444580078
3.4582409858703613,4.748635151290468,10.39708137512207
3.4719443321228027,4.746856164819163,10.458414077758789
3.507521152496338,4.823985587107018,10.45423698425293
3.4667134284973145,4.770223834718178,10.369218826293945
3.4739091396331787,4.722268859722784,10.424825668334961
3.482388734817505,4.747980485304391,10.48702335357666
3.473689317703247,4.700509453092569,10.380279541015625
3.5096588134765625,4.740617461535813,10.47993278503418
3.4104113578796387,4.6935554983626515,10.41156005859375
3.5024423599243164,4.7399974009687345,10.51411247253418
3.4523353576660156,4.825430801603942,10.445406913757324
3.483611583709717,4.752000206283161,10.386497497558594
3.5064098834991455,4.7306011570617565,10.420432090759277
3.435889482498169,4.759153375634924,10.354588508605957
3.37441086769104,4.637896301357873,10.406896591186523
3.4677577018737793,4.799783281283452,10.423604011535645
3.5211498737335205,4.713960911114035,10.409619331359863
3.498255968093872,4.694440719471979,10.422935485839844
3.421982765197754,4.679278326387117,10.505223274230957
3.5225656032562256,4.732102696817102,10.420151710510254
3.4341230392456055,4.6999070659678965,10.476921081542969
3.5267772674560547,4.719849444759478,10.378350257873535
3.446645975112915,4.655302796745673,10.469609260559082
3.4448986053466797,4.701608870976737,10.430375099182129
3.403305768966675,4.74288141717469,10.344197273254395
3.4246976375579834,4.687758139767019,10.528862953186035
3.410921096801758,4.697715199984876,10.46198844909668
3.4604790210723877,4.689500990456769,10.434802055358887
3.3928377628326416,4.679914226655715,10.426465034484863
3.4935474395751953,4.704405317016478,10.47059440612793
3.496565341949463,4.746299018484674,10.462303161621094
3.414736747741699,4.73834740852804,10.513261795043945
3.454819917678833,4.751164752956747,10.472566604614258
3.5028319358825684,4.779671546271337,10.393575668334961
3.495965003967285,4.712021701137668,10.439739227294922
3.4377224445343018,4.671906827483326,10.412308692932129
3.4789040088653564,4.732375776794339,10.38075065612793
3.440197229385376,4.745307030222777,10.387872695922852
3.4072799682617188,4.72961419371755,10.38001823425293
3.4868576526641846,4.699030540617449,10.430591583251953
3.419646739959717,4.648466221589063,10.458221435546875
3.4126830101013184,4.691417805883768,10.432165145874023
3.48410701751709,4.73441989071268,10.406484603881836
3.383876323699951,4.744141740358567,10.436113357543945
3.4853265285491943,4.738849614780131,10.492910385131836
3.3991451263427734,4.720990130578034,10.415288925170898
3.423581123352051,4.60782647884584,10.430190086364746
3.4822745323181152,4.706673115757959,10.391976356506348
3.4440221786499023,4.643815081001127,10.368871688842773
3.4204094409942627,4.7044224194583615,10.413185119628906
3.3726818561553955,4.66539723742088,10.443589210510254
3.446424722671509,4.731058865951907,10.388614654541016
3.4616856575012207,4.726596114358732,10.451240539550781
3.3689613342285156,4.710224890948407,10.421858787536621
3.485093593597412,4.721829777217604,10.452770233154297
3.459378242492676,4.711695152767269,10.433332443237305
3.441056966781616,4.690740315343387,10.575021743774414
3.4580821990966797,4.771992249414325,10.390381813049316
3.4735512733459473,4.763937787784795,10.469259262084961
3.481492042541504,4.733630082270663,10.420354843139648
3.438671827316284,4.709374362503046,10.412266731262207
3.4878716468811035,4.73913970094041,10.379562377929688
3.432570457458496,4.7247859493031035,10.449280738830566
3.4082982540130615,4.704130392687928,10.433887481689453
3.4626424312591553,4.725380589753123,10.423539161682129
3.4557945728302,4.668498587029587,10.458056449890137
3.448662757873535,4.683898283168673,10.495407104492188
3.5012447834014893,4.700737435769821,10.365102767944336
3.4701054096221924,4.701950719413746,10.44792652130127
3.485184669494629,4.691316896683669,10.478015899658203
3.392202138900757,4.649330430763906,10.365411758422852
3.4763636589050293,4.709275921540601,10.462150573730469
3.402287006378174,4.738911196722516,10.414358139038086
3.4644508361816406,4.710240970332442,10.480144500732422
3.4449727535247803,4.705695394825723,10.490534782409668
3.3826496601104736,4.725312494240435,10.398201942443848
3.4776711463928223,4.776176514636193,10.440322875976562
3.458852767944336,4.774690268827336,10.428495407104492
3.525320053100586,4.738413472759671,10.4074125289917
3.4713661670684814,4.696477788234396,10.44664192199707
3.4373679161071777,4.706949706688257,10.468727111816406
3.3997395038604736,4.70732172222675,10.457240104675293
3.51313853263855,4.736158439257581,10.423547744750977
3.4774603843688965,4.702350355219096,10.416081428527832
3.386796712875366,4.69753445644996,10.389618873596191
3.4562206268310547,4.68839770375884,10.374053955078125
3.493196964263916,4.697929275089077,10.408239364624023
3.4418373107910156,4.710225530035262,10.331812858581543
3.446977376937866,4.758881840023346,10.501189231872559
3.481600761413574,4.675139256786289,10.44178581237793
3.488677978515625,4.675492226811393,10.434901237487793
3.4246504306793213,4.743479707610926,10.467462539672852
3.4391117095947266,4.6789810406044126,10.431234359741211
3.3956918716430664,4.7200672359072735,10.470988273620605
3.4159717559814453,4.7042811352959175,10.418588638305664
3.3836557865142822,4.730933226112809,10.438307762145996
3.451326847076416,4.709733977182103,10.516806602478027
3.4724955558776855,4.71966615911307,10.432013511657715
3.5055081844329834,4.704744114773348,10.409332275390625
3.4542171955108643,4.686090858254049,10.488978385925293
3.4609827995300293,4.7539978947357415,10.441926956176758
3.458472490310669,4.711555711160015,10.455554962158203
3.4471404552459717,4.795771904954953,10.411762237548828
3.4222023487091064,4.681683261280081,10.443466186523438
3.468506336212158,4.691671327155615,10.497446060180664
3.416273355484009,4.6741550218180885,10.378046989440918
3.3781919479370117,4.714261872693897,10.543222427368164
3.4131033420562744,4.75586731695304,10.490484237670898
3.47902250289917,4.723156299841191,10.377606391906738
3.4129199981689453,4.759859583107755,10.536120414733887
3.449751615524292,4.690232313470915,10.35666275024414
3.4679903984069824,4.745839601449137,10.39724349975586
3.486172676086426,4.755533296049439,10.422027587890625
3.4365293979644775,4.780689072994781,10.471040725708008
3.432809591293335,4.647330487213496,10.450550079345703
3.399038553237915,4.6763467725832015,10.410661697387695
3.445413112640381,4.706109996153308,10.42632007598877
3.3783974647521973,4.6573626523438305,10.443201065063477
3.4275965690612793,4.7184398114082535,10.358880996704102
3.4052579402923584,4.688916826920051,10.450044631958008
3.4749906063079834,4.711202231568417,10.306404113769531
3.4742848873138428,4.698571712344087,10.392135620117188
3.425006151199341,4.7559631591596245,10.413984298706055
3.441359758377075,4.7241242691275795,10.430910110473633
3.4512557983398438,4.598439812826525,10.339946746826172
3.41884183883667,4.658628382720053,10.42271614074707
3.427582263946533,4.763952424882779,10.449639320373535
3.452061414718628,4.769085192354395,10.413154602050781
3.4685921669006348,4.727938818146607,10.450714111328125
3.42616605758667,4.7418167589764515,10.349621772766113
3.4135468006134033,4.667894392207797,10.383980751037598
3.436168909072876,4.61961266248753,10.508583068847656
3.4421582221984863,4.6981718894759465,10.474292755126953
3.4784414768218994,4.704204162782324,10.429861068725586
3.443336009979248,4.706275637062001,10.494972229003906
3.513582706451416,4.743186644278466,10.4697265625
3.445650815963745,4.741497618013195,10.427024841308594
3.466283082962036,4.7780909076931755,10.443134307861328
3.4819066524505615,4.713091003442449,10.381022453308105
3.424565076828003,4.681193093669468,10.514060974121094
3.496924638748169,4.706113308634875,10.472591400146484
3.41841983795166,4.678229484274717,10.5321044921875
3.3946330547332764,4.661386775318533,10.43585205078125
3.456216812133789,4.741153071501425,10.388442993164062
3.382385492324829,4.688941633495103,10.43964958190918
3.4683072566986084,4.716680023253762,10.374673843383789
3.461352586746216,4.669072818509968,10.534258842468262
3.4177587032318115,4.70502444160437,10.457090377807617
3.4107370376586914,4.706776965509302,10.485800743103027
3.4557902812957764,4.675421071870785,10.420472145080566
3.431140184402466,4.602563663286023,10.344806671142578
3.3790366649627686,4.679052041145042,10.462545394897461
3.5036773681640625,4.677284144364031,10.382940292358398
3.4198291301727295,4.73824689763465,10.448067665100098
3.4594619274139404,4.741632323811895,10.414860725402832
3.385392427444458,4.644066375979622,10.35848331451416
3.377750873565674,4.757912273385696,10.405815124511719
3.481748580932617,4.710976265437369,10.435834884643555
3.428593873977661,4.740830675599032,10.452194213867188
3.441985607147217,4.6903065123728345,10.43995475769043
3.4178407192230225,4.743904805742204,10.476217269897461
3.4334702491760254,4.654492220043071,10.445273399353027
3.3770809173583984,4.7186042288916985,10.436239242553711
3.4292593002319336,4.652072889364458,10.556086540222168
3.37693190574646,4.713426075110744,10.441486358642578
3.4781253337860107,4.687284405941942,10.406254768371582
3.465123176574707,4.701542356949566,10.481439590454102
3.4359803199768066,4.711385911862766,10.38463020324707
3.4853012561798096,4.72523872920179,10.32726764678955
3.4600014686584473,4.686750709677914,10.420446395874023
3.365833282470703,4.6606167736130635,10.440373420715332
3.3911423683166504,4.638553364867611,10.348942756652832
3.376093626022339,4.721398786142735,10.440028190612793
3.476710081100464,4.69496156049094,10.447571754455566
3.4358971118927,4.682461643391954,10.434671401977539
3.3713269233703613,4.7004364115252555,10.469696044921875
3.4191718101501465,4.668475487236201,10.385839462280273
3.421616315841675,4.6673686954392375,10.453643798828125
3.3788490295410156,4.740259906210538,10.518755912780762
3.386662721633911,4.676560878487569,10.4357328414917
3.4182181358337402,4.666185280906835,10.393774032592773
3.4588987827301025,4.69673679855519,10.357234001159668
3.498607635498047,4.692366738204977,10.441056251525879
3.4382152557373047,4.726262743185674,10.378178596496582
3.500105381011963,4.688798841920549,10.363125801086426
3.391488552093506,4.670612895961052,10.546566009521484
3.456876516342163,4.738670131757058,10.488151550292969
3.467313766479492,4.696754807140678,10.473319053649902
3.4739513397216797,4.7107420596294105,10.372461318969727
3.4202866554260254,4.665282397065312,10.48179817199707
3.4133801460266113,4.69351893084656,10.438840866088867
3.4505515098571777,4.635202257727672,10.413501739501953
3.4207019805908203,4.7179604328703135,10.389383316040039
3.4716949462890625,4.639123002033947,10.452014923095703
3.43351411819458,4.6585240240674475,10.498702049255371
3.358689069747925,4.685048657968374,10.43216323852539
3.4311506748199463,4.743518158959757,10.459983825683594
3.3739805221557617,4.672368452119241,10.406354904174805
3.483339548110962,4.71767620063786,10.444531440734863
3.365295648574829,4.685193534075682,10.46385383605957
3.3869190216064453,4.63286286362979,10.454083442687988
3.4298036098480225,4.7182810161528845,10.45413589477539
3.4366886615753174,4.734099601794567,10.407894134521484
3.4477922916412354,4.684739840882166,10.436056137084961
3.36569881439209,4.627940666196602,10.319270133972168
3.475109100341797,4.651678564858489,10.326648712158203
3.5356767177581787,4.770613955500137,10.415433883666992
3.4226179122924805,4.7195663972358615,10.420697212219238
3.34401273727417,4.661011918481172,10.464218139648438
3.413567304611206,4.709924372046121,10.468183517456055
3.4471867084503174,4.65355199419095,10.502073287963867
3.4197468757629395,4.694468120246062,10.360031127929688
3.425520896911621,4.663971643063372,10.417378425598145
3.346106767654419,4.742194922773966,10.409923553466797
3.4221792221069336,4.654304367490113,10.475784301757812
3.4179229736328125,4.680767575678016,10.413148880004883
3.4420738220214844,4.713703870939623,10.506820678710938
3.3983983993530273,4.710890720598399,10.358586311340332
3.375566244125366,4.647779859303098,10.469200134277344
3.4326486587524414,4.739821100141853,10.392267227172852
3.45327091217041,4.651205076869312,10.419902801513672
3.448962926864624,4.733096052792722,10.465784072875977
3.4900476932525635,4.731141231654744,10.416464805603027
3.4514124393463135,4.686282311366605,10.466869354248047
3.430067777633667,4.742503079951608,10.431058883666992
3.454570770263672,4.801142830035783,10.398140907287598
3.405801296234131,4.695016303764922,10.390950202941895
3.3439648151397705,4.6563628418703695,10.331951141357422
3.459848642349243,4.663462340798495,10.49862003326416
3.4769127368927,4.707521663014112,10.370327949523926
3.404123544692993,4.6844891333021215,10.414283752441406
3.4591031074523926,4.7077355841507345,10.411627769470215
3.478090763092041,4.748830315158037,10.449539184570312
3.4474432468414307,4.641462403349578,10.488351821899414
3.3890340328216553,4.674856234275337,10.4603853225708
3.422581195831299,4.729078197253069,10.450785636901855
3.468621253967285,4.655086247882407,10.44583797454834
3.4008400440216064,4.652051156885656,10.445856094360352
3.456216812133789,4.635333424799943,10.438194274902344
3.400928258895874,4.66678142976681,10.337095260620117
3.4344804286956787,4.687865356881438,10.532033920288086
3.4046661853790283,4.6467860212682615,10.389531135559082
3.4265971183776855,4.6597975251664,10.48058795928955
3.364886522293091,4.670237504611057,10.413299560546875
3.439513921737671,4.739696158628378,10.465210914611816
3.412416458129883,4.715949143416115,10.400876998901367
3.4162304401397705,4.732283286317916,10.437542915344238
3.4103848934173584,4.660750234166959,10.43496322631836
3.3855350017547607,4.602302362244311,10.408533096313477
3.4049012660980225,4.684212453796396,10.411762237548828
3.446878433227539,4.716392969812399,10.418999671936035
3.456345319747925,4.77525012188458,10.351701736450195
3.4466300010681152,4.733875853641491,10.369728088378906
3.467172622680664,4.686086858389899,10.423243522644043
3.399484157562256,4.671849433066589,10.430000305175781
3.4411168098449707,4.60401703018163,10.39791202545166
3.4609463214874268,4.703599158408386,10.511664390563965
3.401268720626831,4.667682143992612,10.362911224365234
3.4304792881011963,4.754610635639566,10.419001579284668
3.463486671447754,4.705994512586455,10.429625511169434
3.4597177505493164,4.62141622569678,10.559985160827637
3.4702231884002686,4.688955041147503,10.440560340881348
3.4172022342681885,4.648131241389949,10.391548156738281
3.4371042251586914,4.640361192569669,10.450955390930176
3.420012950897217,4.742836099117994,10.414705276489258
3.461012125015259,4.72555594043141,10.375964164733887
3.37215256690979,4.606794400207166,10.393495559692383
3.3745956420898438,4.713504710899932,10.495634078979492
3.4028055667877197,4.667677430236446,10.417126655578613
3.475707530975342,4.699636273485209,10.509023666381836
3.4126100540161133,4.701916465835113,10.451798439025879
3.459808588027954,4.67312309245712,10.406171798706055
3.4345614910125732,4.6878631966454645,10.4764986038208
3.422800064086914,4.696533451987696,10.506593704223633
3.4034423828125,4.689417836489156,10.475476264953613
3.370570421218872,4.6127604323638876,10.514198303222656
3.416243314743042,4.723157416796313,10.344829559326172
3.450161933898926,4.682271448662504,10.368282318115234
3.4425511360168457,4.604963764049379,10.372087478637695
3.4542529582977295,4.682132413444508,10.445060729980469
3.4810659885406494,4.659158740691574,10.390819549560547
3.362241506576538,4.623669600579888,10.486751556396484
3.426299810409546,4.661700554890559,10.511194229125977
3.3511836528778076,4.682235356985725,10.501872062683105
3.447127103805542,4.689474957363148,10.53823471069336
3.4105727672576904,4.721217323560268,10.50079345703125
3.3998453617095947,4.661392181346725,10.486480712890625
3.365264415740967,4.72334301072572,10.471640586853027
3.406244993209839,4.669614559272304,10.42000675201416
3.3978006839752197,4.668663151961352,10.459814071655273
3.410949230194092,4.681071803206578,10.472162246704102
3.434865951538086,4.655047784625952,10.396841049194336
3.4253928661346436,4.641279965605852,10.436487197875977
3.3906028270721436,4.649010528311399,10.503538131713867
3.3741543292999268,4.63904018440683,10.46523380279541
3.4361088275909424,4.706949866077464,10.428852081298828
3.440288543701172,4.6603686869410526,10.475725173950195
3.4361321926116943,4.664169461932033,10.468347549438477
3.4238264560699463,4.6517287392302284,10.478363990783691
3.4018757343292236,4.649040798955997,10.433755874633789
3.423654794692993,4.657264253423949,10.388805389404297
3.4667022228240967,4.658895182822431,10.345768928527832
3.440537691116333,4.692165131181745,10.4553804397583
3.4304745197296143,4.676560426596551,10.394354820251465
3.4250547885894775,4.613612188924369,10.496183395385742
3.4701478481292725,4.725003641265046,10.438284873962402
3.3872976303100586,4.624375081055664,10.49190616607666
3.4272379875183105,4.725225139874965,10.499319076538086
3.4331767559051514,4.671642470572675,10.391465187072754
3.386187791824341,4.674869847483933,10.431303024291992
3.427297592163086,4.735787579191051,10.4584321975708
3.4285013675689697,4.670628013355392,10.456400871276855
3.4170336723327637,4.645242171295519,10.483448028564453
3.429238796234131,4.6609506790326645,10.474536895751953
3.3938851356506348,4.722919111638996,10.48437786102295
3.4625866413116455,4.734794639184007,10.489760398864746
3.4489846229553223,4.666051567731691,10.456697463989258
3.4519381523132324,4.659948429358857,10.410468101501465
3.4137189388275146,4.6441104779951266,10.50844955444336
3.3904879093170166,4.680997284861015,10.329265594482422
3.4147450923919678,4.680857191926667,10.442743301391602
3.429687976837158,4.6858181475129514,10.461932182312012
3.3541412353515625,4.59749184771707,10.491033554077148
3.35585880279541,4.642215931156119,10.361200332641602
3.47998046875,4.668191449184503,10.445219993591309
3.3947641849517822,4.611881663523881,10.557195663452148
3.316312789916992,4.679990544216707,10.438867568969727
3.4087073802948,4.671627621033362,10.437583923339844
3.4235668182373047,4.625257289436247,10.456975936889648
3.448654890060425,4.683958268524814,10.428735733032227
3.465597629547119,4.682170750872632,10.441694259643555
3.4066951274871826,4.677143693003538,10.44363784790039
3.411048173904419,4.610101487687123,10.45840835571289
3.4112961292266846,4.633220384895269,10.405672073364258
3.403383255004883,4.659047184744849,10.46576976776123
3.4157259464263916,4.717602808959783,10.463493347167969
3.4617083072662354,4.651733641678999,10.504642486572266
3.4501850605010986,4.708477943869574,10.445687294006348
3.3673195838928223,4.641704389426325,10.45099925994873
3.4291205406188965,4.645626442506909,10.346405982971191
3.419816493988037,4.727488835641582,10.388615608215332
3.419113874435425,4.721158496968981,10.408953666687012
3.409350633621216,4.682878082285502,10.386605262756348
3.3543739318847656,4.637449100048148,10.405323028564453
3.4952988624572754,4.7211973679451535,10.434701919555664
3.337702989578247,4.639555759095986,10.477651596069336
3.425947427749634,4.662238954499896,10.34553337097168
3.414414405822754,4.680623154754617,10.455178260803223
3.4178264141082764,4.683449633885175,10.39350700378418
3.4090709686279297,4.687441721392264,10.423331260681152
3.3491575717926025,4.654283481151132,10.512171745300293
3.4429521560668945,4.682228900791546,10.466755867004395
3.4423608779907227,4.686234328696239,10.491122245788574
3.3073925971984863,4.687041519542357,10.424395561218262
3.449235677719116,4.638201337640307,10.450428009033203
3.429457664489746,4.650596143378476,10.460432052612305
3.4418036937713623,4.74685590404884,10.479765892028809
3.474621295928955,4.672109080678119,10.46983528137207
3.493027687072754,4.575000757318256,10.490442276000977
3.3672313690185547,4.654416274611971,10.428969383239746
3.3581435680389404,4.648281887838883,10.460098266601562
3.334318161010742,4.6671379874127785,10.390876770019531
3.4181931018829346,4.660933641683577,10.487472534179688
3.4380362033843994,4.6736176025588065,10.459697723388672
3.369612693786621,4.614746757051242,10.41877269744873
3.3824310302734375,4.601332567166538,10.394119262695312
3.3768208026885986,4.649202336091548,10.446113586425781
3.3901987075805664,4.592627613871758,10.507543563842773
3.3940770626068115,4.699011960632301,10.425806999206543
3.367777109146118,4.690667884856729,10.51772689819336
3.3713419437408447,4.669441599664943,10.459924697875977
3.335770845413208,4.684091675394614,10.493453025817871
3.40582013130188,4.597940285623605,10.447677612304688
3.356119394302368,4.64052388401303,10.520326614379883
3.3911657333374023,4.69307341666094,10.469545364379883
3.3666770458221436,4.651819009466895,10.440510749816895
3.451467752456665,4.630445178165766,10.388566970825195
3.4585258960723877,4.66894138677578,10.395360946655273
3.4126765727996826,4.698944295856303,10.339436531066895
3.4217381477355957,4.648598667267444,10.3953857421875
3.401646852493286,4.633819169065516,10.390388488769531
3.4448375701904297,4.706102067405093,10.413803100585938
3.4175660610198975,4.6251080351815155,10.478569030761719
3.4080100059509277,4.718613468044038,10.515456199645996
3.4134271144866943,4.651576990427981,10.408424377441406
3.3896164894104004,4.711578651930073,10.442240715026855
3.4053285121917725,4.6745709200788825,10.451303482055664
3.3800156116485596,4.630337028198742,10.38105583190918
3.392598867416382,4.693551135049867,10.475287437438965
3.3513638973236084,4.678067789911958,10.481111526489258
3.3955423831939697,4.648517753729331,10.456232070922852
3.4169366359710693,4.7291813712301005,10.375775337219238
3.3855419158935547,4.6706904642882625,10.461020469665527
3.3397459983825684,4.6398175392033805,10.482080459594727
3.4729442596435547,4.695108603553049,10.431724548339844
3.4435946941375732,4.728356287581845,10.56425666809082
3.422600030899048,4.686114133136082,10.423698425292969
3.409431219100952,4.695918202998916,10.442598342895508
3.3736329078674316,4.65808706770518,10.48600959777832
3.36350154876709,4.715251028072088,10.360669136047363
3.368730068206787,4.612096022681467,10.45561408996582
3.2926480770111084,4.607588123164273,10.422224044799805
3.4607326984405518,4.650639308915872,10.417535781860352
3.4095473289489746,4.667265128577128,10.426886558532715
3.3924553394317627,4.671660711124007,10.416486740112305
3.354623794555664,4.604975105462862,10.44210433959961
3.398028612136841,4.662434195434408,10.494926452636719
3.3564748764038086,4.6338101170092285,10.505167961120605
3.4078166484832764,4.704390096079026,10.42661190032959
3.428658962249756,4.6950807093443085,10.545761108398438
3.3144378662109375,4.6201655844426055,10.521695137023926
3.3891584873199463,4.656802875355685,10.444061279296875
3.363981246948242,4.612760310227584,10.515947341918945
3.4077765941619873,4.678275236460779,10.429696083068848
3.445127010345459,4.684264625622225,10.409780502319336
3.3392956256866455,4.611237698434186,10.4917631149292
3.398528575897217,4.649116640478106,10.420796394348145
3.339209794998169,4.686105419316196,10.480042457580566
3.42056941986084,4.694128978032884,10.509546279907227
3.3979713916778564,4.66011981250319,10.399571418762207
3.420762538909912,4.56709958463242,10.390119552612305
3.370344877243042,4.609267036364015,10.435744285583496
3.411371946334839,4.647118089288207,10.442361831665039
3.3894760608673096,4.695832299667277,10.430042266845703
3.4475879669189453,4.652401974524504,10.426472663879395
3.3365468978881836,4.578508647923757,10.461433410644531
3.435359001159668,4.658589536823067,10.412552833557129
3.3816864490509033,4.618327278344493,10.389328956604004
3.3565866947174072,4.626838016124176,10.406262397766113
3.412687063217163,4.622594299792712,10.46377944946289
3.3809285163879395,4.6985414476533025,10.499902725219727
3.3744540214538574,4.719482155915882,10.457683563232422
3.4278087615966797,4.732386422410076,10.424603462219238
3.376378059387207,4.616097954101861,10.441487312316895
3.3940954208374023,4.653511805060719,10.52084732055664
3.370209217071533,4.635189665913847,10.54056453704834
3.352752685546875,4.634509459736623,10.409714698791504
3.4690840244293213,4.592439025374396,10.457954406738281
3.3715341091156006,4.638718100464237,10.3877592086792
3.3118300437927246,4.659708436678296,10.404703140258789
3.362764596939087,4.686603068174529,10.444465637207031
3.4019699096679688,4.694341110464718,10.4649076461792
3.3850255012512207,4.661236608999649,10.423133850097656
3.3722963333129883,4.5737384973160395,10.498603820800781
3.4567625522613525,4.6448688245311915,10.504155158996582
3.4373812675476074,4.682540572148615,10.437999725341797
3.4082260131835938,4.629782039406044,10.399964332580566
3.4812381267547607,4.6445607970734795,10.514963150024414
3.4014129638671875,4.6153275534909755,10.404350280761719
3.426945686340332,4.652012140490115,10.42721176147461
3.406315326690674,4.614544840995223,10.5693359375
3.386918783187866,4.576707268266806,10.475637435913086
3.3634769916534424,4.686487459644144,10.344226837158203
3.367239475250244,4.632089156524412,10.505112648010254
3.4262661933898926,4.738947617754873,10.41535758972168
3.3741445541381836,4.669810278574004,10.434496879577637
3.4067769050598145,4.701201565729987,10.426325798034668
3.323777675628662,4.644414950927188,10.501644134521484
3.4051361083984375,4.622365458968228,10.36169719696045
3.390047550201416,4.623829503809767,10.446486473083496
3.3772401809692383,4.657506085100716,10.47558879852295
3.333777666091919,4.669275448058865,10.475380897521973
3.374213695526123,4.686954729624891,10.394218444824219
3.4043936729431152,4.696794895588288,10.400924682617188
3.3675739765167236,4.622892956083108,10.501262664794922
3.371394395828247,4.62216034634704,10.460643768310547
3.3945608139038086,4.663531891635753,10.534257888793945
3.3935303688049316,4.596590917224862,10.48675537109375
3.3600759506225586,4.659658972606329,10.475438117980957
3.4082858562469482,4.621978601839926,10.439072608947754
3.3954012393951416,4.673099485159453,10.50776195526123
3.406193733215332,4.595217367002208,10.451592445373535
3.4477858543395996,4.678909855029945,10.454713821411133
3.380751609802246,4.645234939742036,10.45290756225586
3.3299641609191895,4.597017690173483,10.439657211303711
3.450777053833008,4.672220492968336,10.425100326538086
3.447617292404175,4.679469056360956,10.468650817871094
3.4152369499206543,4.717259922064841,10.312519073486328
3.422419309616089,4.696202180215291,10.43768310546875
3.361640691757202,4.66540074265296,10.462064743041992
3.390037775039673,4.640514545076128,10.374321937561035
3.326672315597534,4.598433136108465,10.428281784057617
3.327047109603882,4.644748501812241,10.39891529083252
3.411993980407715,4.670573709066957,10.371456146240234
3.4232897758483887,4.65270513987967,10.420705795288086
3.4237546920776367,4.689758872646572,10.416019439697266
3.3764986991882324,4.665460803146874,10.466054916381836
3.415044069290161,4.654354791988486,10.431547164916992
3.3875133991241455,4.617380541915606,10.447502136230469
3.4274165630340576,4.674357711603599,10.50590705871582
3.417677640914917,4.700645741308109,10.442338943481445
3.4388508796691895,4.679903006912873,10.437383651733398
3.3832666873931885,4.591966825038461,10.444665908813477
3.3314685821533203,4.572001967379557,10.482452392578125
3.481346845626831,4.66617473088471,10.459182739257812
3.3748912811279297,4.623071753453197,10.438358306884766
3.4120137691497803,4.658791564671057,10.521039962768555
3.460721015930176,4.642344346269965,10.544002532958984
3.3745386600494385,4.715221539971285,10.419370651245117
3.4288182258605957,4.6806517121980775,10.45965576171875
3.359636068344116,4.660950316648399,10.412362098693848
3.393679141998291,4.547877924816151,10.511871337890625
3.445476531982422,4.70294450509495,10.42452621459961
3.384493827819824,4.6174565841044695,10.399408340454102
3.360182285308838,4.638095405551472,10.4293851852417
3.3520607948303223,4.6368242149973025,10.479841232299805
3.3931636810302734,4.6263548572481215,10.42811393737793
3.435346841812134,4.651187839086301,10.465161323547363
3.375979423522949,4.653224418871106,10.351322174072266
3.372069835662842,4.703984395933471,10.483610153198242
3.414979934692383,4.662627188089703,10.350383758544922
3.377126693725586,4.627142937654362,10.387706756591797
3.3873894214630127,4.628257548569568,10.414447784423828
3.3773114681243896,4.6346434784520945,10.447940826416016
3.3889999389648438,4.673881533921564,10.392446517944336
3.329740285873413,4.547874970361591,10.427473068237305
3.378239393234253,4.695167609490454,10.478334426879883
3.343341112136841,4.648637771140785,10.38035774230957
3.383112668991089,4.61226223173019,10.456229209899902
3.3588340282440186,4.639412014944745,10.456155776977539
3.3818252086639404,4.642474945435034,10.431114196777344
3.298478364944458,4.583451351283917,10.43844985961914
3.418897867202759,4.70743025929135,10.539592742919922
3.35540509223938,4.62335866403633,10.523202896118164
3.4166524410247803,4.675693911167659,10.4652681350708
3.439565420150757,4.700639857943836,10.506772994995117
3.413346290588379,4.6654495487122665,10.50098991394043
3.3834965229034424,4.6579624910705855,10.45251750946045
3.405261993408203,4.619455572949456,10.351751327514648
3.4580817222595215,4.647953245323151,10.416669845581055
3.3974573612213135,4.625668905841719,10.499523162841797
3.346290111541748,4.629964966127383,10.50305461883545
3.412112236022949,4.619178036194561,10.478357315063477
3.381300210952759,4.721764562950868,10.517656326293945
3.337092876434326,4.646119165600145,10.518274307250977
3.3444466590881348,4.581452253474189,10.423628807067871
3.377891778945923,4.695360053630013,10.498931884765625
3.322923183441162,4.635186059533485,10.465568542480469
3.3294930458068848,4.613352304025154,10.378746032714844
3.3911983966827393,4.624659880663136,10.520218849182129
3.415254592895508,4.6786794529429505,10.42207145690918
3.3740572929382324,4.635970163757779,10.454195022583008
3.284585952758789,4.600992220786534,10.430597305297852
3.512418031692505,4.646049689667832,10.44691276550293
3.403573751449585,4.630838744641681,10.465045928955078
3.3963074684143066,4.589176504772954,10.454072952270508
3.365431070327759,4.616007608694158,10.414274215698242
3.3727476596832275,4.58433511241206,10.451141357421875
3.3182854652404785,4.573643349277387,10.427165985107422
3.427126407623291,4.6743257839698344,10.46451187133789
3.3583126068115234,4.664534357343135,10.409770965576172
3.382766008377075,4.6047676071258525,10.393221855163574
3.323521375656128,4.602825833717361,10.533248901367188
3.346733570098877,4.598573303082958,10.465763092041016
3.3642873764038086,4.666228041385434,10.383034706115723
3.3660576343536377,4.582435454308454,10.471226692199707
3.3937835693359375,4.569450093433261,10.489851951599121
3.3338584899902344,4.550139847610678,10.343413352966309
3.385507106781006,4.690349984781018,10.462167739868164
3.3843834400177,4.588281899058659,10.513782501220703
3.3902602195739746,4.626842279253261,10.435867309570312
3.440934419631958,4.611018376691001,10.500667572021484
3.4164202213287354,4.677643860257896,10.39602279663086
3.3518686294555664,4.689027130836621,10.402246475219727
3.4080724716186523,4.668826935313909,10.411111831665039
3.3782927989959717,4.598866884496861,10.471978187561035
3.3217811584472656,4.628749435534701,10.541053771972656
3.3690133094787598,4.650668169903969,10.490797996520996
3.3665270805358887,4.641922216563087,10.441641807556152
3.380500316619873,4.613754467539755,10.50252914428711
3.4114956855773926,4.647299847199715,10.392739295959473
3.346618890762329,4.605762223546792,10.44550895690918
3.4101216793060303,4.644273546790438,10.418750762939453
3.397843360900879,4.62091095645779,10.412321090698242
3.4382834434509277,4.6252287053503105,10.455341339111328
3.3636891841888428,4.6384709006441485,10.381123542785645
3.35640549659729,4.674463815188834,10.41906452178955
3.3779335021972656,4.568604536288018,10.409055709838867
3.3667216300964355,4.60196273258355,10.483089447021484
3.4205925464630127,4.682212043453807,10.446099281311035
3.376960039138794,4.659207732749305,10.46998405456543
3.4259352684020996,4.729397349092842,10.413566589355469
3.4139585494995117,4.626114896099482,10.5145845413208
3.3811206817626953,4.627174795438935,10.394427299499512
3.3191497325897217,4.613667815524552,10.506486892700195
3.3437931537628174,4.606354388242055,10.521907806396484
3.358203649520874,4.664214496134913,10.509543418884277
3.4193499088287354,4.67482187495833,10.409849166870117
3.357741355895996,4.5516361849316,10.435067176818848
3.3284223079681396,4.621287962455037,10.388168334960938
3.344689130783081,4.597212332234319,10.526029586791992
3.3693606853485107,4.635817302723548,10.367661476135254
3.366943836212158,4.574012359205101,10.504054069519043
3.3663747310638428,4.573561176957031,10.436861038208008
3.319598436355591,4.598325619507315,10.537932395935059
3.372511386871338,4.579975842132366,10.45576286315918
3.353201389312744,4.6426686387109966,10.480018615722656
3.3954808712005615,4.678047463730244,10.4734525680542
3.3686599731445312,4.633307934139988,10.401372909545898
3.3399393558502197,4.647531781545176,10.44916820526123
3.334994077682495,4.669592335454322,10.493692398071289
3.397080659866333,4.636618486672107,10.441569328308105
3.3415920734405518,4.5980268882454505,10.52321720123291
3.3416826725006104,4.62569782317483,10.451539993286133
3.370971202850342,4.64868574589491,10.444550514221191
3.377342462539673,4.594642090278545,10.413980484008789
3.342794418334961,4.624096819731807,10.393569946289062
3.3684475421905518,4.573942603310569,10.418436050415039
3.4033780097961426,4.696534830378369,10.410858154296875
3.438335418701172,4.63264443276317,10.500147819519043
3.3490231037139893,4.67181693459861,10.474528312683105
3.4058632850646973,4.7056035167271535,10.51456069946289
3.399836778640747,4.6250876478651275,10.467878341674805
3.3780393600463867,4.686156558504861,10.465862274169922
3.382676839828491,4.623880105325952,10.50942611694336
3.38751482963562,4.664587444825363,10.43601131439209
3.3449819087982178,4.653432479627164,10.372392654418945
3.336452007293701,4.629113282808768,10.373876571655273
3.3910186290740967,4.671319117436983,10.375117301940918
3.3705146312713623,4.63201296409326,10.434685707092285
3.3817660808563232,4.5924776567013135,10.482295989990234
3.379269599914551,4.6436889658881615,10.457456588745117
3.381049156188965,4.662707574199884,10.461796760559082
3.32265567779541,4.6034686463618915,10.427858352661133
3.314405918121338,4.645687309825527,10.416738510131836
3.405334711074829,4.717886304482818,10.464078903198242
3.40380859375,4.709127623055663,10.463712692260742
3.3722198009490967,4.677227776663909,10.463271141052246
3.362142324447632,4.585887509032286,10.521095275878906
3.329704523086548,4.615878304699436,10.460739135742188
3.384659767150879,4.706803894036317,10.475589752197266
3.38045072555542,4.592733927503494,10.383673667907715
3.3372275829315186,4.6623578484369705,10.360102653503418
3.3569087982177734,4.643199588837367,10.456964492797852
3.3951845169067383,4.6337500137409995,10.450345039367676
3.304171562194824,4.610177302234141,10.434640884399414
3.3983044624328613,4.661139516958168,10.406662940979004
3.351010322570801,4.639441633663539,10.450593948364258
3.3660707473754883,4.634605269047564,10.431447982788086
3.3354012966156006,4.586282782955095,10.501852035522461
3.421665668487549,4.57650134961919,10.459887504577637
3.3467698097229004,4.592903138836846,10.446609497070312
3.3699331283569336,4.648135993729479,10.416814804077148
3.3804166316986084,4.622823564102873,10.488404273986816
3.298013210296631,4.687536450867941,10.46609115600586
3.3731205463409424,4.587858718853178,10.45217514038086
3.38739275932312,4.624915294448979,10.423585891723633
3.387373447418213,4.615242783379342,10.441619873046875
3.3496177196502686,4.649942139995152,10.406570434570312
3.428271532058716,4.689919930716444,10.459207534790039
3.3340060710906982,4.61445208954891,10.427863121032715
3.3052313327789307,4.592609548941255,10.409154891967773
3.382086753845215,4.563942436827347,10.3408842086792
3.3596372604370117,4.583029355454658,10.396284103393555
3.372722864151001,4.626086511981806,10.47698974609375
3.342939853668213,4.617791247454339,10.480768203735352
3.382091999053955,4.550047533087698,10.436206817626953
3.38252854347229,4.583005607227928,10.383023262023926
3.354126214981079,4.611894665452253,10.409382820129395
3.2967731952667236,4.688871711559061,10.428949356079102
3.3813698291778564,4.630831675504201,10.524202346801758
3.369534969329834,4.574423091552619,10.56559944152832
3.3298628330230713,4.589815475345988,10.473029136657715
3.4269421100616455,4.6566833251022866,10.36882209777832
3.3424177169799805,4.650538875654871,10.451276779174805
3.4201436042785645,4.643048021942377,10.49250316619873
3.359710693359375,4.584841676954446,10.473540306091309
3.3601367473602295,4.643356978959803,10.511427879333496
3.332918167114258,4.626616461535118,10.475494384765625
3.3400490283966064,4.594542468964522,10.486151695251465
3.399519681930542,4.594159777342742,10.47303295135498
3.316757917404175,4.588338476838544,10.44950008392334
3.358680486679077,4.530922387726605,10.406853675842285
3.360517978668213,4.654446607156258,10.487990379333496
3.3841140270233154,4.670550815927397,10.410818099975586
3.3260443210601807,4.641090975276061,10.453001976013184
3.39646577835083,4.765583580492863,10.444157600402832
3.3230743408203125,4.649128329740572,10.435985565185547
3.377518653869629,4.6583774548822205,10.464092254638672
3.3487179279327393,4.656112684236307,10.349577903747559
3.3793630599975586,4.624337474150317,10.488110542297363
3.390390157699585,4.615334927004628,10.495311737060547
3.423053026199341,4.6499595342736155,10.437360763549805
3.3151581287384033,4.587152552558109,10.504539489746094
3.362443447113037,4.633591258233147,10.450117111206055
3.3580901622772217,4.584790459834039,10.420581817626953
3.360764741897583,4.582870676947225,10.445087432861328
3.410264730453491,4.6424020315586985,10.481581687927246
3.3267099857330322,4.629705456517903,10.454562187194824
3.3434832096099854,4.632152330895353,10.458024978637695
3.3988473415374756,4.716940457999175,10.443575859069824
3.3595774173736572,4.606736329384148,10.50033950805664
3.3718953132629395,4.657200144271233,10.382808685302734
3.3275232315063477,4.571230081375688,10.494415283203125
3.323219060897827,4.60417320486158,10.476428985595703
3.343867063522339,4.659246038113321,10.411128997802734
3.397151470184326,4.680298445313903,10.455488204956055
3.38680362701416,4.605526906005772,10.532649993896484
3.357292890548706,4.656977368352402,10.45087718963623
3.3610825538635254,4.623063671136541,10.438711166381836
3.4104747772216797,4.677690579555929,10.419638633728027
3.382936716079712,4.525024817491483,10.456254005432129
3.3895604610443115,4.676033848730315,10.4448881149292
3.3306503295898438,4.6397188208731155,10.471774101257324
3.2842910289764404,4.615063365648633,10.505355834960938
3.343418836593628,4.558408530262699,10.464603424072266
3.389376163482666,4.6403444876362165,10.52186107635498
3.4083032608032227,4.620131628687627,10.460797309875488
3.343675374984741,4.620825974170917,10.381186485290527
3.3187732696533203,4.582320211288918,10.505558967590332
3.3818118572235107,4.673017757944763,10.463367462158203
3.371361017227173,4.595780979110194,10.385061264038086
3.3281517028808594,4.621008666631367,10.470561027526855
3.3563883304595947,4.640693433216906,10.408318519592285
3.3284997940063477,4.639574792369135,10.499943733215332
3.2919921875,4.630635654553771,10.475313186645508
3.3612568378448486,4.601479965960607,10.525609970092773
3.356886625289917,4.561301497143826,10.478358268737793
3.3270394802093506,4.591675121769576,10.513805389404297
3.2893927097320557,4.58136622760711,10.584212303161621
3.3434364795684814,4.593612774674381,10.521296501159668
3.337583303451538,4.632029600774071,10.442846298217773
3.3625214099884033,4.634981278729226,10.369330406188965
3.352579116821289,4.636439262889326,10.405573844909668
3.3553969860076904,4.598988062236458,10.461472511291504
3.2754740715026855,4.596024637243577,10.447334289550781
3.3933403491973877,4.6832985527746915,10.446502685546875
3.4246902465820312,4.594522690467005,10.435400009155273
3.3274805545806885,4.62934360370439,10.533246994018555
3.3542745113372803,4.5600958381047745,10.429300308227539
3.3172075748443604,4.61501433327794,10.486509323120117
3.3788199424743652,4.612154936717291,10.484167098999023
3.3222296237945557,4.612185803242028,10.466455459594727
3.3347113132476807,4.582555605065344,10.44035530090332
3.3074042797088623,4.533880876743102,10.46796989440918
3.3554391860961914,4.583427387156656,10.441975593566895
3.3792171478271484,4.619775845436379,10.395134925842285
3.356401205062866,4.620595427895232,10.466354370117188
3.3609917163848877,4.602443261338132,10.468238830566406
3.3698668479919434,4.649030065463323,10.443534851074219
3.4091227054595947,4.627957808352741,10.456968307495117
3.3485541343688965,4.618473386292213,10.46982479095459
3.2726705074310303,4.654046651874004,10.475488662719727
3.299607753753662,4.639389326496582,10.416851043701172
3.3110880851745605,4.557300045587389,10.468460083007812
3.4009227752685547,4.647004225125004,10.562393188476562
3.400169610977173,4.578951569440376,10.458134651184082
3.3068251609802246,4.5791106258984655,10.386983871459961
3.3511464595794678,4.634529985487462,10.509325981140137
3.407285690307617,4.584826096626265,10.424869537353516
3.3546321392059326,4.59722484678163,10.405997276306152
3.318972110748291,4.603434197671179,10.423361778259277
3.358808755874634,4.627111313997635,10.517900466918945
3.309718370437622,4.563591157984255,10.402138710021973
3.3111355304718018,4.615323808942256,10.409387588500977
3.355109930038452,4.619529156945646,10.469717025756836
3.334554672241211,4.562824651865022,10.37509536743164
3.3429017066955566,4.584503321309707,10.378851890563965
3.38006854057312,4.6228898942270975,10.416847229003906
3.3836874961853027,4.663130540068129,10.405976295471191
3.32987642288208,4.6258961051436405,10.36253547668457
3.3386528491973877,4.606603439963822,10.5301513671875
3.3560941219329834,4.634282541926951,10.542451858520508
3.3706881999969482,4.556677516150688,10.486556053161621
3.351452589035034,4.650934664831896,10.458576202392578
3.362621307373047,4.567453427340038,10.418684959411621
3.2738232612609863,4.560104625499141,10.373927116394043
3.3399980068206787,4.586138065239149,10.447074890136719
3.4242424964904785,4.622348382337285,10.458833694458008
3.3904478549957275,4.664085024668435,10.490901947021484
3.3510518074035645,4.646532204101926,10.435483932495117
3.3486084938049316,4.5739231820750454,10.407145500183105
3.3023552894592285,4.605200038990006,10.478534698486328
3.3302242755889893,4.566441018533493,10.486693382263184
3.35932993888855,4.6024300598406365,10.492687225341797
3.330716848373413,4.5292583774841795,10.385068893432617
3.338956356048584,4.63099692499132,10.476171493530273
3.317793369293213,4.5867058298151395,10.388190269470215
3.3860666751861572,4.627524063490065,10.456619262695312
3.307448387145996,4.547386362317152,10.451509475708008
3.3184502124786377,4.579299948776939,10.512848854064941
3.3025317192077637,4.585284067184797,10.469319343566895
3.353471517562866,4.612080242651115,10.388236045837402
3.23097825050354,4.563274103017258,10.38619613647461
3.309551954269409,4.656830782935556,10.518648147583008
3.359067678451538,4.645550482474002,10.471197128295898
3.4264941215515137,4.653593977447599,10.466302871704102
3.268855094909668,4.557138234676261,10.441232681274414
3.3131470680236816,4.578862862062773,10.437249183654785
3.374067783355713,4.6080975527875125,10.525825500488281
3.3332347869873047,4.59634681854264,10.36308765411377
3.3939766883850098,4.604138582113332,10.382822036743164
3.3291890621185303,4.559474378258788,10.36312484741211
3.3306820392608643,4.5918954756177435,10.442371368408203
3.346916675567627,4.539031923815076,10.477532386779785
3.3797202110290527,4.520282523906124,10.454545974731445
3.344646692276001,4.597100405321855,10.396356582641602
3.346250295639038,4.607473065710759,10.415307998657227
3.4172024726867676,4.606728749249928,10.44108772277832
3.3817052841186523,4.601764531140881,10.403996467590332
3.3155388832092285,4.582800467997522,10.553054809570312
3.3388116359710693,4.519558293877968,10.396261215209961
3.377747058868408,4.564206901305755,10.448318481445312
3.3470702171325684,4.568695265234315,10.4308500289917
3.348546266555786,4.575020722313119,10.471691131591797
3.295491933822632,4.571280342693042,10.409820556640625
3.3453030586242676,4.636267223495192,10.393404960632324
3.3489608764648438,4.60646214625532,10.347908020019531
3.3353421688079834,4.570524334807747,10.440397262573242
3.3255579471588135,4.580386680650658,10.498287200927734
3.3540799617767334,4.602336294117516,10.440773010253906
3.323674440383911,4.561301175371876,10.407501220703125
3.329355239868164,4.572730800669109,10.48211669921875
3.313809871673584,4.5641018089372665,10.345176696777344
3.3692519664764404,4.625131125395586,10.348889350891113
3.299241781234741,4.592576532990539,10.489697456359863
3.343862771987915,4.676423532522417,10.3595609664917
3.357403039932251,4.617886722453736,10.514097213745117
3.337777853012085,4.568285563461749,10.390279769897461
3.3379018306732178,4.6493152197716485,10.501721382141113
3.3500170707702637,4.565842597046867,10.44690990447998
3.3866794109344482,4.593660910613835,10.419675827026367
3.3956713676452637,4.596444240837757,10.528996467590332
3.358295440673828,4.622953584550746,10.465716361999512
3.314187526702881,4.597433274844662,10.442611694335938
3.361293077468872,4.586121676456449,10.421144485473633
3.353670597076416,4.586256288324615,10.405084609985352
3.3697052001953125,4.574550750432536,10.469324111938477
3.3572781085968018,4.558407606058089,10.493839263916016
3.325432777404785,4.62512367002533,10.421671867370605
3.386491298675537,4.547248851142025,10.414565086364746
3.3033955097198486,4.582198860888768,10.512487411499023
3.2642877101898193,4.600257343878703,10.368412017822266
3.2325515747070312,4.5417669250496795,10.469490051269531
3.3598241806030273,4.662605696590617,10.463743209838867
3.327080488204956,4.580837603226038,10.46742057800293
3.386904716491699,4.596720208181068,10.411931037902832
3.2876973152160645,4.590026426594704,10.395787239074707
3.4013655185699463,4.586936430905813,10.522356986999512
3.328169584274292,4.570409774447659,10.417116165161133
3.3801686763763428,4.608674867843677,10.419048309326172
3.3578121662139893,4.542389845009893,10.466924667358398
3.36919903755188,4.661122505586328,10.492566108703613
3.3230834007263184,4.519134184611696,10.45248794555664
3.4293792247772217,4.647442341183445,10.51578140258789
3.3493497371673584,4.591413833001362,10.463909149169922
3.3618268966674805,4.561684911106048,10.410694122314453
3.3117969036102295,4.588956937992147,10.401215553283691
3.3150553703308105,4.57433559851987,10.396089553833008
3.30000376701355,4.562640811349931,10.486034393310547
3.2878239154815674,4.625767790945247,10.46359920501709
3.3490750789642334,4.535097135363945,10.506268501281738
3.371450662612915,4.5690534558546325,10.537384033203125
3.312014102935791,4.6237970561986526,10.399751663208008
3.3315160274505615,4.54563539461898,10.445541381835938
3.3392674922943115,4.59647254941852,10.40314769744873
3.335418224334717,4.478206750703976,10.379846572875977
3.3193259239196777,4.554339024205027,10.431051254272461
3.3912136554718018,4.703174642253933,10.472631454467773
3.3556668758392334,4.5719113840854595,10.490995407104492
3.329268217086792,4.617446832558406,10.434405326843262
3.3984286785125732,4.554038248290973,10.428335189819336
3.39477276802063,4.630471077381767,10.46303653717041
3.3352854251861572,4.588492350486506,10.408699989318848
3.2920961380004883,4.532681375309559,10.382225036621094
3.3303356170654297,4.579248278168961,10.411661148071289
3.328653573989868,4.553135087846645,10.508926391601562
3.336452007293701,4.60548236021506,10.48755931854248
3.343782901763916,4.611697672101269,10.463534355163574
3.3052098751068115,4.489974113746679,10.440025329589844
3.263651132583618,4.6002253613301685,10.371360778808594
3.3311643600463867,4.612454720074311,10.505327224731445
3.3462941646575928,4.589274587608608,10.415291786193848
3.361419916152954,4.582411333951833,10.50931453704834
3.3437750339508057,4.50405270556387,10.52841567993164
3.355088710784912,4.552644794973146,10.399820327758789
3.2975287437438965,4.582087707672534,10.4627046585083
3.355026960372925,4.651437913599824,10.458215713500977
3.3012497425079346,4.56375392173816,10.434171676635742
3.394552230834961,4.574428019779068,10.44947624206543
3.318185567855835,4.583797109679185,10.455362319946289
3.3731446266174316,4.62155346569073,10.3701753616333
3.3014633655548096,4.557108777541933,10.49777603149414
3.3252952098846436,4.572925274360126,10.408028602600098
3.372527837753296,4.589083023701928,10.469047546386719
3.2914912700653076,4.546271157717066,10.45786190032959
3.3436238765716553,4.637450164084189,10.442132949829102
3.3320319652557373,4.638569017073937,10.502094268798828
3.332226276397705,4.5750541274568866,10.412443161010742
3.318229913711548,4.6173062524425665,10.43392276763916
3.3479747772216797,4.571140820493124,10.460437774658203
3.399237871170044,4.601386829079795,10.57258415222168
3.342043876647949,4.599646694426026,10.462217330932617
3.343597412109375,4.608218642184511,10.436687469482422
3.3019278049468994,4.5576258982598254,10.418700218200684
3.3383522033691406,4.610664002164932,10.455310821533203
3.315099000930786,4.5766026723597735,10.534639358520508
3.305623769760132,4.549003023055515,10.511693000793457
3.293671131134033,4.584984789136798,10.37911319732666
3.355808973312378,4.579499513176935,10.438276290893555
3.3429787158966064,4.546157525885583,10.499252319335938
3.4142684936523438,4.642361495643854,10.55955696105957
3.293240785598755,4.528189367215548,10.523834228515625
3.3584516048431396,4.62843036578436,10.393473625183105
3.32959246635437,4.5817911320898155,10.417400360107422
3.300706624984741,4.547774585196749,10.483831405639648
3.3444528579711914,4.625933401286603,10.416231155395508
3.3218507766723633,4.603659286596147,10.438901901245117
3.22747802734375,4.485109028206873,10.390005111694336
3.384180784225464,4.544868612595435,10.397499084472656
3.417330741882324,4.601926392975396,10.441547393798828
3.2903738021850586,4.608253156500203,10.407501220703125
3.344228982925415,4.616633664816618,10.402630805969238
3.3344948291778564,4.50851339138379,10.423478126525879
3.3639121055603027,4.6388898861727546,10.367452621459961
3.356403112411499,4.63847627274559,10.493258476257324
3.2908124923706055,4.556116133828515,10.373509407043457
3.3165173530578613,4.5477395287847955,10.523046493530273
3.312577724456787,4.676303770492917,10.471334457397461
3.269340753555298,4.4964132114712685,10.396186828613281
3.319415807723999,4.582285227087725,10.490615844726562
3.367574691772461,4.560049482854083,10.426618576049805
3.3110132217407227,4.621523583440909,10.479936599731445
3.2759852409362793,4.520753357892057,10.483736038208008
3.331367254257202,4.571840684262238,10.397859573364258
3.341219186782837,4.598224586175222,10.433377265930176
3.3266782760620117,4.6227562557240685,10.491964340209961
3.3417210578918457,4.565033478096925,10.445606231689453
3.3354127407073975,4.523875475595039,10.512063980102539
3.338064670562744,4.6291220300564815,10.539698600769043
3.3607194423675537,4.568491309382288,10.42406177520752
3.36621356010437,4.607669405738957,10.469009399414062
3.2620849609375,4.6164155283144535,10.523174285888672
3.3582894802093506,4.5065992999090145,10.390519142150879
3.2712085247039795,4.57963576061385,10.470905303955078
3.2817766666412354,4.57945023816345,10.551309585571289
3.3550939559936523,4.644857584964484,10.461214065551758
3.2744638919830322,4.588083572985073,10.467574119567871
3.319484233856201,4.546999149456886,10.491710662841797
3.3451273441314697,4.61241966436085,10.463107109069824
3.349386215209961,4.57045414455102,10.451972961425781
3.35233998298645,4.547426202301202,10.457351684570312
3.316690444946289,4.543335709122143,10.448671340942383
3.2821147441864014,4.621425708755851,10.453897476196289
3.318283796310425,4.590986112631591,10.407574653625488
3.3682382106781006,4.5827161100293905,10.463247299194336
3.366532564163208,4.569257005250879,10.375897407531738
3.3633980751037598,4.592996431082221,10.395271301269531
3.3219008445739746,4.545154601701403,10.409795761108398
3.3597428798675537,4.56817673658952,10.554763793945312
3.333249092102051,4.625071309473632,10.436514854431152
3.2895827293395996,4.611451266932169,10.419063568115234
3.3204855918884277,4.591581343939262,10.457863807678223
3.360807418823242,4.616386512660288,10.53454875946045
3.236370086669922,4.50984466398534,10.546637535095215
3.373079776763916,4.5760129992850125,10.388392448425293
3.309760570526123,4.520320721269985,10.443793296813965
3.275696277618408,4.585513863014057,10.44243049621582
3.2872567176818848,4.526849253469014,10.43192195892334
3.3187835216522217,4.5043196085773936,10.406689643859863
3.337052583694458,4.551848401980741,10.452638626098633
3.3468728065490723,4.613055868406913,10.452226638793945
3.350766897201538,4.645548601302186,10.495672225952148
3.3518993854522705,4.584718215844727,10.489761352539062
3.2875912189483643,4.572487826425848,10.508756637573242
3.3630599975585938,4.584158300788009,10.472200393676758
3.286112070083618,4.567028564500756,10.583663940429688
3.284884214401245,4.538611526467971,10.495189666748047
3.4023241996765137,4.570941419506978,10.526150703430176
3.3326728343963623,4.564888096081892,10.47861385345459
3.35430645942688,4.4604417513058126,10.405149459838867
3.412658929824829,4.572065064650295,10.42491626739502
3.31319260597229,4.507868810290737,10.456733703613281
3.380012035369873,4.602040395440001,10.462072372436523
3.316627264022827,4.588889915695679,10.399186134338379
3.3144640922546387,4.562099592494113,10.470762252807617
3.339409351348877,4.533059422725014,10.447830200195312
3.361884117126465,4.597660855988838,10.459407806396484
3.342871904373169,4.534561291303752,10.432162284851074
3.360870361328125,4.625004359620756,10.485614776611328
3.3663687705993652,4.615504998081763,10.48369026184082
3.359734535217285,4.479538021775495,10.498555183410645
3.3337550163269043,4.519073401311679,10.48879623413086
3.29325270652771,4.5699912421405315,10.376131057739258
3.3010153770446777,4.498692079746563,10.470477104187012
3.2714734077453613,4.604187853035651,10.41105842590332
3.339158773422241,4.581981313481395,10.55748462677002
3.3311641216278076,4.551694946762707,10.508461952209473
3.3557732105255127,4.595712406760348,10.44435977935791
3.3444745540618896,4.607153390201607,10.456368446350098
3.450198173522949,4.609965923109225,10.445552825927734
3.38045072555542,4.623183989431708,10.456357955932617
3.3089559078216553,4.507609597174452,10.376764297485352
3.3209733963012695,4.598738650358947,10.508578300476074
3.3494513034820557,4.5581544471372455,10.458349227905273
3.329908609390259,4.595648832053744,10.474231719970703
3.3257431983947754,4.552955990590687,10.466724395751953
3.3084871768951416,4.57543610668342,10.463811874389648
3.3206522464752197,4.541574360470155,10.374479293823242
3.3371853828430176,4.568637241908749,10.539955139160156
3.280853271484375,4.504247470925163,10.449783325195312
3.3592071533203125,4.591574452750916,10.458754539489746
3.264566421508789,4.511612562628995,10.461568832397461
3.3285796642303467,4.604150511058314,10.497488975524902
3.3173115253448486,4.595650471081691,10.54604721069336
3.3546433448791504,4.591099606926686,10.445549964904785
3.285583257675171,4.573045664599963,10.507633209228516
3.2958524227142334,4.583999170123467,10.467823028564453
3.336033582687378,4.563237534702888,10.427727699279785
3.3585710525512695,4.53673424581731,10.45390510559082
3.33178973197937,4.522944704729266,10.399107933044434
3.3169994354248047,4.581537835599322,10.440160751342773
3.299405574798584,4.5888249679867705,10.41427993774414
3.3006465435028076,4.541529934154823,10.462329864501953
3.3862924575805664,4.569490255787969,10.467411994934082
3.314896583557129,4.55396407207341,10.457308769226074
3.337574005126953,4.494893326324277,10.327864646911621
3.2919018268585205,4.5308540216314475,10.502798080444336
3.272883892059326,4.605674840010968,10.38390827178955
3.3309969902038574,4.550342826738155,10.497211456298828
3.3056395053863525,4.498610009106674,10.523871421813965
3.298471212387085,4.589708918938414,10.436624526977539
3.3846030235290527,4.590141648792529,10.471272468566895
3.3464818000793457,4.599680251441896,10.422493934631348
3.3299880027770996,4.5817956718217046,10.480134963989258
3.307465076446533,4.561122607007356,10.432287216186523
3.3502776622772217,4.62161022644224,10.443392753601074
3.319662094116211,4.57952779032556,10.472410202026367
3.357273578643799,4.552654785336927,10.39101505279541
3.286984920501709,4.543860008773794,10.415924072265625
3.2986605167388916,4.569539110009958,10.434487342834473
3.2703936100006104,4.562873169214332,10.52576732635498
3.3035972118377686,4.523011729653393,10.464503288269043
3.229414701461792,4.540824305731803,10.526415824890137
3.370631456375122,4.541778650434155,10.438275337219238
3.3122894763946533,4.594114152248949,10.435775756835938
3.355726480484009,4.570945237696702,10.531414985656738
3.311370611190796,4.532601630780846,10.450645446777344
3.3441762924194336,4.559697705321014,10.522629737854004
3.255122423171997,4.514611885051377,10.420923233032227
3.3558428287506104,4.597369112606559,10.341169357299805
3.3020591735839844,4.545898599749697,10.468937873840332
3.325317859649658,4.562777604142736,10.421340942382812
3.261176824569702,4.596908486381706,10.4204683303833
3.336960792541504,4.591188242825281,10.417679786682129
3.2962303161621094,4.52586372559225,10.518653869628906
3.3755407333374023,4.557848015400981,10.404155731201172
3.3080568313598633,4.555544828463878,10.544157981872559
3.270004987716675,4.530886643167053,10.42935848236084
3.341470956802368,4.516026518074796,10.387763023376465
3.354142427444458,4.5690958375510355,10.50722885131836
3.355044364929199,4.562233997575406,10.477296829223633
3.3353984355926514,4.551928478625736,10.399280548095703
3.345025062561035,4.580163577371942,10.458775520324707
3.3105368614196777,4.613180021389521,10.426685333251953
3.2943475246429443,4.534005385258102,10.445109367370605
3.3793540000915527,4.597501241236127,10.4036865234375
3.400963068008423,4.511492030162896,10.422296524047852
3.3514623641967773,4.5998358196312825,10.47055435180664
3.3632113933563232,4.524887706419187,10.496102333068848
3.3175928592681885,4.556216041357922,10.44253921508789
3.268143653869629,4.474380884186497,10.34670352935791
3.329007625579834,4.5660389301899285,10.383756637573242
3.3519418239593506,4.5700618242512325,10.363136291503906
3.312281370162964,4.553454421693459,10.424775123596191
3.332441806793213,4.5645778272966195,10.472723007202148
3.342681646347046,4.5788134811778685,10.484513282775879
3.3604965209960938,4.526288883195125,10.499357223510742
3.2699811458587646,4.548261196219496,10.383113861083984
3.314028739929199,4.573174104161028,10.407398223876953
3.37221360206604,4.570555643211784,10.511930465698242
3.3333606719970703,4.593595743778029,10.489380836486816
3.251218795776367,4.59276200864198,10.466796875
3.3670170307159424,4.552893843402022,10.41287899017334
3.293072462081909,4.549663397949189,10.419025421142578
3.290158748626709,4.554828838977431,10.456451416015625
3.274310350418091,4.563636920182034,10.462512969970703
3.2611098289489746,4.515022540165643,10.428529739379883
3.3827805519104004,4.594136350255992,10.375990867614746
3.295785903930664,4.568741124056811,10.429167747497559
3.309542417526245,4.520107543495085,10.4125337600708
3.298470973968506,4.529052618325555,10.522005081176758
3.303657054901123,4.549073229177988,10.450179100036621
3.2530863285064697,4.4974476589954335,10.474855422973633
3.3354177474975586,4.6270811342900355,10.426386833190918
3.2872314453125,4.475067641087143,10.352635383605957
3.285835027694702,4.547083735100126,10.506071090698242
3.3047821521759033,4.504717809547271,10.43071460723877
3.3005590438842773,4.553354928502813,10.502626419067383
3.3583314418792725,4.547945875574702,10.458650588989258
3.2770488262176514,4.4818546846841585,10.563491821289062
3.3657169342041016,4.5336438084819495,10.605705261230469
3.3541972637176514,4.625683609462743,10.420130729675293
3.198247194290161,4.512021156194221,10.456268310546875
3.3528807163238525,4.589699617919645,10.507743835449219
3.3483097553253174,4.562967555630686,10.49844741821289
3.3440322875976562,4.577455705098275,10.480684280395508
3.3289263248443604,4.595159096377237,10.514307975769043
3.3404223918914795,4.544600802506985,10.517279624938965
3.360579013824463,4.591552589288248,10.415849685668945
3.2962265014648438,4.556369504957859,10.494522094726562
3.312640428543091,4.531277618736827,10.454774856567383
3.344477891921997,4.550201844523794,10.447883605957031
3.370961904525757,4.561119164972167,10.484050750732422
3.311575412750244,4.619838090147823,10.404105186462402
3.3101298809051514,4.558681563939899,10.366000175476074
3.3194191455841064,4.579483221251784,10.477221488952637
3.3460886478424072,4.548586384493059,10.42385482788086
3.3559885025024414,4.578087328367734,10.410367965698242
3.2818455696105957,4.56550660809236,10.43078327178955
3.30401349067688,4.596080210425758,10.506144523620605
3.3289437294006348,4.522377948176914,10.442954063415527
3.223860502243042,4.5351678823520025,10.534488677978516
3.337449550628662,4.493125913465129,10.503791809082031
3.320446729660034,4.592291123233736,10.428380966186523
3.3477742671966553,4.584577296461378,10.420331954956055
3.325777769088745,4.514160304596381,10.441204071044922
3.3078136444091797,4.489285197108984,10.403690338134766
3.195854902267456,4.520828884726923,10.478242874145508
3.3426156044006348,4.619644228601828,10.499550819396973
3.297819137573242,4.508029058575631,10.492545127868652
3.2533233165740967,4.524999172193929,10.481439590454102
3.319755792617798,4.547278808562884,10.43746280670166
3.2847230434417725,4.608477134523647,10.450630187988281
3.3355746269226074,4.556756917254201,10.434544563293457
3.343043327331543,4.61896722111851,10.40537166595459
3.384478807449341,4.589751104591415,10.483549118041992
3.2287633419036865,4.5602645511805475,10.380008697509766
3.2566869258880615,4.534306802720364,10.420870780944824
3.292891263961792,4.539032457329865,10.51360034942627
3.3180935382843018,4.534241268145187,10.418761253356934
3.269350528717041,4.533621577180124,10.469038963317871
3.3152661323547363,4.543447614514402,10.424942016601562
3.3090100288391113,4.540068587321523,10.43085765838623
3.3475182056427,4.548933179916016,10.388590812683105
3.298114061355591,4.512545169131565,10.372333526611328
3.334951639175415,4.51646734847288,10.452796936035156
3.3249452114105225,4.51213682629168,10.451620101928711
3.2956249713897705,4.504983479988629,10.480973243713379
3.257200241088867,4.524449154401997,10.493063926696777
3.3066015243530273,4.586652203263449,10.496501922607422
3.2339820861816406,4.568178328020232,10.476847648620605
3.287595272064209,4.619677961105481,10.44163703918457
3.3159496784210205,4.526592725688325,10.501788139343262
3.2683019638061523,4.540099554229528,10.48236083984375
3.3257994651794434,4.509835954555976,10.539587020874023
3.2707455158233643,4.56259242282249,10.438882827758789
3.28912353515625,4.542833026498555,10.451029777526855
3.3558506965637207,4.507620665843465,10.512910842895508
3.282064437866211,4.537077220289834,10.484358787536621
3.3364434242248535,4.613296224170232,10.472050666809082
3.367774724960327,4.532440976406049,10.481481552124023
3.285647392272949,4.581082047528721,10.51301097869873
3.2580533027648926,4.495782648346254,10.44925594329834
3.311943769454956,4.550837934250013,10.411397933959961
3.3005852699279785,4.50143887039407,10.42464828491211
3.2922778129577637,4.545830242335796,10.40798568725586
3.365402936935425,4.613697878517477,10.497296333312988
3.2641971111297607,4.520303331049425,10.389171600341797
3.385762929916382,4.55562903419403,10.422497749328613
3.3445065021514893,4.5529080147721945,10.387099266052246
3.3821804523468018,4.573132517647797,10.526888847351074
3.3491668701171875,4.51954434772155,10.475690841674805
3.32202410697937,4.549503713746422,10.407782554626465
3.291639804840088,4.536266491648608,10.487159729003906
3.331965446472168,4.572618753549509,10.358699798583984
3.275266170501709,4.47102802093806,10.459413528442383
3.306562662124634,4.5474645083304495,10.477551460266113
3.3392794132232666,4.601265983855618,10.442347526550293
3.354076862335205,4.574151317223108,10.408309936523438
3.283376932144165,4.506393266110016,10.45157241821289
3.335024118423462,4.520129328693396,10.414113998413086
3.3605244159698486,4.602279742148572,10.500638008117676
3.3003969192504883,4.534382940469576,10.401590347290039
3.3090856075286865,4.553381807137547,10.573610305786133
3.3567044734954834,4.512796761900453,10.46393871307373
3.267003059387207,4.5481971253840525,10.430094718933105
3.3351988792419434,4.465056188570868,10.428247451782227
3.3325130939483643,4.535149889599,10.483315467834473
3.2975969314575195,4.487972984722417,10.401613235473633
3.3454315662384033,4.5976725756855945,10.38368034362793
3.290717363357544,4.564278758929245,10.508784294128418
3.318777322769165,4.566493558830448,10.456060409545898
3.2960166931152344,4.5867849210543294,10.376058578491211
3.3543472290039062,4.543501253605688,10.407210350036621
3.3326659202575684,4.5739605996225565,10.399958610534668
3.3074474334716797,4.510364511582468,10.397001266479492
3.314387798309326,4.564838483563757,10.451967239379883
3.261713743209839,4.512101638596505,10.5181303024292
3.2940120697021484,4.550915990290897,10.534019470214844
3.255544900894165,4.543909946722644,10.430899620056152
3.3478519916534424,4.620652811967636,10.487062454223633
3.2750515937805176,4.53730777857293,10.397331237792969
3.367091417312622,4.563093431992456,10.416118621826172
3.2970938682556152,4.521937994918387,10.353785514831543
3.320733070373535,4.5772293498406995,10.465152740478516
3.3224036693573,4.508344004096996,10.409955978393555
3.312018632888794,4.584681834227272,10.466496467590332
3.3383779525756836,4.541700532826196,10.482841491699219
3.250520944595337,4.458345460439366,10.43228530883789
3.2906315326690674,4.498439173613276,10.376598358154297
3.263127565383911,4.502858920022845,10.467704772949219
3.2885115146636963,4.637625889021105,10.449996948242188
3.2785067558288574,4.530452798353507,10.390872955322266
3.3280043601989746,4.575451271774779,10.427824974060059
3.305577278137207,4.5188195624920935,10.426910400390625
3.2789907455444336,4.574233576422556,10.408305168151855
3.3764591217041016,4.607462254718745,10.403762817382812
3.3091650009155273,4.511804882137636,10.50686264038086
3.3034818172454834,4.556359813581886,10.461153984069824
3.268636703491211,4.559073834846329,10.466300010681152
3.3008906841278076,4.553936723020993,10.532350540161133
3.275909423828125,4.553401680097783,10.410442352294922
3.327655076980591,4.562687152032075,10.482190132141113
3.2966275215148926,4.617431568414238,10.410943984985352
3.2815842628479004,4.508181472475242,10.452028274536133
3.3245177268981934,4.520991075118737,10.506135940551758
3.3161041736602783,4.515451702122975,10.501132011413574
3.352267265319824,4.610812131049378,10.492897033691406
3.2688965797424316,4.504993840819225,10.476688385009766
3.246795654296875,4.524874981359711,10.365652084350586
3.2744174003601074,4.538542109009411,10.426322937011719
3.3319458961486816,4.515925211632357,10.317809104919434
3.2555034160614014,4.544310501976205,10.466361045837402
3.3017520904541016,4.5678217125324805,10.401915550231934
3.305529832839966,4.578675409113721,10.497068405151367
3.3470468521118164,4.539932915841096,10.4160795211792
3.294463872909546,4.4786905584457735,10.496782302856445
3.302574396133423,4.505224661103316,10.41845703125
3.262899875640869,4.509925860312901,10.407825469970703
3.321188449859619,4.569174311888803,10.509737968444824
3.3372340202331543,4.534311051746564,10.424810409545898
3.225853443145752,4.490749978161017,10.350336074829102
3.302464485168457,4.536611224724246,10.432718276977539
3.278153419494629,4.538870176998898,10.4541015625
3.2364351749420166,4.4884432761131645,10.507963180541992
3.2767248153686523,4.520394783067917,10.41218376159668
3.302321434020996,4.479737731993997,10.483602523803711
3.304795026779175,4.536264834925532,10.499665260314941
3.347648859024048,4.58206458935248,10.449027061462402
3.3592302799224854,4.601776308978774,10.448936462402344
3.397533655166626,4.556049396915894,10.403614044189453
3.3188860416412354,4.575245013393994,10.391119003295898
3.2826149463653564,4.566773958836816,10.366827011108398
3.2559871673583984,4.452153456364092,10.444194793701172
3.332124710083008,4.570238161432956,10.437884330749512
3.2778303623199463,4.52903373389771,10.430599212646484
3.3493223190307617,4.546481162043555,10.421026229858398
3.269361734390259,4.547305668038981,10.468605041503906
3.3455302715301514,4.594545293765675,10.439962387084961
3.2827398777008057,4.576995041188119,10.424764633178711
3.3236196041107178,4.536967749973493,10.480884552001953
3.278860569000244,4.552427553372192,10.453705787658691
3.2208948135375977,4.584209672275133,10.36484146118164
3.2759552001953125,4.5359051433791,10.493940353393555
3.2557921409606934,4.525516083663595,10.515528678894043
3.373077392578125,4.514389244407149,10.356593132019043
3.334707498550415,4.553465688833967,10.40585708618164
3.298508405685425,4.556965910131112,10.395123481750488
3.2393929958343506,4.50308155537849,10.430990219116211
3.263700008392334,4.493413423454124,10.44891357421875
3.347677230834961,4.538668188000364,10.539487838745117
3.3018221855163574,4.56095650818731,10.395336151123047
3.357870578765869,4.559586937372972,10.364840507507324
3.311854124069214,4.5126526560967,10.413578033447266
3.3315649032592773,4.56956371382278,10.442985534667969
3.348065137863159,4.622841788888244,10.402572631835938
3.3064494132995605,4.585828685900197,10.422462463378906
3.2420384883880615,4.538899800640397,10.42817497253418
3.3353211879730225,4.622503997558462,10.485581398010254
3.3293960094451904,4.5263453161210885,10.470401763916016
3.3025596141815186,4.517909597206328,10.488197326660156
3.272321939468384,4.513318261863398,10.492326736450195
3.242020845413208,4.519407559518835,10.36391830444336
3.3071482181549072,4.548800534901342,10.590195655822754
3.2776029109954834,4.55826294561848,10.446413040161133
3.3440160751342773,4.570274503868339,10.379666328430176
3.2920408248901367,4.461196324588465,10.455451011657715
3.326288938522339,4.5769540553114245,10.591148376464844
3.3198750019073486,4.555598700452331,10.467936515808105
3.360393524169922,4.595508279145829,10.515271186828613
3.299989700317383,4.58555705233344,10.492119789123535
3.290282726287842,4.562404656117516,10.419777870178223
3.3111801147460938,4.546982265576455,10.461831092834473
3.326843500137329,4.476015412681071,10.409744262695312
3.3126418590545654,4.5394169936023125,10.515063285827637
3.318983316421509,4.572525597809415,10.52282428741455
3.2698917388916016,4.5228659970951925,10.419065475463867
3.3244197368621826,4.571373848410855,10.386638641357422
3.2855939865112305,4.487218149405504,10.53333854675293
3.273637533187866,4.570157518543835,10.48031234741211
3.300919771194458,4.636525929140459,10.388218879699707
3.3046412467956543,4.538616132323763,10.394451141357422
3.3057472705841064,4.561226788775198,10.485215187072754
3.2559847831726074,4.5564994297456,10.526411056518555
3.300611972808838,4.5231446461818585,10.419429779052734
3.302150249481201,4.4788017437261125,10.365086555480957
3.2946343421936035,4.6029757779158125,10.490640640258789
3.302311420440674,4.528728110549439,10.408336639404297
3.3253095149993896,4.602801969674017,10.400535583496094
3.2652981281280518,4.520741194287049,10.582260131835938
3.354388952255249,4.5093802825015565,10.399662971496582
3.252243757247925,4.458663110155612,10.39266586303711
3.267130136489868,4.543949687687148,10.508628845214844
3.2232167720794678,4.4413749550668795,10.481761932373047
3.3079283237457275,4.581704303954861,10.473133087158203
3.2871358394622803,4.584261681851266,10.450211524963379
3.295999526977539,4.441217526560649,10.365254402160645
3.2926247119903564,4.56549359156218,10.490971565246582
3.3273324966430664,4.49221369168455,10.464714050292969
3.3441154956817627,4.505461590131745,10.537833213806152
3.225557804107666,4.541493686148896,10.409063339233398
3.325275182723999,4.515216249440398,10.408417701721191
3.260658025741577,4.496285894419997,10.37886905670166
3.2835466861724854,4.517818975894313,10.421671867370605
3.2670528888702393,4.463853394679194,10.466560363769531
3.297574996948242,4.548406828394426,10.432268142700195
3.317347288131714,4.563644897857947,10.413148880004883
3.2856009006500244,4.549425573121489,10.428869247436523
3.3071343898773193,4.569948926235416,10.531844139099121
3.2687277793884277,4.529996921840523,10.447978973388672
3.3080337047576904,4.534581021139664,10.439963340759277
3.2995574474334717,4.472400049812028,10.50448989868164
3.2350142002105713,4.522010418786001,10.445990562438965
3.2917346954345703,4.51072494951742,10.406011581420898
3.3712613582611084,4.558889726143597,10.39516544342041
3.3591113090515137,4.508060301121857,10.372649192810059
3.272947311401367,4.510401467460074,10.424640655517578
3.320075035095215,4.51761714375711,10.422952651977539
3.334693193435669,4.573501486364487,10.455350875854492
3.2782769203186035,4.594361672477264,10.395955085754395
3.323430061340332,4.44840415793338,10.443195343017578
3.374647855758667,4.53323516499118,10.48921012878418
3.326878547668457,4.543153165274167,10.579702377319336
3.2876484394073486,4.515790428733454,10.347837448120117
3.2804696559906006,4.586714714699026,10.458328247070312
3.274915933609009,4.533707802350233,10.389782905578613
3.2395806312561035,4.514699337571593,10.446441650390625
3.30985689163208,4.530456796754152,10.351947784423828
3.3238141536712646,4.50604616684307,10.439899444580078
3.2791500091552734,4.55498005955347,10.47298526763916
3.260955333709717,4.524429762403348,10.434065818786621
3.2939255237579346,4.4493361337975195,10.487472534179688
3.3078885078430176,4.57108687080576,10.411165237426758
3.349510431289673,4.556667496915907,10.483414649963379
3.2818422317504883,4.490908233482124,10.53032398223877
3.3083267211914062,4.548728775133246,10.508636474609375
3.3167386054992676,4.488887050920831,10.411479949951172
3.21116042137146,4.5393030412628175,10.47872543334961
3.294827699661255,4.52344563074543,10.477432250976562
3.29970645904541,4.526473475154489,10.508259773254395
3.31321382522583,4.4936324344349226,10.422096252441406
3.253206253051758,4.53204052968483,10.492290496826172
3.258192539215088,4.492855554546362,10.460648536682129
3.2899527549743652,4.5047313854364415,10.427236557006836
3.351134777069092,4.5727272527624985,10.461043357849121
3.252732992172241,4.546791127483759,10.367921829223633
3.30277943611145,4.540621725676049,10.449804306030273
3.287692070007324,4.461237322439306,10.455938339233398
3.2701051235198975,4.499606393177861,10.490863800048828
3.3476173877716064,4.521520109813927,10.409950256347656
3.276874303817749,4.505831404289762,10.458209037780762
3.280704975128174,4.5234629604632834,10.399934768676758
3.3084490299224854,4.572276601201988,10.38981819152832
3.2988290786743164,4.5945231389653465,10.45439624786377
3.198164701461792,4.461189365845971,10.450885772705078
3.2373740673065186,4.503132340331961,10.521210670471191
3.310637950897217,4.558503323234618,10.452264785766602
3.2953076362609863,4.51266944807555,10.426901817321777
3.302899122238159,4.5346464740578085,10.493386268615723
3.213331937789917,4.460889295209199,10.449671745300293
3.344055652618408,4.524202483672915,10.389083862304688
3.3200185298919678,4.535015117277259,10.477344512939453
3.3007214069366455,4.524897862491863,10.452339172363281
3.3032631874084473,4.414276808333983,10.397638320922852
3.213226795196533,4.472262074572167,10.41179084777832
3.254124164581299,4.559711944444903,10.533492088317871
3.2880446910858154,4.581226168266896,10.404950141906738
3.3159258365631104,4.512580106666844,10.381282806396484
3.267332077026367,4.560900428565219,10.472704887390137
3.2351346015930176,4.512137076152222,10.44253921508789
3.324856996536255,4.485925076396337,10.501680374145508
3.2784173488616943,4.620024149938088,10.355896949768066
3.327232837677002,4.527377341042406,10.466161727905273
3.27105975151062,4.506040413597864,10.44629955291748
3.231252670288086,4.469862086099706,10.406848907470703
3.286559820175171,4.560618138173595,10.394030570983887
3.2756850719451904,4.499976202779051,10.487979888916016
3.304455041885376,4.576571837466743,10.45384407043457
3.3447768688201904,4.542378693752523,10.461679458618164
3.2971954345703125,4.50694885597165,10.44894790649414
3.318793296813965,4.50818173341187,10.39354133605957
3.2962255477905273,4.517104194732383,10.418533325195312
3.239877700805664,4.513744390137227,10.510883331298828
3.32594895362854,4.488814176392875,10.449576377868652
3.2541046142578125,4.504933148822082,10.527750015258789
3.2364044189453125,4.536527349380776,10.293120384216309
3.2807304859161377,4.441598214508434,10.397668838500977
3.2565653324127197,4.46854866405816,10.40167236328125
3.2826361656188965,4.496180590774332,10.445690155029297
3.2698915004730225,4.486577850400604,10.421842575073242
3.2807464599609375,4.494685580222202,10.480867385864258
3.283562183380127,4.523143299489415,10.417332649230957
3.3200597763061523,4.533369557832235,10.532357215881348
3.327629566192627,4.518941961960601,10.434958457946777
3.3643393516540527,4.480077656917274,10.514766693115234
3.250278949737549,4.483225623278745,10.497137069702148
3.273453712463379,4.526879530599607,10.415853500366211
3.3029820919036865,4.488620991752083,10.433807373046875
3.286555051803589,4.529519450584693,10.395122528076172
3.216445207595825,4.447823633007439,10.445917129516602
3.2407071590423584,4.496698282093609,10.491771697998047
3.311692476272583,4.4629713645471,10.365262031555176
3.264702558517456,4.508432235402455,10.374109268188477
3.309471368789673,4.590389500937558,10.424873352050781
3.304453134536743,4.489066228503361,10.512561798095703
3.2266876697540283,4.525867528548198,10.45569896697998
3.241612434387207,4.510849656237821,10.498760223388672
3.3041110038757324,4.54310442836556,10.373612403869629
3.3456625938415527,4.55920257206474,10.383700370788574
3.2737059593200684,4.490238603271012,10.434731483459473
3.2671215534210205,4.556397768169909,10.443708419799805
3.246608257293701,4.549159580475783,10.503033638000488
3.2808120250701904,4.514594643609598,10.436968803405762
3.237429141998291,4.4513789277656794,10.538498878479004
3.328655958175659,4.495036248949224,10.449901580810547
3.2946901321411133,4.473462494489338,10.416938781738281
3.29790997505188,4.510143414073225,10.518369674682617
3.293531656265259,4.531225309474394,10.49792766571045
3.2754554748535156,4.479705263028985,10.42223834991455
3.2759857177734375,4.463725452011984,10.569280624389648
3.2473859786987305,4.494997895555571,10.45449447631836
3.2358458042144775,4.4560118422377855,10.464200973510742
3.251232147216797,4.457813231407531,10.486579895019531
3.2403218746185303,4.586217799490052,10.466108322143555
3.2422916889190674,4.478876336743789,10.398635864257812
3.256673812866211,4.495457999009107,10.371878623962402
3.331068515777588,4.575300480039524,10.46374797821045
3.224970579147339,4.555637905773309,10.374124526977539
3.306997299194336,4.521464507428131,10.46829605102539
3.2527849674224854,4.4849203212652355,10.491968154907227
3.300407886505127,4.504270260920748,10.452367782592773
3.252589225769043,4.491656791618359,10.517895698547363
3.3144359588623047,4.500218903612612,10.467386245727539
3.2447497844696045,4.564289303396696,10.451355934143066
3.258931875228882,4.575863818737811,10.468116760253906
3.25905179977417,4.4950024306973715,10.542424201965332
3.247053384780884,4.478742664546839,10.453900337219238
3.2806239128112793,4.468576645245776,10.494654655456543
3.3025894165039062,4.519702267566962,10.421650886535645
3.261559247970581,4.582411301854466,10.488496780395508
3.2671561241149902,4.5330162999619334,10.384937286376953
3.2965078353881836,4.550319535724286,10.462393760681152
3.2991390228271484,4.482944598354931,10.40609073638916
3.258513927459717,4.532510310078838,10.378255844116211
3.2781271934509277,4.490962622720482,10.422409057617188
3.258812427520752,4.507988098676183,10.441213607788086
3.3391711711883545,4.5363226216619035,10.374143600463867
3.229043960571289,4.472001578725342,10.392197608947754
3.24997878074646,4.545382491811845,10.428540229797363
3.198812246322632,4.535535781810593,10.453874588012695
3.2332732677459717,4.480366988473439,10.426520347595215
3.2779691219329834,4.56302368231783,10.485013008117676
3.2973968982696533,4.526044143530141,10.439395904541016
3.361008882522583,4.54536757205746,10.41169548034668
3.331618547439575,4.507078192895278,10.337773323059082
3.2864787578582764,4.55540687141807,10.51794147491455
3.2673044204711914,4.481131051899865,10.535117149353027
3.271341323852539,4.548481242697951,10.411407470703125
3.3144710063934326,4.4950616636446545,10.40404224395752
3.318716049194336,4.531691053150488,10.475059509277344
3.312392473220825,4.527889849751123,10.415743827819824
3.2734243869781494,4.495346091255279,10.375809669494629
3.336733341217041,4.581148189725354,10.431292533874512
3.2887182235717773,4.522228601687988,10.450963020324707
3.24348521232605,4.431989618410755,10.373327255249023
3.2856240272521973,4.574220625617142,10.466069221496582
3.3568859100341797,4.575921547865229,10.441308975219727
3.2518603801727295,4.470922398314412,10.494830131530762
3.28713321685791,4.517318966499132,10.516376495361328
3.357891082763672,4.607814531207882,10.350126266479492
3.304856300354004,4.483384650766051,10.465920448303223
3.2596471309661865,4.487858960238685,10.431787490844727
3.3143768310546875,4.505936219789354,10.404291152954102
3.2952945232391357,4.515070560355006,10.415477752685547
3.255319833755493,4.5194275169300715,10.490418434143066
3.2358860969543457,4.458824462290588,10.475017547607422
3.2801859378814697,4.5042727076714595,10.428110122680664
3.357788324356079,4.583115156640166,10.454548835754395
3.2556467056274414,4.516954920587263,10.469700813293457
3.3144781589508057,4.500024402447577,10.408764839172363
3.334021806716919,4.570593960882563,10.51596450805664
3.2723424434661865,4.560647833892809,10.442252159118652
3.295215368270874,4.52879596069189,10.41238021850586
3.27435040473938,4.511119628957073,10.422739028930664
3.2749929428100586,4.506829331495932,10.43504524230957
3.216562032699585,4.517308115593291,10.470100402832031
3.2540173530578613,4.559568424808926,10.444364547729492
3.2773218154907227,4.4807379463953625,10.40343952178955
3.245168924331665,4.458299913742978,10.4357328414917
3.265103578567505,4.514850633418454,10.518651962280273
3.2919139862060547,4.508649148579155,10.476787567138672
3.2806291580200195,4.540581474712651,10.465614318847656
3.2892251014709473,4.5563383210184325,10.563859939575195
3.34016752243042,4.53303700529172,10.383459091186523
3.284738063812256,4.53549041592383,10.411988258361816
3.262667417526245,4.469499950929146,10.462908744812012
3.2908029556274414,4.523530457601217,10.375664710998535
3.2539005279541016,4.491851321687656,10.407332420349121
3.292884111404419,4.511975800452222,10.522945404052734
3.334559202194214,4.5368858687912255,10.42581844329834
3.247911214828491,4.462494918278286,10.552757263183594
3.3118979930877686,4.49261515690679,10.514205932617188
3.2875983715057373,4.4702766899219055,10.36771011352539
3.2567520141601562,4.485540949772777,10.469415664672852
3.266110420227051,4.4822882260528525,10.460897445678711
3.3628084659576416,4.539322178411696,10.47228717803955
3.2214436531066895,4.4674493201143495,10.404958724975586
3.303633451461792,4.509710778814874,10.500507354736328
3.2474493980407715,4.462671502360275,10.503096580505371
3.2590155601501465,4.514315947624189,10.449334144592285
3.2373199462890625,4.466817480511964,10.364507675170898
3.268251657485962,4.51695874822326,10.53073501586914
3.252075672149658,4.459871985517176,10.46674919128418
3.2949047088623047,4.481812152246546,10.469911575317383
3.237971305847168,4.519367198526327,10.440126419067383
3.33618426322937,4.554262962724481,10.384876251220703
3.32352352142334,4.50674212541032,10.467426300048828
3.302311420440674,4.54681095743685,10.362129211425781
3.2248926162719727,4.459637889638543,10.467229843139648
3.216935873031616,4.485935383409794,10.364710807800293
3.2266297340393066,4.491563365528627,10.409421920776367
3.30704665184021,4.541252717874678,10.440206527709961
3.2040748596191406,4.525551101292617,10.434155464172363
3.2063608169555664,4.483061386571665,10.41436767578125
3.3036231994628906,4.5459263752480705,10.49752426147461
3.3322277069091797,4.516437248925545,10.47754192352295
3.2452924251556396,4.4583436585297544,10.469917297363281
3.2402169704437256,4.521239629713819,10.49155044555664
3.221998453140259,4.419051741582475,10.484003067016602
3.2603039741516113,4.550129580012123,10.462657928466797
3.3193705081939697,4.5775615667392096,10.43445873260498
3.2408528327941895,4.475547006619829,10.497591972351074
3.2528131008148193,4.515830299318102,10.456286430358887
3.2913978099823,4.511779795467321,10.45207691192627
3.32373309135437,4.494086502552299,10.484358787536621
3.285975217819214,4.483533907515396,10.502008438110352
3.2741196155548096,4.4932639273881385,10.412673950195312
3.2954483032226562,4.505441917638694,10.554153442382812
3.2668044567108154,4.394568234981437,10.455320358276367
3.2618448734283447,4.534289430893425,10.403461456298828
3.2470648288726807,4.483098208405344,10.50471019744873
3.2562365531921387,4.481252567609772,10.372333526611328
3.292942762374878,4.453511218340801,10.436151504516602
3.3517634868621826,4.526803892970617,10.360257148742676
3.283173084259033,4.531001807523094,10.459016799926758
3.2877206802368164,4.513712122603985,10.37857437133789
3.2378320693969727,4.46656578702719,10.445850372314453
3.305750608444214,4.438162113606398,10.503055572509766
3.2596235275268555,4.551619072777353,10.393680572509766
3.2304656505584717,4.508753521800307,10.433300018310547
3.312825918197632,4.441531282151118,10.525304794311523
3.2341933250427246,4.482899107471375,10.482233047485352
3.2332301139831543,4.514841211893196,10.488933563232422
3.3028171062469482,4.5330358203167895,10.459266662597656
3.223954916000366,4.468421206443703,10.425718307495117
3.3343005180358887,4.541487122154129,10.483386993408203
3.255693197250366,4.446801401574962,10.392175674438477
3.2647135257720947,4.456693192910669,10.423567771911621
3.2860774993896484,4.470245153011222,10.424834251403809
3.3007335662841797,4.488841471628153,10.5182466506958
3.224167823791504,4.515435609101717,10.494730949401855
3.2572948932647705,4.4842697278862556,10.318902969360352
3.2568516731262207,4.48622340685688,10.435934066772461
3.2701313495635986,4.468215429856043,10.393895149230957
3.287752628326416,4.463527332259608,10.452091217041016
3.255398988723755,4.511703284357541,10.455063819885254
3.2188098430633545,4.456613007567025,10.457841873168945
3.306818723678589,4.488612080924213,10.470094680786133
3.2929959297180176,4.5165375271545996,10.448902130126953
3.2739901542663574,4.377033624265875,10.455835342407227
3.246840715408325,4.494312364807619,10.574860572814941
3.2509429454803467,4.454552146872238,10.458542823791504
3.2585811614990234,4.507044012026329,10.37697696685791
3.2207489013671875,4.508287689881399,10.488523483276367
3.240950107574463,4.453752051174108,10.501530647277832
3.269043207168579,4.47316602900225,10.50334644317627
3.289076805114746,4.555356899010284,10.371711730957031
3.248096227645874,4.441146659365456,10.367581367492676
3.2709460258483887,4.540163180059088,10.407814979553223
3.325270414352417,4.5162571628711055,10.435139656066895
3.2855224609375,4.445276627749471,10.534479141235352
3.2542002201080322,4.504275388450229,10.392702102661133
3.226472854614258,4.47844623202192,10.398958206176758
3.283372163772583,4.4708442333420475,10.504356384277344
3.3855977058410645,4.513234327946391,10.408245086669922
3.227393388748169,4.449671007060845,10.444808006286621
3.2707481384277344,4.573678646136874,10.345880508422852
3.2747342586517334,4.456101705686057,10.43093490600586
3.3213930130004883,4.4870385978637,10.474705696105957
3.2843565940856934,4.5036661917277225,10.410884857177734
3.2757322788238525,4.492919310761083,10.45374870300293
3.2010581493377686,4.471908198303677,10.411754608154297
3.290250539779663,4.485845082339698,10.498551368713379
3.264664649963379,4.507869507884606,10.50753402709961
3.2648653984069824,4.493427889587889,10.47739315032959
3.242474317550659,4.492293663289664,10.429498672485352
3.2959182262420654,4.525546288816258,10.453004837036133
3.243834972381592,4.4708991403957565,10.502391815185547
3.295240879058838,4.460868235112035,10.392805099487305
3.295908212661743,4.494527541799472,10.51756477355957
3.2818613052368164,4.528576021082699,10.419824600219727
3.2960050106048584,4.497821704684092,10.44569206237793
3.3279898166656494,4.4920237789462725,10.515949249267578
3.3007054328918457,4.528594716585108,10.500503540039062
3.2913427352905273,4.455530911916867,10.35767650604248
3.2887065410614014,4.513523709893758,10.431621551513672
3.3377633094787598,4.507000453337761,10.459434509277344
3.2446768283843994,4.467704168021944,10.467141151428223
3.298548698425293,4.528118435958667,10.419083595275879
3.2589852809906006,4.4363945622130165,10.366909980773926
3.187511444091797,4.506629505926477,10.485173225402832
3.2894816398620605,4.456788596630629,10.498411178588867
3.254610538482666,4.513003062157493,10.375283241271973
3.2563114166259766,4.502263444309522,10.432455062866211
3.264521837234497,4.493558482133916,10.39258861541748
3.2209219932556152,4.457450393986489,10.479839324951172
3.238384246826172,4.501140423551468,10.395374298095703
3.241941452026367,4.467511088554081,10.481268882751465
3.2851951122283936,4.503983900250335,10.473443984985352
3.3168766498565674,4.499904204692159,10.431255340576172
3.2273426055908203,4.506594622640738,10.439826965332031
3.24772047996521,4.464960356974708,10.473525047302246
3.327575445175171,4.451926090521738,10.44981861114502
3.215437650680542,4.535729754782682,10.387798309326172
3.2420177459716797,4.532337839814967,10.543472290039062
3.2931864261627197,4.510897977909606,10.400287628173828
3.2234597206115723,4.494653181339215,10.457874298095703
3.2979228496551514,4.49095548878956,10.44221019744873
3.2579386234283447,4.52145850841355,10.469675064086914
3.2808117866516113,4.4987263314958135,10.389284133911133
3.2863025665283203,4.513608788040334,10.480233192443848
3.277618646621704,4.520579980220645,10.459379196166992
3.3146517276763916,4.532373620729362,10.471611022949219
3.2854671478271484,4.4605815544657945,10.486698150634766
3.2378060817718506,4.475776078545356,10.379493713378906
3.2671122550964355,4.527060446163108,10.49176025390625
3.324317693710327,4.468171011955876,10.436351776123047
3.2717785835266113,4.5237564232666045,10.352766036987305
3.300405979156494,4.492816691752523,10.428733825683594
3.2655980587005615,4.4844719952504555,10.513269424438477
3.260618209838867,4.476563012925908,10.347825050354004
3.334901809692383,4.485580201027915,10.471535682678223
3.248684883117676,4.487397644469248,10.43238639831543
3.295168399810791,4.542859579170389,10.40174388885498
3.2676336765289307,4.5127156805912305,10.487395286560059
3.3179562091827393,4.533864680943745,10.444363594055176
3.2608511447906494,4.4896128192943126,10.49473762512207
3.263246774673462,4.4566230321569105,10.402664184570312
3.284284830093384,4.490576402483774,10.43941879272461
3.259894847869873,4.4776383023376445,10.433831214904785
3.285285472869873,4.531690417755662,10.39669418334961
3.3018579483032227,4.53719097425762,10.39345932006836
3.2253942489624023,4.452833938611937,10.460756301879883
3.333501100540161,4.493890077008733,10.457000732421875
3.2012152671813965,4.44816009913172,10.445991516113281
3.224587917327881,4.470450398312615,10.518704414367676
3.221608877182007,4.466272347407149,10.458452224731445
3.2662625312805176,4.616363903308022,10.44931697845459
3.313396692276001,4.515421481836321,10.451926231384277
3.260209321975708,4.4742969611792685,10.422401428222656
3.22442364692688,4.454063091792965,10.385641098022461
3.3175599575042725,4.470285035869372,10.496160507202148
3.3627827167510986,4.489172992130209,10.608389854431152
3.2855358123779297,4.502370122853399,10.442166328430176
3.2381954193115234,4.473110430241961,10.481560707092285
3.2483158111572266,4.480329259332004,10.467080116271973
3.2910404205322266,4.541466876531818,10.396805763244629
3.2652528285980225,4.457034875538998,10.460235595703125
3.2635996341705322,4.447173614553841,10.386442184448242
3.2269442081451416,4.493591844669676,10.442497253417969
3.212332248687744,4.50191183867199,10.525482177734375
3.2646279335021973,4.441532698892323,10.577643394470215
3.2838518619537354,4.5087277879273255,10.45638370513916
3.2774271965026855,4.461435411557821,10.518049240112305
3.3333263397216797,4.467367790140478,10.453213691711426
3.2499139308929443,4.474667935299554,10.408266067504883
3.2978971004486084,4.453392061005745,10.505972862243652
3.1596786975860596,4.415026318215366,10.391873359680176
3.2040700912475586,4.456865621298285,10.417277336120605
3.220489501953125,4.468425930610724,10.421939849853516
3.2862749099731445,4.516608166508377,10.472267150878906
3.1662466526031494,4.438244382185596,10.467744827270508
3.2144782543182373,4.422294673277066,10.446897506713867
3.220630645751953,4.461270713480189,10.426589965820312
3.2162652015686035,4.485209917150704,10.461580276489258
3.20898699760437,4.49782169962834,10.49193286895752
3.2339210510253906,4.496689225513754,10.340680122375488
3.2405683994293213,4.453083463379049,10.417217254638672
3.2266671657562256,4.495680237588074,10.440485000610352
3.2832658290863037,4.491243140838508,10.438453674316406
3.1947028636932373,4.420619996297838,10.457178115844727
3.3133656978607178,4.496558276537273,10.458940505981445
3.293491840362549,4.443787314762761,10.391606330871582
3.254084348678589,4.513815534500671,10.522911071777344
3.254352569580078,4.461389233923651,10.494905471801758
3.289905071258545,4.555825601398412,10.49951457977295
3.264915943145752,4.420380644533517,10.370932579040527
3.289069890975952,4.471160615860884,10.379599571228027
3.281463623046875,4.544771761001487,10.464717864990234
3.224963426589966,4.4349765318246295,10.496849060058594
3.1990644931793213,4.516329931993303,10.508456230163574
3.2714364528656006,4.480966342779409,10.453035354614258
3.267549514770508,4.493652295919934,10.475881576538086
3.2975990772247314,4.489244949471738,10.437294006347656
3.309929609298706,4.538005120520081,10.399847030639648
3.2798526287078857,4.524420447946925,10.442787170410156
3.30364727973938,4.449789864643078,10.450789451599121
3.2277724742889404,4.383282798808068,10.515353202819824
3.285172939300537,4.463802670793874,10.382622718811035
3.3376877307891846,4.518010790925473,10.427319526672363
3.264728307723999,4.478595694793122,10.457880973815918
3.2497756481170654,4.489990870202226,10.503693580627441
3.270012855529785,4.482782546696919,10.458770751953125
3.325007677078247,4.520854844778244,10.484871864318848
3.260450839996338,4.468004346093428,10.425163269042969
3.301931619644165,4.5331202758077,10.483013153076172
3.265434503555298,4.517244075391708,10.465537071228027
3.269397258758545,4.487530128930563,10.462413787841797
3.3106625080108643,4.5762020520466775,10.482062339782715
3.230045795440674,4.491537513344415,10.465312957763672
3.2673542499542236,4.482586601349925,10.522436141967773
3.2393863201141357,4.494904500731667,10.504464149475098
3.277831792831421,4.442558074935472,10.300394058227539
3.2534894943237305,4.453660554851272,10.488107681274414
3.2029614448547363,4.445910499996638,10.480379104614258
3.2383065223693848,4.547051998786627,10.398872375488281
3.270366907119751,4.4821228764152945,10.464126586914062
3.187425374984741,4.496475061667817,10.530488967895508
3.219719171524048,4.4809160701863995,10.387744903564453
3.2722716331481934,4.523399564936491,10.519977569580078
3.213691473007202,4.453633641424988,10.462002754211426
3.253054141998291,4.478677018279475,10.454093933105469
3.2976982593536377,4.457638806064746,10.43294906616211
3.276033401489258,4.504923130052963,10.4266357421875
3.2532944679260254,4.490433994880212,10.42602252960205
3.3244707584381104,4.477728757042704,10.505484580993652
3.2511675357818604,4.498880725919402,10.463391304016113
3.2778267860412598,4.5154381908942005,10.479507446289062
3.2413530349731445,4.50151813778627,10.475811004638672
3.2611007690429688,4.474382810294628,10.517082214355469
3.2989425659179688,4.477030197491072,10.435620307922363
3.237847089767456,4.470892060913943,10.378836631774902
3.2040812969207764,4.482421609905681,10.401423454284668
3.2896907329559326,4.4877678832105765,10.46005916595459
3.235201597213745,4.516317350224459,10.456293106079102
3.2480695247650146,4.531603004716868,10.450371742248535
3.336076259613037,4.457057371602527,10.372771263122559
3.299156427383423,4.503281928765188,10.441251754760742
3.3120315074920654,4.43212676164694,10.451927185058594
3.2008309364318848,4.482050552864426,10.447221755981445
3.2690584659576416,4.520054457476363,10.447311401367188
3.292283535003662,4.487152991882924,10.468815803527832
3.16804838180542,4.41626417736656,10.45482349395752
3.255002498626709,4.431075490944619,10.437167167663574
3.254319906234741,4.488039477329169,10.46141529083252
3.2316794395446777,4.47368623316288,10.426459312438965
3.249067783355713,4.437014804986704,10.455193519592285
3.299403667449951,4.480271238201697,10.436457633972168
3.2007904052734375,4.517853089142592,10.457864761352539
3.298398971557617,4.413783791907398,10.38365364074707
3.2632040977478027,4.448412973666564,10.48869514465332
3.28525972366333,4.450404591924911,10.42193603515625
3.253448247909546,4.472230562208487,10.489968299865723
3.2333085536956787,4.44607405727064,10.40869140625
3.2346959114074707,4.4580262375529855,10.437705993652344
3.2630198001861572,4.5283426514361045,10.402875900268555
3.259382724761963,4.51774962442661,10.418542861938477
3.262040376663208,4.475329168207412,10.466553688049316
3.30015230178833,4.43798985954241,10.463957786560059
3.2658679485321045,4.493965732998082,10.35987663269043
3.298225164413452,4.509533177595586,10.387938499450684
3.332289934158325,4.487088512695793,10.402139663696289
3.2707202434539795,4.499169963345464,10.440603256225586
3.2611968517303467,4.493091364058532,10.542950630187988
3.210918426513672,4.462327833154371,10.417251586914062
3.287303924560547,4.546470366884023,10.477923393249512
3.2817132472991943,4.414973260502198,10.481534004211426
3.263101100921631,4.460097703184666,10.487510681152344
3.2222070693969727,4.46114747681921,10.454986572265625
3.2554125785827637,4.436228311254776,10.492134094238281
3.2891910076141357,4.431785920634865,10.38770866394043
3.2468807697296143,4.475284600031696,10.433781623840332
3.2926156520843506,4.464152187940531,10.485906600952148
3.209115982055664,4.439946118409613,10.471203804016113
3.3017871379852295,4.484195763012394,10.422980308532715
3.206451416015625,4.427279224120347,10.377691268920898
3.2690515518188477,4.450726747712386,10.383800506591797
3.271217107772827,4.450053418188222,10.497220993041992
3.2339608669281006,4.46093277739627,10.461368560791016
3.2162277698516846,4.476894002507573,10.53331184387207
3.3183178901672363,4.471365170087665,10.404539108276367
3.258465528488159,4.432393603825144,10.398553848266602
3.2105164527893066,4.450341271801984,10.45025634765625
3.304736852645874,4.55713531521282,10.510505676269531
3.2814676761627197,4.439815313522039,10.490530967712402
3.211682081222534,4.473161650655259,10.468759536743164
3.319851875305176,4.510709844163752,10.461116790771484
3.194361925125122,4.460460520349442,10.463274002075195
3.2165751457214355,4.4840565264291525,10.411917686462402
3.2708215713500977,4.457556329368214,10.431751251220703
3.2561631202697754,4.440139518485271,10.432122230529785
3.2755484580993652,4.465881508841577,10.505953788757324
3.2409379482269287,4.440233666848923,10.378725051879883
3.3241074085235596,4.472897050669417,10.438936233520508
3.311422348022461,4.501693028457729,10.4470796585083
3.2304975986480713,4.423725536525515,10.470229148864746
3.25533127784729,4.528193990600163,10.474470138549805
3.2140088081359863,4.474157945153171,10.435297966003418
3.327380895614624,4.518661266824763,10.475639343261719
3.2573928833007812,4.522668277246079,10.41862964630127
3.1708853244781494,4.495626570457326,10.49735164642334
3.24145245552063,4.475244168790856,10.424726486206055
3.262274742126465,4.486739048967138,10.421478271484375
3.245609998703003,4.466505306307226,10.313359260559082
3.1763112545013428,4.499807165935636,10.412046432495117
3.2899951934814453,4.505324883951938,10.428227424621582
3.2164807319641113,4.449702910613269,10.479549407958984
3.2229695320129395,4.491377379346107,10.43747329711914
3.227207899093628,4.48546977906621,10.406309127807617
3.2381715774536133,4.510181608909209,10.46432113647461
3.2884044647216797,4.562425186957366,10.500615119934082
3.236449718475342,4.506249581463635,10.47362995147705
3.253269672393799,4.456503336617192,10.408817291259766
3.1810524463653564,4.442257703614553,10.556560516357422
3.2632291316986084,4.38254563423938,10.458473205566406
3.248079538345337,4.490732084194731,10.511695861816406
3.28603458404541,4.47006704857839,10.451238632202148
3.238557815551758,4.508054978746388,10.3724946975708
3.2631969451904297,4.48138835287786,10.496136665344238
3.2260217666625977,4.457713465006756,10.506351470947266
3.2798831462860107,4.544241662436564,10.512399673461914
3.2473461627960205,4.480910357054589,10.421491622924805
3.2846996784210205,4.415423686050676,10.382253646850586
3.2697665691375732,4.467883736593649,10.517657279968262
3.238539457321167,4.470833159517497,10.438331604003906
3.173157215118408,4.515087323895256,10.364656448364258
3.219745635986328,4.477190250198224,10.427152633666992
3.204211950302124,4.462244027826403,10.487016677856445
3.281683921813965,4.446583455129128,10.399147033691406
3.277527332305908,4.481327222859753,10.443342208862305
3.262932538986206,4.460568596575675,10.508251190185547
3.311741828918457,4.438321056476395,10.436820983886719
3.235039710998535,4.479757475367348,10.470190048217773
3.2873568534851074,4.458563167568563,10.471054077148438
3.2430222034454346,4.439716796823111,10.465780258178711
3.2551310062408447,4.460568168167291,10.422348022460938
3.2943472862243652,4.491541356347236,10.498170852661133
3.306724786758423,4.448763439065909,10.371734619140625
3.203519105911255,4.457589108929304,10.419137954711914
3.2761449813842773,4.48089471529238,10.367201805114746
3.3147740364074707,4.488193105241017,10.441168785095215
3.188746213912964,4.461241203060906,10.471927642822266
3.225764036178589,4.489630249428696,10.571203231811523
3.261308431625366,4.493270033138938,10.476595878601074
3.2603065967559814,4.498397122636172,10.515714645385742
3.198435068130493,4.460093288715663,10.486605644226074
3.297564744949341,4.421949575954516,10.446847915649414
3.2643849849700928,4.498410111392981,10.45451831817627
3.258288621902466,4.497774632581111,10.43113899230957
3.2519609928131104,4.493478179742981,10.472105026245117
3.257401943206787,4.467905819116693,10.519338607788086
3.2920167446136475,4.488703843073121,10.450852394104004
3.2910032272338867,4.5878679799248605,10.411746978759766
3.2556092739105225,4.5177637730459015,10.382551193237305
3.2305798530578613,4.4391206570435315,10.456417083740234
3.216780662536621,4.490465983249513,10.383709907531738
3.2701096534729004,4.496390649350359,10.486059188842773
3.258108139038086,4.444358569170748,10.492175102233887
3.244513511657715,4.380940610310064,10.521848678588867
3.257849931716919,4.430641971062868,10.5535888671875
3.28182315826416,4.464262297742867,10.434114456176758
3.27294659614563,4.434365995061983,10.472695350646973
3.2643861770629883,4.439741600338103,10.43524169921875
3.2550415992736816,4.46053472663542,10.481278419494629
3.1650798320770264,4.4904659296319425,10.477309226989746
3.263117790222168,4.4649271544933855,10.415425300598145
3.2401468753814697,4.452245340482998,10.523221969604492
3.22808575630188,4.402371160586232,10.423049926757812
3.258899450302124,4.525782111134113,10.412529945373535
3.2274186611175537,4.441791329932,10.44562816619873
3.2657949924468994,4.510752699969868,10.356602668762207
3.298755645751953,4.460028168878385,10.461394309997559
3.238748550415039,4.497812782114903,10.446314811706543
3.2343459129333496,4.492454322819998,10.363533020019531
3.3012218475341797,4.522320204081812,10.47165298461914
3.26473331451416,4.410843736492097,10.472475051879883
3.264500617980957,4.447696802971352,10.354623794555664
3.255434989929199,4.398482515310337,10.548843383789062
3.2196156978607178,4.4388761865972945,10.379148483276367
3.246245861053467,4.443169433324199,10.484519004821777
3.234621524810791,4.437720958409565,10.370256423950195
3.2745070457458496,4.4622336407524665,10.451011657714844
3.2491111755371094,4.3712916165656805,10.463081359863281
3.2201087474823,4.437917548065473,10.42277717590332
3.3382623195648193,4.483183389263494,10.372614860534668
3.2733280658721924,4.469543167522976,10.41494369506836
3.195826768875122,4.437529578339309,10.422557830810547
3.2268459796905518,4.43482812527301,10.334358215332031
3.2793943881988525,4.517689869373238,10.526346206665039
3.3154454231262207,4.474404509312341,10.504667282104492
3.3237483501434326,4.452120906141187,10.404312133789062
3.285329818725586,4.451550725248776,10.509344100952148
3.263944625854492,4.462117913644761,10.414231300354004
3.280465602874756,4.531667886135568,10.394148826599121
3.2468454837799072,4.424231339312557,10.448749542236328
3.213207721710205,4.424296304250934,10.471298217773438
3.1878013610839844,4.437104406966163,10.426076889038086
3.297492265701294,4.443619161910777,10.414175033569336
3.2091236114501953,4.417569199310882,10.431559562683105
3.2594218254089355,4.454592138295994,10.446220397949219
3.314286708831787,4.5185996541487325,10.385642051696777
3.224839210510254,4.452572817548311,10.444206237792969
3.264514207839966,4.414072695720408,10.476747512817383
3.2589762210845947,4.477445154317787,10.443880081176758
3.2670679092407227,4.466330640616693,10.44514274597168
3.237595558166504,4.532632014048951,10.429184913635254
3.2499337196350098,4.459422662421795,10.451122283935547
3.18631649017334,4.438697712296354,10.487900733947754
3.290393114089966,4.5277093982856185,10.438346862792969
3.2636005878448486,4.430596258424754,10.400214195251465
3.2316322326660156,4.431512460112572,10.439061164855957
3.251910924911499,4.482332496238607,10.374359130859375
3.292229413986206,4.505854425585961,10.487506866455078
3.2507550716400146,4.453888848590266,10.485383987426758
3.2468276023864746,4.441312665984566,10.438587188720703
3.1830363273620605,4.387367376259395,10.490087509155273
3.3089771270751953,4.471596410996947,10.553380012512207
3.1925697326660156,4.435973875025021,10.497754096984863
3.2229552268981934,4.481621617052172,10.395307540893555
3.2460319995880127,4.474998117790424,10.349666595458984
3.2756869792938232,4.487626859918237,10.463353157043457
3.2651844024658203,4.496352316113189,10.475659370422363
3.2365779876708984,4.465764902332531,10.516788482666016
3.2303466796875,4.435688418968181,10.414422035217285
3.2718470096588135,4.46953836954864,10.418584823608398
3.2569944858551025,4.412186344287226,10.468891143798828
3.1737568378448486,4.426689147649864,10.509944915771484
3.2141478061676025,4.446377400441893,10.475761413574219
3.266921043395996,4.502975066358756,10.41197395324707
3.206865072250366,4.5174325917780935,10.459646224975586
3.2483787536621094,4.4483829343891035,10.47368049621582
3.1817269325256348,4.469626186049676,10.433868408203125
3.250094175338745,4.487936002701255,10.4581937789917
3.2214977741241455,4.442170531888093,10.434738159179688
3.2313976287841797,4.4176639312146495,10.434647560119629
3.2822635173797607,4.522294149035588,10.40052604675293
3.25099515914917,4.4267707871539255,10.47705364227295
3.2401554584503174,4.508869820740075,10.300681114196777
3.2706661224365234,4.404407957136366,10.464510917663574
3.2716305255889893,4.447699193543356,10.394143104553223
3.2119858264923096,4.450412566440978,10.447033882141113
3.2334389686584473,4.491938749494563,10.41358757019043
3.210487127304077,4.429248210574899,10.532272338867188
3.2226979732513428,4.494934806666736,10.460868835449219
3.241748332977295,4.507432490454188,10.482905387878418
3.2617735862731934,4.487638073075297,10.457649230957031
3.2288551330566406,4.501477060839534,10.41071891784668
3.201082468032837,4.458659732182111,10.523040771484375
3.240891695022583,4.39806000698757,10.396095275878906
3.271111011505127,4.4689046687978715,10.426515579223633
3.2959492206573486,4.442339018452913,10.39244270324707
3.1926941871643066,4.475240039572651,10.430789947509766
3.2264037132263184,4.499426128741886,10.442355155944824
3.248960256576538,4.449075174784022,10.432028770446777
3.30307674407959,4.497437153843099,10.470755577087402
3.2400879859924316,4.4525067317299545,10.548039436340332
3.286367177963257,4.46389547456056,10.439908027648926
3.2127301692962646,4.45901990449056,10.408333778381348
3.2428369522094727,4.4400761889493365,10.443685531616211
3.183493137359619,4.486322756124927,10.378849029541016
3.1793782711029053,4.3947096605053435,10.440999031066895
3.253708839416504,4.46810840559192,10.510527610778809
3.26039981842041,4.443850985595158,10.439608573913574
3.2814226150512695,4.478675940705995,10.500922203063965
3.217557191848755,4.448066318773532,10.458131790161133
3.170168161392212,4.469336904086439,10.416287422180176
3.295336961746216,4.476723515328818,10.446845054626465
3.2395431995391846,4.4669949253688435,10.405324935913086
3.2299790382385254,4.481975905198071,10.48930549621582
3.2537171840667725,4.513473466537627,10.438565254211426
3.270430564880371,4.418119097228295,10.417415618896484
3.2626898288726807,4.451798790067967,10.408767700195312
3.2431366443634033,4.429297670455916,10.501094818115234
3.258056163787842,4.44775947629075,10.452210426330566
3.190190315246582,4.448719452168526,10.427201271057129
3.1547346115112305,4.421129083826339,10.453089714050293
3.308248281478882,4.4730599608737975,10.4219970703125
3.257568836212158,4.414841541022595,10.38845157623291
3.2639095783233643,4.467390788253398,10.475461959838867
3.2526330947875977,4.492819940638063,10.358577728271484
3.338172674179077,4.494774675329349,10.481882095336914
3.2206525802612305,4.549266588574808,10.480039596557617
3.2986831665039062,4.4510403646023144,10.409835815429688
3.2144269943237305,4.396181033857699,10.53152084350586
3.2382473945617676,4.426913262378158,10.42283821105957
3.243506669998169,4.376627647384469,10.51883316040039
3.2108490467071533,4.4286083161631336,10.387218475341797
3.2520833015441895,4.391865465557203,10.451310157775879
3.3284029960632324,4.473075928865001,10.420098304748535
3.2153918743133545,4.37940110535627,10.454626083374023
3.249438524246216,4.431252523558214,10.416744232177734
3.2123005390167236,4.436167918544794,10.456878662109375
3.2819552421569824,4.474486861211647,10.402202606201172
3.2421374320983887,4.4479501245410304,10.486187934875488
3.2806620597839355,4.403546712161707,10.527647972106934
3.207115888595581,4.463139300733538,10.443159103393555
3.2235982418060303,4.501053059440372,10.477926254272461
3.2792351245880127,4.580598746892065,10.440277099609375
3.280712366104126,4.4901260326150805,10.510644912719727
3.320199728012085,4.4790901313203255,10.493988037109375
3.277517795562744,4.460683397183726,10.49447250366211
3.1839067935943604,4.371437462645449,10.432924270629883
3.222867250442505,4.424152943272409,10.460837364196777
3.2167880535125732,4.434101489738428,10.549169540405273
3.235440254211426,4.429433236896459,10.492509841918945
3.2437007427215576,4.4987944536842415,10.447416305541992
3.2425925731658936,4.451730490196496,10.46420955657959
3.229069709777832,4.414303692589913,10.502262115478516
3.2405261993408203,4.469493360025807,10.434715270996094
3.246483325958252,4.436478422821633,10.508371353149414
3.23744797706604,4.446920723621068,10.459054946899414
3.2823257446289062,4.47106659106378,10.335983276367188
3.2496089935302734,4.479264442476311,10.409065246582031
3.252758026123047,4.359119803312101,10.463373184204102
3.275131940841675,4.450425336336983,10.389663696289062
3.1728475093841553,4.474343774574144,10.438840866088867
3.2390308380126953,4.499180724245629,10.40991497039795
3.2302260398864746,4.4108408994507045,10.435688972473145
3.2817370891571045,4.462994907749817,10.452866554260254
3.1917688846588135,4.423913113307208,10.474538803100586
3.214433193206787,4.422839537828362,10.427009582519531
3.2654690742492676,4.533248210891283,10.40932846069336
3.260246753692627,4.45889960801495,10.475076675415039
3.259782552719116,4.469774079043417,10.412091255187988
3.2318077087402344,4.450127222442202,10.446533203125
3.2044384479522705,4.4541255169481575,10.53216552734375
3.23518967628479,4.509375775665311,10.474145889282227
3.3219451904296875,4.5299908318556845,10.457969665527344
3.211160182952881,4.479610775830224,10.420710563659668
3.2284226417541504,4.49779962046471,10.421516418457031
3.192990779876709,4.40999462149505,10.45854377746582
3.2465174198150635,4.5002406082847815,10.426143646240234
3.28702712059021,4.518797472718039,10.476070404052734
3.2289576530456543,4.505238252991278,10.397627830505371
3.2548446655273438,4.515763083639155,10.47842788696289
3.292304277420044,4.452589591931818,10.448944091796875
3.2208008766174316,4.417038470872545,10.364093780517578
3.2858622074127197,4.50852033628949,10.459049224853516
3.244305372238159,4.470341750320846,10.424272537231445
3.200267791748047,4.4516750803616425,10.467880249023438
3.1873271465301514,4.469197746499308,10.469062805175781
3.2582597732543945,4.541456628125161,10.505864143371582
3.219235420227051,4.390425667199972,10.371864318847656
3.220963716506958,4.468776648930674,10.425045013427734
3.2101166248321533,4.468392228175486,10.437106132507324
3.2855796813964844,4.49085922535908,10.483898162841797
3.2749710083007812,4.571159502657663,10.430356979370117
3.1876235008239746,4.468412276556982,10.417230606079102
3.2962889671325684,4.498926462904949,10.458477020263672
3.216871976852417,4.45696853373998,10.479978561401367
3.1894068717956543,4.440535394674432,10.415877342224121
3.2228286266326904,4.5037518445335865,10.460906982421875
3.2236363887786865,4.458006674523599,10.40184211730957
3.215125560760498,4.348295127307731,10.431053161621094
3.279602289199829,4.422905347675883,10.474164962768555
3.276587724685669,4.509939171007968,10.412830352783203
3.169104814529419,4.4689283000770965,10.349328994750977
3.2144546508789062,4.4245301519321005,10.447406768798828
3.2170724868774414,4.517037840493555,10.424532890319824
3.1989662647247314,4.469093640933611,10.384051322937012
3.181020975112915,4.371878126370055,10.479592323303223
3.2549829483032227,4.441184383717233,10.432500839233398
3.2581729888916016,4.502294212546466,10.45854377746582
3.2505240440368652,4.443614308090348,10.480039596557617
3.2324483394622803,4.448606231083562,10.3939847946167
3.2568628787994385,4.455659609088408,10.471035957336426
3.2297213077545166,4.443641134770587,10.443161010742188
3.214324951171875,4.469966469199529,10.430855751037598
3.190901041030884,4.333617691150201,10.495086669921875
3.2614352703094482,4.442394483967551,10.4619140625
3.2529914379119873,4.448284081948389,10.417383193969727
3.244734525680542,4.479124417595033,10.438517570495605
3.206674814224243,4.4640621136142205,10.453924179077148
3.2248523235321045,4.42219322470815,10.446928977966309
3.3110451698303223,4.446915880544111,10.459808349609375
3.2341883182525635,4.4704866149196665,10.505614280700684
3.2104318141937256,4.368985024181062,10.456406593322754
3.2763991355895996,4.437239718324106,10.487944602966309
3.2122855186462402,4.456177401256614,10.408885955810547
3.2481472492218018,4.453387332414942,10.442083358764648
3.2270419597625732,4.459083024212824,10.484088897705078
3.222259521484375,4.378451642879685,10.46418285369873
3.261744260787964,4.452720902028626,10.418041229248047
3.280891180038452,4.4814049570289045,10.492227554321289
3.256314516067505,4.437109457861101,10.475339889526367
3.205533981323242,4.384075721060591,10.506797790527344
3.1508965492248535,4.382414364621842,10.478828430175781
3.219226121902466,4.377436953962647,10.430609703063965
3.1715800762176514,4.462944048157493,10.415300369262695
3.2771716117858887,4.473670756909996,10.458146095275879
3.252993106842041,4.457743071219219,10.507608413696289
3.2032179832458496,4.4179289295072,10.48597526550293
3.238253355026245,4.437032260832244,10.459108352661133
3.2902917861938477,4.5161942312760015,10.498783111572266
3.205209970474243,4.450950800208375,10.389601707458496
3.2125191688537598,4.43549495080619,10.515972137451172
3.230172872543335,4.461268783114585,10.460258483886719
3.271512269973755,4.483225599230666,10.480398178100586
3.2639498710632324,4.423773344306807,10.442615509033203
3.2360024452209473,4.454313685552084,10.397686004638672
3.2132327556610107,4.481888279352071,10.416243553161621
3.2306642532348633,4.487002184814109,10.47212028503418
3.191293716430664,4.4516970221551935,10.514167785644531
3.256859302520752,4.416588746709749,10.450885772705078
3.246650457382202,4.370072361547499,10.425837516784668
3.233208417892456,4.375873091697161,10.469226837158203
3.218126058578491,4.446173816254096,10.444079399108887
3.20123553276062,4.4454295895661105,10.483200073242188
3.2459781169891357,4.423961247051401,10.413625717163086
3.168527364730835,4.415038530881119,10.398416519165039
3.250516891479492,4.4728089083052645,10.413690567016602
3.276637077331543,4.490576447320304,10.400222778320312
3.257131338119507,4.484192723408341,10.480731010437012
3.2267582416534424,4.436402411832075,10.407166481018066
3.255500555038452,4.475309239966529,10.429903984069824
3.2054829597473145,4.473346888686397,10.464447975158691
3.252455472946167,4.369449375430122,10.465925216674805
3.2138328552246094,4.466906570264006,10.454815864562988
3.2387003898620605,4.507392552315391,10.510601043701172
3.236342430114746,4.3850741511476885,10.47237777709961
3.216686487197876,4.439683343416878,10.556181907653809
3.2725296020507812,4.451142269419506,10.541380882263184
3.260338068008423,4.475011481005432,10.512452125549316
3.2448277473449707,4.547359871844362,10.502039909362793
3.1867334842681885,4.4083361391177665,10.37409782409668
3.2754456996917725,4.4386171256857265,10.43442440032959
3.1992738246917725,4.495360363108504,10.525810241699219
3.224698781967163,4.496979147029508,10.380732536315918
3.231313943862915,4.438078548725961,10.453649520874023
3.1937716007232666,4.4481416289761135,10.520492553710938
3.2484970092773438,4.408447256843958,10.446277618408203
3.271245241165161,4.4594725641821125,10.397608757019043
3.256486654281616,4.4732587461559365,10.456925392150879
3.225167751312256,4.446028231609879,10.52134895324707
3.292034149169922,4.467169235793075,10.443035125732422
3.298563241958618,4.452964150812477,10.480745315551758
3.2627315521240234,4.487633873342669,10.506875991821289
3.2283742427825928,4.468950291995757,10.45511245727539
3.2007553577423096,4.4245997236908545,10.398187637329102
3.338066577911377,4.452638895350641,10.424072265625
3.1842122077941895,4.351223961516683,10.433012962341309
3.170833110809326,4.4138711613735975,10.48817253112793
3.2709264755249023,4.520214070732306,10.454513549804688
3.2268240451812744,4.437512966172236,10.468114852905273
3.224604845046997,4.431803312352193,10.49560832977295
3.263899087905884,4.438440020462233,10.461315155029297
3.200709104537964,4.3356425132535925,10.434606552124023
3.2046408653259277,4.441316614825544,10.425064086914062
3.204456329345703,4.372322057473606,10.448009490966797
3.2889978885650635,4.457914741610043,10.369523048400879
3.242187023162842,4.4417015891189555,10.462215423583984
3.2607452869415283,4.506145462925946,10.432153701782227
3.298124074935913,4.514421442723167,10.450711250305176
3.183189868927002,4.401566236679043,10.409912109375
3.2283873558044434,4.4604979937763085,10.412412643432617
3.254931926727295,4.467978611854569,10.453258514404297
3.2646570205688477,4.475756202059399,10.454117774963379
3.2122671604156494,4.367929833342454,10.445003509521484
3.283883571624756,4.447578032035381,10.392614364624023
3.2334232330322266,4.431102521218626,10.481392860412598
3.286642551422119,4.418143127313151,10.418039321899414
3.225407361984253,4.455841378807755,10.403881072998047
3.23078989982605,4.462707463585372,10.328080177307129
3.2215938568115234,4.446971489016764,10.423785209655762
3.2195563316345215,4.437307044298255,10.455527305603027
3.1822619438171387,4.468536135740578,10.38437271118164
3.2354156970977783,4.347186989217464,10.478599548339844
3.2508203983306885,4.434279646790984,10.497983932495117
3.1959776878356934,4.429090216123899,10.515829086303711
3.2332890033721924,4.452438234584405,10.414545059204102
3.22485089302063,4.420612585431497,10.397588729858398
3.2541441917419434,4.42655162799305,10.360145568847656
3.2570464611053467,4.474146966988752,10.443036079406738
3.2630674839019775,4.506977427684302,10.546968460083008
3.2241263389587402,4.362884447277922,10.410503387451172
3.2207140922546387,4.417988383044888,10.460773468017578
3.296445369720459,4.446935866061332,10.419323921203613
3.318509817123413,4.392934554722159,10.384673118591309
3.210299253463745,4.423470568444047,10.459636688232422
3.241325855255127,4.37323910104377,10.381568908691406
3.248623847961426,4.4264030934511025,10.404964447021484
3.200514078140259,4.423298776449104,10.5222806930542
3.155693769454956,4.422362965631431,10.458327293395996
3.266815423965454,4.477734578374241,10.462007522583008
3.241645097732544,4.540722670665542,10.441451072692871
3.1884608268737793,4.407421723440555,10.387616157531738
3.219054937362671,4.416923748262759,10.409443855285645
3.2174713611602783,4.443662033881993,10.445844650268555
3.182888984680176,4.393728878714943,10.450547218322754
3.2319114208221436,4.4439760338448515,10.374602317810059
3.2376160621643066,4.460764257603192,10.508363723754883
3.2224268913269043,4.41131896558883,10.46274185180664
3.2573938369750977,4.363990016647481,10.475252151489258
3.290827751159668,4.465782057327617,10.522588729858398
3.2026984691619873,4.409720690222457,10.492164611816406
3.267177104949951,4.447780361864717,10.374730110168457
3.1897459030151367,4.363340954894999,10.402524948120117
3.159226894378662,4.412637383643805,10.439640998840332
3.217585563659668,4.472313820085089,10.454082489013672
3.141141176223755,4.465253866942866,10.405662536621094
3.1833744049072266,4.385390600488921,10.448381423950195
3.2335469722747803,4.467414951650426,10.49367904663086
3.2441020011901855,4.3791810126110375,10.493864059448242
3.153564214706421,4.4267738745880445,10.45895004272461
3.25785231590271,4.418798952962139,10.447894096374512
3.2409236431121826,4.368869370947192,10.422520637512207
3.309272050857544,4.50438661095021,10.427042961120605
3.231511354446411,4.440453953442296,10.38537883758545
3.2747983932495117,4.521813688966047,10.530914306640625
3.2510299682617188,4.463363359150077,10.468168258666992
3.1894524097442627,4.4176144676083435,10.39254379272461
3.2097504138946533,4.463821540054465,10.456440925598145
3.2169837951660156,4.411873383081652,10.471381187438965
3.235769748687744,4.395325100016115,10.47487735748291
3.1706058979034424,4.3862222646629165,10.498695373535156
3.212369203567505,4.369134557400165,10.461471557617188
3.2710161209106445,4.437936643072004,10.39072036743164
3.2648489475250244,4.433261571385498,10.348823547363281
3.1841492652893066,4.430169751069376,10.48250961303711
3.2050111293792725,4.392948826076463,10.488595962524414
3.265902280807495,4.45324277601737,10.488152503967285
3.200765609741211,4.461307367476236,10.441465377807617
3.20205020904541,4.381375114466729,10.574689865112305
3.2567386627197266,4.450039720162749,10.507003784179688
3.2253286838531494,4.401877896361319,10.436931610107422
3.2308502197265625,4.432399636733212,10.432223320007324
3.2788655757904053,4.4178583106425195,10.393335342407227
3.265166997909546,4.411140128737316,10.501379013061523
3.2863895893096924,4.386546568945049,10.506885528564453
3.2391810417175293,4.393821496483205,10.443014144897461
3.2373976707458496,4.375724638280059,10.441217422485352
3.246894359588623,4.43597317457066,10.451913833618164
3.1811671257019043,4.465158387253593,10.478428840637207
3.300811290740967,4.472438058915681,10.392512321472168
3.196503162384033,4.4229168369368255,10.389291763305664
3.2177999019622803,4.409837072781686,10.400954246520996
3.2409098148345947,4.418553047081722,10.476888656616211
3.2468252182006836,4.461542431032285,10.398313522338867
3.165128231048584,4.421263683919928,10.470479965209961
3.188223123550415,4.397035805375449,10.427095413208008
3.281560182571411,4.488478209390971,10.499957084655762
3.1918978691101074,4.419665894038709,10.428054809570312
3.1568548679351807,4.4530182900239845,10.436697006225586
3.1638293266296387,4.423960549424269,10.454118728637695
3.2014665603637695,4.417816932812067,10.499858856201172
3.242598533630371,4.505746448079923,10.523183822631836
3.229827404022217,4.444642061500677,10.521677017211914
3.2319588661193848,4.394961479718663,10.488038063049316
3.238309621810913,4.432951462488354,10.378751754760742
3.2215771675109863,4.3730174104483535,10.41461181640625
3.1495800018310547,4.3908901192647,10.462631225585938
3.209623098373413,4.4248060204221735,10.389975547790527
3.2694337368011475,4.41736807990154,10.408385276794434
3.251323938369751,4.455202312940465,10.422697067260742
3.234520435333252,4.482881414304886,10.45254135131836
3.1710991859436035,4.416357343151634,10.40412712097168
3.1528449058532715,4.423025928504233,10.502189636230469
3.2668442726135254,4.456646506608064,10.392717361450195
3.1998367309570312,4.471021321602166,10.472881317138672
3.1952738761901855,4.39407753548585,10.433625221252441
3.293926954269409,4.393475768455703,10.452306747436523
3.223598003387451,4.49041856110229,10.47280502319336
3.160426616668701,4.416168254966448,10.432718276977539
3.222182273864746,4.480834857760263,10.4196138381958
3.2052431106567383,4.434119250093188,10.416098594665527
3.2150561809539795,4.402362140660572,10.447879791259766
3.2739834785461426,4.506772905288796,10.417232513427734
3.2376866340637207,4.414442772544655,10.517086029052734
3.1764559745788574,4.41690494382887,10.411465644836426
3.208289384841919,4.44735225047251,10.49800968170166
3.233377456665039,4.43330231022888,10.486408233642578
3.2164933681488037,4.443574194995953,10.436189651489258
3.2424073219299316,4.410518468324361,10.426103591918945
3.277634382247925,4.470303823073794,10.489116668701172
3.206892490386963,4.463500602536702,10.464439392089844
3.2024784088134766,4.385013037660559,10.376518249511719
3.1888694763183594,4.455522662560855,10.503539085388184
3.1788363456726074,4.389764081154551,10.40110969543457
3.224081516265869,4.445355667100687,10.431833267211914
3.2847766876220703,4.46608496756692,10.36483097076416
3.178241729736328,4.383352768574176,10.407389640808105
3.242739677429199,4.417258364547576,10.48830509185791
3.224855422973633,4.4081610843672285,10.49454402923584
3.2540457248687744,4.421370327505948,10.454582214355469
3.1822030544281006,4.394169083297519,10.381285667419434
3.2937095165252686,4.44377609811324,10.487698554992676
3.2430546283721924,4.411983787714105,10.50214958190918
3.282780885696411,4.491985600940617,10.355196952819824
3.226295232772827,4.386143820360303,10.422364234924316
3.214550256729126,4.4145165307979495,10.512603759765625
3.1812849044799805,4.420498025470547,10.422203063964844
3.28536057472229,4.483159482711927,10.471899032592773
3.2128474712371826,4.413179511536977,10.429576873779297
3.208923101425171,4.433074868550258,10.357166290283203
3.2195146083831787,4.468205993529409,10.431086540222168
3.259843111038208,4.385696104960517,10.367912292480469
3.2713420391082764,4.456171144232419,10.439661979675293
3.17448353767395,4.394164469192869,10.52623462677002
3.1543354988098145,4.4702422814111085,10.44553279876709
3.2225496768951416,4.408677165562819,10.380732536315918
3.202711582183838,4.43412724110697,10.343372344970703
3.190483808517456,4.412631705968774,10.398191452026367
3.208730936050415,4.377089881670795,10.429957389831543
3.2371771335601807,4.400869780186829,10.416563987731934
3.195312261581421,4.424759440822527,10.453441619873047
3.2000792026519775,4.396770816828523,10.48289966583252
3.245988130569458,4.44618450427827,10.435331344604492
3.2384889125823975,4.425505701286186,10.361181259155273
3.227212429046631,4.391982414160988,10.42535400390625
3.271703004837036,4.477767968483801,10.444110870361328
3.2133800983428955,4.4643360973734945,10.46442985534668
3.198296546936035,4.381627195414954,10.363167762756348
3.213618516921997,4.448234292612012,10.485897064208984
3.1613941192626953,4.432069457169356,10.414913177490234
3.2047414779663086,4.490006039783891,10.428860664367676
3.2365875244140625,4.416165687443157,10.426729202270508
3.2474212646484375,4.469365936171796,10.438241958618164
3.2306761741638184,4.437211375683546,10.4461030960083
3.178758144378662,4.441655047803318,10.418736457824707
3.2116339206695557,4.426391469347956,10.489030838012695
3.232022285461426,4.465024951978453,10.461751937866211
3.2492308616638184,4.462232566405354,10.379291534423828
3.2009525299072266,4.405629933113231,10.428976058959961
3.2288529872894287,4.418077336724049,10.41063117980957
3.268735885620117,4.459761294868908,10.478744506835938
3.1909728050231934,4.409106348009248,10.47972583770752
3.2180497646331787,4.48039699934556,10.490535736083984
3.20070219039917,4.361313060857356,10.428083419799805
3.2053403854370117,4.440923933904352,10.451377868652344
3.2438771724700928,4.462591724636566,10.366016387939453
3.2113020420074463,4.446461912743481,10.44693374633789
3.1977643966674805,4.4258196633309135,10.385778427124023
3.2230422496795654,4.403207390801981,10.490203857421875
3.2542710304260254,4.433049773730869,10.486098289489746
3.200348138809204,4.432528123758467,10.38009262084961
3.2696382999420166,4.452482643138085,10.40790843963623
3.2033679485321045,4.386157115655286,10.47595500946045
3.2407307624816895,4.469918413021203,10.479469299316406
3.1884961128234863,4.394283615252268,10.418710708618164
3.197453260421753,4.393377653389637,10.44417953491211
3.225329637527466,4.38308740879542,10.483076095581055
3.1881051063537598,4.44783397664183,10.43081283569336
3.2265827655792236,4.456986582372338,10.512737274169922
3.2449228763580322,4.432788287222917,10.433732032775879
3.1825976371765137,4.461443573103419,10.459004402160645
3.210629940032959,4.456976137456617,10.430074691772461
3.295694589614868,4.468594255125416,10.47292709350586
3.2330193519592285,4.4586337977754225,10.401329040527344
3.16636323928833,4.39078453312894,10.504288673400879
3.210756778717041,4.42081567974362,10.497282981872559
3.225929021835327,4.452285083975377,10.520112037658691
3.215562105178833,4.445815029021884,10.423419952392578
3.2129883766174316,4.415252112384354,10.434303283691406
3.2923572063446045,4.452773170445912,10.435991287231445
3.2305142879486084,4.397462159860879,10.501913070678711
3.212167739868164,4.449611564599243,10.466018676757812
3.1760571002960205,4.446423816261813,10.506792068481445
3.195277690887451,4.373798909663622,10.447501182556152
3.1884536743164062,4.521190425680418,10.310380935668945
3.20487380027771,4.4523640511823555,10.396513938903809
3.2292730808258057,4.470951283383849,10.46316909790039
3.1794943809509277,4.377156809936943,10.501335144042969
3.2513015270233154,4.433917411370203,10.425941467285156
3.179466962814331,4.426156489777245,10.494470596313477
3.230454206466675,4.433199450240604,10.488931655883789
3.246047019958496,4.42329571582377,10.519210815429688
3.2404861450195312,4.390349145047367,10.46713638305664
3.250601291656494,4.426307295615387,10.398194313049316
3.1504030227661133,4.352205399224268,10.43735122680664
3.2304282188415527,4.431680496316403,10.434953689575195
3.156252861022949,4.419058949985939,10.458122253417969
3.235426664352417,4.500091296687191,10.393884658813477
3.2892658710479736,4.374280972306483,10.384407043457031
3.2323408126831055,4.446235684544912,10.563419342041016
3.16752290725708,4.352861827039825,10.407699584960938
3.2451863288879395,4.477261825298359,10.459136962890625
3.191624402999878,4.4015129098136505,10.379904747009277
3.2345194816589355,4.436016493011265,10.433209419250488
3.215867042541504,4.450012123877448,10.519121170043945
3.2051589488983154,4.466548702912405,10.42241382598877
3.2292211055755615,4.451085360953584,10.545478820800781
3.2661056518554688,4.4546381278695275,10.455656051635742
3.22663950920105,4.4401124739753355,10.464807510375977
3.138399362564087,4.404395810794086,10.372933387756348
3.21653413772583,4.401519666392622,10.46046257019043
3.305468797683716,4.429638737879161,10.344366073608398
3.244889974594116,4.332517071460773,10.357840538024902
3.2063093185424805,4.432219170499593,10.51031494140625
3.2208099365234375,4.4589227044489235,10.456283569335938
3.26594877243042,4.447302001561703,10.353836059570312
3.1699531078338623,4.327802609219881,10.454873085021973
3.1600122451782227,4.448767474320318,10.45690631866455
3.2361361980438232,4.484681679900469,10.45107650756836
3.2795913219451904,4.432695934116574,10.42268180847168
3.187727212905884,4.435997200564348,10.41910457611084
3.2077507972717285,4.479041308530473,10.51110553741455
3.2037456035614014,4.344850842109216,10.489724159240723
3.2230095863342285,4.413747457321734,10.432700157165527
3.1978750228881836,4.391085544933698,10.358126640319824
3.2072246074676514,4.410062448587269,10.423372268676758
3.18544864654541,4.442222992324138,10.454299926757812
3.1905579566955566,4.402193231774228,10.462930679321289
3.2744791507720947,4.462238673919014,10.464987754821777
3.1644012928009033,4.4007717320429425,10.45718765258789
3.1929922103881836,4.412736799634461,10.458341598510742
3.2755119800567627,4.437577382262264,10.343320846557617
3.265822172164917,4.350443846346544,10.47551441192627
3.1601853370666504,4.4220668886056425,10.446724891662598
3.2409703731536865,4.372187618532085,10.453779220581055
3.204859972000122,4.450678861600213,10.509233474731445
3.3101911544799805,4.469819315476343,10.40695858001709
3.1702473163604736,4.396146424513842,10.469888687133789
3.2266972064971924,4.471035722410306,10.464162826538086
3.1835689544677734,4.425639780271533,10.410655975341797
3.303959846496582,4.442981031623536,10.403139114379883
3.1893057823181152,4.308496977468686,10.418270111083984
3.212034225463867,4.461027212108352,10.42132568359375
3.257534980773926,4.40889711478459,10.47818374633789
3.207728862762451,4.452383490146271,10.345352172851562
3.1918880939483643,4.41145083900275,10.436787605285645
3.2023699283599854,4.521948234743571,10.473711013793945
3.1872670650482178,4.416304094816692,10.402782440185547
3.2090978622436523,4.4490470720255475,10.508136749267578
3.2295241355895996,4.446932358201594,10.422459602355957
3.2661073207855225,4.403060457070492,10.470492362976074
3.253159523010254,4.472970571668286,10.477317810058594
3.185051202774048,4.3835888674948364,10.375017166137695
3.225574254989624,4.401235597208143,10.47429084777832
3.2736704349517822,4.466233607813982,10.406108856201172
3.20629620552063,4.439741203162287,10.426570892333984
3.2444264888763428,4.496450200444088,10.421844482421875
3.2524843215942383,4.445659669947678,10.434757232666016
3.2849090099334717,4.437171859932797,10.469501495361328
3.2560136318206787,4.485515895732014,10.419453620910645
3.200509786605835,4.434127400895314,10.482295989990234
3.235933780670166,4.442352064452799,10.361005783081055
3.2062554359436035,4.42561168236924,10.46650505065918
3.2259128093719482,4.433362293223451,10.471174240112305
3.234959125518799,4.401470348272207,10.356550216674805
3.2018301486968994,4.45226590791052,10.455192565917969
3.1920220851898193,4.369703967390316,10.469978332519531
3.269211769104004,4.454085250983813,10.413379669189453
3.248032331466675,4.438712574707876,10.39896011352539
3.258009195327759,4.4384404668650985,10.445378303527832
3.1987109184265137,4.381613749112668,10.494224548339844
3.2157931327819824,4.44890756033627,10.343478202819824
3.2256343364715576,4.3957190744778405,10.381190299987793
3.152729034423828,4.357428767053144,10.4296875
3.2237117290496826,4.405292450583406,10.510025024414062
3.189659595489502,4.389751846802287,10.439374923706055
3.206498861312866,4.3897277643637995,10.46803092956543
3.200946569442749,4.37226494045795,10.46085262298584
3.3022189140319824,4.387146228791347,10.398509979248047
3.273437976837158,4.445307387072327,10.455631256103516
3.1987781524658203,4.4332885875566195,10.465108871459961
3.1866612434387207,4.358449198072776,10.459602355957031
3.1491799354553223,4.394979200458953,10.342028617858887
3.190152168273926,4.3967847765556405,10.447603225708008
3.210442543029785,4.444941410761592,10.34749984741211
3.2283554077148438,4.434780236632962,10.34019660949707
3.2933754920959473,4.395338188823579,10.438763618469238
3.20424485206604,4.452073272384171,10.433989524841309
3.130689859390259,4.339259915885382,10.430733680725098
3.235431671142578,4.383899844983326,10.439017295837402
3.2539443969726562,4.4573917431158145,10.408712387084961
3.2275404930114746,4.452650292576957,10.393062591552734
3.206864595413208,4.437561895099602,10.423975944519043
3.290144205093384,4.5113041779758145,10.432853698730469
3.1613497734069824,4.449281529623217,10.410979270935059
3.235236644744873,4.352972541070942,10.527996063232422
3.1455776691436768,4.417333907647324,10.432761192321777
3.2664530277252197,4.417994180394869,10.362550735473633
3.2526988983154297,4.398728503213663,10.498640060424805
3.157172679901123,4.382469190151564,10.413188934326172
3.185354471206665,4.405756039245586,10.370503425598145
3.2434473037719727,4.43405383233247,10.487127304077148
3.187607526779175,4.386405519509156,10.420223236083984
3.1619226932525635,4.33950717494424,10.504585266113281
3.1992366313934326,4.443970904452726,10.513450622558594
3.204728603363037,4.41498207247683,10.575162887573242
3.2294161319732666,4.434791267350582,10.386192321777344
3.210658550262451,4.468143028173861,10.455049514770508
3.2480368614196777,4.445869311058362,10.388436317443848
3.1665210723876953,4.372274770301634,10.467844009399414
3.1449811458587646,4.360807658173144,10.469043731689453
3.2307510375976562,4.476853646471032,10.43563461303711
3.2281198501586914,4.3757364925861895,10.411237716674805
3.229072093963623,4.406750559241377,10.42982292175293
3.251657247543335,4.444056653650477,10.529232025146484
3.1329050064086914,4.3706996505414795,10.504258155822754
3.2090609073638916,4.395805917314386,10.4952392578125
3.2644383907318115,4.371908575263141,10.438206672668457
3.1973776817321777,4.411677510411079,10.494049072265625
3.205814838409424,4.459671515572284,10.46097183227539
3.2488529682159424,4.387433140272541,10.446706771850586
3.1957802772521973,4.4342112353936365,10.42949390411377
3.261338710784912,4.4801701479258815,10.423160552978516
3.210719585418701,4.391635769678812,10.44873332977295
3.1845436096191406,4.442277502833998,10.460237503051758
3.23496413230896,4.388974779618105,10.402762413024902
3.2474687099456787,4.392406481750575,10.439041137695312
3.1684975624084473,4.364549103425816,10.429494857788086
3.1849396228790283,4.3264443854402215,10.445068359375
3.208106756210327,4.3980609536437045,10.477224349975586
3.2179479598999023,4.410907936082886,10.315735816955566
3.2008752822875977,4.478257714937042,10.459159851074219
3.2191038131713867,4.421285496492471,10.484756469726562
3.2273006439208984,4.425125716220854,10.525735855102539
3.273988723754883,4.430128154012242,10.479467391967773
3.2121500968933105,4.4894832295166065,10.3593168258667
3.209590435028076,4.397487546383802,10.45433235168457
3.224231243133545,4.413692142149167,10.409293174743652
3.204826593399048,4.420763982426641,10.409746170043945
3.194761037826538,4.403394682865057,10.415138244628906
3.241455554962158,4.440742188964838,10.4332275390625
3.1819326877593994,4.431562776976664,10.404940605163574
3.213064193725586,4.428286080348439,10.430825233459473
3.2781026363372803,4.425036402119855,10.517254829406738
3.2383368015289307,4.446079523103045,10.432235717773438
3.135934829711914,4.451592089741357,10.405759811401367
3.2125046253204346,4.478220023880047,10.475584030151367
3.2024600505828857,4.352523822703265,10.380387306213379
3.1743507385253906,4.433706552156114,10.411378860473633
3.2236905097961426,4.432909842780126,10.421656608581543
3.1831459999084473,4.449754254493331,10.386253356933594
3.2060437202453613,4.3817482101065774,10.462034225463867
3.2316126823425293,4.435682821786031,10.417680740356445
3.253283739089966,4.447997124599559,10.365569114685059
3.196335554122925,4.400449404160359,10.388654708862305
3.1739399433135986,4.403191907364609,10.441568374633789
3.2030441761016846,4.420553187939471,10.47984504699707
3.196398973464966,4.474524919542351,10.448358535766602
3.18900990486145,4.405136415867933,10.484952926635742
3.2090137004852295,4.404784805939666,10.468954086303711
3.130863666534424,4.38931566280579,10.380033493041992
3.2729134559631348,4.421099554281682,10.399165153503418
3.226482391357422,4.415234823910786,10.391703605651855
3.2420969009399414,4.41776281615187,10.512197494506836
3.233550548553467,4.423857822049675,10.507203102111816
3.157958984375,4.422587776722919,10.369465827941895
3.241131544113159,4.386533852999232,10.561849594116211
3.171579122543335,4.370833768675635,10.484233856201172
3.196627378463745,4.327625489926763,10.321062088012695
3.1453051567077637,4.365391941807632,10.478322982788086
3.221672773361206,4.432712998706847,10.470403671264648
3.202260732650757,4.401787253396052,10.500951766967773
3.1851303577423096,4.3844062658026814,10.415955543518066
3.211054563522339,4.455754218024335,10.475086212158203
3.256624698638916,4.443571320535349,10.444093704223633
3.2223994731903076,4.393273787173841,10.4324951171875
3.1889705657958984,4.471329569683544,10.385110855102539
3.1690495014190674,4.378121195161449,10.441040992736816
3.2367935180664062,4.437787865255293,10.511369705200195
3.2676048278808594,4.470866313570046,10.455537796020508
3.2228052616119385,4.445913536573893,10.441969871520996
3.2513561248779297,4.4535360149041345,10.420736312866211
3.1694679260253906,4.366963563387149,10.349441528320312
3.223994255065918,4.3811517845107515,10.47649097442627
3.2777092456817627,4.469334538560361,10.426607131958008
3.2488558292388916,4.416266552970877,10.486091613769531
3.2480685710906982,4.445414740924857,10.47184944152832
3.196885108947754,4.412022492050061,10.44456672668457
3.3285250663757324,4.436916244116478,10.399704933166504
3.139699935913086,4.365021456764745,10.456360816955566
3.2115938663482666,4.422375963801252,10.482292175292969
3.2092039585113525,4.400746768240684,10.488871574401855
3.160871744155884,4.422860359074547,10.45694637298584
3.147031307220459,4.403225911448577,10.477838516235352
3.135916233062744,4.408580696210265,10.350050926208496
3.2018635272979736,4.429307657160929,10.420056343078613
3.22420072555542,4.426643579300227,10.359733581542969
3.185559034347534,4.470163200250162,10.411994934082031
3.1494290828704834,4.385326880662303,10.406717300415039
3.1706466674804688,4.430524706208546,10.422100067138672
3.178920269012451,4.401021233427206,10.465923309326172
3.2892005443573,4.4388528904278886,10.450617790222168
3.305225133895874,4.472280850800287,10.420361518859863
3.197699546813965,4.429197568313351,10.385324478149414
3.19136643409729,4.376843266155836,10.469094276428223
3.21163010597229,4.415907966771296,10.444727897644043
3.2240993976593018,4.516139056101175,10.488899230957031
3.28402042388916,4.5260099023913165,10.410868644714355
3.1699466705322266,4.458690153900533,10.474534034729004
3.2209062576293945,4.424983454502321,10.395012855529785
3.194960832595825,4.424478335439094,10.302682876586914
3.229919910430908,4.359533094335347,10.434741020202637
3.1666553020477295,4.332240897264066,10.419720649719238
3.247818946838379,4.455562579445541,10.505526542663574
3.2404136657714844,4.397711447639656,10.455232620239258
3.2230043411254883,4.410327695376639,10.433778762817383
3.180259943008423,4.369347252716709,10.51398754119873
3.272822856903076,4.421059309238833,10.46127986907959
3.1800739765167236,4.34510033827142,10.40969181060791
3.3029069900512695,4.392897357133084,10.513984680175781
3.2516469955444336,4.4218121067554295,10.412006378173828
3.225080966949463,4.480995352812378,10.412004470825195
3.1898629665374756,4.407549037099151,10.47420597076416
3.1835477352142334,4.418120605039543,10.461664199829102
3.2196731567382812,4.473502164473757,10.487764358520508
3.2173314094543457,4.409996519896335,10.454618453979492
3.2539944648742676,4.390172365553942,10.364827156066895
3.150623083114624,4.351507901413632,10.457439422607422
3.2664387226104736,4.400433083996178,10.467096328735352
3.2148940563201904,4.497536448994651,10.392200469970703
3.1688039302825928,4.409199787470113,10.453837394714355
3.1746232509613037,4.356010647823235,10.398618698120117
3.245877742767334,4.429077563441492,10.459770202636719
3.208484172821045,4.422060985550551,10.441558837890625
3.2369015216827393,4.406460111827723,10.423055648803711
3.174659013748169,4.332569911310982,10.427759170532227
3.273770332336426,4.45122278198999,10.409467697143555
3.170152425765991,4.383752229956112,10.497421264648438
3.2295615673065186,4.426841980677896,10.425727844238281
3.188694715499878,4.400692864653787,10.454251289367676
3.161593437194824,4.385733988235838,10.43929672241211
3.128862142562866,4.444406682326059,10.338863372802734
3.2274677753448486,4.432159315961014,10.372543334960938
3.225942850112915,4.438972584770195,10.506538391113281
3.2215869426727295,4.431543104217521,10.437627792358398
3.2407684326171875,4.413542115728238,10.389464378356934
3.1950418949127197,4.469247350169878,10.470691680908203
3.2514026165008545,4.4815424605538805,10.49412727355957
3.2214174270629883,4.433370164994683,10.518587112426758
3.2206366062164307,4.380657590792647,10.42513656616211
3.200028419494629,4.458580041071401,10.48443603515625
3.216815233230591,4.4285626950939845,10.517241477966309
3.2105154991149902,4.4343386122823825,10.400150299072266
3.1904196739196777,4.452448033594659,10.423727035522461
3.1672494411468506,4.401557462855376,10.382134437561035
3.256913661956787,4.3642190731396635,10.337211608886719
3.2270710468292236,4.389959186249014,10.400835990905762
3.2402849197387695,4.342606392256649,10.456867218017578
3.195192813873291,4.433077640199501,10.416736602783203
3.205752372741699,4.441440704910616,10.461753845214844
3.220856189727783,4.360721657218943,10.447345733642578
3.1509499549865723,4.388881682019148,10.483736038208008
3.2187983989715576,4.371858450816944,10.479427337646484
3.2000577449798584,4.419435473059171,10.416858673095703
3.161214828491211,4.39549658577224,10.444411277770996
3.208761692047119,4.410665929982705,10.51649284362793
3.1985034942626953,4.3594232202574075,10.391433715820312
3.2462148666381836,4.449601157535135,10.480477333068848
3.2003743648529053,4.404027577157,10.38740062713623
3.1784121990203857,4.364543696532824,10.426587104797363
3.2208855152130127,4.408861652914701,10.488929748535156
3.2821342945098877,4.36797381787827,10.446346282958984
3.146160364151001,4.420869013095008,10.531229019165039
3.2216126918792725,4.411205335220854,10.46406364440918
3.1840152740478516,4.420475089689717,10.395184516906738
3.1809356212615967,4.4049454367985685,10.416783332824707
3.113030433654785,4.37478259638218,10.381519317626953
3.23725962638855,4.408503219052883,10.42123031616211
3.251992702484131,4.407787877866732,10.360902786254883
3.1985647678375244,4.465110675797665,10.411251068115234
3.1863932609558105,4.380400627651917,10.445347785949707
3.203970432281494,4.397175301598119,10.370402336120605
3.1974735260009766,4.433839085744694,10.452994346618652
3.216336250305176,4.369781825624939,10.40460205078125
3.2208597660064697,4.394379705589797,10.475356101989746
3.199223279953003,4.4344715825947265,10.495723724365234
3.217237949371338,4.440808786046026,10.507125854492188
3.1930670738220215,4.4223051296014875,10.353400230407715
3.1867690086364746,4.459784341643432,10.45445728302002
3.205146074295044,4.432819528405422,10.491046905517578
3.1737074851989746,4.454079826961139,10.430545806884766
3.196565628051758,4.345006514008024,10.53854751586914
3.1588666439056396,4.4107027431351264,10.46149730682373
3.153564453125,4.43900784707096,10.389121055603027
3.103407621383667,4.345940866574113,10.446577072143555
3.2037720680236816,4.458321466310216,10.430330276489258
3.2297916412353516,4.390597708789366,10.4605073928833
3.204469919204712,4.366513908707669,10.508994102478027
3.1876447200775146,4.470855779047789,10.427200317382812
3.1771583557128906,4.349475906995525,10.506136894226074
3.2012839317321777,4.391514586318018,10.455519676208496
3.2394285202026367,4.429257833664971,10.49682903289795
3.13657546043396,4.361092955572531,10.383577346801758
3.197481155395508,4.429721450233566,10.454282760620117
3.2274041175842285,4.426632690110377,10.495402336120605
3.2627060413360596,4.449471181025729,10.427498817443848
3.293665885925293,4.4607659688419,10.431428909301758
3.221038341522217,4.373137917602435,10.467391014099121
3.229076623916626,4.453846055548638,10.449731826782227
3.1415393352508545,4.344685988800068,10.476085662841797
3.180748462677002,4.4105554443917105,10.51091480255127
3.2727527618408203,4.451000951795971,10.527371406555176
3.1942434310913086,4.4168265156580935,10.385866165161133
3.1554059982299805,4.3982792645692825,10.520967483520508
3.153820037841797,4.413551785317915,10.481008529663086
3.1517982482910156,4.405852008810532,10.490917205810547
3.200108051300049,4.444780147035739,10.458712577819824
3.197863817214966,4.358732330080653,10.477407455444336
3.1876752376556396,4.404433653623399,10.368278503417969
3.2739741802215576,4.515044396610133,10.533891677856445
3.2741668224334717,4.351427285599389,10.432636260986328
3.238544464111328,4.462839997440044,10.449516296386719
3.2460062503814697,4.397446696180849,10.399883270263672
3.21572208404541,4.464663609729282,10.505010604858398
3.1548500061035156,4.403240291035867,10.4429931640625
3.158350944519043,4.376333028643526,10.455496788024902
3.1856086254119873,4.46020648931153,10.458399772644043
3.193582534790039,4.419487278376307,10.486313819885254
3.1373846530914307,4.397576131192701,10.417279243469238
3.218593120574951,4.374641368731059,10.477359771728516
3.195293664932251,4.394914944390101,10.348535537719727
3.2073445320129395,4.394885815713288,10.511035919189453
3.241580009460449,4.463306408974209,10.400074005126953
3.200472831726074,4.41636937700345,10.471548080444336
3.2439253330230713,4.424392185273714,10.35077953338623
3.1217799186706543,4.409327373008377,10.360411643981934
3.2233364582061768,4.395436370312901,10.450828552246094
3.2163643836975098,4.406310456971239,10.479827880859375
3.2009167671203613,4.43261271884798,10.421658515930176
3.2325596809387207,4.396998075136383,10.32204532623291
3.2154481410980225,4.400253463436716,10.454093933105469
3.251026153564453,4.4249252313748,10.401206970214844
3.201162099838257,4.3907376293625155,10.457534790039062
3.1647427082061768,4.423215904406138,10.477659225463867
3.2493410110473633,4.371573495179681,10.560491561889648
3.1833255290985107,4.4079044620572985,10.439900398254395
3.1825897693634033,4.311312930924552,10.410284042358398
3.205986738204956,4.414601967071316,10.469635963439941
3.1984872817993164,4.342639497015625,10.490407943725586
3.2144339084625244,4.382407113543844,10.434553146362305
3.2328858375549316,4.423073892747717,10.468450546264648
3.215160846710205,4.381763916229829,10.443588256835938
3.2133750915527344,4.457943108032591,10.450920104980469
3.1989657878875732,4.497199514115762,10.499029159545898
3.237231492996216,4.498447320257712,10.400504112243652
3.1897850036621094,4.451917629156793,10.359831809997559
3.2280168533325195,4.360888766590506,10.490179061889648
3.2022740840911865,4.3940229561246404,10.475566864013672
3.251617670059204,4.395246974026252,10.42074966430664
3.1904609203338623,4.388710514708821,10.40517807006836
3.2511703968048096,4.414919124184442,10.407339096069336
3.251838207244873,4.402642630273476,10.468439102172852
3.212230682373047,4.424779947581036,10.340494155883789
3.199533462524414,4.366962869585093,10.506830215454102
3.1930932998657227,4.433934996702841,10.460773468017578
3.1717822551727295,4.490491009450384,10.415641784667969
3.2409675121307373,4.428673685528338,10.40692138671875
3.258683681488037,4.485733047626646,10.439546585083008
3.2495310306549072,4.451610625954345,10.372528076171875
3.2236599922180176,4.361027342134288,10.428886413574219
3.119401693344116,4.315455497209248,10.429537773132324
3.2290632724761963,4.439462348419641,10.489446640014648
3.1888513565063477,4.411711688086923,10.487076759338379
3.2220308780670166,4.361872987588867,10.440796852111816
3.2024900913238525,4.429761053561898,10.483433723449707
3.199023485183716,4.385003732550623,10.41285514831543
3.19984769821167,4.376792092208883,10.408971786499023
3.2542150020599365,4.401437751516434,10.403522491455078
3.200225830078125,4.452122527307698,10.470039367675781
3.218406915664673,4.346233621206401,10.56505012512207
3.178718328475952,4.386000740341841,10.529090881347656
3.179161787033081,4.4105152140171935,10.390854835510254
3.2156364917755127,4.41124690324068,10.319934844970703
3.2284696102142334,4.475168432109058,10.420572280883789
3.193044900894165,4.39516918055181,10.477519035339355
3.1515517234802246,4.3352572207472155,10.532489776611328
3.1985723972320557,4.310991237073072,10.405384063720703
3.2344188690185547,4.42984308708193,10.448873519897461
3.217559337615967,4.372668043743553,10.541763305664062
3.1753885746002197,4.35153690682325,10.453638076782227
3.213949203491211,4.439245518895664,10.37746810913086
3.188814163208008,4.385624984445583,10.47565746307373
3.2618205547332764,4.386896957111146,10.412723541259766
3.2094297409057617,4.40253631338211,10.451933860778809
3.149662733078003,4.4364596558734775,10.494824409484863
3.1408538818359375,4.347777012303205,10.463258743286133
3.189608097076416,4.342961274353521,10.464427947998047
3.188438653945923,4.4052807481826415,10.45460033416748
3.250791549682617,4.471015825002854,10.357498168945312
3.2300100326538086,4.3731032131638905,10.477832794189453
3.189965009689331,4.39238204324751,10.422640800476074
3.1787242889404297,4.411389689060992,10.477934837341309
3.1781680583953857,4.288879044353962,10.413919448852539
3.2303617000579834,4.445890021144546,10.452524185180664
3.211364269256592,4.453907692106441,10.503830909729004
3.2006044387817383,4.390148950507864,10.470449447631836
3.209977865219116,4.3662123616585236,10.487259864807129
3.171903133392334,4.474324764983196,10.381753921508789
3.3201987743377686,4.4446745237136,10.53873062133789
3.2081589698791504,4.4836643281326225,10.41515827178955
3.2013144493103027,4.4366462572610805,10.433723449707031
3.2353062629699707,4.404488017682785,10.423287391662598
3.1817548274993896,4.401577967385362,10.514512062072754
3.1682982444763184,4.3782381001261195,10.434234619140625
3.1453163623809814,4.390386432509072,10.482622146606445
3.2389466762542725,4.437346760848802,10.388837814331055
3.163825511932373,4.417296050681865,10.408201217651367
3.1497883796691895,4.366374647643949,10.351661682128906
3.2454864978790283,4.370969794158425,10.34318733215332
3.2051126956939697,4.401427351936166,10.371036529541016
3.2534587383270264,4.426478881954348,10.4151611328125
3.2076833248138428,4.392961630830541,10.411384582519531
3.2327096462249756,4.383530424874542,10.465084075927734
3.241217851638794,4.396077806429405,10.402889251708984
3.154215097427368,4.392180770036897,10.403009414672852
3.22147274017334,4.44343365353,10.389156341552734
3.207472085952759,4.403583128637235,10.497029304504395
3.2099111080169678,4.424636607224654,10.337944030761719
3.1945111751556396,4.366188702007223,10.46162223815918
3.286351442337036,4.426236566455502,10.410959243774414
3.221487045288086,4.454614230065739,10.390984535217285
3.1725313663482666,4.419773820388531,10.400084495544434
3.252030372619629,4.465162509919277,10.432975769042969
3.2449569702148438,4.46079676761292,10.402030944824219
3.206536293029785,4.382551281746211,10.448844909667969
3.235718250274658,4.386994537598054,10.46584701538086
3.2033791542053223,4.423342040473861,10.442864418029785
3.142237663269043,4.341566055181569,10.49921989440918
3.1495134830474854,4.376466319264312,10.451800346374512
3.2526581287384033,4.444238743245869,10.514617919921875
3.1854357719421387,4.3484845101234635,10.470355987548828
3.195737838745117,4.358828851786841,10.388961791992188
3.2103757858276367,4.415974250528961,10.361116409301758
3.2214174270629883,4.415859689536903,10.380277633666992
3.2020511627197266,4.394837050532391,10.464181900024414
3.2477056980133057,4.381254637281278,10.461111068725586
3.2226881980895996,4.372942881725195,10.468191146850586
3.235591411590576,4.398832605852347,10.415937423706055
3.219099521636963,4.364162196172401,10.433704376220703
3.1798667907714844,4.366438305105216,10.417631149291992
3.2069833278656006,4.378513253859377,10.479717254638672
3.143308162689209,4.414555503687422,10.379597663879395
3.1923680305480957,4.381945095191311,10.368674278259277
3.2055821418762207,4.433775264936101,10.394034385681152
3.1962881088256836,4.357087451432432,10.423591613769531
3.2129430770874023,4.452867406254102,10.447272300720215
3.2293167114257812,4.407559192539859,10.58403491973877
3.192142963409424,4.4713153116671105,10.43819522857666
3.1607179641723633,4.374034704141585,10.460774421691895
3.2402355670928955,4.404278995003551,10.436344146728516
3.1651663780212402,4.406353647754129,10.371221542358398
3.1797380447387695,4.373441349116288,10.577056884765625
3.1529722213745117,4.39880653281164,10.424514770507812
3.157503366470337,4.371958191739394,10.435935974121094
3.189284563064575,4.445291761475216,10.505126953125
3.180469036102295,4.419679798352133,10.469923973083496
3.198317289352417,4.3886829694134315,10.482171058654785
3.1928279399871826,4.408798419936959,10.40336799621582
3.17218279838562,4.405259690413784,10.430213928222656
3.2166452407836914,4.4108906625104805,10.435235023498535
3.1759300231933594,4.380346677266061,10.425597190856934
3.142441749572754,4.292150120816326,10.466660499572754
3.1911394596099854,4.316441460745409,10.49777603149414
3.149897575378418,4.356067367895906,10.427055358886719
3.192295789718628,4.416051835420408,10.488775253295898
3.197544574737549,4.370184664847329,10.507015228271484
3.2028961181640625,4.40649275485027,10.368661880493164
3.1525397300720215,4.407687921575936,10.51598072052002
3.218928575515747,4.4292076229383905,10.536115646362305
3.1735167503356934,4.393680713871228,10.458871841430664
3.268268346786499,4.448102245606216,10.423127174377441
3.222890853881836,4.427066497438188,10.50887680053711
3.147547483444214,4.391615824574338,10.468851089477539
3.1783180236816406,4.403310433695359,10.415504455566406
3.2238616943359375,4.379145259935675,10.410741806030273
3.132985830307007,4.347128286691649,10.488357543945312
3.1548328399658203,4.431617007224954,10.368372917175293
3.2743515968322754,4.423177628877706,10.451854705810547
3.3041763305664062,4.432496956948723,10.405467987060547
3.167495012283325,4.388189853634685,10.431902885437012
3.129380941390991,4.3587826697621495,10.481470108032227
3.1956958770751953,4.359660639959786,10.447038650512695
3.1824166774749756,4.366651807678863,10.435067176818848
3.2380449771881104,4.441529886763809,10.390392303466797
3.1819915771484375,4.407387199844899,10.402992248535156
3.200857400894165,4.4425076534971595,10.456389427185059
3.259058952331543,4.443015973383029,10.410451889038086
3.168236494064331,4.339332921430469,10.498562812805176
3.2177371978759766,4.367798555409536,10.473247528076172
3.1906261444091797,4.395831335402494,10.425182342529297
3.1920270919799805,4.380881235968055,10.461714744567871
3.239377737045288,4.432131997276364,10.480815887451172
3.2023346424102783,4.390118624283267,10.463010787963867
3.199610948562622,4.395034120052254,10.423408508300781
3.1511449813842773,4.3557508296798915,10.337703704833984
3.2829418182373047,4.3822518926047325,10.411744117736816
3.189535617828369,4.417380190421161,10.387321472167969
3.1281731128692627,4.373306659582471,10.400104522705078
3.172323703765869,4.368283004799325,10.438791275024414
3.2057416439056396,4.29734086651089,10.44913101196289
3.1686432361602783,4.314861138916708,10.386910438537598
3.279310941696167,4.431910235135417,10.438043594360352
3.154543876647949,4.361432776653341,10.504819869995117
3.1678287982940674,4.372014383253242,10.409252166748047
3.167330265045166,4.387801820678371,10.448077201843262
3.1149208545684814,4.434501855733938,10.34223747253418
3.1460623741149902,4.332408399853324,10.432292938232422
3.271944046020508,4.4022463958577385,10.476037979125977
3.247833013534546,4.424038426950574,10.490440368652344
3.179788589477539,4.389221935200371,10.414286613464355
3.2445995807647705,4.399898980112213,10.441118240356445
3.1785659790039062,4.373497919811469,10.503702163696289
3.175938844680786,4.3529114937077145,10.429591178894043
3.2266733646392822,4.380946613382547,10.409924507141113
3.210899829864502,4.3641825873803874,10.474181175231934
3.1733808517456055,4.383241686504334,10.41646957397461
3.1972765922546387,4.356438318267465,10.460614204406738
3.192930221557617,4.366868325309562,10.414353370666504
3.204185962677002,4.446193589463032,10.367718696594238
3.2544760704040527,4.4001232680665066,10.465002059936523
3.195850133895874,4.409958779512505,10.389985084533691
3.145334482192993,4.361128225889323,10.535074234008789
3.1552770137786865,4.428242922228362,10.404870986938477
3.131502389907837,4.394729893588062,10.421747207641602
3.093081474304199,4.384765756815405,10.398260116577148
3.156341791152954,4.363592240560268,10.401867866516113
3.222083806991577,4.4630386086313845,10.467170715332031
3.1918256282806396,4.4106734705357145,10.372008323669434
3.1845905780792236,4.34701930907821,10.444710731506348
3.2870631217956543,4.441344545322604,10.421339988708496
3.2117116451263428,4.404468516752656,10.411663055419922
3.243159770965576,4.399818516569212,10.449125289916992
3.2242109775543213,4.39196740483333,10.417513847351074
3.2106778621673584,4.439021560429994,10.488948822021484
3.198563575744629,4.411555977538228,10.398897171020508
3.170055866241455,4.43669972934627,10.47536849975586
3.20278000831604,4.438342144646283,10.487695693969727
3.168745279312134,4.419737170849528,10.54444408416748
3.1738951206207275,4.3915034201262255,10.465757369995117
3.201258659362793,4.427321656207953,10.378093719482422
3.193554639816284,4.316008309567613,10.409191131591797
3.2581331729888916,4.386224846521925,10.545263290405273
3.1626102924346924,4.356039346894249,10.385724067687988
3.1774096488952637,4.401853105053306,10.462309837341309
3.161532163619995,4.384432915997293,10.502154350280762
3.1896162033081055,4.379732951255782,10.438106536865234
3.208176374435425,4.403743133381276,10.45351791381836
3.158377170562744,4.377796487417073,10.40739631652832
3.077765464782715,4.381948785789843,10.4249267578125
3.207049608230591,4.355148690785947,10.404257774353027
3.13179874420166,4.385809530237956,10.29017162322998
3.1944503784179688,4.352018898951688,10.443075180053711
3.176544189453125,4.32458267104812,10.450408935546875
3.1141960620880127,4.335174991682704,10.465248107910156
3.2084836959838867,4.34873437711836,10.439923286437988
3.204561471939087,4.360926905879751,10.42448616027832
3.2126309871673584,4.41513682698964,10.381292343139648
3.204660177230835,4.4394000550798545,10.435819625854492
3.226698637008667,4.4375744788974,10.490571022033691
3.2255990505218506,4.419283765434686,10.422131538391113
3.2321884632110596,4.347664055614067,10.426220893859863
3.2341206073760986,4.384890354271712,10.4813232421875
3.1404144763946533,4.353403662298141,10.484185218811035
3.2515745162963867,4.43460118607618,10.427251815795898
3.131767749786377,4.280081946036912,10.439363479614258
3.2167375087738037,4.407262945447915,10.444887161254883
3.1787281036376953,4.346524858381599,10.428767204284668
3.210942506790161,4.393899875792808,10.469398498535156
3.222191572189331,4.364832368878915,10.43193531036377
3.195216655731201,4.4401352005412,10.422988891601562
3.2378664016723633,4.383981942232432,10.406240463256836
3.2096941471099854,4.484365860166561,10.441988945007324
3.1680076122283936,4.352108114565324,10.442536354064941
3.182650327682495,4.436804741421449,10.417234420776367
3.1925878524780273,4.363683993362689,10.323787689208984
3.1974754333496094,4.352012342939686,10.432418823242188
3.244438648223877,4.43349620819624,10.418837547302246
3.158665657043457,4.429333429384444,10.409820556640625
3.2241861820220947,4.3697066433461655,10.443243026733398
3.233595371246338,4.46861561903331,10.365456581115723
3.2195029258728027,4.3868620466507435,10.463748931884766
3.236208438873291,4.447118182533554,10.44515323638916
3.2115180492401123,4.421789881673508,10.375531196594238
3.20554518699646,4.403891523169087,10.411880493164062
3.141505479812622,4.340815023918237,10.431516647338867
3.2201578617095947,4.382360031395884,10.458051681518555
3.1835227012634277,4.364239601950561,10.438732147216797
3.1739284992218018,4.354051095233965,10.401042938232422
3.157574415206909,4.422961591277272,10.442802429199219
3.1658525466918945,4.4177076976546745,10.34013843536377
3.2244350910186768,4.385605572789376,10.349193572998047
3.245546817779541,4.4277843969341895,10.412956237792969
3.154113292694092,4.433203457721642,10.407258987426758
3.1605727672576904,4.3453227523714295,10.518240928649902
3.167740821838379,4.413363593830062,10.455278396606445
3.181814193725586,4.339936611442162,10.468435287475586
3.2203056812286377,4.440712278841861,10.46578598022461
3.2181835174560547,4.4010041391676555,10.43095874786377
3.253063440322876,4.3884483339996745,10.381174087524414
3.2419068813323975,4.358762653976944,10.369420051574707
3.2249293327331543,4.403341275473524,10.531271934509277
3.1909210681915283,4.412273310324443,10.491419792175293
3.186633348464966,4.415605042994555,10.492809295654297
3.2206742763519287,4.415575876133516,10.418838500976562
3.2034881114959717,4.387877988728828,10.399782180786133
3.1701807975769043,4.438455960314188,10.359563827514648
3.209444046020508,4.39917460948761,10.355550765991211
3.144000291824341,4.342316054373181,10.412562370300293
3.1897590160369873,4.396349479976509,10.456001281738281
3.146428346633911,4.390587693745537,10.483993530273438
3.160416841506958,4.417214570134612,10.497950553894043
3.2166390419006348,4.390266227170027,10.379802703857422
3.2134459018707275,4.46395724386509,10.44504451751709
3.2061476707458496,4.366979776582281,10.392473220825195
3.215451717376709,4.3819099285506775,10.4969482421875
3.1720919609069824,4.385024492894964,10.404837608337402
3.2274458408355713,4.351498266781813,10.402519226074219
3.164792537689209,4.345818628157889,10.364940643310547
3.2514095306396484,4.475164861318523,10.473739624023438
3.2245731353759766,4.39389211411721,10.456243515014648
3.1392080783843994,4.348754388812398,10.335103988647461
3.2000513076782227,4.423740676604211,10.407418251037598
3.1473686695098877,4.384540568006092,10.366822242736816
3.2119436264038086,4.387996516456561,10.439001083374023
3.174400568008423,4.408150832401589,10.448997497558594
3.1989879608154297,4.374648208829707,10.495119094848633
3.1848130226135254,4.399914588479858,10.47269344329834
3.206047296524048,4.368819377950526,10.459617614746094
3.1422271728515625,4.36121622788986,10.470579147338867
3.222337245941162,4.386080892058089,10.40056037902832
3.2463982105255127,4.35810439484859,10.48294448852539
3.2462830543518066,4.390372546090345,10.45135498046875
3.210860252380371,4.3372750022182505,10.331001281738281
3.1998586654663086,4.330265315615439,10.460590362548828
3.25628924369812,4.418563692065488,10.482266426086426
3.271488904953003,4.4231457889213095,10.419232368469238
3.172218084335327,4.437697907477352,10.452347755432129
3.1898655891418457,4.391068827826529,10.409692764282227
3.2046170234680176,4.408592883264646,10.363526344299316
3.209050416946411,4.431226814332019,10.449357032775879
3.1391589641571045,4.409131674927526,10.338666915893555
3.132126569747925,4.337672692524003,10.403090476989746
3.131950855255127,4.436231008032338,10.450702667236328
3.1455130577087402,4.35924078946534,10.402627944946289
3.1625025272369385,4.353802228812128,10.454318046569824
3.188108205795288,4.361948441647526,10.438427925109863
3.1316473484039307,4.345361575351229,10.418844223022461
3.243100643157959,4.326515728674297,10.436426162719727
3.2604968547821045,4.395120112458244,10.386978149414062
3.22192645072937,4.410265256384654,10.459599494934082
3.1776039600372314,4.4231727969433585,10.406516075134277
3.1614179611206055,4.377305917475106,10.472582817077637
3.1602234840393066,4.331024967233784,10.40007495880127
3.1467771530151367,4.3751083198336085,10.421652793884277
3.1530556678771973,4.388790264526117,10.476829528808594
3.141319513320923,4.388563123332071,10.456062316894531
3.2277519702911377,4.359957068892463,10.441179275512695
3.235809326171875,4.329833762021735,10.488849639892578
3.1487510204315186,4.397519484195592,10.462661743164062
3.196362018585205,4.395289407544104,10.479970932006836
3.158748149871826,4.361788347829133,10.39030647277832
3.1944048404693604,4.367784214472132,10.437383651733398
3.161404609680176,4.331174070747303,10.444283485412598
3.153228759765625,4.379677163636578,10.47859001159668
3.1607203483581543,4.332849851643134,10.455190658569336
3.2022697925567627,4.397926513039108,10.395196914672852
3.1324477195739746,4.4149877306606085,10.393385887145996
3.1383910179138184,4.373385491780936,10.43065071105957
3.1866202354431152,4.312451780540869,10.443770408630371
3.187626600265503,4.436523257555174,10.382308959960938
3.1396706104278564,4.39443344503109,10.524694442749023
3.172276496887207,4.346359115858962,10.498880386352539
3.2023978233337402,4.360737619821781,10.364788055419922
3.151344060897827,4.35679279138068,10.411787033081055
3.2347724437713623,4.388063273093264,10.439937591552734
3.2019872665405273,4.437037846938308,10.374565124511719
3.143775463104248,4.359523836556555,10.455316543579102
3.237943410873413,4.448398312021579,10.432366371154785
3.2512683868408203,4.4340473925029595,10.454584121704102
3.185474395751953,4.331662501906976,10.441268920898438
3.13240122795105,4.405955070962331,10.361602783203125
3.170044422149658,4.406126598927326,10.502729415893555
3.2086076736450195,4.403178024238773,10.473237037658691
3.185706615447998,4.408533730444366,10.3455171585083
3.124262571334839,4.3393246972201664,10.60484504699707
3.2099881172180176,4.393226705624588,10.36944580078125
3.1626524925231934,4.389385648470904,10.547329902648926
3.2055277824401855,4.403651554603129,10.44807243347168
3.183966875076294,4.432940436593656,10.438506126403809
3.1859066486358643,4.382800096778998,10.506091117858887
3.149146556854248,4.391644124806459,10.515908241271973
3.2096827030181885,4.390252812699016,10.331151962280273
3.248211622238159,4.38819460301394,10.367932319641113
3.232680320739746,4.406990978800293,10.348893165588379
3.247736930847168,4.379636391731245,10.561022758483887
3.26906156539917,4.358617352920451,10.416945457458496
3.1806912422180176,4.3937384418344925,10.402843475341797
3.20940899848938,4.4122189365526925,10.52537727355957
3.2653074264526367,4.369895502226427,10.439094543457031
3.144505500793457,4.389362250122108,10.436223030090332
3.198370933532715,4.316976339323445,10.47249698638916
3.199110269546509,4.365453993369425,10.455535888671875
3.086134910583496,4.331630243753482,10.443449020385742
3.1816697120666504,4.368587214200359,10.441221237182617
3.173398733139038,4.389062293339521,10.432149887084961
3.1904003620147705,4.429311362627361,10.48066520690918
3.1688754558563232,4.3670995958548575,10.450603485107422
3.1376571655273438,4.357145725815956,10.360090255737305
3.1534876823425293,4.361954472992303,10.445907592773438
3.1602139472961426,4.338980178248936,10.446227073669434
3.183073043823242,4.352300111769831,10.42633056640625
3.179509162902832,4.360270613272276,10.479860305786133
3.1321027278900146,4.398462593888065,10.518288612365723
3.2171783447265625,4.42293244863062,10.485721588134766
3.2114646434783936,4.374285068362951,10.51557445526123
3.137593984603882,4.30918211273716,10.432528495788574
3.2216453552246094,4.3821103957348635,10.425514221191406
3.200131893157959,4.379001932251933,10.44809341430664
3.23612117767334,4.392322732867407,10.426109313964844
3.1107661724090576,4.411406054494104,10.453987121582031
3.190424919128418,4.408339849939303,10.43993854522705
3.1961419582366943,4.41076682075592,10.525260925292969
3.2381958961486816,4.349530227149703,10.481585502624512
3.1409010887145996,4.334360562996673,10.40613079071045
3.1933515071868896,4.377279967768118,10.428251266479492
3.2484242916107178,4.425740726890841,10.392748832702637
3.1726794242858887,4.3818335709760765,10.405006408691406
3.2618656158447266,4.47021723295828,10.379985809326172
3.1294751167297363,4.33191533775867,10.417380332946777
3.1829631328582764,4.386387405617695,10.432689666748047
3.1988236904144287,4.388588597432578,10.45832633972168
3.1370136737823486,4.382114070334604,10.52396011352539
3.2111706733703613,4.35694647816542,10.474538803100586
3.250227928161621,4.393976887787826,10.462977409362793
3.2268357276916504,4.38613235075692,10.425304412841797
3.1746695041656494,4.4009481482207775,10.434532165527344
3.1970877647399902,4.339729506988078,10.602884292602539
3.1819610595703125,4.453777442420167,10.483070373535156
3.2319324016571045,4.383736177713477,10.387834548950195
3.202796220779419,4.410110274762181,10.433006286621094
3.2466506958007812,4.418245754237953,10.392930030822754
3.203249454498291,4.382457653226863,10.485977172851562
3.187368631362915,4.347230111381837,10.403693199157715
3.1544244289398193,4.4135851328859905,10.440852165222168
3.1487300395965576,4.400407443222191,10.382766723632812
3.2317440509796143,4.373236980023129,10.367921829223633
3.24234938621521,4.361000926200567,10.408519744873047
3.1741087436676025,4.360434658625829,10.46048641204834
3.156057834625244,4.329188125307804,10.450740814208984
3.204519033432007,4.315283833770081,10.406007766723633
3.183480739593506,4.337851607174214,10.445310592651367
3.1458072662353516,4.404549467743242,10.442388534545898
3.1857857704162598,4.410874655403729,10.5193510055542
3.170952558517456,4.319541208579072,10.533882141113281
3.150402545928955,4.364444624765643,10.435978889465332
3.202953338623047,4.381435715194259,10.376026153564453
3.2130603790283203,4.404098874955837,10.43999195098877
3.1662909984588623,4.288394271096747,10.535820960998535
3.1847434043884277,4.371834500593,10.429189682006836
3.1519813537597656,4.392190882703289,10.413273811340332
3.234086275100708,4.43769428712715,10.478397369384766
3.1817140579223633,4.375376841652074,10.46481704711914
3.1664183139801025,4.38164695551885,10.296667098999023
3.2219491004943848,4.3853233607286315,10.382061958312988
3.245417356491089,4.391582694736176,10.515647888183594
3.1740193367004395,4.327988629695029,10.569748878479004
3.2140209674835205,4.381121485993,10.427865982055664
3.1383883953094482,4.34938490071467,10.44960880279541
3.204864501953125,4.400688107624384,10.53711986541748
3.2022626399993896,4.42155820769923,10.449508666992188
3.120966911315918,4.407751782697492,10.408828735351562
3.10518479347229,4.344814065145329,10.390342712402344
3.183145761489868,4.388601973519794,10.528585433959961
3.157930374145508,4.379430786639984,10.454244613647461
3.1866390705108643,4.397414922315096,10.443872451782227
3.1647756099700928,4.34813489113003,10.39240550994873
3.14974308013916,4.28573943009334,10.400675773620605
3.207711696624756,4.402603349349062,10.43871021270752
3.098961114883423,4.323890778468922,10.474044799804688
3.1605734825134277,4.355933434396451,10.444939613342285
3.137704849243164,4.373867160108472,10.436175346374512
3.2547965049743652,4.401065267057025,10.446698188781738
3.1378982067108154,4.369564780666094,10.529211044311523
3.2124886512756348,4.377910086685525,10.446382522583008
3.17523193359375,4.412172747243728,10.40722942352295
3.2130520343780518,4.359187336871401,10.38847541809082
3.2071871757507324,4.4155621981980016,10.429412841796875
3.1589200496673584,4.384461116877251,10.431182861328125
3.208704948425293,4.34242070991812,10.37881088256836
3.2297677993774414,4.3177823960515,10.419018745422363
3.1731739044189453,4.358018806137677,10.362936019897461
3.213893413543701,4.390478538781671,10.461833953857422
3.2198843955993652,4.337174084602988,10.426958084106445
3.17562198638916,4.370054922266198,10.355827331542969
3.186826467514038,4.39298585107151,10.470968246459961
3.176903247833252,4.381518177521815,10.456894874572754
3.2025718688964844,4.3959847399632315,10.396496772766113
3.1741397380828857,4.354802302583786,10.447361946105957
3.196744441986084,4.319358411078741,10.376640319824219
3.148810386657715,4.304540652548894,10.403475761413574
3.155498504638672,4.333271911001897,10.389236450195312
3.1808764934539795,4.312553965386801,10.449064254760742
3.186746120452881,4.390304117197437,10.482366561889648
3.0992302894592285,4.378739136237917,10.417938232421875
3.254678726196289,4.399808143930776,10.413485527038574
3.1208715438842773,4.3356884659068395,10.4219331741333
3.153374671936035,4.386345949023963,10.468181610107422
3.241671562194824,4.405218275563259,10.489388465881348
3.2545642852783203,4.402083951314646,10.513140678405762
3.1425302028656006,4.344002058430176,10.415624618530273
3.1657211780548096,4.360501053809587,10.53682804107666
3.1803066730499268,4.393707023534391,10.404035568237305
3.229522705078125,4.3844919190742075,10.300251960754395
3.1947848796844482,4.375867326876947,10.375127792358398
3.1967649459838867,4.451805365271865,10.445664405822754
3.1310620307922363,4.340258798628513,10.442987442016602
3.153299331665039,4.347326691994177,10.457670211791992
3.1200311183929443,4.388047298316712,10.465839385986328
3.1881043910980225,4.3902566135594885,10.334738731384277
3.241948366165161,4.37350003431285,10.45486831665039
3.164106607437134,4.380280341021716,10.450304985046387
3.15743350982666,4.3608940261016995,10.496278762817383
3.1891839504241943,4.326758889049025,10.467647552490234
3.176161766052246,4.362960493690999,10.456501960754395
3.1714766025543213,4.369639848957637,10.372604370117188
3.223149299621582,4.422258490829596,10.449482917785645
3.238507032394409,4.415061364083418,10.38728141784668
3.1717422008514404,4.418154378920527,10.429818153381348
3.1645188331604004,4.415303143140461,10.401623725891113
3.2553796768188477,4.425275584516514,10.438214302062988
3.1447505950927734,4.34141561971046,10.435734748840332
3.207010507583618,4.415809548293639,10.374021530151367
3.1573636531829834,4.3604377973492126,10.437824249267578
3.2005863189697266,4.383863054781354,10.508598327636719
3.2124814987182617,4.415361400494086,10.431184768676758
3.1081933975219727,4.353135033144748,10.484244346618652
3.1257171630859375,4.349033251038885,10.455519676208496
3.2369868755340576,4.365674806625716,10.40185832977295
3.1902565956115723,4.408800853482847,10.463757514953613
3.1985416412353516,4.425320185421567,10.486002922058105
3.135707378387451,4.40972166787833,10.466522216796875
3.1338014602661133,4.357338789883735,10.47035026550293
3.1747682094573975,4.344173793514658,10.302939414978027
3.2072551250457764,4.3989609460612495,10.413739204406738
3.1942238807678223,4.3445796166945785,10.458005905151367
3.144831657409668,4.3322996758589785,10.435233116149902
3.1801483631134033,4.426674529910088,10.480531692504883
3.1839356422424316,4.403233175764659,10.385246276855469
3.2179293632507324,4.339834996099984,10.549308776855469
3.1395068168640137,4.3603042729664585,10.41254997253418
3.1530601978302,4.3507682695718755,10.352158546447754
3.2198548316955566,4.3279235127182405,10.4005765914917
3.1769206523895264,4.294535311903538,10.52159309387207
3.1791296005249023,4.409332964269977,10.387218475341797
3.1948132514953613,4.4098697699207285,10.480873107910156
3.1569557189941406,4.43135870657196,10.417572021484375
3.2123427391052246,4.36512295675597,10.459681510925293
3.2269411087036133,4.422908382157662,10.478215217590332
3.2532846927642822,4.4306492881982456,10.36870288848877
3.1952755451202393,4.339076334411013,10.380688667297363
3.1532821655273438,4.338830803121839,10.43480110168457
3.1877329349517822,4.423583663534372,10.384065628051758
3.225022792816162,4.395666417000549,10.462984085083008
3.1318020820617676,4.387472711337198,10.501350402832031
3.222822666168213,4.378907105286738,10.431829452514648
3.1372673511505127,4.343439612371315,10.45938491821289
3.152426242828369,4.342931411861043,10.505880355834961
3.2163405418395996,4.418007096042856,10.368657112121582
3.2054972648620605,4.369496029003391,10.446584701538086
3.1552886962890625,4.307558654242062,10.351784706115723
3.1660611629486084,4.379509804570781,10.452943801879883
3.14406156539917,4.335867487193485,10.4505615234375
3.1404032707214355,4.429212504166312,10.466863632202148
3.1878485679626465,4.389114728397025,10.42513656616211
3.1787986755371094,4.316027182586757,10.393722534179688
3.2053678035736084,4.328319452836045,10.5201416015625
3.1666767597198486,4.421213984955102,10.409551620483398
3.170621871948242,4.389955973518746,10.394392013549805
3.136559247970581,4.366771939609732,10.464807510375977
3.1310272216796875,4.390080681436562,10.414794921875
3.1629679203033447,4.351329401102183,10.498296737670898
3.1664650440216064,4.37178247488503,10.342018127441406
3.1521875858306885,4.339198153964909,10.466840744018555
3.227738857269287,4.386931619839743,10.39105224609375
3.1274824142456055,4.389693386287296,10.456425666809082
3.2410714626312256,4.402204768565883,10.403005599975586
3.175764560699463,4.334242928640119,10.452897071838379
3.1586196422576904,4.386967358911145,10.417352676391602
3.1505095958709717,4.379567978271682,10.336555480957031
3.1434922218322754,4.355692340792822,10.351430892944336
3.1541807651519775,4.3263038908397515,10.423995971679688
3.2198684215545654,4.421604848732906,10.528338432312012
3.1859748363494873,4.28644162825575,10.351239204406738
3.1425485610961914,4.383832708633105,10.50777816772461
3.1590750217437744,4.378130292087527,10.463201522827148
3.175253391265869,4.41938660609802,10.551947593688965
3.1207571029663086,4.369566220756886,10.526313781738281
3.1581380367279053,4.394513426980536,10.457453727722168
3.1210341453552246,4.3416738867693185,10.447246551513672
3.0862395763397217,4.355325402758484,10.434765815734863
3.1455259323120117,4.397347135236487,10.416399955749512
3.148620128631592,4.3645448447870345,10.453198432922363
3.1818807125091553,4.357951269019395,10.42971420288086
3.1742262840270996,4.312353571610791,10.394065856933594
3.159291982650757,4.278514745611964,10.425119400024414
3.175304651260376,4.369116455782205,10.424702644348145
3.214520215988159,4.396200749258112,10.494186401367188
3.1219587326049805,4.277866685264079,10.438908576965332
3.1676523685455322,4.362210143357515,10.47766399383545
3.1849186420440674,4.367413990931319,10.395517349243164
3.2233588695526123,4.368253665510564,10.511394500732422
3.181204080581665,4.34714077586042,10.448287010192871
3.204833984375,4.426909764330568,10.45067024230957
3.2194530963897705,4.2926426312021375,10.474854469299316
3.1835389137268066,4.381861705233209,10.456594467163086
3.1984336376190186,4.345930010712307,10.407776832580566
3.188704013824463,4.390794456138143,10.413263320922852
3.1673648357391357,4.381866989524236,10.450704574584961
3.1413450241088867,4.359560607134231,10.486122131347656
3.116580009460449,4.354981998646898,10.339046478271484
3.1435232162475586,4.36193104866626,10.417939186096191
3.1939408779144287,4.377863599020721,10.511551856994629
3.1815614700317383,4.362035839352757,10.347094535827637
3.180936336517334,4.345529992765348,10.428197860717773
3.1771771907806396,4.319430764032794,10.513671875
3.178084135055542,4.338579298629027,10.408754348754883
3.2132985591888428,4.347421106815871,10.456841468811035
3.2210192680358887,4.429075195354277,10.410444259643555
3.127394676208496,4.3825603523956875,10.393360137939453
3.1626763343811035,4.351684278775273,10.441380500793457
3.162015914916992,4.39189912422028,10.483222961425781
3.212817668914795,4.400138927157968,10.429994583129883
3.1486146450042725,4.369797307332711,10.441015243530273
3.2329916954040527,4.399786844783064,10.502963066101074
3.179945707321167,4.386442479378145,10.36623764038086
3.1860973834991455,4.345381649310833,10.464062690734863
3.1705994606018066,4.349619792707796,10.399921417236328
3.2307052612304688,4.448163425017681,10.449111938476562
3.2745468616485596,4.401714929778661,10.44849681854248
3.206536293029785,4.360562967269548,10.418560028076172
3.2030136585235596,4.4009082059242886,10.392064094543457
3.14880633354187,4.370718429497044,10.332345008850098
3.128101110458374,4.381071406183764,10.439565658569336
3.220761775970459,4.328775867786525,10.4910249710083
3.138432025909424,4.40013322304003,10.400632858276367
3.2099344730377197,4.395835806116728,10.437583923339844
3.1358389854431152,4.396185288006174,10.487668991088867
3.222954034805298,4.428925487745021,10.4771728515625
3.133840560913086,4.400353345886937,10.507635116577148
3.1054580211639404,4.335286683735571,10.408191680908203
3.1742806434631348,4.331253362719767,10.45711898803711
3.1852686405181885,4.3738075876941105,10.395623207092285
3.1690480709075928,4.317919563102936,10.46406078338623
3.1787045001983643,4.3900644924890795,10.448057174682617
3.1954121589660645,4.393366664880887,10.49554443359375
3.1775481700897217,4.346098266974358,10.440696716308594
3.184873342514038,4.3777129169487,10.456666946411133
3.144975185394287,4.425130657119943,10.447954177856445
3.2209811210632324,4.33313379583082,10.3782958984375
3.149292230606079,4.255357810296118,10.506401062011719
3.2124686241149902,4.353691335301846,10.443687438964844
3.1397573947906494,4.372052887255061,10.393110275268555
3.13568377494812,4.4310558272658715,10.445215225219727
3.2296953201293945,4.35684214282914,10.386296272277832
3.2326769828796387,4.331335886048951,10.40750503540039
3.1744635105133057,4.302229324588551,10.369037628173828
3.174452066421509,4.356519110733642,10.47001838684082
3.2389612197875977,4.364475267772962,10.398599624633789
3.2347536087036133,4.345246448514185,10.400382995605469
3.1811141967773438,4.396909253705028,10.390145301818848
3.1658990383148193,4.314825856958382,10.380778312683105
3.1476616859436035,4.344251328447302,10.433099746704102
3.132018566131592,4.334718705720402,10.409541130065918
3.1585240364074707,4.3156076545627515,10.440472602844238
3.241968870162964,4.4156054989102165,10.456250190734863
3.2043325901031494,4.323794760408678,10.431449890136719
3.1794679164886475,4.389340485146802,10.459720611572266
3.104689121246338,4.311875397738602,10.324806213378906
3.171262264251709,4.399850589988221,10.423418998718262
3.128183603286743,4.3531309872466535,10.430315971374512
3.216620922088623,4.3981701309925745,10.400986671447754
3.2114651203155518,4.321754484370882,10.378604888916016
3.2181901931762695,4.335705828220982,10.509378433227539
3.1782469749450684,4.3009329780137975,10.381991386413574
3.1474831104278564,4.33108030911535,10.39181137084961
3.1762919425964355,4.314986793889798,10.391621589660645
3.180617570877075,4.354776803304309,10.44938850402832
3.141707420349121,4.3554771134097665,10.39214038848877
3.1900205612182617,4.393971744891521,10.410795211791992
3.181793689727783,4.316531561414844,10.405264854431152
3.117300271987915,4.361317384189793,10.432852745056152
3.170077085494995,4.393239991573084,10.437768936157227
3.156686544418335,4.3558490657181075,10.426471710205078
3.1877527236938477,4.397096803744455,10.393122673034668
3.1778924465179443,4.38078447870378,10.551587104797363
3.2263498306274414,4.416439084336162,10.44393253326416
3.2212681770324707,4.3650108002724926,10.419574737548828
3.215289831161499,4.319498011875631,10.424942970275879
3.1472151279449463,4.335783807760371,10.43703842163086
3.1546213626861572,4.3638114978093645,10.480600357055664
3.2586123943328857,4.410688581377534,10.393190383911133
3.1371121406555176,4.386386970690053,10.370380401611328
3.167296886444092,4.309927447865318,10.52538776397705
3.1105639934539795,4.288630698175568,10.38580322265625
3.1223177909851074,4.317869071815429,10.348652839660645
3.1965677738189697,4.403063479345292,10.411245346069336
3.1759262084960938,4.428256114146539,10.38305377960205
3.1858062744140625,4.421752200096047,10.417243957519531
3.203611373901367,4.371828623448632,10.473321914672852
3.1565585136413574,4.390217712082501,10.47647762298584
3.21028733253479,4.364468057340543,10.368642807006836
3.1923270225524902,4.382390258201798,10.45008659362793
3.1957900524139404,4.358931133457061,10.418363571166992
3.1850876808166504,4.353410597458216,10.502052307128906
3.188067674636841,4.3809426503389,10.442886352539062
3.168562412261963,4.317462574158397,10.412052154541016
3.1260414123535156,4.294583153179182,10.476008415222168
3.224421262741089,4.371834287020777,10.371042251586914
3.1837122440338135,4.418382242820891,10.362656593322754
3.2694783210754395,4.38434906663107,10.392390251159668
3.169651746749878,4.3629838294083525,10.52212142944336
3.1916539669036865,4.379099197785504,10.304737091064453
3.2348670959472656,4.392688224724095,10.421348571777344
3.2207212448120117,4.378720423639087,10.435165405273438
3.1830999851226807,4.3488283840872874,10.380443572998047
3.168201446533203,4.361290731966229,10.467466354370117
3.168571710586548,4.322298233197736,10.430731773376465
3.1426563262939453,4.285588085085951,10.407159805297852
3.2219297885894775,4.365567123617178,10.432955741882324
3.115021228790283,4.309726182437901,10.438530921936035
3.175889253616333,4.430586253226335,10.446577072143555
3.1586384773254395,4.3840476515969,10.41623592376709
3.256030559539795,4.404346517819379,10.424139022827148
3.1833508014678955,4.314741148247517,10.423524856567383
3.1548821926116943,4.366220107800992,10.3612699508667
3.169027328491211,4.327402440099312,10.403434753417969
3.1634271144866943,4.428857907286979,10.510860443115234
3.1536943912506104,4.409918129909784,10.38302993774414
3.1444733142852783,4.383166382388611,10.383499145507812
3.118438959121704,4.326065313569935,10.436344146728516
3.1327855587005615,4.412856659851968,10.44615364074707
3.180246591567993,4.388545804158119,10.472881317138672
3.2179343700408936,4.373159088926124,10.426566123962402
3.1496739387512207,4.369271233544818,10.470094680786133
3.170225143432617,4.35002581129915,10.345598220825195
3.1650004386901855,4.402459656719917,10.387665748596191
3.2387962341308594,4.393870056906183,10.451298713684082
3.180384397506714,4.411251555463034,10.383797645568848
3.185208797454834,4.388668965548277,10.493857383728027
3.133648157119751,4.398826327540778,10.42629337310791
3.2258479595184326,4.332670442660206,10.450793266296387
3.1696882247924805,4.393429893667677,10.41671085357666
3.1711549758911133,4.337303447903,10.447027206420898
3.1979269981384277,4.310830683114807,10.469596862792969
3.1948084831237793,4.3799907101118665,10.37588119506836
3.1673831939697266,4.303679459096332,10.506670951843262
3.1840264797210693,4.484325022669509,10.485782623291016
3.2107255458831787,4.403909214007269,10.426713943481445
3.1147799491882324,4.3141928084992935,10.456405639648438
3.204481840133667,4.332513016049883,10.4469575881958
3.1635379791259766,4.448752420621791,10.379589080810547
3.1596126556396484,4.364660288506587,10.407759666442871
3.0886611938476562,4.2988640022064954,10.453733444213867
3.226242780685425,4.350484197360597,10.424824714660645
3.1800854206085205,4.415133369886982,10.364255905151367
3.151668071746826,4.374734688550234,10.426214218139648
3.2194700241088867,4.375525929266587,10.38177490234375
3.1698360443115234,4.392604875212003,10.423986434936523
3.2217886447906494,4.408205892358508,10.36992359161377
3.1831235885620117,4.338310741054427,10.380838394165039
3.1809492111206055,4.333862076313901,10.4961576461792
3.168952465057373,4.428624786070681,10.455706596374512
3.1446704864501953,4.381909781368449,10.451833724975586
3.1644399166107178,4.362713265964494,10.410947799682617
3.111055612564087,4.329073148480218,10.496848106384277
3.1358261108398438,4.416118611515101,10.396724700927734
3.1435608863830566,4.345356022440163,10.381169319152832
3.186591386795044,4.394786523156134,10.437948226928711
3.21757173538208,4.3656104338754504,10.400491714477539
3.1747469902038574,4.324636002936002,10.374675750732422
3.117250442504883,4.316709413891658,10.401559829711914
3.1831655502319336,4.323100722494668,10.400283813476562
3.1549625396728516,4.331174568505958,10.412463188171387
3.166658401489258,4.290030609716529,10.331491470336914
3.1981098651885986,4.391993261141968,10.410271644592285
3.1411962509155273,4.357097555351044,10.445866584777832
3.1230132579803467,4.3968902249554445,10.465714454650879
3.148582696914673,4.29810657767978,10.410346031188965
3.0886943340301514,4.359873766378899,10.393172264099121
3.140706777572632,4.390572281620864,10.316702842712402
3.157705783843994,4.372265043601926,10.49990177154541
3.153036594390869,4.353207900454955,10.425407409667969
3.1472225189208984,4.322967386305598,10.4373779296875
3.1856331825256348,4.451432991174182,10.476181983947754
3.2015492916107178,4.424696562811732,10.324207305908203
3.1674985885620117,4.334815282507667,10.376811981201172
3.1967551708221436,4.429794627574405,10.320829391479492
3.113797187805176,4.322810679541103,10.47629165649414
3.1230695247650146,4.430677269186292,10.465764045715332
3.1849026679992676,4.434405491886927,10.409866333007812
3.1596322059631348,4.391150533288185,10.461578369140625
3.1476962566375732,4.418862345196041,10.441197395324707
3.1873462200164795,4.383831854144643,10.419681549072266
3.174497127532959,4.298109774311472,10.475137710571289
3.1607096195220947,4.312116015635963,10.392210960388184
3.1357524394989014,4.307655361081873,10.390941619873047
3.147325038909912,4.3658538302074055,10.44480037689209
3.1489076614379883,4.40548820537515,10.359672546386719
3.196148633956909,4.319326389813795,10.43628978729248
3.1703696250915527,4.404752984277105,10.480081558227539
3.1393134593963623,4.356246443931013,10.444167137145996
3.2297372817993164,4.352143988512189,10.413161277770996
3.2310872077941895,4.36278562201187,10.369770050048828
3.1330904960632324,4.320029621544693,10.415189743041992
3.2099802494049072,4.390661750587501,10.451193809509277
3.166138172149658,4.3708968761244,10.356423377990723
3.1654915809631348,4.360703738073686,10.394676208496094
3.1745805740356445,4.367134574235284,10.418516159057617
3.1351571083068848,4.3474933043721,10.40521240234375
3.168898582458496,4.31091201514937,10.381880760192871
3.13413667678833,4.339147459050374,10.408346176147461
3.1749260425567627,4.305110809193658,10.468570709228516
3.1358165740966797,4.373303383921406,10.367405891418457
3.2419676780700684,4.364483681806763,10.364904403686523
3.1705946922302246,4.364280640380456,10.351136207580566
3.145772695541382,4.3487460014543355,10.454071044921875
3.181931972503662,4.352793811255001,10.412331581115723
3.211597204208374,4.414264652246078,10.431744575500488
3.209031820297241,4.396887295180931,10.501302719116211
3.162130832672119,4.290349575524618,10.473220825195312
3.185602903366089,4.384253290747957,10.514885902404785
3.132228136062622,4.29992519548562,10.396183967590332
3.1967573165893555,4.352336839406884,10.416927337646484
3.170837640762329,4.356256682592045,10.346972465515137
3.1408679485321045,4.375138867679717,10.370498657226562
3.201024055480957,4.3010625423797,10.480298042297363
3.1674795150756836,4.315716067262525,10.473287582397461
3.156500816345215,4.361707319472251,10.452726364135742
3.179534912109375,4.430223027277472,10.412850379943848
3.1356935501098633,4.356455787850011,10.44642448425293
3.0954372882843018,4.337697842690562,10.447189331054688
3.1550204753875732,4.417640677819561,10.503015518188477
3.1977195739746094,4.4283278144097755,10.44020938873291
3.1615896224975586,4.33279009738804,10.50368881225586
3.1378939151763916,4.339211454448689,10.334677696228027
3.1452181339263916,4.313296273151146,10.46731948852539
3.183119297027588,4.370895216773664,10.515253067016602
3.2257983684539795,4.343403143641939,10.401176452636719
3.1142988204956055,4.384765663117702,10.475530624389648
3.160305976867676,4.397105236205139,10.336031913757324
3.1051840782165527,4.314116459373119,10.402936935424805
3.245551347732544,4.348284923903909,10.513717651367188
3.194368600845337,4.382635407681977,10.444528579711914
3.1458914279937744,4.302117763419769,10.407140731811523
3.1500046253204346,4.338510485133155,10.455281257629395
3.191652297973633,4.367679503446976,10.467848777770996
3.129526376724243,4.345037928582834,10.348845481872559
3.157198190689087,4.315580888285435,10.36185359954834
3.1270294189453125,4.325581129540557,10.432514190673828
3.1602518558502197,4.340897133440843,10.386932373046875
3.1709561347961426,4.394558560103178,10.444417953491211
3.123533248901367,4.376835978822783,10.329209327697754
3.15152907371521,4.382081948120945,10.440696716308594
3.1716744899749756,4.400804326137794,10.485185623168945
3.173344373703003,4.368018015953047,10.416728973388672
3.168179512023926,4.354837131021279,10.429606437683105
3.2021241188049316,4.361469487360279,10.41334056854248
3.2272896766662598,4.388314494031615,10.408215522766113
3.1947309970855713,4.327911515786711,10.422198295593262
3.1164467334747314,4.327837701055354,10.473428726196289
3.2252986431121826,4.462574290045137,10.358729362487793
3.2712106704711914,4.322420447599144,10.416712760925293
3.141228675842285,4.382708910586579,10.40414810180664
3.1940033435821533,4.438072361817051,10.424698829650879
3.2251436710357666,4.406410847524447,10.452747344970703
3.2081797122955322,4.356312073866969,10.404335021972656
3.2202086448669434,4.3845479079921335,10.397825241088867
3.1412580013275146,4.2831458437722185,10.380924224853516
3.162034273147583,4.386688864324242,10.3989839553833
3.140695095062256,4.3308214799367954,10.459424018859863
3.1790335178375244,4.3900518747312685,10.493574142456055
3.1645498275756836,4.386572537012398,10.451892852783203
3.16188383102417,4.392110511959929,10.507000923156738
3.1119518280029297,4.293605639832094,10.462200164794922
3.1874866485595703,4.323840736344989,10.459444046020508
3.148074150085449,4.3456253958866,10.407807350158691
3.257513999938965,4.332480426877737,10.369979858398438
3.1491549015045166,4.3571599898527245,10.48946762084961
3.15915584564209,4.324409695342184,10.450304985046387
3.142019271850586,4.37753244459496,10.39314079284668
3.131876230239868,4.299881648904244,10.320209503173828
3.2379298210144043,4.323099884570444,10.42751693725586
3.173142194747925,4.35781339672394,10.386619567871094
3.2229738235473633,4.349648636632732,10.413201332092285
3.207002878189087,4.316162824630737,10.368046760559082
3.1533396244049072,4.366181573996852,10.430129051208496
3.2131166458129883,4.367696739167774,10.504453659057617
3.098381996154785,4.362192886116515,10.378704071044922
3.223228693008423,4.392775715428538,10.441267013549805
3.198709011077881,4.3543081354749,10.446986198425293
3.159180164337158,4.315873116055237,10.429056167602539
3.2058470249176025,4.3851708789755195,10.392583847045898
3.1032910346984863,4.341058749772076,10.416661262512207
3.152223825454712,4.286945596936026,10.377419471740723
3.0812673568725586,4.342799843787881,10.39511775970459
3.151153326034546,4.32467325001822,10.391212463378906
3.1507391929626465,4.333759184028687,10.375988960266113
3.175577163696289,4.383372140848744,10.444998741149902
3.133256196975708,4.323311399202794,10.57226848602295
3.164813995361328,4.2867921634045025,10.407316207885742
3.119142532348633,4.317408794470663,10.448967933654785
3.167616605758667,4.3679188566082825,10.458099365234375
3.181408643722534,4.27277898961412,10.388016700744629
3.180678606033325,4.301733831409365,10.447269439697266
3.183093309402466,4.356366565351242,10.4632568359375
3.1164255142211914,4.3816608517829865,10.410404205322266
3.1049718856811523,4.318217134701886,10.362869262695312
3.125694990158081,4.3443942385326535,10.37799072265625
3.2290358543395996,4.374314337336858,10.43411636352539
3.1735432147979736,4.405421481767138,10.394258499145508
3.091700315475464,4.30531213030086,10.418017387390137
3.220128297805786,4.385642803473663,10.442350387573242
3.215381622314453,4.38393893645012,10.329513549804688
3.2060978412628174,4.3310395807160855,10.477663040161133
3.1471035480499268,4.37796136673673,10.416194915771484
3.1700644493103027,4.309157821216753,10.495320320129395
3.1664230823516846,4.365415399561503,10.367311477661133
3.2674641609191895,4.341745935147628,10.466995239257812
3.2138519287109375,4.408885469261025,10.413507461547852
3.188403367996216,4.404607685449134,10.37882137298584
3.1334660053253174,4.365280707333502,10.411904335021973
3.156834125518799,4.399343985365705,10.316474914550781
3.152838945388794,4.361992422424789,10.360002517700195
3.134474515914917,4.322710457191404,10.366153717041016
3.1506707668304443,4.346324463142082,10.487333297729492
3.208914041519165,4.359606375352347,10.38868522644043
3.2059662342071533,4.369522973961596,10.465248107910156
3.1099467277526855,4.341919401594039,10.369009971618652
3.0872488021850586,4.3840755663612585,10.405292510986328
3.151177406311035,4.393130825167256,10.379255294799805
3.149005651473999,4.369842118716666,10.267085075378418
3.106519937515259,4.2935878642768195,10.463565826416016
3.1324706077575684,4.298910642907555,10.44912052154541
3.153384208679199,4.3167416814249,10.360486030578613
3.1743645668029785,4.35347714481343,10.431270599365234
3.145308494567871,4.33866733472262,10.471179008483887
3.199843645095825,4.433151615118342,10.454773902893066
3.2042722702026367,4.323854601942004,10.463294982910156
3.227992534637451,4.356014908158354,10.42514419555664
3.1183648109436035,4.348845026256251,10.443077087402344
3.1058804988861084,4.319065329419183,10.43335247039795
3.2097179889678955,4.4029106080997735,10.51731014251709
3.248157501220703,4.381765663124887,10.434940338134766
3.179489850997925,4.404566466642012,10.52939510345459
3.1674423217773438,4.417935073542009,10.395248413085938
3.1599650382995605,4.413783526879603,10.438451766967773
3.1619603633880615,4.28075022187217,10.378390312194824
3.217686176300049,4.406638368565056,10.418837547302246
3.2343692779541016,4.369533512475235,10.458288192749023
3.2169909477233887,4.417008346445592,10.314568519592285
3.130727767944336,4.301447245891072,10.38638973236084
3.1874940395355225,4.278630938048341,10.394203186035156
3.124824285507202,4.364789888661887,10.359110832214355
3.1632328033447266,4.371703357535548,10.47097110748291
3.174490213394165,4.315055312023365,10.466721534729004
3.2047338485717773,4.293354902782345,10.491798400878906
3.1584227085113525,4.457505074329675,10.454538345336914
3.1657211780548096,4.341990524570324,10.42149829864502
3.1724188327789307,4.35489043490296,10.391406059265137
3.1791696548461914,4.423694511443109,10.452580451965332
3.2014527320861816,4.388548726349005,10.416044235229492
3.2109739780426025,4.2910603764799555,10.404356956481934
3.1155171394348145,4.291144263664528,10.38635540008545
3.1870946884155273,4.314840870210902,10.347091674804688
3.1238577365875244,4.330263786250725,10.385846138000488
3.1680805683135986,4.351488528872974,10.42704963684082
3.167170524597168,4.408598032613685,10.497602462768555
3.1813762187957764,4.35914512258023,10.485417366027832
3.197082281112671,4.31367513124964,10.468223571777344
3.103875160217285,4.285187739513016,10.448030471801758
3.1980979442596436,4.405833455933525,10.325943946838379
3.165778875350952,4.349687951517158,10.476105690002441
3.157970428466797,4.369895285261529,10.348559379577637
3.1831231117248535,4.318854373779946,10.520869255065918
3.255312919616699,4.351599759289196,10.3939208984375
3.19687557220459,4.324541435078053,10.453044891357422
3.1820614337921143,4.344165162249868,10.462605476379395
3.17549991607666,4.338311962650289,10.398961067199707
3.191532611846924,4.404088361787477,10.392459869384766
3.1728713512420654,4.393721586692013,10.419145584106445
3.1861090660095215,4.305606929452292,10.356546401977539
3.2111334800720215,4.374117942626721,10.37462329864502
3.1228232383728027,4.333406401365729,10.457962036132812
3.1401822566986084,4.3718128283840745,10.462549209594727
3.1867141723632812,4.351773095250662,10.472758293151855
3.1335525512695312,4.3502000948480735,10.372881889343262
3.1877431869506836,4.357830923915442,10.347515106201172
3.192593812942505,4.278483052804534,10.471834182739258
3.171830892562866,4.3220073019952645,10.505424499511719
3.087310314178467,4.337829737292071,10.434877395629883
3.1491799354553223,4.300236559040578,10.528843879699707
3.1557767391204834,4.315062177167939,10.427453994750977
3.146381378173828,4.2885432419300615,10.411959648132324
3.1873605251312256,4.376454192945468,10.484825134277344
3.1847102642059326,4.3622772093263595,10.47047233581543
3.1994307041168213,4.369055163580925,10.422828674316406
3.1268668174743652,4.339986934825513,10.298257827758789
3.1692991256713867,4.447395013279414,10.337369918823242
3.2683303356170654,4.406051158572414,10.456403732299805
3.1638429164886475,4.287301551750196,10.451005935668945
3.132624626159668,4.3390162261535545,10.383718490600586
3.1749064922332764,4.337457146595365,10.387354850769043
3.213120460510254,4.3435941665499875,10.441597938537598
3.2490861415863037,4.377412676911002,10.34816837310791
3.1347081661224365,4.323183076289881,10.448760032653809
3.1880249977111816,4.374842521934105,10.380898475646973
3.1570417881011963,4.37239515595138,10.415617942810059
3.1753594875335693,4.371770322788507,10.54373550415039
3.1433393955230713,4.28283269457253,10.404266357421875
3.1732165813446045,4.346827352752111,10.443718910217285
3.2602648735046387,4.40013525501958,10.380172729492188
3.1794350147247314,4.396440176492823,10.503314971923828
3.0967438220977783,4.290478684240952,10.421320915222168
3.180701494216919,4.286410614482261,10.412375450134277
3.186966896057129,4.329359424300492,10.486055374145508
3.161831855773926,4.339520720033241,10.470301628112793
3.1642115116119385,4.374295298741865,10.407312393188477
3.2157864570617676,4.378440041228064,10.567486763000488
3.170893907546997,4.367506860522553,10.314132690429688
3.143594264984131,4.378197190218739,10.429004669189453
3.189741373062134,4.2590256390560945,10.29748249053955
3.0492708683013916,4.267233757701303,10.430992126464844
3.204378604888916,4.382312793783577,10.415407180786133
3.196401834487915,4.397437943877387,10.390289306640625
3.1850595474243164,4.40433626828183,10.329341888427734
3.1472387313842773,4.390561999187672,10.44293212890625
3.166012763977051,4.413870841464294,10.352215766906738
3.168508291244507,4.344087333684521,10.389196395874023
3.181570053100586,4.328257199310298,10.448348999023438
3.2057385444641113,4.3167831562126855,10.454371452331543
3.183832883834839,4.309994036764173,10.350382804870605
3.133232593536377,4.3467934143929075,10.372715950012207
3.168147087097168,4.325967447832227,10.483123779296875
3.2084782123565674,4.324399312326152,10.373296737670898
3.2468791007995605,4.393795219183501,10.408604621887207
3.132530450820923,4.346799781911874,10.436439514160156
3.169811248779297,4.395498492588689,10.347818374633789
3.1580088138580322,4.344044255891016,10.417177200317383
3.2158658504486084,4.4038590703026514,10.381905555725098
3.122767686843872,4.331101971345821,10.409283638000488
3.1736135482788086,4.455735418413366,10.252685546875
3.155470609664917,4.312913214222395,10.421241760253906
3.1777594089508057,4.325914146411898,10.467032432556152
3.20015811920166,4.363900634992334,10.353105545043945
3.0970828533172607,4.318910982792399,10.346384048461914
3.1803972721099854,4.377279400592671,10.465066909790039
3.1651418209075928,4.401576042108769,10.385042190551758
3.1938230991363525,4.396742406434247,10.374114990234375
3.189241409301758,4.347655629805688,10.331465721130371
3.2084827423095703,4.335554338991642,10.446953773498535
3.185384750366211,4.295642825043095,10.362516403198242
3.143206834793091,4.3601935491897175,10.420236587524414
3.233120918273926,4.376289901223832,10.367856979370117
3.1376559734344482,4.296710303851537,10.273168563842773
3.1026651859283447,4.295776851874377,10.331731796264648
3.1912920475006104,4.303735782458846,10.39370059967041
3.181612968444824,4.427299349236169,10.486808776855469
3.20508074760437,4.350320648535022,10.366822242736816
3.128300666809082,4.350520134936752,10.403580665588379
3.220209836959839,4.353645274947796,10.476479530334473
3.137706995010376,4.323924227018974,10.409904479980469
3.210850715637207,4.373664369241202,10.382379531860352
3.211376428604126,4.38138076523319,10.288591384887695
3.127495527267456,4.365838272164443,10.347476959228516
3.155813694000244,4.347904899623245,10.487947463989258
3.1903765201568604,4.260613097310332,10.469497680664062
3.1545732021331787,4.359537241448249,10.44621753692627
3.078648328781128,4.316886880834188,10.430251121520996
3.1682422161102295,4.345283924269356,10.483438491821289
3.2070930004119873,4.369504673772358,10.450359344482422
3.138313055038452,4.384374159621075,10.456480026245117
3.0795528888702393,4.325164230839747,10.396313667297363
3.2000892162323,4.376085392099672,10.484360694885254
3.2122280597686768,4.334772351330945,10.30329704284668
3.1104087829589844,4.29917010731463,10.415460586547852
3.119253635406494,4.361642613607858,10.45008373260498
3.136232852935791,4.383152956641944,10.437444686889648
3.2603440284729004,4.451343329590081,10.522842407226562
3.186917781829834,4.367885771307296,10.406003952026367
3.2270987033843994,4.296504711466176,10.368350982666016
3.2181081771850586,4.339944878426779,10.332830429077148
3.1760904788970947,4.312945768802559,10.401844024658203
3.2003798484802246,4.2944645046123435,10.437288284301758
3.2169036865234375,4.363349204317534,10.453994750976562
3.1733243465423584,4.353886633911835,10.378806114196777
3.218195915222168,4.410574037814513,10.37840461730957
3.201878070831299,4.3268819485924075,10.357200622558594
3.1529598236083984,4.412687518633902,10.412741661071777
3.1552116870880127,4.371601095888763,10.41225814819336
3.151902675628662,4.352467078116856,10.346227645874023
3.1687145233154297,4.322862647473812,10.409998893737793
3.1558010578155518,4.328329764738945,10.386340141296387
3.280167818069458,4.333920922196869,10.493517875671387
3.1235544681549072,4.280910713465087,10.391555786132812
3.1425821781158447,4.292891177315531,10.43267822265625
3.1938014030456543,4.38454430247657,10.470342636108398
3.161000967025757,4.329004596120545,10.448341369628906
3.10662579536438,4.371747985981139,10.390864372253418
3.1289596557617188,4.35747065464966,10.374449729919434
3.158842086791992,4.340979488200641,10.454267501831055
3.177839517593384,4.375112277156274,10.328536987304688
3.172632932662964,4.385208478363763,10.424604415893555
3.1739609241485596,4.393911712304024,10.453940391540527
3.152704954147339,4.306362700249467,10.353846549987793
3.22243595123291,4.2877214711292515,10.446840286254883
3.1395530700683594,4.347800668794662,10.481914520263672
3.2091221809387207,4.378562368086672,10.360431671142578
3.1488075256347656,4.323967180680484,10.481706619262695
3.1858229637145996,4.290999711258336,10.435197830200195
3.19808030128479,4.336691520509444,10.406286239624023
3.2284862995147705,4.366071138697277,10.406826972961426
3.1133511066436768,4.318600299069658,10.400381088256836
3.171459913253784,4.312137242373344,10.460979461669922
3.1613285541534424,4.291514339291357,10.363576889038086
3.2102952003479004,4.311404078899484,10.43783950805664
3.1759092807769775,4.349780509913606,10.412332534790039
3.151621103286743,4.300156693439931,10.430071830749512
3.143195867538452,4.380195005397712,10.379522323608398
3.1271302700042725,4.388616013673268,10.471920013427734
3.1576364040374756,4.3309405421771645,10.403154373168945
3.1714372634887695,4.345904991463093,10.455099105834961
3.2366790771484375,4.411644695958654,10.394455909729004
3.2252612113952637,4.371390499108072,10.43612289428711
3.1726181507110596,4.278035087377897,10.395776748657227
3.20329213142395,4.330037235781283,10.333523750305176
3.136955499649048,4.303861780557781,10.391519546508789
3.153095006942749,4.335846821711001,10.521987915039062
3.1632044315338135,4.384638881909528,10.431384086608887
3.1056911945343018,4.376214309728572,10.398892402648926
3.1265130043029785,4.353646998193913,10.417630195617676
3.144516706466675,4.343803821430941,10.409825325012207
3.1719305515289307,4.374431891765978,10.36362075805664
3.1936376094818115,4.320500302727201,10.33535385131836
3.1495561599731445,4.353185251687787,10.437960624694824
3.1154890060424805,4.3391502356223235,10.431144714355469
3.160672187805176,4.362357242498547,10.457486152648926
3.221984624862671,4.396584891747417,10.374306678771973
3.170426368713379,4.356782705423289,10.473008155822754
3.2318432331085205,4.376848683858823,10.421794891357422
3.2142245769500732,4.411773354646617,10.369050979614258
3.150327444076538,4.304416176696708,10.4703369140625
3.2241129875183105,4.322643571998924,10.42608642578125
3.120537519454956,4.307101968808897,10.479646682739258
3.1908087730407715,4.373204348841682,10.448713302612305
3.1836724281311035,4.364406995142677,10.419197082519531
3.164839744567871,4.403946073991912,10.36310863494873
3.1742677688598633,4.411899813118258,10.390960693359375
3.134819746017456,4.3070633206516495,10.452323913574219
3.1891396045684814,4.312767347819838,10.345297813415527
3.1743195056915283,4.4015467454945405,10.401204109191895
3.2528586387634277,4.358365184494427,10.373065948486328
3.123183012008667,4.370574189050655,10.384003639221191
3.1563620567321777,4.324707604079906,10.383658409118652
3.135316848754883,4.30010630968692,10.414034843444824
3.169520854949951,4.289258140970819,10.396145820617676
3.111647367477417,4.306859769492543,10.342697143554688
3.183542251586914,4.2644328795639534,10.3809232711792
3.1776397228240967,4.312906559157585,10.444686889648438
3.099321126937866,4.384527767642534,10.445942878723145
3.1708290576934814,4.385246398126973,10.433152198791504
3.2060282230377197,4.308152902272663,10.399190902709961
3.1360437870025635,4.370545888219827,10.382250785827637
3.145843744277954,4.28991041043108,10.515084266662598
3.222940444946289,4.331236716825515,10.480029106140137
3.158231019973755,4.3447731494837045,10.401837348937988
3.1666696071624756,4.350905529223382,10.36223316192627
3.130671739578247,4.334896005656836,10.438648223876953
3.1510980129241943,4.358231477140049,10.454412460327148
3.196082592010498,4.384043542601701,10.395512580871582
3.1430537700653076,4.324875336539533,10.341449737548828
3.1918063163757324,4.377939641708508,10.370256423950195
3.202432155609131,4.323000876465811,10.35827350616455
3.1327922344207764,4.299151265727622,10.523204803466797
3.068341016769409,4.312397533262681,10.406608581542969
3.204524040222168,4.340601303581415,10.297093391418457
3.1686370372772217,4.307083680627069,10.471380233764648
3.1646664142608643,4.364910113858059,10.474647521972656
3.1698992252349854,4.321327071703438,10.447193145751953
3.23807954788208,4.321449834986457,10.364258766174316
3.139356851577759,4.38176711854924,10.442012786865234
3.2102677822113037,4.440316736498581,10.462156295776367
3.1377527713775635,4.315991629380733,10.428309440612793
3.175210475921631,4.363387919064344,10.35386848449707
3.208097457885742,4.437713102836693,10.392507553100586
3.1883981227874756,4.345056391021769,10.4783935546875
3.093505382537842,4.393334252194368,10.410061836242676
3.1782033443450928,4.300766229928869,10.415279388427734
3.120830535888672,4.355084862859387,10.381101608276367
3.2231085300445557,4.3644411697251995,10.389373779296875
3.118612289428711,4.368607925384173,10.408254623413086
3.1316044330596924,4.341171395332952,10.342449188232422
3.151228666305542,4.3453626716842075,10.421808242797852
3.1519370079040527,4.39355378581344,10.453176498413086
3.1382851600646973,4.394613067187103,10.418228149414062
3.1702446937561035,4.330068133638373,10.431601524353027
3.1718618869781494,4.3129497451508145,10.389542579650879
3.159980297088623,4.311923106200993,10.414965629577637
3.157360792160034,4.344851519613127,10.39316463470459
3.2117178440093994,4.360304112845499,10.442811012268066
3.179344654083252,4.312511305956702,10.430462837219238
3.144900321960449,4.325047796791686,10.349973678588867
3.192573308944702,4.370520543440112,10.394952774047852
3.1031582355499268,4.357714563109246,10.400540351867676
3.1074678897857666,4.3582654333274276,10.408288955688477
3.24247145652771,4.375006019736507,10.406583786010742
3.205341100692749,4.357960636328374,10.351258277893066
3.1773226261138916,4.342728322205533,10.339179039001465
3.176703453063965,4.3508219194066315,10.4122314453125
3.1548447608947754,4.316782078572682,10.350639343261719
3.109174966812134,4.301738162591521,10.404831886291504
3.1350631713867188,4.282828043148453,10.412395477294922
3.1752970218658447,4.291899037081748,10.420705795288086
3.1089274883270264,4.319784762770204,10.443540573120117
3.1762211322784424,4.350752714090049,10.407365798950195
3.2146596908569336,4.347302889883784,10.460845947265625
3.1725308895111084,4.334494344823595,10.404662132263184
3.179720878601074,4.338303408851581,10.486495971679688
3.1881587505340576,4.35134104273415,10.405784606933594
3.136254072189331,4.319610539125279,10.406176567077637
3.1732571125030518,4.317017611382263,10.369832992553711
3.166766881942749,4.350709486686226,10.41895580291748
3.1777498722076416,4.281214104433145,10.401168823242188
3.1509742736816406,4.33404660234893,10.419889450073242
3.183441638946533,4.340032173786312,10.314220428466797
3.186610698699951,4.407777075822066,10.431349754333496
3.120945453643799,4.371428232008059,10.41151237487793
3.1762266159057617,4.3354817303230195,10.396357536315918
3.1986465454101562,4.316607269824349,10.465568542480469
3.199815511703491,4.282725808310455,10.418984413146973
3.1500136852264404,4.269535317850698,10.442856788635254
3.152538537979126,4.40849727595092,10.360634803771973
3.1728439331054688,4.3482783440101365,10.409181594848633
3.1441991329193115,4.338463732207726,10.386478424072266
3.0920653343200684,4.34796828427352,10.330520629882812
3.157731533050537,4.326494583128286,10.487577438354492
3.1026291847229004,4.297294661469225,10.411620140075684
3.116697072982788,4.311701165911343,10.416288375854492
3.116288185119629,4.312166285601311,10.410844802856445
3.1274092197418213,4.357737254717255,10.443182945251465
3.1414034366607666,4.315089064151315,10.476421356201172
3.120809316635132,4.296766106238855,10.470970153808594
3.1985082626342773,4.332890681523298,10.422749519348145
3.2077951431274414,4.366586077658991,10.407136917114258
3.1911725997924805,4.361706865519019,10.341910362243652
3.165320634841919,4.300880325525733,10.435930252075195
3.1590561866760254,4.278044168271922,10.288703918457031
3.1712167263031006,4.339921325511699,10.47418212890625
3.1633999347686768,4.297524074857523,10.397153854370117
3.158942461013794,4.391434436697246,10.389291763305664
3.1712963581085205,4.364756314383287,10.463841438293457
3.1333858966827393,4.318004396777334,10.432323455810547
3.1344358921051025,4.340003099558609,10.380278587341309
3.1783254146575928,4.321743399669815,10.397008895874023
3.1454176902770996,4.357919252544108,10.379549026489258
3.128397226333618,4.3643789175964365,10.483790397644043
3.194243907928467,4.347094266209751,10.345962524414062
3.1601407527923584,4.2768002653028825,10.500463485717773
3.111835479736328,4.258907139800224,10.46917724609375
3.1332027912139893,4.3338008693618955,10.452545166015625
3.1603546142578125,4.351750600550855,10.36146354675293
3.148744821548462,4.361421240926056,10.403945922851562
3.0897655487060547,4.312864436801257,10.368902206420898
3.1580677032470703,4.356844183722777,10.458282470703125
3.1435599327087402,4.327285012030708,10.379276275634766
3.2478654384613037,4.356762973225808,10.368087768554688
3.220029830932617,4.311649133151929,10.364691734313965
3.1739115715026855,4.289000636931243,10.371590614318848
3.125427484512329,4.315276193931433,10.348469734191895
3.1781625747680664,4.397803415244978,10.355085372924805
3.1399993896484375,4.356342218849542,10.447449684143066
3.2026243209838867,4.301915840046214,10.391068458557129
3.140756845474243,4.311946460112397,10.371366500854492
3.120440721511841,4.360231226942102,10.383050918579102
3.1537649631500244,4.254012416449509,10.392918586730957
3.1945769786834717,4.312688208151875,10.411922454833984
3.2011055946350098,4.363792691579355,10.347702980041504
3.215698003768921,4.301102385955995,10.3890962600708
3.150716543197632,4.30155441723764,10.47296142578125
3.1037306785583496,4.325509955541098,10.284347534179688
3.1840603351593018,4.334026031295901,10.345250129699707
3.1537184715270996,4.33379927234325,10.340789794921875
3.1336922645568848,4.261012990626373,10.338979721069336
3.1712722778320312,4.39663501895432,10.375919342041016
3.098004102706909,4.363681864226237,10.449474334716797
3.1005501747131348,4.297094026580454,10.403335571289062
3.1596169471740723,4.274629952352759,10.392210960388184
3.1172826290130615,4.3238021084772695,10.453754425048828
3.199917793273926,4.396161609096453,10.343308448791504
3.114018440246582,4.368041291400524,10.353724479675293
3.177415609359741,4.314531929591404,10.434890747070312
3.225623846054077,4.383061054927696,10.390932083129883
3.0653669834136963,4.294224969510521,10.434822082519531
3.1746840476989746,4.342208878503048,10.360065460205078
3.1131420135498047,4.268713919578919,10.381261825561523
3.180664300918579,4.307109338031816,10.400036811828613
3.1585681438446045,4.335811756518004,10.404552459716797
3.111419916152954,4.364122340023251,10.33944320678711
3.1580333709716797,4.399530445192275,10.385343551635742
3.0782833099365234,4.283450708624774,10.443416595458984
3.1246650218963623,4.323079583301609,10.366252899169922
3.177157163619995,4.38747720889348,10.379440307617188
3.1354546546936035,4.3405430059480885,10.33682918548584
3.222794532775879,4.367624484202159,10.376060485839844
3.1409342288970947,4.318013035259876,10.393213272094727
3.1570842266082764,4.379670052622844,10.46281909942627
3.158174991607666,4.304128632315301,10.406885147094727
3.1719698905944824,4.282802363092612,10.420560836791992
3.173814058303833,4.376653067701097,10.435388565063477
3.189460039138794,4.354761408575412,10.34425163269043
3.153508186340332,4.401613221404009,10.507633209228516
3.1179473400115967,4.335983080656401,10.415914535522461
3.2429797649383545,4.3647956525175164,10.383843421936035
3.2511425018310547,4.3326952805010865,10.433324813842773
3.2031283378601074,4.342891638233725,10.450990676879883
3.1530942916870117,4.308085627022333,10.323723793029785
3.1362531185150146,4.251557448379962,10.415449142456055
3.097439765930176,4.312591287540272,10.388888359069824
3.1563563346862793,4.337700373293567,10.434203147888184
3.114903211593628,4.2730843059918175,10.413866996765137
3.2156171798706055,4.358305859246423,10.370491027832031
3.1990435123443604,4.30855559790507,10.401416778564453
3.1653265953063965,4.302749310354038,10.534492492675781
3.142151117324829,4.29637315949159,10.334010124206543
3.120619773864746,4.322509200012843,10.445829391479492
3.2198970317840576,4.42670985251399,10.37028694152832
3.1824920177459717,4.409072806759338,10.310253143310547
3.172426700592041,4.341572245682723,10.456368446350098
3.167377471923828,4.284166211661483,10.400951385498047
3.198577642440796,4.3819366602027525,10.471314430236816
3.212315559387207,4.321823814351644,10.458871841430664
3.1893320083618164,4.300148079071992,10.45009994506836
3.1342599391937256,4.2987949422427585,10.471023559570312
3.145944118499756,4.331305457079517,10.469229698181152
3.1729323863983154,4.3060232673971255,10.40607738494873
3.1470677852630615,4.366010792387117,10.403755187988281
3.1923820972442627,4.286897348838725,10.390861511230469
3.181424140930176,4.3457953778561205,10.356918334960938
3.1855340003967285,4.346453960386238,10.41450023651123
3.2259521484375,4.320016562339982,10.36507797241211
3.1397769451141357,4.324404886391546,10.366169929504395
3.152862071990967,4.305310133744829,10.437969207763672
3.13839054107666,4.3408364628308584,10.409645080566406
3.155294895172119,4.335950698770051,10.396952629089355
3.045517921447754,4.307375905037459,10.43783187866211
3.213420867919922,4.305100570200011,10.29132080078125
3.203782320022583,4.2996259116833775,10.3868408203125
3.1381733417510986,4.304860252121997,10.44668960571289
3.117112398147583,4.362729623281797,10.441183090209961
3.1821177005767822,4.353945670183748,10.373903274536133
3.103220224380493,4.284668754320592,10.414355278015137
3.1624653339385986,4.331248024312247,10.451898574829102
3.2011401653289795,4.32769371007037,10.473700523376465
3.098994493484497,4.352786788816697,10.346734046936035
3.1888267993927,4.287317155727319,10.374561309814453
3.1220781803131104,4.303343458566815,10.430862426757812
3.183593511581421,4.379896936805121,10.402113914489746
3.1371572017669678,4.3142915324507545,10.304731369018555
3.1476614475250244,4.333381687823151,10.442411422729492
3.1736950874328613,4.317289996825691,10.366808891296387
3.224625825881958,4.311320615632991,10.428815841674805
3.1247873306274414,4.341834960571889,10.41826343536377
3.1463897228240967,4.34891706871401,10.497726440429688
3.166829824447632,4.320757984948744,10.302623748779297
3.1191816329956055,4.246860001136416,10.483077049255371
3.1804051399230957,4.270100727411253,10.499853134155273
3.162626266479492,4.357163472866106,10.419646263122559
3.1767518520355225,4.341070562800659,10.55636978149414
3.184891939163208,4.387930647170704,10.289787292480469
3.146538496017456,4.300127631119851,10.342824935913086
3.180478096008301,4.34916215695973,10.421082496643066
3.2227368354797363,4.374881066914116,10.441286087036133
3.148350477218628,4.363684048443767,10.395328521728516
3.1769819259643555,4.3502494201862385,10.460490226745605
3.2013955116271973,4.358053410059905,10.376832962036133
3.1505465507507324,4.309007310441562,10.494104385375977
3.191453695297241,4.338643607982833,10.49167251586914
3.141125202178955,4.333346563191818,10.426803588867188
3.218691110610962,4.3488495626619885,10.382728576660156
3.1422319412231445,4.312667791332517,10.35125732421875
3.152038335800171,4.324765384030927,10.34964370727539
3.065060615539551,4.259810861067048,10.34062671661377
3.1852097511291504,4.342426706504609,10.427048683166504
3.1985151767730713,4.315601306036115,10.348363876342773
3.2306175231933594,4.332356248583112,10.438244819641113
3.1274516582489014,4.322309849950086,10.381133079528809
3.2169132232666016,4.304541555366345,10.431020736694336
3.1416335105895996,4.393130527243817,10.425065994262695
3.1646335124969482,4.34720848903193,10.418764114379883
3.135958671569824,4.248428027112303,10.382829666137695
3.172705888748169,4.401430919965995,10.460691452026367
3.175762414932251,4.420335911413921,10.333271026611328
3.1766726970672607,4.341442987888254,10.404184341430664
3.248176336288452,4.353700636919322,10.35135269165039
3.177166700363159,4.294340322226552,10.511396408081055
3.171302556991577,4.373858802951872,10.381002426147461
3.180880069732666,4.290355767622325,10.489843368530273
3.1769189834594727,4.325321099088926,10.392899513244629
3.150367021560669,4.301459582755342,10.440878868103027
3.1503913402557373,4.3273063500611375,10.454621315002441
3.1773900985717773,4.362733511087884,10.360004425048828
3.170814275741577,4.275578842431838,10.367362976074219
3.22472882270813,4.384215597662011,10.3942232131958
3.18937349319458,4.3118953143046905,10.301189422607422
3.1525049209594727,4.353803264675662,10.498634338378906
3.1143600940704346,4.358545421023987,10.474381446838379
3.1865923404693604,4.354408677866949,10.49392318725586
3.165316581726074,4.360732633687023,10.3441801071167
3.2628118991851807,4.428102614657422,10.367959976196289
3.196314811706543,4.328425031055563,10.511661529541016
3.1379988193511963,4.3182200999664415,10.328099250793457
3.1434755325317383,4.344665087061003,10.330716133117676
3.120511770248413,4.295333030167967,10.433201789855957
3.1810271739959717,4.3281065217618435,10.367722511291504
3.1290194988250732,4.272800821910745,10.374120712280273
3.201096296310425,4.357955883523183,10.379642486572266
3.192197561264038,4.318500912216094,10.386186599731445
3.1690640449523926,4.3531941004496595,10.398900985717773
3.14127779006958,4.312619636001598,10.30084228515625
3.1269681453704834,4.295719462413608,10.4788818359375
3.126392364501953,4.374647528930966,10.460729598999023
3.1960556507110596,4.32185813624944,10.453866004943848
3.095590829849243,4.312083979902257,10.482525825500488
3.1283278465270996,4.325905590850328,10.484905242919922
3.1075565814971924,4.342342201786648,10.352810859680176
3.142441749572754,4.311494520166888,10.391871452331543
3.1960349082946777,4.3364603431961894,10.436790466308594
3.2120354175567627,4.3468093826502034,10.465012550354004
3.1781957149505615,4.400118169873686,10.392623901367188
3.1112797260284424,4.308387470797502,10.363619804382324
3.1931018829345703,4.392626219761691,10.411870956420898
3.141845941543579,4.3460560955572864,10.430251121520996
3.161496639251709,4.338816394563765,10.386675834655762
3.1303486824035645,4.28660316735373,10.443732261657715
3.1742684841156006,4.310763514567433,10.487102508544922
3.1631925106048584,4.327610762024831,10.394043922424316
3.1433815956115723,4.317668170568401,10.37432861328125
3.2497031688690186,4.389582398114726,10.397290229797363
3.168666362762451,4.318013894704303,10.423359870910645
3.1709747314453125,4.355930684766332,10.307560920715332
3.2145097255706787,4.371175610393817,10.353795051574707
3.175633668899536,4.296609640886475,10.421163558959961
3.165224552154541,4.323733992342438,10.342813491821289
3.125164270401001,4.307044180941635,10.434175491333008
3.222292423248291,4.3517396505589465,10.414451599121094
3.1936442852020264,4.29602495940136,10.397819519042969
3.173680305480957,4.34232958209967,10.40919303894043
3.153096914291382,4.354695546573826,10.357769012451172
3.118147373199463,4.25027487180861,10.413776397705078
3.1252143383026123,4.313802292503948,10.446982383728027
3.1279306411743164,4.34773187256152,10.386011123657227
3.1523005962371826,4.281078267543178,10.393682479858398
3.133021831512451,4.334158241715548,10.355979919433594
3.207097291946411,4.322886063684044,10.402629852294922
3.1505234241485596,4.305075486423448,10.386167526245117
3.1310601234436035,4.3423432619310915,10.422918319702148
3.1845474243164062,4.316511948493177,10.421905517578125
3.1646111011505127,4.315802573791839,10.397603034973145
3.247825860977173,4.43661520470466,10.395779609680176
3.188971996307373,4.332397906907967,10.403395652770996
3.1462392807006836,4.3732594258285,10.293461799621582
3.1454265117645264,4.324998179616939,10.440400123596191
3.1738498210906982,4.310831920842507,10.397260665893555
3.1754181385040283,4.261059021776808,10.41512680053711
3.129425525665283,4.286983227556838,10.404536247253418
3.1757307052612305,4.309742890963597,10.400435447692871
3.1662611961364746,4.3205913569711685,10.35574722290039
3.1414897441864014,4.339553596884278,10.45042610168457
3.1782562732696533,4.26804170228674,10.440587043762207
3.1810550689697266,4.348456297668496,10.311624526977539
3.140634536743164,4.305394338576922,10.354143142700195
3.133805513381958,4.279588187878419,10.373517990112305
3.1945793628692627,4.341764649675627,10.303993225097656
3.2228376865386963,4.383760770749567,10.412999153137207
3.1323211193084717,4.309904248220846,10.357404708862305
3.1689670085906982,4.351986809168012,10.409421920776367
3.1411702632904053,4.294680167255657,10.388603210449219
3.1578457355499268,4.346084526773276,10.346733093261719
3.104161262512207,4.2751996073140095,10.340063095092773
3.153522253036499,4.3211322946008295,10.415353775024414
3.124072551727295,4.27087689869638,10.395404815673828
3.1558425426483154,4.343757237607082,10.416954040527344
3.1388769149780273,4.330871200222257,10.415285110473633
3.146390438079834,4.328652703236522,10.411810874938965
3.180668830871582,4.327596992021427,10.407218933105469
3.2415823936462402,4.430414860037022,10.40310001373291
3.159942865371704,4.347403523745015,10.366292953491211
3.112246036529541,4.303782919322007,10.364456176757812
3.1855826377868652,4.346551551150957,10.438394546508789
3.1509392261505127,4.2957035137473465,10.29446792602539
3.150843620300293,4.317848221465413,10.435546875
3.164597511291504,4.3151524386235645,10.386503219604492
3.199284076690674,4.286303544150931,10.405189514160156
3.078727960586548,4.305717002933046,10.401734352111816
3.184962749481201,4.341383031469637,10.381298065185547
3.111966371536255,4.332318976521492,10.373671531677246
3.129460096359253,4.288661906661998,10.46422004699707
3.1613173484802246,4.367036461929923,10.428083419799805
3.165909767150879,4.3286544613407125,10.336606979370117
3.1292436122894287,4.283641812491363,10.376274108886719
3.182218074798584,4.363785186749217,10.45531177520752
3.1468231678009033,4.281071579416416,10.374802589416504
3.173264741897583,4.335167976861287,10.429561614990234
3.1984505653381348,4.343176398193464,10.451045989990234
3.1028666496276855,4.295174641135547,10.399382591247559
3.0991580486297607,4.324957487040332,10.328532218933105
3.1863417625427246,4.374354505379285,10.433961868286133
3.0808892250061035,4.273510068189353,10.315159797668457
3.1354920864105225,4.3378432008903465,10.358552932739258
3.1497642993927,4.247708456890125,10.39079475402832
3.1158246994018555,4.329717951959798,10.425333023071289
3.0509254932403564,4.336797007226518,10.369180679321289
3.1541171073913574,4.3480793347449165,10.455020904541016
3.21402645111084,4.3172667183181535,10.424175262451172
3.2072386741638184,4.314042490008952,10.429736137390137
3.1775643825531006,4.315253105047824,10.421211242675781
3.1683952808380127,4.3097783249935935,10.450973510742188
3.192904472351074,4.368961678551776,10.406533241271973
3.1876275539398193,4.314800516768758,10.400764465332031
3.139042854309082,4.270390904375485,10.330780029296875
3.1695430278778076,4.352589036204985,10.512664794921875
3.2138659954071045,4.385837820125744,10.329760551452637
3.127772569656372,4.336633422711332,10.538445472717285
3.2238080501556396,4.362989007794697,10.40286922454834
3.1828277111053467,4.383933617234496,10.370790481567383
3.112734079360962,4.3354461912531415,10.374602317810059
3.1351401805877686,4.348426393432809,10.272191047668457
3.2498161792755127,4.355281099677086,10.476602554321289
3.1770424842834473,4.398126925474831,10.38859748840332
3.09236478805542,4.290028365129339,10.418814659118652
3.199037551879883,4.3607699174566985,10.371644973754883
3.1516921520233154,4.264890958421997,10.406311988830566
3.1684529781341553,4.334742158717876,10.420894622802734
3.1371965408325195,4.331331360187115,10.456926345825195
3.2261970043182373,4.3612225561602305,10.302632331848145
3.175276041030884,4.326874281811927,10.307504653930664
3.2644083499908447,4.317745888339622,10.483184814453125
3.099501132965088,4.3528035296393295,10.435600280761719
3.19943904876709,4.353550864483363,10.369836807250977
3.091761589050293,4.2655069839342366,10.364675521850586
3.162245750427246,4.362080644649853,10.35777759552002
3.141376495361328,4.321269747834386,10.456787109375
3.1496381759643555,4.413586926014562,10.437067985534668
3.184736490249634,4.385797550036971,10.388870239257812
3.148033380508423,4.336678585170635,10.400869369506836
3.247161865234375,4.39339180137696,10.409996032714844
3.1685407161712646,4.317214689816216,10.407072067260742
3.1041345596313477,4.356869132025167,10.466374397277832
3.1619937419891357,4.306360165289204,10.486856460571289
3.1786627769470215,4.255256149385657,10.395902633666992
3.161907434463501,4.374904508070488,10.410459518432617
3.0967776775360107,4.320370492625183,10.398506164550781
3.1643617153167725,4.39899594419902,10.39936351776123
3.100139856338501,4.315246996170442,10.3721923828125
3.1391243934631348,4.324703432120649,10.348043441772461
3.152322292327881,4.346275135741703,10.475107192993164
3.124009370803833,4.332738275007744,10.302288055419922
3.129045009613037,4.373132984852419,10.397903442382812
3.155759334564209,4.373897960176691,10.333446502685547
3.1986606121063232,4.36549792295721,10.43286418914795
3.2227020263671875,4.372005350455376,10.445625305175781
3.152439832687378,4.315045328810811,10.424036026000977
3.161214590072632,4.34445897792466,10.373279571533203
3.1475136280059814,4.320786307466084,10.409832000732422
3.0656678676605225,4.359162476645516,10.338898658752441
3.1532506942749023,4.379617546951132,10.357583999633789
3.160074234008789,4.357664579126452,10.459237098693848
3.1244733333587646,4.311461986973882,10.41114330291748
3.279557704925537,4.32694419656348,10.426705360412598
3.2108020782470703,4.257981748253639,10.366157531738281
3.15559458732605,4.3265045626155505,10.43466567993164
3.11842942237854,4.364724619946044,10.389184951782227
3.054094076156616,4.285714469018526,10.422905921936035
3.125178813934326,4.342799674087604,10.439946174621582
3.1442816257476807,4.36753940113288,10.41956901550293
3.164491891860962,4.313379596652729,10.365352630615234
3.1095144748687744,4.355295911098698,10.456692695617676
3.1616528034210205,4.319982291332313,10.385538101196289
3.1895666122436523,4.3228019294994215,10.390986442565918
3.150191307067871,4.325125792296603,10.342022895812988
3.2282145023345947,4.344037765171379,10.50908374786377
3.1682400703430176,4.360761376663245,10.357717514038086
3.184870719909668,4.363437105768494,10.342549324035645
3.2229981422424316,4.359572088977854,10.496855735778809
3.134786367416382,4.319130756925525,10.409440994262695
3.119567632675171,4.262890097651897,10.378561019897461
3.185075521469116,4.300606846110895,10.345146179199219
3.237576723098755,4.324191112004752,10.426517486572266
3.1630353927612305,4.36666746859971,10.404714584350586
3.1388959884643555,4.303464093045997,10.41671371459961
3.147595167160034,4.388872942787463,10.392623901367188
3.0918211936950684,4.270926798860143,10.386154174804688
3.187466859817505,4.334880228353931,10.352375030517578
3.1221776008605957,4.380785565590486,10.331718444824219
3.138941526412964,4.2909036105764775,10.406844139099121
3.1997628211975098,4.328278477902391,10.404139518737793
3.0867695808410645,4.237616277865267,10.38326358795166
3.139328956604004,4.34442072873935,10.414294242858887
3.1243903636932373,4.22259650702056,10.45494270324707
3.197460889816284,4.329789250024728,10.415380477905273
3.171722888946533,4.334496208765944,10.465140342712402
3.1787033081054688,4.387948819502656,10.391573905944824
3.069709300994873,4.271900450511437,10.459928512573242
3.200658082962036,4.429794179974124,10.423263549804688
3.0936031341552734,4.337526045107682,10.447794914245605
3.212411880493164,4.37139826470853,10.4535551071167
3.1400065422058105,4.350951237537499,10.390390396118164
3.1763460636138916,4.313576945536104,10.347142219543457
3.17277455329895,4.289432402101479,10.420284271240234
3.165590286254883,4.373043656615275,10.314974784851074
3.1231560707092285,4.357721895578185,10.478044509887695
3.1047544479370117,4.346847600270328,10.363255500793457
3.1374268531799316,4.312469332179587,10.409117698669434
3.137127637863159,4.307447366449716,10.470956802368164
3.1692330837249756,4.351782067811915,10.380945205688477
3.1603329181671143,4.36385831449713,10.338539123535156
3.1841344833374023,4.39131768952523,10.415640830993652
3.1695046424865723,4.316231503084835,10.340193748474121
3.0894010066986084,4.281099961372092,10.379522323608398
3.174191951751709,4.362046683040846,10.387826919555664
3.1368417739868164,4.2676944289622565,10.421151161193848
3.0955214500427246,4.29166072510582,10.349807739257812
3.107771635055542,4.314564106985927,10.344773292541504
3.142374038696289,4.312402894587389,10.3824462890625
3.1451637744903564,4.356206915773717,10.348261833190918
3.184842109680176,4.332503098362525,10.413373947143555
3.101410150527954,4.3242038113530725,10.426809310913086
3.1108648777008057,4.332462173753552,10.437774658203125
3.1387269496917725,4.348218882689252,10.398919105529785
3.1841893196105957,4.321842057763466,10.418564796447754
3.152621269226074,4.316257026545437,10.349822998046875
3.148747682571411,4.321621548683782,10.405070304870605
3.176333427429199,4.291141648244645,10.291312217712402
3.194819927215576,4.331111117232857,10.462034225463867
3.1481056213378906,4.357434653510739,10.279155731201172
3.1589691638946533,4.3494730910419355,10.393424034118652
3.232950210571289,4.333073286738779,10.459697723388672
3.164719343185425,4.328285017183848,10.405059814453125
3.1307787895202637,4.280056878957632,10.410934448242188
3.178086280822754,4.280044451422457,10.34130859375
3.162562131881714,4.296662437629753,10.366931915283203
3.1470320224761963,4.321933607471043,10.414933204650879
3.1467320919036865,4.367293229625959,10.345307350158691
3.1378121376037598,4.285934303587835,10.3438081741333
3.1030113697052,4.312281440111941,10.488612174987793
3.2051146030426025,4.332085769191118,10.404037475585938
3.194288730621338,4.337123059833955,10.49147891998291
3.183469772338867,4.373356053505891,10.336326599121094
3.2451908588409424,4.3410820080233465,10.467458724975586
3.11118745803833,4.3464852315041105,10.390888214111328
3.1894612312316895,4.279318674201411,10.38596248626709
3.13287091255188,4.329325327483405,10.462286949157715
3.1125810146331787,4.313596642808989,10.453971862792969
3.0522561073303223,4.280897798881466,10.456005096435547
3.1762638092041016,4.351930776045525,10.394805908203125
3.1331448554992676,4.331646093400195,10.396270751953125
3.1701745986938477,4.308187675263201,10.479228973388672
3.155041217803955,4.3263186050379385,10.375225067138672
3.1904525756835938,4.331512973943194,10.400297164916992
3.102571964263916,4.285734642962259,10.310709953308105
3.17937970161438,4.285203268019749,10.410139083862305
3.1507577896118164,4.293948199566721,10.394699096679688
3.1190621852874756,4.2765141963692646,10.495438575744629
3.248962640762329,4.3419303328264505,10.406553268432617
3.129122018814087,4.343075785553083,10.386575698852539
3.1227729320526123,4.391135602258147,10.371925354003906
3.1571757793426514,4.338913441801976,10.342759132385254
3.1593008041381836,4.280317428056151,10.369441986083984
3.148038625717163,4.295424478793783,10.369089126586914
3.1750681400299072,4.3321066158491055,10.372072219848633
3.1552793979644775,4.317021613275367,10.360374450683594
3.1640732288360596,4.311617978183286,10.435138702392578
3.146765947341919,4.34669656609185,10.443655014038086
3.135648012161255,4.298345702866624,10.443544387817383
3.144789218902588,4.275112612605361,10.400898933410645
3.1451704502105713,4.329511898869116,10.399592399597168
3.1490676403045654,4.340524188908082,10.362621307373047
3.104062795639038,4.254543187263023,10.437830924987793
3.1371185779571533,4.311012802845133,10.417112350463867
3.1598434448242188,4.2591501518618315,10.403253555297852
3.116096258163452,4.318314644474802,10.332381248474121
3.159259080886841,4.379904468078166,10.406822204589844
3.144488573074341,4.344577263741354,10.526939392089844
3.101367235183716,4.278570665079834,10.383931159973145
3.206630229949951,4.3017751429163456,10.321866035461426
3.1194183826446533,4.313305439693587,10.366178512573242
3.208808660507202,4.330052642683898,10.451944351196289
3.1015868186950684,4.362015239761344,10.392169952392578
3.1649601459503174,4.278268324144716,10.35910701751709
3.180624008178711,4.364244176340955,10.343635559082031
3.1412644386291504,4.376260558808489,10.367819786071777
3.174978017807007,4.298500566377437,10.396641731262207
3.1564764976501465,4.339440052896471,10.364073753356934
3.1645026206970215,4.3892479134124835,10.424080848693848
3.1224305629730225,4.328602387104184,10.4225492477417
3.1444449424743652,4.321815395262092,10.383886337280273
3.1678311824798584,4.329877723241224,10.40943717956543
3.109574317932129,4.294007036336032,10.312996864318848
3.0717132091522217,4.368710607223745,10.439668655395508
3.177966833114624,4.366576649348385,10.426885604858398
3.148670196533203,4.3850307836796025,10.381277084350586
3.2257626056671143,4.35566056875645,10.497684478759766
3.1239523887634277,4.298985882063529,10.4635009765625
3.1964571475982666,4.304165819659829,10.372040748596191
3.1574809551239014,4.2990858312363605,10.335631370544434
3.111478328704834,4.308036003295067,10.364830017089844
3.1192870140075684,4.4264199074490795,10.351529121398926
3.158937931060791,4.318259382088269,10.472691535949707
3.094592332839966,4.297902477738846,10.353310585021973
3.120548963546753,4.314426612740914,10.299144744873047
3.148136615753174,4.321890357915047,10.288762092590332
3.198723077774048,4.319112494388329,10.377104759216309
3.191743850708008,4.37984626976374,10.420195579528809
3.1892545223236084,4.3387904878971835,10.45301342010498
3.178771495819092,4.337384414692808,10.384565353393555
3.0877761840820312,4.3771913322021385,10.503070831298828
3.138439178466797,4.328372285568288,10.345027923583984
3.203927516937256,4.2817024883281976,10.385315895080566
3.1780214309692383,4.326083673530125,10.390398025512695
3.151484966278076,4.327936285940398,10.388829231262207
3.159351348876953,4.338117482606322,10.33700180053711
3.1870949268341064,4.402459339205441,10.443846702575684
3.1367263793945312,4.3256885630544275,10.40701961517334
3.1331684589385986,4.389986083044538,10.47823715209961
3.1878035068511963,4.332581117483121,10.270079612731934
3.194990634918213,4.332725295530898,10.406258583068848
3.0979747772216797,4.289877035522035,10.46087646484375
3.0795328617095947,4.301435528123485,10.420635223388672
3.1753761768341064,4.331448608909601,10.45670223236084
3.2277991771698,4.330311747567196,10.439128875732422
3.202437162399292,4.277455534785986,10.415655136108398
3.164503812789917,4.309158548147284,10.357335090637207
3.0840084552764893,4.325859436665528,10.429197311401367
3.0904769897460938,4.319108608444887,10.374678611755371
3.143723487854004,4.317611360589841,10.405802726745605
3.123561382293701,4.322183785028756,10.436345100402832
3.166463613510132,4.3749046360275585,10.402463912963867
3.165421962738037,4.333625547188734,10.386266708374023
3.138742208480835,4.314672610855528,10.446915626525879
3.1426804065704346,4.361487083270082,10.410225868225098
3.159161329269409,4.347025425505957,10.343520164489746
3.1262166500091553,4.327669745876587,10.392312049865723
3.1444084644317627,4.327232050642903,10.458673477172852
3.122807502746582,4.260608486964234,10.410746574401855
3.137373924255371,4.269846871395463,10.404197692871094
3.1767919063568115,4.303108205919021,10.458967208862305
3.045334577560425,4.303890553868508,10.40553092956543
3.1589362621307373,4.339575833374901,10.336889266967773
3.0791609287261963,4.322645826431524,10.411083221435547
3.1404025554656982,4.273958509987486,10.34376335144043
3.214062452316284,4.4074491121739685,10.396596908569336
3.182827949523926,4.365835478928473,10.416618347167969
3.202521800994873,4.3095737639814615,10.39218521118164
3.1228764057159424,4.390469902594175,10.443416595458984
3.1375508308410645,4.3091640843610675,10.262568473815918
3.2209153175354004,4.289912457943761,10.440052032470703
3.0898616313934326,4.245005760009268,10.319235801696777
3.1716806888580322,4.332688757318206,10.52569580078125
3.171665906906128,4.290699427681309,10.342572212219238
3.1733222007751465,4.296388103227531,10.323273658752441
3.13722562789917,4.329574191344103,10.385168075561523
3.1145544052124023,4.3179018940843115,10.368036270141602
3.1640851497650146,4.390291696381089,10.422032356262207
3.165245532989502,4.313633445084894,10.442200660705566
3.1354546546936035,4.273610339766102,10.33768081665039
3.125247001647949,4.327992656234918,10.405447959899902
3.172773599624634,4.354445883372266,10.463468551635742
3.171351909637451,4.357873550749251,10.345236778259277
3.138075828552246,4.251045095168853,10.44699764251709
3.1675639152526855,4.3560994310703665,10.402824401855469
3.184030294418335,4.375590522873349,10.386266708374023
3.15299129486084,4.34326102225376,10.358381271362305
3.140397548675537,4.287730441595029,10.314002990722656
3.173795223236084,4.317756972042844,10.4503173828125
3.175449848175049,4.335787839522318,10.346742630004883
3.0973312854766846,4.347816209907511,10.344751358032227
3.2010998725891113,4.353867507040767,10.37564468383789
3.0453567504882812,4.232972573189597,10.336119651794434
3.180704355239868,4.2914671891901115,10.347328186035156
3.1342365741729736,4.349703178674515,10.378887176513672
3.160271167755127,4.3160727861270844,10.359931945800781
3.1419827938079834,4.31354867650329,10.435587882995605
3.171403646469116,4.338700667522581,10.407695770263672
3.1683101654052734,4.299720010121486,10.471076965332031
3.1061320304870605,4.284401595259884,10.454388618469238
3.239565134048462,4.3508595199590285,10.405442237854004
3.1425206661224365,4.379564572757642,10.477320671081543
3.1552252769470215,4.299793069550236,10.46893310546875
3.0988619327545166,4.272281562111208,10.285884857177734
3.1893508434295654,4.258199572629695,10.352570533752441
3.1570351123809814,4.341917940082827,10.417871475219727
3.1019039154052734,4.3322265265576005,10.40546989440918
3.1523399353027344,4.2982519605596154,10.373502731323242
3.1716885566711426,4.320272740475567,10.433582305908203
3.1706411838531494,4.348839537672966,10.433534622192383
3.106475591659546,4.331259850279562,10.385491371154785
3.1540939807891846,4.354458587809599,10.484176635742188
3.1379072666168213,4.267011314996385,10.427286148071289
3.13401460647583,4.301137299409934,10.42687702178955
3.0913734436035156,4.260306809130791,10.42902946472168
3.1545143127441406,4.296713390054979,10.323604583740234
3.1712682247161865,4.35808002952087,10.33996295928955
3.2069077491760254,4.344926611986011,10.40231990814209
3.1098389625549316,4.343649785466758,10.40308952331543
3.0928359031677246,4.311547595874539,10.43756103515625
3.137909173965454,4.350914344191551,10.445169448852539
3.125471353530884,4.337312189862132,10.41264533996582
3.125782012939453,4.299812532096569,10.404525756835938
3.1785786151885986,4.305223654656272,10.4204683303833
3.1995339393615723,4.285118674859405,10.452157020568848
3.1693968772888184,4.3615453808701465,10.545890808105469
3.087118625640869,4.292774253657886,10.281781196594238
3.1277670860290527,4.213936510329534,10.358115196228027
3.1354522705078125,4.2990323522660345,10.427968978881836
3.1208083629608154,4.304362287245957,10.374773025512695
3.1296465396881104,4.355120133508795,10.448492050170898
3.1493101119995117,4.37992772070824,10.460447311401367
3.2227790355682373,4.36474663165531,10.434085845947266
3.1525540351867676,4.285055606792282,10.370576858520508
3.118121385574341,4.307240282019069,10.380327224731445
3.18198561668396,4.329044645020206,10.394336700439453
3.1505188941955566,4.272564330770235,10.402632713317871
3.1348118782043457,4.256252050865442,10.458901405334473
3.1929140090942383,4.251804672414437,10.401649475097656
3.1220011711120605,4.286819839351145,10.388790130615234
3.1458654403686523,4.388016454542854,10.427967071533203
3.1759133338928223,4.31597885602553,10.386164665222168
3.1158926486968994,4.2820093076942225,10.395492553710938
3.120359182357788,4.324351472879893,10.342430114746094
3.0974154472351074,4.296899571981547,10.39139461517334
3.148683786392212,4.299499374481717,10.451337814331055
3.1588046550750732,4.342638421970021,10.35006332397461
3.081508159637451,4.338149208608749,10.376246452331543
3.1014866828918457,4.358292785107291,10.393187522888184
3.1518750190734863,4.309716870908493,10.40733814239502
3.1765027046203613,4.33514508598351,10.372642517089844
3.1255505084991455,4.36810106208681,10.386310577392578
3.1025965213775635,4.278289154936958,10.391666412353516
3.151686668395996,4.352495114086196,10.500658988952637
3.0649826526641846,4.271276023272159,10.456934928894043
3.155299186706543,4.253039790716555,10.416675567626953
3.0972721576690674,4.316388892708346,10.466791152954102
3.177485466003418,4.339705343458004,10.330437660217285
3.1964545249938965,4.381883837149612,10.406488418579102
3.118461847305298,4.338001941131162,10.382976531982422
3.1639609336853027,4.3569730944000185,10.364269256591797
3.1268138885498047,4.277453986395683,10.366018295288086
3.078683853149414,4.217312694094809,10.395552635192871
3.1608991622924805,4.377279213596401,10.405598640441895
3.1439311504364014,4.382388612321978,10.370260238647461
3.1843786239624023,4.36913377176305,10.39013957977295
3.123549222946167,4.288971464449007,10.492453575134277
3.166684865951538,4.304971258754709,10.328808784484863
3.1681315898895264,4.277778564054253,10.386356353759766
3.1823244094848633,4.352186632109806,10.477816581726074
3.078036308288574,4.32716273809118,10.313289642333984
3.1623265743255615,4.332607159557353,10.338428497314453
3.06111478805542,4.308672690830592,10.397218704223633
3.1508684158325195,4.2654446875011285,10.38551139831543
3.1676855087280273,4.372848302358761,10.37552261352539
3.16727876663208,4.310428369989885,10.375236511230469
3.1618106365203857,4.341062589881143,10.403286933898926
3.141422748565674,4.318642635031471,10.36618423461914
3.1723954677581787,4.322261121323598,10.389415740966797
3.174103260040283,4.305048270649942,10.447871208190918
3.1380813121795654,4.350656469086451,10.379364013671875
3.1143128871917725,4.304242437738659,10.4174165725708
3.135730504989624,4.3044339638602525,10.410600662231445
3.2200891971588135,4.32790820496822,10.489424705505371
3.1401169300079346,4.3208127397312115,10.391191482543945
3.1907453536987305,4.355806827345597,10.49789047241211
3.1066229343414307,4.380651651682066,10.41893196105957
3.154263734817505,4.296519416717014,10.433727264404297
3.1946749687194824,4.3656989669959465,10.388711929321289
3.1235620975494385,4.2764769443976025,10.392621040344238
3.204587697982788,4.3462323674799075,10.4164400100708
3.088474988937378,4.281214878428727,10.335301399230957
3.09921932220459,4.286226326400148,10.346746444702148
3.1481378078460693,4.324225001901921,10.326473236083984
3.1784002780914307,4.369765164596694,10.342521667480469
3.069173574447632,4.318603769643232,10.383737564086914
3.1277995109558105,4.34964223508723,10.33712100982666
3.150885820388794,4.253892630870853,10.309209823608398
3.126796245574951,4.257705399167857,10.348688125610352
3.11848521232605,4.377074731081458,10.374139785766602
3.128136157989502,4.321335632520329,10.362345695495605
3.232225179672241,4.311287141438307,10.435129165649414
3.188429832458496,4.343866105790117,10.330244064331055
3.172809362411499,4.394046031304502,10.40838623046875
3.125675678253174,4.361243405013479,10.460147857666016
3.096585988998413,4.272561247227713,10.441142082214355
3.120731830596924,4.320045912205907,10.326757431030273
3.119067668914795,4.3341949561145166,10.351289749145508
3.1817820072174072,4.325240436941386,10.405502319335938
3.1445908546447754,4.2826818000591755,10.336654663085938
3.154132127761841,4.320181219505945,10.353607177734375
3.1564745903015137,4.341837663136954,10.385120391845703
3.1909050941467285,4.391484164366765,10.46945858001709
3.060789108276367,4.309484934667125,10.408483505249023
3.1358096599578857,4.321125221039568,10.457236289978027
3.1599459648132324,4.2849068866843085,10.459003448486328
3.1078739166259766,4.381395238950582,10.447624206542969
3.0672669410705566,4.2560386491407245,10.321645736694336
3.1049699783325195,4.391969242000154,10.420411109924316
3.1297521591186523,4.315685753876876,10.423072814941406
3.155675172805786,4.344671368299585,10.447128295898438
3.1227104663848877,4.28445961199967,10.344191551208496
3.160634756088257,4.34807343817582,10.443197250366211
3.198136806488037,4.287298990579854,10.35630989074707
3.127661943435669,4.324783487378488,10.357952117919922
3.1789748668670654,4.296022742254926,10.276139259338379
3.115063190460205,4.322643155930564,10.423294067382812
3.0908095836639404,4.313399897322857,10.346158981323242
3.165863513946533,4.364407013103898,10.402400970458984
3.131589889526367,4.3189058459496925,10.45726203918457
3.062072992324829,4.260532062567239,10.342341423034668
3.1447806358337402,4.354201114503667,10.458990097045898
3.1557741165161133,4.327533429288971,10.497282981872559
3.180945634841919,4.3539191818396965,10.478754043579102
3.052386999130249,4.31666365302434,10.296958923339844
3.12418532371521,4.378405932104215,10.432445526123047
3.1115241050720215,4.3123656403206825,10.398092269897461
3.1153526306152344,4.30753308597819,10.493327140808105
3.2126543521881104,4.293256994769243,10.44002628326416
3.1065266132354736,4.3009239331419975,10.358675003051758
3.1721255779266357,4.309801458347855,10.412426948547363
3.1088061332702637,4.327958167064935,10.489852905273438
3.1885764598846436,4.302402227618067,10.367618560791016
3.156439781188965,4.3062597868431896,10.358469009399414
3.1103484630584717,4.362269416850592,10.312925338745117
3.1161670684814453,4.274797881155141,10.371169090270996
3.185549259185791,4.383286520173508,10.326278686523438
3.110994815826416,4.3656758045378545,10.404752731323242
3.121140718460083,4.270108415578891,10.466115951538086
3.111391305923462,4.285430877003819,10.387958526611328
3.1070001125335693,4.2615305040962985,10.475616455078125
3.1176540851593018,4.280502970995648,10.391251564025879
3.2249157428741455,4.288528169139422,10.494584083557129
3.202730417251587,4.361925515346229,10.35964298248291
3.1988441944122314,4.32617343469922,10.475040435791016
3.164673328399658,4.254978297211762,10.357017517089844
3.117105722427368,4.266980546593134,10.321413040161133
3.107928514480591,4.331898134168504,10.42503833770752
3.1775829792022705,4.3317556617715,10.506084442138672
3.1950583457946777,4.341934610723651,10.36292839050293
3.076925754547119,4.231863530086619,10.347110748291016
3.158696174621582,4.404745389940217,10.432967185974121
3.2045040130615234,4.331059513813151,10.414974212646484
3.102385997772217,4.309000518339287,10.34799861907959
3.1687161922454834,4.275513319032532,10.43761920928955
3.1681294441223145,4.340093064055379,10.47021198272705
3.0903515815734863,4.305470839708245,10.322726249694824
3.136115550994873,4.2984042355258545,10.398386001586914
3.1653714179992676,4.320457353156858,10.371192932128906
3.1340115070343018,4.331945784356711,10.466042518615723
3.1766066551208496,4.284447021649352,10.300493240356445
3.133734703063965,4.347423168431436,10.394874572753906
3.1116936206817627,4.235415890646567,10.442083358764648
3.1888558864593506,4.281705251628799,10.372232437133789
3.1618220806121826,4.3085709313329845,10.320574760437012
3.158332347869873,4.350308695275869,10.329364776611328
3.1756532192230225,4.339219509723729,10.361137390136719
3.155283212661743,4.386526148333879,10.359399795532227
3.096738815307617,4.3372789090831905,10.34418773651123
3.1033098697662354,4.305721133149096,10.445023536682129
3.1053829193115234,4.303296602763502,10.46435546875
3.1259522438049316,4.327068258010383,10.45755672454834
3.123300790786743,4.268159014239376,10.368192672729492
3.157114028930664,4.342065472222333,10.41404914855957
3.1722421646118164,4.297099804638752,10.391654014587402
3.192204713821411,4.348096747217434,10.426450729370117
3.0973684787750244,4.312312354599791,10.364317893981934
3.118804931640625,4.376784749029737,10.424318313598633
3.139427661895752,4.237436096050909,10.38031005859375
3.169281244277954,4.369578647260953,10.396102905273438
3.111097812652588,4.334135837719909,10.508649826049805
3.0659728050231934,4.333023046342923,10.425469398498535
3.1606884002685547,4.285818905536352,10.40518856048584
3.1560211181640625,4.3352483270157665,10.429459571838379
3.1735427379608154,4.319974010444379,10.388436317443848
3.1006784439086914,4.306531999393234,10.360301971435547
3.116255521774292,4.276722808634597,10.38726806640625
3.0799343585968018,4.247339013099138,10.311837196350098
3.1858277320861816,4.307219363283366,10.279524803161621
3.1585750579833984,4.280786063089701,10.35163688659668
3.143030881881714,4.286152084258252,10.3431396484375
3.1611487865448,4.378575332462788,10.38717269897461
3.1770918369293213,4.289290492955063,10.452057838439941
3.177297353744507,4.37633114554254,10.468327522277832
3.0858938694000244,4.305362884886563,10.432462692260742
3.1802430152893066,4.288503867939913,10.340733528137207
3.190645694732666,4.292694739298896,10.389358520507812
3.170806884765625,4.3164531661729715,10.294232368469238
3.1498053073883057,4.302167826698029,10.499035835266113
3.1615617275238037,4.3124435290228575,10.382631301879883
3.136340379714966,4.321553402480537,10.42569637298584
3.1577341556549072,4.362164143240079,10.453085899353027
3.1754143238067627,4.304052081491267,10.490873336791992
3.1964950561523438,4.372100238322413,10.365684509277344
3.0760135650634766,4.336012984925349,10.464139938354492
3.1353187561035156,4.281339094475179,10.365931510925293
3.1184537410736084,4.265465595792713,10.3470458984375
3.123098373413086,4.230026879680476,10.3093900680542
3.1353509426116943,4.264320140837559,10.35293960571289
3.149261236190796,4.346761703857088,10.311735153198242
3.1268107891082764,4.28500642853656,10.409050941467285
3.1813104152679443,4.328669615588817,10.459178924560547
3.0956640243530273,4.289110524646405,10.403127670288086
3.142843008041382,4.3020434903446585,10.4208984375
3.112053155899048,4.381695914248537,10.450456619262695
3.0957741737365723,4.334348298775565,10.401407241821289
3.160724401473999,4.346000288746186,10.395800590515137
3.2124767303466797,4.310758681136317,10.400826454162598
3.147204637527466,4.30995888608907,10.343461990356445
3.134254217147827,4.368124881526455,10.413973808288574
3.140331506729126,4.363806303856628,10.420848846435547
3.0755646228790283,4.3509329222142705,10.39350700378418
3.1517245769500732,4.266053510264362,10.346858978271484
3.115767240524292,4.2867086978429665,10.425662994384766
3.1549620628356934,4.32596691328633,10.327747344970703
3.1051151752471924,4.255987396530275,10.509193420410156
3.1511449813842773,4.343031503193613,10.47504997253418
3.1237456798553467,4.282068198413721,10.426530838012695
3.1492791175842285,4.320171357564894,10.365632057189941
3.074903964996338,4.295689876124795,10.46165657043457
3.2268033027648926,4.360026730756675,10.346384048461914
3.1374990940093994,4.304833424743265,10.415773391723633
3.1678755283355713,4.3144984152168036,10.31617546081543
3.1595568656921387,4.355305182148836,10.34195327758789
3.1121573448181152,4.278673108966489,10.372701644897461
3.1579842567443848,4.288095717684233,10.476094245910645
3.1127307415008545,4.265222028795896,10.345537185668945
3.1282074451446533,4.2866300494144,10.317282676696777
3.1375904083251953,4.286368485839505,10.393587112426758
3.1056735515594482,4.257265963125975,10.350920677185059
3.1246728897094727,4.302487015258521,10.40323257446289
3.1149396896362305,4.326194615768535,10.347530364990234
3.120872974395752,4.236653584953664,10.352447509765625
3.1025197505950928,4.326784299586767,10.390623092651367
3.156132459640503,4.2901819170386135,10.356303215026855
3.147580146789551,4.32248689240909,10.398807525634766
3.1252667903900146,4.265367167669216,10.456517219543457
3.1315348148345947,4.335417210390524,10.389131546020508
3.2001941204071045,4.310487230607707,10.425801277160645
3.1563363075256348,4.348088408022055,10.41871452331543
3.097440004348755,4.329525970720819,10.376684188842773
3.182100772857666,4.305476589560775,10.404094696044922
3.173818826675415,4.301909028219857,10.377629280090332
3.1474881172180176,4.32358921794886,10.37447738647461
3.1087329387664795,4.31757860813689,10.412191390991211
3.1777682304382324,4.37036143772171,10.388978958129883
3.1368510723114014,4.38086704178048,10.364520072937012
3.1177310943603516,4.300867276199695,10.37794017791748
3.06618332862854,4.361212411496256,10.353261947631836
3.1004228591918945,4.299137043467324,10.434419631958008
3.0904712677001953,4.253820252737829,10.391336441040039
3.079251289367676,4.2235417959080745,10.373672485351562
3.1603872776031494,4.311627606229324,10.320427894592285
3.0558977127075195,4.380555079584675,10.399648666381836
3.147709369659424,4.342672061807077,10.392561912536621
3.1432254314422607,4.277329802745953,10.45298957824707
3.1077075004577637,4.3517866112690955,10.56694221496582
3.1846742630004883,4.335531735593188,10.462369918823242
3.1575467586517334,4.254311465026279,10.416849136352539
3.1518115997314453,4.3106881818468015,10.389859199523926
3.0987653732299805,4.390875875384414,10.3322114944458
3.1578495502471924,4.319723244324061,10.357176780700684
3.126913547515869,4.275470480888284,10.364965438842773
3.1321768760681152,4.314831863523327,10.377275466918945
3.1336677074432373,4.277267099857064,10.45651626586914
3.1269192695617676,4.260341102523463,10.319427490234375
3.173128366470337,4.318357507299099,10.355253219604492
3.1320273876190186,4.313938340571309,10.320556640625
3.1474709510803223,4.278188594683472,10.420761108398438
3.133906126022339,4.331283123431993,10.371015548706055
3.1183736324310303,4.366535733952852,10.44400691986084
3.109240770339966,4.297789864907307,10.408916473388672
3.1251461505889893,4.336782737701599,10.398386001586914
3.150912046432495,4.333499991501283,10.438811302185059
3.186800003051758,4.298539946022045,10.389601707458496
3.178985595703125,4.364468610446368,10.426305770874023
3.1422929763793945,4.269031340455903,10.350379943847656
3.127652645111084,4.281427451376137,10.414515495300293
3.177773952484131,4.331228234006891,10.38984489440918
3.1535534858703613,4.333995015659768,10.355792999267578
3.0488932132720947,4.258559321518987,10.42469596862793
3.10105037689209,4.311616452610386,10.374640464782715
3.118818521499634,4.298155430937186,10.420133590698242
3.13346791267395,4.2885904618805,10.354621887207031
3.1256511211395264,4.321342299392979,10.293025970458984
3.143388509750366,4.3923172909832955,10.463737487792969
3.13502836227417,4.2318191648394405,10.376678466796875
3.0931761264801025,4.291555312262582,10.430890083312988
3.119873523712158,4.276222836059918,10.416143417358398
3.212162494659424,4.34300164848433,10.418815612792969
3.1041171550750732,4.2619209902893225,10.427534103393555
3.190133810043335,4.3821840798149685,10.43591022491455
3.1650502681732178,4.365769054873714,10.380887985229492
3.108393669128418,4.280047970557852,10.445281028747559
3.1411590576171875,4.347243146937607,10.459732055664062
3.185934066772461,4.274836171717783,10.450132369995117
3.138416051864624,4.321113941060114,10.365845680236816
3.110305070877075,4.346579314908013,10.305970191955566
3.145378589630127,4.299036808311939,10.325828552246094
3.144639730453491,4.2695634928531945,10.412906646728516
3.151583194732666,4.3319569080735425,10.427181243896484
3.103850841522217,4.28792277181388,10.385168075561523
3.0409185886383057,4.265845506318978,10.358207702636719
3.092000722885132,4.237949638660731,10.342547416687012
3.082754135131836,4.297644666296296,10.390656471252441
3.1438472270965576,4.347677657214392,10.35157299041748
3.190279245376587,4.334178121793748,10.402284622192383
3.1087698936462402,4.314450077280136,10.376521110534668
3.080918788909912,4.331570426002145,10.387433052062988
3.137392997741699,4.30802407119024,10.366541862487793
3.1681337356567383,4.390681295422836,10.411321640014648
3.140944719314575,4.2917588646523654,10.352594375610352
3.1340863704681396,4.280170920803877,10.359454154968262
3.1686298847198486,4.283207255282573,10.466801643371582
3.112589120864868,4.2111807548374465,10.471467971801758
3.118570327758789,4.275072232820094,10.41759967803955
3.1374239921569824,4.348791547818109,10.419925689697266
3.117163896560669,4.375217536231503,10.368942260742188
3.1350021362304688,4.259156619830589,10.370787620544434
3.1813135147094727,4.322141925072563,10.424802780151367
3.1508936882019043,4.366043755651585,10.392444610595703
3.082249879837036,4.338116536083232,10.483453750610352
3.1217920780181885,4.284693544996637,10.369497299194336
3.180828094482422,4.299096687197952,10.45019245147705
3.0925791263580322,4.248089916604971,10.412766456604004
3.161985158920288,4.27823715703562,10.366188049316406
3.133751392364502,4.249203098804823,10.359386444091797
3.1411781311035156,4.264004361982058,10.313989639282227
3.1427464485168457,4.3406761160253415,10.318242073059082
3.1244969367980957,4.354337753927601,10.362897872924805
3.107844591140747,4.294666186906397,10.365228652954102
3.078861951828003,4.3301573571017276,10.40247631072998
3.1469340324401855,4.258016401968364,10.411592483520508
3.104220151901245,4.3167144379445475,10.472014427185059
3.203935384750366,4.274344807956367,10.425308227539062
3.1058850288391113,4.3591978999985646,10.378665924072266
3.102933406829834,4.336954639193468,10.328312873840332
3.1908907890319824,4.391867695143446,10.430095672607422
3.12187123298645,4.288346894916946,10.427092552185059
3.1047983169555664,4.310033685294911,10.332805633544922
3.146310567855835,4.276249858317896,10.369274139404297
3.182769298553467,4.286258931704132,10.468836784362793
3.1738884449005127,4.29604499674003,10.445063591003418
3.1609621047973633,4.364797427252467,10.35522174835205
3.1502437591552734,4.31479004827062,10.463706970214844
3.1079699993133545,4.275131888321734,10.383293151855469
3.1648645401000977,4.3115371916709195,10.370820999145508
3.143904685974121,4.310513723475326,10.450666427612305
3.1482365131378174,4.280530738511255,10.401484489440918
3.1052818298339844,4.341662217862904,10.439325332641602
3.128328561782837,4.283252890088728,10.417610168457031
3.123764991760254,4.301764425222895,10.341564178466797
3.1033177375793457,4.307810334887887,10.361330032348633
3.1197404861450195,4.308592324311445,10.349681854248047
3.178891897201538,4.278682230273262,10.406766891479492
3.0925521850585938,4.29178605677693,10.397010803222656
3.110747814178467,4.264472067522417,10.403351783752441
3.1447641849517822,4.372296727328961,10.500480651855469
3.0731356143951416,4.3144583664501885,10.382233619689941
3.1290361881256104,4.284727821459196,10.431007385253906
3.1481997966766357,4.257657858642883,10.345076560974121
3.137740135192871,4.335612271280427,10.399251937866211
3.1630032062530518,4.362588651012629,10.380338668823242
3.1512973308563232,4.31588936141426,10.4277925491333
3.0767900943756104,4.345299097908926,10.442450523376465
3.122549295425415,4.272818931411686,10.440898895263672
3.06122088432312,4.236367251956835,10.394842147827148
3.1191112995147705,4.254594068907733,10.351274490356445
3.1420302391052246,4.331104335109037,10.444757461547852
3.0931293964385986,4.273508700276061,10.427492141723633
3.129373073577881,4.297175387186663,10.403783798217773
3.091966152191162,4.278601042992835,10.419366836547852
3.1090221405029297,4.28340280631424,10.45258903503418
3.08555269241333,4.195080171838137,10.463619232177734
3.154217481613159,4.324771615177659,10.396373748779297
3.132394790649414,4.300702714860174,10.413384437561035
3.167590856552124,4.363996276565428,10.369192123413086
3.075131893157959,4.318976392603612,10.435537338256836
3.1124050617218018,4.285771026209529,10.529251098632812
3.1640191078186035,4.298461011610925,10.33778190612793
3.172898292541504,4.387193699866267,10.377217292785645
3.166600465774536,4.329681754977043,10.424070358276367
3.118360757827759,4.241138965822756,10.43166732788086
3.197415828704834,4.284979003248736,10.468202590942383
3.143040418624878,4.308717330917716,10.396773338317871
3.1167430877685547,4.235685563280381,10.30323314666748
3.15468692779541,4.230702852830291,10.487070083618164
3.120920419692993,4.3440069195016155,10.328577041625977
3.1033935546875,4.24536569612766,10.45926570892334
3.1532223224639893,4.280388626303258,10.396306037902832
3.16029691696167,4.260749510755496,10.382623672485352
3.149042844772339,4.281026669412053,10.399978637695312
3.1294424533843994,4.327516027526665,10.431983947753906
3.1399645805358887,4.3509760313733885,10.374029159545898
3.1063106060028076,4.353050751312236,10.352872848510742
3.1484758853912354,4.364001352872167,10.349252700805664
3.1305882930755615,4.293703971596967,10.36359977722168
3.094895839691162,4.230063648561814,10.495827674865723
3.1302428245544434,4.293708372528531,10.448939323425293
3.118304967880249,4.300119193570157,10.456729888916016
3.136509656906128,4.28806396224536,10.351821899414062
3.1594300270080566,4.304201180447958,10.356546401977539
3.078235387802124,4.3018888393749615,10.427458763122559
3.1462836265563965,4.285953200821366,10.43718147277832
3.1321866512298584,4.3244392378255725,10.410136222839355
3.0987603664398193,4.277786623886121,10.453831672668457
3.1014387607574463,4.290610686609787,10.441308975219727
3.097926139831543,4.285260338535799,10.445404052734375
3.126534938812256,4.292509682010859,10.367727279663086
3.1187751293182373,4.237901795855057,10.351398468017578
3.116311550140381,4.286566463598449,10.362993240356445
3.1327147483825684,4.318992350250482,10.387804985046387
3.101152181625366,4.26397544341827,10.435809135437012
3.0993340015411377,4.293577183104519,10.366283416748047
3.0983707904815674,4.33436070665318,10.458986282348633
3.174027919769287,4.306628437413435,10.447257995605469
3.1625471115112305,4.3259930429048845,10.36826229095459
3.1514599323272705,4.328195780216317,10.420970916748047
3.125324010848999,4.307181042918404,10.420928001403809
3.137277603149414,4.278602348208161,10.424617767333984
3.114895820617676,4.260883317229205,10.385425567626953
3.135751962661743,4.348736328871122,10.407154083251953
3.1423068046569824,4.30746358975635,10.436419486999512
3.0950050354003906,4.274703573003145,10.347230911254883
3.152986526489258,4.266894770919213,10.34100341796875
3.232358455657959,4.380010246199423,10.430474281311035
3.1302237510681152,4.284145077291344,10.419904708862305
3.1567225456237793,4.3185493963371435,10.516645431518555
3.1259446144104004,4.3324124806094915,10.378823280334473
3.17669677734375,4.321613713101085,10.424307823181152
3.102269172668457,4.329032948440207,10.388399124145508
3.1150877475738525,4.32805340071874,10.45613956451416
3.133479595184326,4.350485962117092,10.419333457946777
3.1642961502075195,4.303187349179228,10.403326034545898
3.127100944519043,4.356864963658154,10.406411170959473
3.138721466064453,4.249736850682114,10.377245903015137
3.11098313331604,4.276009782649842,10.417598724365234
3.1156508922576904,4.331425920927098,10.414742469787598
3.0408594608306885,4.313341379498264,10.408496856689453
3.1415231227874756,4.2670088524131895,10.403562545776367
3.144724130630493,4.336698679153674,10.4458646774292
3.125555992126465,4.410301242688937,10.474422454833984
3.167889356613159,4.340925513866491,10.378763198852539
3.028125047683716,4.232165518516142,10.294730186462402
3.1097967624664307,4.2647640436688175,10.384710311889648
3.1250252723693848,4.312308967412848,10.452259063720703
3.1270952224731445,4.322617723174126,10.311538696289062
3.1063425540924072,4.188729358238302,10.413125991821289
3.041303873062134,4.241139921725595,10.331080436706543
3.0906310081481934,4.317964275567127,10.337282180786133
3.1504411697387695,4.3184568002221315,10.380106925964355
3.1635489463806152,4.2985848163454135,10.313016891479492
3.141878366470337,4.332968882251797,10.438040733337402
3.1142349243164062,4.329847117021147,10.34349250793457
3.1286699771881104,4.273032223439909,10.416000366210938
3.151236057281494,4.328403887538506,10.429500579833984
3.1894617080688477,4.275357269050022,10.397611618041992
3.1959872245788574,4.28910609437818,10.45019817352295
3.1659183502197266,4.348394398976651,10.365036964416504
3.110898971557617,4.284767899628995,10.426115989685059
3.126969337463379,4.319213743122028,10.429242134094238
3.2392594814300537,4.342923669044726,10.364603996276855
3.154583215713501,4.281649390302066,10.358190536499023
3.0680172443389893,4.273415112502074,10.340824127197266
3.1552815437316895,4.285191896571113,10.345074653625488
3.1088943481445312,4.30254352488555,10.377847671508789
3.04905366897583,4.301295404122876,10.355385780334473
3.06608510017395,4.245053214919088,10.482379913330078
3.1079957485198975,4.324454079315598,10.311066627502441
3.128481388092041,4.277636897051707,10.409952163696289
3.169567346572876,4.365407011904089,10.435514450073242
3.0993661880493164,4.288318443344906,10.370006561279297
3.139981508255005,4.261591345836808,10.345329284667969
3.1651711463928223,4.358770015582975,10.338787078857422
3.1192078590393066,4.2575828028909335,10.435650825500488
3.0882129669189453,4.33130169091081,10.46437931060791
3.1266727447509766,4.357095843380582,10.432562828063965
3.097193717956543,4.219194358580612,10.396024703979492
3.102083921432495,4.266089515261618,10.401529312133789
3.111823797225952,4.296723261375779,10.337146759033203
3.1527621746063232,4.349604946660942,10.41910171508789
3.174746036529541,4.387999083780284,10.456496238708496
3.1179912090301514,4.2345425355181625,10.46078109741211
3.1427557468414307,4.2994918486635605,10.340019226074219
3.0882184505462646,4.303233719896524,10.380352020263672
3.1783289909362793,4.359660178223359,10.333927154541016
3.144008159637451,4.283553429646417,10.370227813720703
3.1134395599365234,4.299724486856055,10.452272415161133
3.096385955810547,4.32210251705588,10.298771858215332
3.1574513912200928,4.284459920034612,10.339981079101562
3.216505765914917,4.366636025885652,10.41301155090332
3.06193208694458,4.348891301546247,10.420154571533203
3.169991970062256,4.253226912014984,10.367938041687012
3.129976511001587,4.300100990005636,10.35992431640625
3.0838794708251953,4.285541080703426,10.374814987182617
3.0676326751708984,4.320735354608456,10.457001686096191
3.1485607624053955,4.312202523894874,10.395777702331543
3.1029093265533447,4.2860872386954725,10.456668853759766
3.1386260986328125,4.307222148902448,10.401192665100098
3.0853631496429443,4.280095779436774,10.421332359313965
3.0668575763702393,4.278027288881796,10.324790954589844
3.1189799308776855,4.284589703194797,10.367636680603027
3.0893588066101074,4.348510847593259,10.473156929016113
3.1108129024505615,4.340561425512922,10.388206481933594
3.1242856979370117,4.329005568388052,10.414307594299316
3.162351369857788,4.369225407052519,10.418220520019531
3.174682855606079,4.293941515298294,10.392086029052734
3.16317081451416,4.354040176773975,10.466203689575195
3.1312127113342285,4.343786114194829,10.419832229614258
3.129606008529663,4.296697284460866,10.42626953125
3.1520352363586426,4.308073111710006,10.41069507598877
3.1733310222625732,4.3705420065671206,10.411334991455078
3.1438469886779785,4.26037560732636,10.31808853149414
3.1009933948516846,4.300987973476627,10.342910766601562
3.15146541595459,4.296969334761213,10.2466459274292
3.1489617824554443,4.296841699829591,10.408441543579102
3.153228998184204,4.324259796113308,10.341710090637207
3.132187843322754,4.334604031472866,10.330266952514648
3.087283134460449,4.290885910292024,10.456161499023438
3.0648045539855957,4.2564991556241045,10.432404518127441
3.1457364559173584,4.289504039334134,10.371767044067383
3.0982329845428467,4.3277466674667915,10.419776916503906
3.120495557785034,4.262224869237149,10.418569564819336
3.1395978927612305,4.305402644277949,10.473003387451172
3.1388802528381348,4.309134201412754,10.361543655395508
3.1973249912261963,4.324220408286368,10.486818313598633
3.1134533882141113,4.358812811219001,10.351329803466797
3.1811752319335938,4.365684626723773,10.447242736816406
3.1352689266204834,4.326756721428995,10.314162254333496
3.117748498916626,4.344374020484143,10.33199405670166
3.1291518211364746,4.263267902790436,10.363773345947266
3.0527169704437256,4.228818505669811,10.44698429107666
3.133256673812866,4.322379743015127,10.428226470947266
3.1645209789276123,4.359307427524722,10.331197738647461
3.16894268989563,4.2299554669630846,10.338814735412598
3.0985043048858643,4.300079644657671,10.519721984863281
3.197521448135376,4.265669894837109,10.433494567871094
3.1068923473358154,4.308975875876579,10.373533248901367
3.098853826522827,4.26689026787478,10.40425968170166
3.094022512435913,4.2563118051870585,10.316452026367188
3.1305243968963623,4.274561672870602,10.462860107421875
3.071648359298706,4.303421229789299,10.346020698547363
3.1281399726867676,4.317664554941335,10.415420532226562
3.139333724975586,4.300051446438634,10.41443920135498
3.1279377937316895,4.314512878955741,10.431354522705078
3.1080265045166016,4.323378685296381,10.380889892578125
3.0802111625671387,4.273056584576677,10.338800430297852
3.159524917602539,4.305502962886488,10.437313079833984
3.077115535736084,4.258723038780902,10.316301345825195
3.129746675491333,4.330025759226244,10.412735939025879
3.137786388397217,4.402076217113063,10.425555229187012
3.143362045288086,4.321761321841873,10.357867240905762
3.1262331008911133,4.298229734646156,10.396769523620605
3.0755817890167236,4.308077013984855,10.429496765136719
3.1710922718048096,4.248329628624821,10.426867485046387
3.1544289588928223,4.275498181681281,10.416082382202148
3.1602816581726074,4.280956550966949,10.367805480957031
3.1266441345214844,4.309667188640949,10.353519439697266
3.1369740962982178,4.306106744134532,10.42587661743164
3.1137444972991943,4.24394974621412,10.413455963134766
3.158344268798828,4.309544441689338,10.391117095947266
3.1147756576538086,4.217798823257909,10.398751258850098
3.131633996963501,4.307026189186477,10.417373657226562
3.1430156230926514,4.323699334070885,10.355487823486328
3.1294784545898438,4.237819896345692,10.319940567016602
3.1254160404205322,4.270547169227419,10.433490753173828
3.142045259475708,4.341977195847514,10.380571365356445
3.117002010345459,4.256373356661892,10.462167739868164
3.1287097930908203,4.313324767796854,10.344428062438965
3.098987102508545,4.320810547497655,10.32392406463623
3.1172566413879395,4.28747399191239,10.445805549621582
3.1946964263916016,4.295205390712779,10.436383247375488
3.154803991317749,4.260734894612272,10.358022689819336
3.119845390319824,4.321158598509751,10.433557510375977
3.1197071075439453,4.263754157881652,10.426178932189941
3.203896999359131,4.288348987066587,10.387062072753906
3.095287322998047,4.297625268144268,10.349457740783691
3.1431424617767334,4.258269459075693,10.395923614501953
3.0771303176879883,4.273824027639681,10.350295066833496
3.159956693649292,4.279173573678626,10.391942024230957
3.123197317123413,4.314859068120962,10.427083969116211
3.0815229415893555,4.311528973680521,10.457230567932129
3.156825065612793,4.347581053485296,10.448671340942383
3.1563427448272705,4.273977964384748,10.473575592041016
3.119929552078247,4.205508100101724,10.431471824645996
3.1240293979644775,4.358981316510056,10.358989715576172
3.171654462814331,4.301486406109429,10.416736602783203
3.130211114883423,4.313423559901172,10.408421516418457
3.20336651802063,4.2587452981221885,10.440797805786133
3.0770721435546875,4.240501354747851,10.437232971191406
3.1997873783111572,4.2813648764110575,10.379669189453125
3.0744881629943848,4.188641341336604,10.345978736877441
3.14997935295105,4.291147058796404,10.451175689697266
3.132974863052368,4.305826489314702,10.383216857910156
3.0944886207580566,4.278905441319304,10.375349044799805
3.1556148529052734,4.251461136720277,10.44005012512207
3.0885980129241943,4.326908191167084,10.381017684936523
3.168410062789917,4.342815469451515,10.42288875579834
3.1240949630737305,4.336548018269241,10.39667797088623
3.1236870288848877,4.3623243370093405,10.308449745178223
3.1331489086151123,4.297966997571555,10.338573455810547
3.1950199604034424,4.340633197521258,10.344841957092285
3.0900704860687256,4.313655866476308,10.424623489379883
3.1423938274383545,4.305684476758221,10.388710021972656
3.075737953186035,4.31493184466048,10.378780364990234
3.1137354373931885,4.319947474536353,10.382221221923828
3.079857587814331,4.287409859343565,10.333879470825195
3.077148914337158,4.241151638861214,10.357773780822754
3.1831765174865723,4.35799704532006,10.333288192749023
3.106409788131714,4.294989750121854,10.319226264953613
3.1661500930786133,4.29339501215145,10.40623664855957
3.108799695968628,4.3140810301327805,10.414519309997559
3.120689868927002,4.321288551237169,10.389192581176758
3.141340494155884,4.284112875083728,10.406641006469727
3.119609832763672,4.297104176865625,10.404657363891602
3.1219100952148438,4.199939992810999,10.388352394104004
3.083099365234375,4.3334068783026725,10.405501365661621
3.1443254947662354,4.30265434136215,10.396234512329102
3.1167750358581543,4.323037379720647,10.503259658813477
3.0934274196624756,4.247338565498857,10.449524879455566
3.075322151184082,4.262927579826542,10.362456321716309
3.174201726913452,4.374606518074871,10.381941795349121
3.0804853439331055,4.259966706956869,10.352622032165527
3.0788071155548096,4.231954775351499,10.355037689208984
3.195262908935547,4.319879824794563,10.387337684631348
3.084411859512329,4.24935004690529,10.416485786437988
3.1339213848114014,4.326999714465013,10.37968635559082
3.1237566471099854,4.31806328656551,10.356264114379883
3.1964259147644043,4.35729995256822,10.442305564880371
3.121060609817505,4.32693131477572,10.378042221069336
3.1815972328186035,4.306935345620982,10.468202590942383
3.1497268676757812,4.3538502073913286,10.345308303833008
3.144820213317871,4.270717056667698,10.47689437866211
3.0391712188720703,4.305671610969252,10.431554794311523
3.1788175106048584,4.33733617604178,10.349408149719238
3.1462812423706055,4.305815628463669,10.413909912109375
3.1184000968933105,4.272061389505065,10.430413246154785
3.147090196609497,4.285473726889385,10.474352836608887
3.1598379611968994,4.304262758798099,10.347301483154297
3.0890953540802,4.336136502579652,10.3069429397583
3.1515088081359863,4.299361349549145,10.375587463378906
3.1665945053100586,4.338757031763505,10.489810943603516
3.1288461685180664,4.31817332209487,10.410707473754883
3.1485352516174316,4.283310651679391,10.33325481414795
3.202209234237671,4.304500749434477,10.424002647399902
3.169118881225586,4.3342824449563135,10.422897338867188
3.132028102874756,4.343608653671774,10.402457237243652
3.165107250213623,4.285740542292063,10.37342643737793
3.1488499641418457,4.260178213606455,10.437666893005371
3.1785531044006348,4.2834005508505335,10.368886947631836
3.074875831604004,4.268934606042292,10.440608024597168
3.1531054973602295,4.282815695208098,10.480450630187988
3.1776463985443115,4.327261987641187,10.385303497314453
3.1052229404449463,4.297807267102014,10.372197151184082
3.096550703048706,4.280785978771746,10.456466674804688
3.102512836456299,4.320302144690816,10.41273021697998
3.1586666107177734,4.276840790806871,10.379063606262207
3.1291041374206543,4.246000192427474,10.366026878356934
3.153104305267334,4.30103605100885,10.426809310913086
3.109038829803467,4.31029219715856,10.363136291503906
3.136479139328003,4.244548310459193,10.474067687988281
3.1316962242126465,4.336541821714491,10.440367698669434
3.1823456287384033,4.315868385269173,10.3687744140625
3.1442949771881104,4.3680494536446135,10.37844181060791
3.1702263355255127,4.343601236951405,10.34953498840332
3.133161783218384,4.3541350399609655,10.416913986206055
3.1032052040100098,4.303992578194343,10.386752128601074
3.1505274772644043,4.284407403386598,10.369364738464355
3.140188694000244,4.3390524491800795,10.399672508239746
3.1504428386688232,4.350589627932226,10.310626983642578
3.0912997722625732,4.266684445585789,10.349575996398926
3.1067614555358887,4.273050411936961,10.385272979736328
3.1268398761749268,4.307120240193658,10.372091293334961
3.104450225830078,4.290422197198495,10.443204879760742
3.1437578201293945,4.298082724679262,10.440903663635254
3.1086716651916504,4.2624904507704615,10.353330612182617
3.1501243114471436,4.319072749532228,10.435529708862305
3.1349406242370605,4.289178213736576,10.45372200012207
3.0941710472106934,4.314742666868759,10.389602661132812
3.073307752609253,4.241462012985721,10.330987930297852
3.1016204357147217,4.239695530750656,10.42613410949707
3.1142377853393555,4.320814601012639,10.319747924804688
3.1213669776916504,4.266455512360803,10.398448944091797
3.040811538696289,4.25507047170374,10.444906234741211
3.0761361122131348,4.250726962329021,10.310338020324707
3.060539484024048,4.216830524915298,10.360016822814941
3.1770741939544678,4.30002491581919,10.36352252960205
3.1236937046051025,4.268222514273865,10.426356315612793
3.127615451812744,4.308987286440762,10.428319931030273
3.0965116024017334,4.3382576146229574,10.365614891052246
3.069817543029785,4.31446822536444,10.392515182495117
3.2122859954833984,4.3023252497493685,10.412785530090332
3.0950770378112793,4.356681689952633,10.455954551696777
3.16636061668396,4.372999768604392,10.341004371643066
3.1663100719451904,4.325485963507422,10.36027717590332
3.1381428241729736,4.304224083133574,10.494617462158203
3.138578414916992,4.222979845911531,10.436531066894531
3.1244077682495117,4.280995153323082,10.427129745483398
3.0819761753082275,4.325706165516749,10.429664611816406
3.1470038890838623,4.344575951075448,10.35324764251709
3.1838836669921875,4.30903053712765,10.424874305725098
3.070735454559326,4.289926948890622,10.408411026000977
3.104749917984009,4.305693442434339,10.37965202331543
3.072070360183716,4.31597984808364,10.425223350524902
3.0623908042907715,4.2729221428744495,10.38856315612793
3.1062514781951904,4.394519340513008,10.390265464782715
3.0891435146331787,4.269855692151136,10.352102279663086
3.1098499298095703,4.231854799369882,10.441546440124512
3.0421090126037598,4.25661092836942,10.417654037475586
3.119028091430664,4.292932952687677,10.385721206665039
3.167909860610962,4.287851035195802,10.465307235717773
3.09660005569458,4.317918426224163,10.368409156799316
3.160949945449829,4.359497386263683,10.314201354980469
3.1537177562713623,4.268963738710486,10.45390796661377
3.126682758331299,4.339904237671623,10.458281517028809
3.159471035003662,4.307607963082514,10.358109474182129
3.1746602058410645,4.286818969096722,10.340517044067383
3.1152231693267822,4.294892927997613,10.401023864746094
3.1408164501190186,4.2987487155145825,10.436433792114258
3.1575357913970947,4.316921833969121,10.392571449279785
3.046704053878784,4.257045674570171,10.389518737792969
3.1522183418273926,4.257348724241767,10.374276161193848
3.1189005374908447,4.347821318477924,10.378931999206543
3.150252103805542,4.276846819424203,10.379344940185547
3.1139533519744873,4.307902734360791,10.4270601272583
3.151644468307495,4.290613042789378,10.40298080444336
3.0786492824554443,4.258822426998189,10.46829605102539
3.189546823501587,4.331379831435957,10.26396656036377
3.155093193054199,4.305093961834376,10.522911071777344
3.115926504135132,4.310208375299616,10.434159278869629
3.0532877445220947,4.277100184865827,10.43182373046875
3.146883964538574,4.340681127139501,10.409719467163086
3.1786043643951416,4.329052516625129,10.413422584533691
3.1080539226531982,4.318416051633124,10.328353881835938
3.1554195880889893,4.276163167153884,10.426895141601562
3.092237949371338,4.30851792008616,10.313515663146973
3.067105531692505,4.317362524136635,10.405591011047363
3.096519708633423,4.3169406567301065,10.3192777633667
3.1423075199127197,4.309584423533774,10.39841079711914
3.105520248413086,4.3610633400135805,10.328782081604004
3.108532428741455,4.300289304494592,10.441558837890625
3.0908424854278564,4.2495845920805415,10.510580062866211
3.1302011013031006,4.305361671273464,10.373571395874023
3.131273031234741,4.2928322634792755,10.409153938293457
3.0563766956329346,4.295698751595669,10.37878704071045
3.2442455291748047,4.347232326000397,10.384737014770508
3.1445279121398926,4.290878170768597,10.428906440734863
3.1578476428985596,4.305061913893692,10.426620483398438
3.169750928878784,4.383143784910707,10.331103324890137
3.1245670318603516,4.284485455402838,10.320450782775879
3.1288304328918457,4.265113844469721,10.46973705291748
3.1837522983551025,4.370129007979163,10.347097396850586
3.1329410076141357,4.307014095131307,10.440657615661621
3.08955454826355,4.270949668583593,10.441709518432617
3.1059532165527344,4.221384650661744,10.304191589355469
3.144162893295288,4.300133783702872,10.352510452270508
3.061479330062866,4.2169824392933934,10.431412696838379
3.0587165355682373,4.317788974781121,10.414289474487305
3.1156418323516846,4.268036331582282,10.453351974487305
3.1388869285583496,4.334651069283219,10.412679672241211
3.159139633178711,4.321477807625862,10.36346435546875
3.2047441005706787,4.349962359127988,10.402393341064453
3.1226024627685547,4.344527784335826,10.512200355529785
3.1184754371643066,4.304408345105393,10.411277770996094
3.1534945964813232,4.252059579194922,10.39671802520752
3.0580785274505615,4.276754059595987,10.310638427734375
3.147444248199463,4.281005082153049,10.43730640411377
3.1965348720550537,4.302401808323339,10.260292053222656
3.1972198486328125,4.3184496768018485,10.407217979431152
3.111886739730835,4.262649671174586,10.401704788208008
3.153505325317383,4.373876511451921,10.305288314819336
3.1710140705108643,4.265537689506476,10.355978012084961
3.149785280227661,4.347091415497873,10.413997650146484
3.1076571941375732,4.276094005044017,10.405790328979492
3.151735782623291,4.354971061593719,10.429194450378418
3.050607919692993,4.338795951101929,10.486358642578125
3.1028859615325928,4.306336619359041,10.343490600585938
3.1835901737213135,4.3267325899297635,10.405258178710938
3.165424346923828,4.326410954053114,10.423750877380371
3.1167380809783936,4.327108665070098,10.311838150024414
3.1643457412719727,4.221385604269536,10.407310485839844
3.0675370693206787,4.281556301184797,10.374351501464844
3.1180458068847656,4.329694707877934,10.451557159423828
3.1439502239227295,4.288137861427718,10.399648666381836
3.0654685497283936,4.283349164728341,10.483966827392578
3.1227259635925293,4.304068109153636,10.339542388916016
3.061460494995117,4.255609546289114,10.450223922729492
3.14871883392334,4.2828659383314,10.42853832244873
3.1777193546295166,4.315819438912773,10.370407104492188
3.1102371215820312,4.289469497112026,10.51632308959961
3.107156991958618,4.334617723511266,10.43066120147705
3.1213300228118896,4.2675498524082025,10.445359230041504
3.1080689430236816,4.300457521707618,10.414281845092773
3.1444196701049805,4.318261571760689,10.413331985473633
3.1266684532165527,4.35596085785489,10.327981948852539
3.162546396255493,4.25865285564214,10.407634735107422
3.152108907699585,4.326793244175081,10.455795288085938
3.0970537662506104,4.331847171498728,10.365152359008789
3.041653633117676,4.321158003394625,10.360990524291992
3.102278470993042,4.28402281043652,10.35593032836914
3.1903669834136963,4.360345610118071,10.349921226501465
3.112473726272583,4.287679767468944,10.461844444274902
3.137359857559204,4.282079387156824,10.458711624145508
3.0897207260131836,4.2624073282349855,10.371988296508789
3.128864288330078,4.2553772862801065,10.419119834899902
3.1062870025634766,4.24495999258943,10.457651138305664
3.211470127105713,4.327323908252375,10.362507820129395
3.148819923400879,4.335191137057597,10.458333015441895
3.1594889163970947,4.335511222614773,10.41547966003418
3.132509469985962,4.294172943037536,10.396896362304688
3.143205404281616,4.346842521602022,10.464719772338867
3.1212596893310547,4.319608459814584,10.407638549804688
3.1057043075561523,4.261620187533222,10.368539810180664
3.1016039848327637,4.260842576157302,10.390573501586914
3.0736494064331055,4.313657723001337,10.37181568145752
3.0803444385528564,4.386572231472071,10.369039535522461
3.214538812637329,4.315848530669297,10.401240348815918
3.115997552871704,4.224695467622951,10.31330394744873
3.1513466835021973,4.302218905250942,10.451108932495117
3.1407124996185303,4.355451451547976,10.517045974731445
3.189166784286499,4.27883333356918,10.404876708984375
3.1346542835235596,4.291606447293557,10.359550476074219
3.1849186420440674,4.373459004231596,10.42308521270752
3.1257317066192627,4.23642530871023,10.449710845947266
3.1155500411987305,4.288094638680507,10.381394386291504
3.0476396083831787,4.275770519527474,10.360578536987305
3.1403708457946777,4.369301388472584,10.39775276184082
3.1128525733947754,4.309853216599939,10.371236801147461
3.0795822143554688,4.254381100547367,10.420660018920898
3.1025261878967285,4.269102321671588,10.407349586486816
3.0693271160125732,4.284839816358207,10.316014289855957
3.071221351623535,4.323427690691981,10.38250732421875
3.1108975410461426,4.296956650746454,10.344528198242188
3.1483476161956787,4.260728268085846,10.422957420349121
3.1225898265838623,4.270221567579678,10.318687438964844
3.1023964881896973,4.335927248932421,10.483031272888184
3.1117773056030273,4.315023637742603,10.465086936950684
3.111628770828247,4.350383663051097,10.378888130187988
3.2149672508239746,4.30627420953741,10.477206230163574
3.162078380584717,4.319977449818647,10.426981925964355
3.1723098754882812,4.356968800969688,10.508110046386719
3.146394968032837,4.3748120673533,10.345817565917969
3.1800503730773926,4.316712148919968,10.340811729431152
3.1171746253967285,4.2260748218146285,10.324636459350586
3.1697001457214355,4.3342448345252444,10.397956848144531
3.1396596431732178,4.318394761532545,10.497035026550293
3.1860992908477783,4.3211260949860195,10.328343391418457
3.190368413925171,4.342178904384906,10.378249168395996
3.120495557785034,4.343409576852407,10.439391136169434
3.0318655967712402,4.271351737635476,10.40969467163086
3.1335737705230713,4.300093826106084,10.362624168395996
3.136488676071167,4.281382683365207,10.421102523803711
3.153564214706421,4.310333337002834,10.34086799621582
3.0912818908691406,4.290015195197026,10.370296478271484
3.1241610050201416,4.287626654541652,10.411235809326172
3.1284852027893066,4.302781194348687,10.377226829528809
3.084739923477173,4.314042592088559,10.416799545288086
3.134084463119507,4.349315471381748,10.35737419128418
3.1743247509002686,4.290873809684334,10.408014297485352
3.1882646083831787,4.277290376801311,10.428459167480469
3.1917295455932617,4.3097422902605365,10.385960578918457
3.1666676998138428,4.272750370171187,10.506717681884766
3.094128131866455,4.264151673996821,10.425239562988281
3.0958080291748047,4.29732887832714,10.360791206359863
3.1356630325317383,4.336865843173915,10.371052742004395
3.139606475830078,4.315454222594521,10.352621078491211
3.1819190979003906,4.36210298494968,10.428593635559082
3.1384265422821045,4.393485542453293,10.424346923828125
3.1019253730773926,4.242909390612372,10.343049049377441
3.1059720516204834,4.271706714827035,10.381563186645508
3.1296756267547607,4.2198149263858795,10.343718528747559
3.1962969303131104,4.343962049178247,10.467690467834473
3.1356005668640137,4.287416695351048,10.416507720947266
3.1578209400177,4.330125978083482,10.379371643066406
3.109954357147217,4.294800740001457,10.43689250946045
3.1528286933898926,4.2812683705373535,10.337981224060059
3.0988316535949707,4.232971048548019,10.37310791015625
3.15268611907959,4.30568759592383,10.291921615600586
3.106121063232422,4.344349029972883,10.402828216552734
3.137465238571167,4.330320851810808,10.447746276855469
3.1643290519714355,4.265826556997906,10.391402244567871
3.116382122039795,4.260913506250031,10.49587631225586
3.1815171241760254,4.260305724073468,10.316295623779297
3.181166410446167,4.279760134938572,10.353384971618652
3.119382619857788,4.3347827986082335,10.411669731140137
3.096468210220337,4.2388015022235255,10.334033966064453
3.133725643157959,4.367217966554953,10.391191482543945
3.076810359954834,4.301624398811587,10.406970977783203
3.090567111968994,4.250820287303734,10.336145401000977
3.182945728302002,4.264349853054488,10.376577377319336
3.1494953632354736,4.318748662547607,10.334495544433594
3.1085424423217773,4.278424751113302,10.386482238769531
3.133007287979126,4.302690470059003,10.445368766784668
3.1571450233459473,4.275848372739607,10.43840217590332
3.190480947494507,4.368073524873971,10.387174606323242
3.1179933547973633,4.286627854386877,10.436101913452148
3.1687071323394775,4.295760789886117,10.400678634643555
3.1223793029785156,4.250135931252901,10.36396312713623
3.0656890869140625,4.29967584224817,10.406654357910156
3.1220130920410156,4.347216312474172,10.400837898254395
3.130136728286743,4.324419093517853,10.340784072875977
3.1252968311309814,4.253116969218744,10.395029067993164
3.12894606590271,4.2750737397000185,10.424896240234375
3.0830435752868652,4.235460377431341,10.38518238067627
3.1068272590637207,4.347401085875131,10.404903411865234
3.164430856704712,4.298108220965203,10.411577224731445
3.1023378372192383,4.321799784965281,10.402793884277344
3.0916519165039062,4.255847886803427,10.433883666992188
3.1241414546966553,4.274870081372292,10.420693397521973
3.0799684524536133,4.261423811981721,10.374711990356445
3.120429039001465,4.288641979818099,10.470592498779297
3.1690287590026855,4.272993139922619,10.447471618652344
3.1105458736419678,4.349060750167284,10.297507286071777
3.086081027984619,4.232648861993637,10.405746459960938
3.148179531097412,4.2803772688577215,10.39746379852295
3.1549906730651855,4.327795995000217,10.458996772766113
3.1486551761627197,4.334328149245786,10.331117630004883
3.155916452407837,4.293200046356236,10.40890121459961
3.1132724285125732,4.28433872273724,10.438104629516602
3.1194489002227783,4.338622680333044,10.423884391784668
3.141456365585327,4.324162505833165,10.408637046813965
3.1844756603240967,4.310171268447967,10.402265548706055
3.1344947814941406,4.292542298923114,10.362035751342773
3.0641255378723145,4.272104205863018,10.456202507019043
3.1064627170562744,4.360401345549949,10.337472915649414
3.1061887741088867,4.359956806625372,10.355278968811035
3.1191132068634033,4.3040533762957365,10.380720138549805
3.1447198390960693,4.313246482816925,10.438272476196289
3.1685116291046143,4.329360743419134,10.401655197143555
3.137632369995117,4.273021041681724,10.425270080566406
3.1405067443847656,4.2567578054232795,10.488700866699219
3.140582323074341,4.267556852428243,10.42068862915039
3.1721277236938477,4.281361114133948,10.340683937072754
3.0593907833099365,4.305823131231591,10.476710319519043
3.1162686347961426,4.248784987655069,10.329154968261719
3.1811604499816895,4.27622053662448,10.447071075439453
3.1532845497131348,4.312204361494099,10.41933822631836
3.0406394004821777,4.267258921804439,10.313706398010254
3.1322507858276367,4.264369460787358,10.361455917358398
3.0779128074645996,4.256503219184066,10.356093406677246
3.148872137069702,4.3095357326591115,10.447256088256836
3.104483127593994,4.34179637361584,10.363502502441406
3.0290048122406006,4.316705458730991,10.551308631896973
3.1361331939697266,4.237986801657826,10.434880256652832
3.100857973098755,4.323446327421282,10.323973655700684
3.1637282371520996,4.3328977185634105,10.386946678161621
3.1439006328582764,4.282382391792322,10.357417106628418
3.12823224067688,4.289775363103088,10.405081748962402
3.1486504077911377,4.237048022548801,10.441241264343262
3.095137357711792,4.324781594664922,10.475239753723145
3.1096906661987305,4.264601420278528,10.415596008300781
3.088249683380127,4.292131133976259,10.45058536529541
3.067720413208008,4.25922091395062,10.434328079223633
3.1154301166534424,4.300793089338446,10.417945861816406
3.154747724533081,4.2872203628732155,10.447059631347656
2.9933154582977295,4.284555722493677,10.364175796508789
3.132434606552124,4.356199600002063,10.314279556274414
3.1098291873931885,4.2737204410202265,10.418423652648926
3.0945322513580322,4.312671947392768,10.32844352722168
3.0909132957458496,4.319307589404551,10.353317260742188
3.0984396934509277,4.273249779495277,10.460604667663574
3.126037836074829,4.277558937302923,10.427892684936523
3.1203699111938477,4.29066750560222,10.408730506896973
3.0792880058288574,4.335487772178437,10.406890869140625
3.1824114322662354,4.373361035549481,10.385913848876953
3.1389596462249756,4.380676628955241,10.324423789978027
3.1258230209350586,4.236309730348045,10.384039878845215
3.081453800201416,4.276746039112498,10.385430335998535
3.1317331790924072,4.33126965401295,10.387823104858398
3.1798858642578125,4.273151807420488,10.42412281036377
3.0991432666778564,4.318349343724548,10.43642807006836
3.1076760292053223,4.251827813718202,10.337952613830566
3.143588066101074,4.2502350659508785,10.406132698059082
3.108631134033203,4.262952776758799,10.30798625946045
3.1321182250976562,4.340006904044587,10.51990032196045
3.1578738689422607,4.331550533949797,10.31844425201416
3.112053632736206,4.279325722550442,10.362144470214844
3.19033145904541,4.32588282157667,10.383437156677246
3.1377787590026855,4.300558164516198,10.411643028259277
3.084322452545166,4.256871831337255,10.474466323852539
3.1249451637268066,4.2986323242408355,10.405900001525879
3.101188898086548,4.263675027626699,10.3734130859375
3.104649066925049,4.291174181670483,10.383419036865234
3.1129038333892822,4.32456185146501,10.400505065917969
3.153385639190674,4.329695845155843,10.361534118652344
3.0600831508636475,4.314622325556619,10.513051986694336
3.0646378993988037,4.31411451776512,10.400911331176758
3.0923120975494385,4.232753117136391,10.415338516235352
3.1059646606445312,4.329204866895452,10.473886489868164
3.1284899711608887,4.298564993610073,10.350417137145996
3.194578170776367,4.332635968690738,10.472269058227539
3.153592824935913,4.325083795668823,10.363624572753906
3.0537772178649902,4.314345634110006,10.405348777770996
3.124581813812256,4.298024311395628,10.417719841003418
3.1879446506500244,4.319260651378759,10.382034301757812
3.1219840049743652,4.3158554491986125,10.317201614379883
3.118497848510742,4.28909884629372,10.367599487304688
3.0844051837921143,4.293862290214747,10.421881675720215
3.157460927963257,4.298502312174866,10.420571327209473
3.183591365814209,4.2840541412255595,10.461602210998535
3.0753226280212402,4.238204172446525,10.464183807373047
3.1437251567840576,4.324198660573789,10.429973602294922
3.1442677974700928,4.301531551738403,10.384587287902832
3.111660957336426,4.341925720883799,10.399715423583984
3.0871384143829346,4.295542364707217,10.446510314941406
3.1286849975585938,4.319068432586001,10.413297653198242
3.1200783252716064,4.27841683556991,10.449295997619629
3.093790054321289,4.276657031849027,10.48946762084961
3.094635248184204,4.294181219767779,10.449759483337402
3.163853168487549,4.335316863376647,10.368753433227539
3.161520004272461,4.3766620946116745,10.409706115722656
3.182854175567627,4.2528641664622615,10.408930778503418
3.0799803733825684,4.317595873227608,10.376948356628418
3.2145965099334717,4.259358847946195,10.417739868164062
3.2077250480651855,4.283893940571163,10.352286338806152
3.12968111038208,4.312381962280987,10.370346069335938
3.0871212482452393,4.298557436625872,10.367104530334473
3.0914478302001953,4.29246254737622,10.402067184448242
3.1445152759552,4.33387626361634,10.480647087097168
3.134347438812256,4.269118467179527,10.440702438354492
3.1622824668884277,4.3248826329862435,10.371850967407227
3.135321855545044,4.240290570372184,10.349735260009766
3.0645885467529297,4.2274554817870795,10.406696319580078
3.109490156173706,4.27428761038131,10.359721183776855
3.1462559700012207,4.314243293267542,10.480972290039062
3.0792272090911865,4.238520945122997,10.425201416015625
3.109499216079712,4.347205359887863,10.387920379638672
3.1577107906341553,4.409033063765881,10.386685371398926
3.138979911804199,4.32527658449752,10.327634811401367
3.1266040802001953,4.3114093544427305,10.434662818908691
3.115373134613037,4.344823286436233,10.364961624145508
3.0911662578582764,4.25639818352647,10.4464693069458
3.12469744682312,4.2019962589256465,10.447672843933105
3.1426713466644287,4.237406981942644,10.298641204833984
3.0897488594055176,4.325388730669926,10.36758804321289
3.1942741870880127,4.298813307059131,10.428093910217285
3.164151430130005,4.297036063424977,10.383712768554688
3.0859529972076416,4.274157333586897,10.434256553649902
3.107713222503662,4.322816224768758,10.365419387817383
3.1060028076171875,4.267412090075335,10.431647300720215
3.1586434841156006,4.24061996945446,10.457573890686035
3.0900533199310303,4.3179688296679934,10.392552375793457
3.1025357246398926,4.259963302174584,10.444093704223633
3.085066080093384,4.272759710538335,10.362491607666016
3.1384332180023193,4.293328290672175,10.306746482849121
3.1785967350006104,4.25340594840236,10.42870807647705
3.1086103916168213,4.302733300253749,10.47947883605957
3.146512746810913,4.281135684311657,10.405049324035645
3.1860430240631104,4.268080562153566,10.3250732421875
3.1165196895599365,4.283460669518847,10.409723281860352
3.0676393508911133,4.237673231101196,10.485654830932617
3.185070037841797,4.329462726933084,10.479238510131836
3.1126770973205566,4.254087327314275,10.372690200805664
3.1445090770721436,4.2725134715105275,10.340763092041016
3.176387071609497,4.344250418146008,10.416475296020508
3.1264808177948,4.312043275218457,10.318233489990234
3.1704559326171875,4.2679211473691145,10.493803977966309
3.132059335708618,4.236618610997019,10.436059951782227
3.130415201187134,4.305609786117982,10.43255615234375
3.071666717529297,4.2723966514957805,10.407397270202637
3.132601261138916,4.3257242704275995,10.389810562133789
3.1142489910125732,4.343594286989952,10.406885147094727
3.1003940105438232,4.284249825635925,10.404435157775879
3.138423204421997,4.247571920111243,10.42360782623291
3.135758876800537,4.289745849856574,10.447068214416504
3.1652872562408447,4.270029877478789,10.408408164978027
3.1141748428344727,4.303321137325837,10.398794174194336
3.054903268814087,4.235311229114553,10.42233943939209
3.1208386421203613,4.262000000204093,10.366435050964355
3.1399168968200684,4.276346268431682,10.405346870422363
3.122971534729004,4.325069501231025,10.386425018310547
3.1772351264953613,4.314113960302035,10.381019592285156
3.0964276790618896,4.31757007642383,10.4052095413208
3.1088006496429443,4.327015232893505,10.409276008605957
3.1800878047943115,4.311364960490859,10.334202766418457
3.101395845413208,4.2514414503239095,10.414474487304688
3.134779214859009,4.302847490213545,10.398506164550781
3.1070096492767334,4.232353462172407,10.408658981323242
3.204464912414551,4.322597155147897,10.341102600097656
3.107426404953003,4.254121600916343,10.25279426574707
3.083317279815674,4.313397764128501,10.35140609741211
3.058490514755249,4.274759656849451,10.417335510253906
3.073991537094116,4.297196768157717,10.480728149414062
3.1087915897369385,4.300927641768275,10.314544677734375
3.084726572036743,4.291328508539924,10.353347778320312
3.065059185028076,4.297881328899945,10.276335716247559
3.1691131591796875,4.31219364559677,10.376060485839844
3.1127705574035645,4.283679918086689,10.360294342041016
3.129056453704834,4.248398535785133,10.38144588470459
3.1140270233154297,4.247646375725578,10.404300689697266
3.183706760406494,4.376710222235748,10.37347412109375
3.1250061988830566,4.281658129733322,10.341287612915039
3.1571152210235596,4.247653448388778,10.29732894897461
3.07499361038208,4.272821011121518,10.302897453308105
3.0565919876098633,4.325502726216135,10.39844799041748
3.121368169784546,4.288167873264423,10.429973602294922
3.1088647842407227,4.263236780584391,10.37710952758789
3.1504955291748047,4.283544213910187,10.418949127197266
3.1214728355407715,4.328864922979847,10.403800964355469
3.130388021469116,4.308378031577117,10.326017379760742
3.142352819442749,4.320536204247869,10.455531120300293
3.0919981002807617,4.275475511926094,10.41334342956543
3.1417641639709473,4.355405293538102,10.467955589294434
3.0803210735321045,4.165382413293369,10.444499969482422
3.17789363861084,4.302974209355722,10.4291353225708
3.12800669670105,4.292414329513642,10.475963592529297
3.1396729946136475,4.354108522313514,10.437539100646973
3.13651442527771,4.28414280416577,10.324997901916504
3.0469613075256348,4.22445684714642,10.400629043579102
3.1379752159118652,4.221141204470769,10.296651840209961
3.18408203125,4.3326218012786875,10.340923309326172
3.1466081142425537,4.259948008760278,10.48972225189209
3.0688629150390625,4.257165572539504,10.443967819213867
3.138777017593384,4.299757701045435,10.392160415649414
3.0915820598602295,4.215131241296019,10.426918029785156
3.150456428527832,4.3143456304845005,10.321975708007812
3.0991458892822266,4.338065888533103,10.358675003051758
3.1124939918518066,4.293982320731239,10.393601417541504
3.1435317993164062,4.341042295364396,10.428241729736328
3.1368579864501953,4.311181367774095,10.396028518676758
3.1124002933502197,4.283038085226768,10.33007526397705
3.109713077545166,4.275609594337375,10.315746307373047
3.0922460556030273,4.311600978552764,10.419626235961914
3.1054186820983887,4.330875067206631,10.345959663391113
3.1376137733459473,4.266389043369729,10.447447776794434
3.0884552001953125,4.281773228198289,10.356475830078125
3.090043783187866,4.222963407203288,10.398327827453613
3.0776970386505127,4.310763939949019,10.404936790466309
3.0980594158172607,4.247842140129901,10.39461612701416
3.110335111618042,4.303318787632244,10.398579597473145
3.0778167247772217,4.274552717405771,10.332226753234863
3.1839535236358643,4.2824931726790965,10.379444122314453
3.108654499053955,4.395541082735041,10.490827560424805
3.1462974548339844,4.3371516582223455,10.415406227111816
3.1077637672424316,4.284745136408934,10.399148941040039
3.1019287109375,4.326946632903335,10.38275146484375
3.089521646499634,4.2851091588049055,10.374123573303223
3.182345390319824,4.317096361092159,10.420238494873047
3.1128756999969482,4.321835180478437,10.43814754486084
3.099806308746338,4.340844939263272,10.450194358825684
3.0818097591400146,4.2805075009486515,10.366607666015625
3.1316051483154297,4.332403720190217,10.399211883544922
3.171556234359741,4.279083616333082,10.379423141479492
3.090196371078491,4.263397999074576,10.314838409423828
3.137247085571289,4.280343820041577,10.411733627319336
3.0989091396331787,4.171458812596808,10.452971458435059
3.1120541095733643,4.26461371213996,10.336633682250977
3.0940582752227783,4.279686790325545,10.419271469116211
3.128307342529297,4.319242552255414,10.394501686096191
3.0667436122894287,4.241018587523805,10.484445571899414
3.099642276763916,4.317664579388553,10.40815544128418
3.094778537750244,4.35295922502077,10.380769729614258
3.073221445083618,4.330149965227714,10.347246170043945
3.053488254547119,4.323090188305027,10.450068473815918
3.082906723022461,4.228827819527525,10.474945068359375
3.1595351696014404,4.306166193381483,10.42038631439209
3.102196455001831,4.272501992726965,10.452690124511719
3.075735092163086,4.262379458872601,10.482855796813965
3.1544783115386963,4.293943102338484,10.36520767211914
3.1237385272979736,4.264779761699693,10.408180236816406
3.1570346355438232,4.338308608857915,10.331183433532715
3.094454765319824,4.232007498719862,10.43842887878418
3.0601234436035156,4.219310624458428,10.38520622253418
3.047995090484619,4.320831137642797,10.38544750213623
3.071269989013672,4.266774005123547,10.411554336547852
3.1902801990509033,4.263980447414465,10.280723571777344
3.100778341293335,4.300671938673726,10.488982200622559
3.078803539276123,4.257762139064393,10.45173454284668
3.182067632675171,4.289904724241102,10.433079719543457
3.1201837062835693,4.30296200214486,10.484411239624023
3.1068811416625977,4.234871542247544,10.414018630981445
3.0662009716033936,4.23916425216677,10.406664848327637
3.1188182830810547,4.2528580586159865,10.4390287399292
3.1359450817108154,4.313910690302562,10.403238296508789
3.1209659576416016,4.28418137036663,10.428987503051758
3.09163498878479,4.2829209308339555,10.439302444458008
3.0902984142303467,4.312324182163659,10.392904281616211
3.1554324626922607,4.260130111992892,10.441901206970215
3.143984794616699,4.283161027855905,10.434707641601562
3.109532117843628,4.256905222145308,10.38183307647705
3.065855026245117,4.2977621249655,10.34614086151123
3.0810227394104004,4.265140592852341,10.403517723083496
3.027167320251465,4.186705280228385,10.440739631652832
3.1221914291381836,4.242556458571926,10.449833869934082
3.183312177658081,4.304399368452972,10.443172454833984
3.0922908782958984,4.317481356140758,10.39765739440918
3.1530075073242188,4.308020795096776,10.397039413452148
3.1357192993164062,4.20037945506296,10.416921615600586
3.1137912273406982,4.245297680775236,10.439927101135254
3.1614129543304443,4.291488114644641,10.310300827026367
3.142099380493164,4.263814750626417,10.32018756866455
3.133854389190674,4.339915719082845,10.337545394897461
3.1126859188079834,4.2900464370447615,10.386740684509277
3.1313886642456055,4.357522053777107,10.379926681518555
3.0960590839385986,4.262348837884409,10.450553894042969
3.1362953186035156,4.255414073721372,10.401702880859375
3.0470376014709473,4.260817764393453,10.419134140014648
3.1219005584716797,4.262072606012225,10.365144729614258
3.0674333572387695,4.248675856506452,10.323976516723633
3.048326015472412,4.2831936667872865,10.452898025512695
3.1210925579071045,4.331943764251524,10.447591781616211
3.1326122283935547,4.271119723794982,10.435140609741211
3.1169557571411133,4.272040350296136,10.381436347961426
3.0895321369171143,4.2712968612488895,10.426576614379883
3.074953079223633,4.355721335691799,10.454851150512695
3.10587739944458,4.328035514901525,10.426536560058594
3.0744388103485107,4.301155860835155,10.332050323486328
3.1239185333251953,4.315201753517613,10.484357833862305
3.133744955062866,4.235726062274937,10.36231517791748
3.1425533294677734,4.282925813092984,10.366923332214355
3.127945899963379,4.326594605742554,10.355950355529785
3.1368019580841064,4.2580254976970275,10.450287818908691
3.127722978591919,4.287028240306037,10.32673454284668
3.1002578735351562,4.303447186181854,10.385082244873047
3.0926012992858887,4.2567445304843465,10.260580062866211
3.145991802215576,4.323711852775886,10.423011779785156
3.1089389324188232,4.280128868895449,10.462249755859375
3.144883394241333,4.301756592301119,10.436637878417969
3.0659027099609375,4.230059428506398,10.348532676696777
3.11076021194458,4.312449147924781,10.42849349975586
3.0586605072021484,4.271803776899884,10.434444427490234
3.0796895027160645,4.241719571740499,10.437740325927734
3.11055326461792,4.316856282463829,10.44735050201416
3.074692487716675,4.239276671516044,10.423675537109375
3.089589834213257,4.311184266049947,10.425636291503906
3.118422508239746,4.282589574211411,10.37899398803711
3.029327630996704,4.234292235158915,10.337080001831055
3.1374146938323975,4.3155730897560725,10.348190307617188
3.084446668624878,4.255327927979774,10.392058372497559
3.102803945541382,4.314238190817248,10.43100357055664
3.1039769649505615,4.270386329885306,10.41821575164795
3.122431516647339,4.279885704229986,10.37741470336914
3.031172037124634,4.27932490461639,10.492391586303711
3.0997657775878906,4.2711036540567875,10.482649803161621
3.115065097808838,4.297990303719415,10.47498893737793
3.1571342945098877,4.333049575665167,10.370637893676758
3.0929746627807617,4.269229191222362,10.398571014404297
3.040898323059082,4.23287121928297,10.378938674926758
3.149688243865967,4.3256986109606395,10.436424255371094
3.0903658866882324,4.323719385046778,10.444253921508789
3.144218683242798,4.2793437170330435,10.369733810424805
3.148940324783325,4.287509501213208,10.418529510498047
3.103970527648926,4.309382357800912,10.362424850463867
3.124673843383789,4.342672487820631,10.346338272094727
3.105388641357422,4.279369629021468,10.414128303527832
3.1464169025421143,4.345397522273873,10.353541374206543
3.1261038780212402,4.21811434074438,10.430042266845703
3.113176107406616,4.333632810706539,10.4553804397583
3.052417278289795,4.240818950114772,10.445412635803223
3.123422384262085,4.346723240866725,10.35211181640625
3.093334436416626,4.300445944769308,10.395562171936035
3.1040873527526855,4.214328322692642,10.368005752563477
3.0990240573883057,4.259795337349974,10.320709228515625
3.191619396209717,4.361034386891073,10.366225242614746
3.116250514984131,4.313920492073521,10.401050567626953
3.0805420875549316,4.329013139142522,10.3298921585083
3.0673656463623047,4.264698830998636,10.473587036132812
3.1693496704101562,4.314427899629144,10.376562118530273
3.1204655170440674,4.235122252355462,10.324254989624023
3.131213903427124,4.269908419145005,10.39438247680664
3.11189866065979,4.293937554217077,10.443134307861328
3.1043179035186768,4.243207586496802,10.424455642700195
3.047405242919922,4.271779296320996,10.371761322021484
3.104337692260742,4.276732525056494,10.363786697387695
3.1219594478607178,4.276959284241976,10.358804702758789
3.0615768432617188,4.306637544683846,10.391861915588379
3.1214215755462646,4.25451793877541,10.42665958404541
3.0776619911193848,4.298521616662454,10.369431495666504
3.1192615032196045,4.272303365736401,10.488534927368164
3.0930120944976807,4.2801680702583065,10.355485916137695
3.0668442249298096,4.286357433601681,10.43079948425293
3.0940284729003906,4.269288491690531,10.411452293395996
3.099517345428467,4.291867663285562,10.422754287719727
3.0648601055145264,4.249634534619482,10.3903226852417
3.086117744445801,4.275389050898542,10.388708114624023
3.1557681560516357,4.338468521367759,10.512676239013672
3.1212775707244873,4.402025432059808,10.387289047241211
3.156337261199951,4.30509515981456,10.42367172241211
3.030832052230835,4.278108049882576,10.447717666625977
3.080636501312256,4.264869081854289,10.368989944458008
3.133981466293335,4.315365662532194,10.36758041381836
3.100691080093384,4.310096657768424,10.379955291748047
3.1579835414886475,4.296322395127,10.378971099853516
3.118208169937134,4.275332218169102,10.452125549316406
3.0872225761413574,4.284767410551597,10.407636642456055
3.091618061065674,4.29110853779795,10.404683113098145
3.0905466079711914,4.224805664503947,10.514123916625977
3.139065980911255,4.298023867853252,10.309808731079102
3.0698487758636475,4.1983845855575055,10.334587097167969
3.1201584339141846,4.3152200781873296,10.374152183532715
3.1568222045898438,4.287160407851584,10.40781307220459
3.165012836456299,4.275922107244177,10.35114860534668
3.193596839904785,4.3224107987313936,10.429129600524902
3.144876480102539,4.330948008124584,10.443624496459961
3.205845594406128,4.370798432700601,10.433475494384766
3.0836219787597656,4.2783167542823195,10.363466262817383
3.111262321472168,4.318502509434309,10.434261322021484
3.139763593673706,4.282177513265716,10.451173782348633
3.135268449783325,4.319766489589321,10.417558670043945
3.0753209590911865,4.303463023555066,10.435331344604492
3.1187939643859863,4.324617978019108,10.374198913574219
3.133629560470581,4.253642503704343,10.419538497924805
3.065147638320923,4.222527440504304,10.515265464782715
3.104964017868042,4.3466466255818625,10.460699081420898
3.130884885787964,4.242988914051758,10.429425239562988
3.092578649520874,4.260514796112797,10.345731735229492
3.115936517715454,4.2832230671774605,10.336817741394043
3.0241661071777344,4.27762767875434,10.364521980285645
3.1057469844818115,4.31100648501888,10.452661514282227
3.132453680038452,4.348525560394461,10.418862342834473
3.0682084560394287,4.311368945354063,10.418770790100098
3.1780080795288086,4.308038800090018,10.37903881072998
3.0819506645202637,4.347825645835005,10.384178161621094
3.116598129272461,4.317526301402332,10.410486221313477
3.1321332454681396,4.331585930959721,10.426313400268555
3.117902994155884,4.263135424415981,10.432804107666016
3.117093563079834,4.3131401329966526,10.492754936218262
3.08408260345459,4.342354250539626,10.50621223449707
3.095242500305176,4.316075875556894,10.353920936584473
3.067840576171875,4.296400098462723,10.35894775390625
3.1228041648864746,4.316211166359218,10.313666343688965
3.035479784011841,4.275896227020505,10.375897407531738
3.102567672729492,4.303722883009219,10.382664680480957
3.0908963680267334,4.32501859740088,10.350861549377441
3.130460739135742,4.2485539176434814,10.301230430603027
3.1052136421203613,4.296450714846807,10.34638786315918
3.073387384414673,4.292469330497885,10.355596542358398
3.1161704063415527,4.290699410651411,10.341443061828613
3.039879322052002,4.345584080720852,10.48004150390625
3.1408560276031494,4.268594809475222,10.400197982788086
3.0791945457458496,4.321564108798547,10.306229591369629
3.1127431392669678,4.211660981477637,10.341211318969727
3.142211437225342,4.300147240083398,10.408371925354004
3.1041221618652344,4.178805127507076,10.3102388381958
3.098726511001587,4.324999791470223,10.419478416442871
3.1678473949432373,4.32368040370888,10.372766494750977
3.1165640354156494,4.2993868174630085,10.421966552734375
3.0414960384368896,4.3174871595110735,10.346534729003906
3.1088385581970215,4.29062726837583,10.433547973632812
3.0629427433013916,4.261848074650126,10.47085189819336
3.1287648677825928,4.210802454634436,10.473936080932617
3.153658866882324,4.352405014847006,10.395491600036621
3.0187768936157227,4.227374145927439,10.404001235961914
3.0632951259613037,4.272588465828449,10.413700103759766
3.112036943435669,4.2898512978239784,10.348502159118652
3.095142364501953,4.2700609885089635,10.356803894042969
3.0438740253448486,4.313864064702231,10.453941345214844
3.0791690349578857,4.264282175639111,10.312220573425293
3.1839003562927246,4.330049321920212,10.394402503967285
3.0931942462921143,4.243397475752447,10.410833358764648
3.086583375930786,4.305378054667797,10.401678085327148
3.1235084533691406,4.329294684841963,10.42959976196289
3.1176700592041016,4.255188592110893,10.439988136291504
3.142305374145508,4.296856759382146,10.3766508102417
3.0913589000701904,4.2858137410200605,10.406785011291504
3.1138949394226074,4.262871645590557,10.39853286743164
3.165109157562256,4.272240588508014,10.451446533203125
3.106724977493286,4.259241942183248,10.366472244262695
3.062465190887451,4.262683262549606,10.397639274597168
3.131481885910034,4.319054415948423,10.424020767211914
3.1071219444274902,4.2610304882151215,10.356279373168945
3.132411241531372,4.256102460004123,10.40357780456543
3.1052072048187256,4.260666296451486,10.400388717651367
3.105297803878784,4.313146237516776,10.346811294555664
3.124194622039795,4.268366758645113,10.479270935058594
3.13885498046875,4.352145920441087,10.458897590637207
3.0832526683807373,4.288036528043449,10.447273254394531
3.1560912132263184,4.317985676029431,10.393228530883789
3.13549542427063,4.223153560721715,10.35262680053711
3.095047950744629,4.349851019780284,10.350879669189453
3.1251919269561768,4.344163706526159,10.440814971923828
3.0681991577148438,4.236592282873711,10.415756225585938
3.0431883335113525,4.341948801984212,10.389765739440918
3.075542688369751,4.265548019669949,10.363044738769531
3.036489725112915,4.271524333893987,10.404579162597656
3.1222853660583496,4.291835976731298,10.337995529174805
3.104048013687134,4.328680066125733,10.339618682861328
3.031515598297119,4.278059080775295,10.361776351928711
3.1366498470306396,4.306145741571007,10.34889030456543
3.0767605304718018,4.319613795195306,10.40110969543457
3.1722147464752197,4.319438395888677,10.330148696899414
3.169870138168335,4.343215716204472,10.3938627243042
3.1356191635131836,4.352223991882057,10.47095012664795
3.10302734375,4.229757021913039,10.46081256866455
3.058493137359619,4.288106282807088,10.435848236083984
3.0884649753570557,4.317778144464163,10.383480072021484
3.09702730178833,4.2738479053535094,10.30996322631836
3.0427794456481934,4.258584391824635,10.402094841003418
3.067758321762085,4.27016409832452,10.380608558654785
3.0598225593566895,4.280634794251195,10.398327827453613
3.069847583770752,4.2592283432438425,10.382492065429688
3.1444973945617676,4.283736166078597,10.452587127685547
3.12011456489563,4.321653221800391,10.431833267211914
3.123950481414795,4.324580077148442,10.32756519317627
3.139434814453125,4.341526886148911,10.382894515991211
3.1444649696350098,4.308526692778937,10.386703491210938
3.130178451538086,4.36337784634504,10.319188117980957
3.1257550716400146,4.3471760836962074,10.482061386108398
3.1025941371917725,4.273881165277479,10.348453521728516
3.190328359603882,4.379198209482379,10.316335678100586
3.1163136959075928,4.309802565823442,10.295183181762695
3.1492795944213867,4.336985043582639,10.408672332763672
3.0740983486175537,4.242187536920288,10.396510124206543
3.117288112640381,4.245814311517668,10.438213348388672
3.1371212005615234,4.273963980709335,10.350969314575195
3.1663706302642822,4.309932256084202,10.323078155517578
3.115631103515625,4.3078297171741715,10.419315338134766
3.129237413406372,4.340288524515927,10.323718070983887
3.1302549839019775,4.317692134529351,10.279548645019531
3.1127636432647705,4.23737181094475,10.375640869140625
3.067810535430908,4.250663808979359,10.391175270080566
3.057438850402832,4.295915230875835,10.405864715576172
3.1200456619262695,4.2493650612886995,10.329463958740234
3.1012542247772217,4.322154024948499,10.416311264038086
3.1509714126586914,4.348462610073121,10.412141799926758
3.1097097396850586,4.308003203111834,10.389204025268555
3.1298153400421143,4.274672665500215,10.383160591125488
3.0869410037994385,4.288467765785753,10.35677719116211
3.1057467460632324,4.266198479204571,10.396728515625
3.1412606239318848,4.354629932769707,10.300102233886719
3.1406009197235107,4.304108538698139,10.400251388549805
3.1227798461914062,4.266567039336742,10.343832969665527
3.153489828109741,4.251215713264953,10.40449333190918
3.107381582260132,4.316220279616703,10.334446907043457
3.1314618587493896,4.320189919056637,10.37204360961914
3.135556936264038,4.3450565175153315,10.36412525177002
3.0737802982330322,4.273370479067256,10.344328880310059
3.106588840484619,4.285394690831058,10.438619613647461
3.1510276794433594,4.2907343426320175,10.42369270324707
3.1597800254821777,4.303312113408798,10.37778091430664
3.085838794708252,4.313251090335792,10.493746757507324
3.1260910034179688,4.33745760869767,10.353960037231445
3.1098320484161377,4.25184683624788,10.410245895385742
3.095020294189453,4.262623463956905,10.402437210083008
2.992483615875244,4.1916588075858146,10.439306259155273
3.106379508972168,4.360358324666906,10.445247650146484
3.0885982513427734,4.281143207169537,10.401859283447266
3.1107218265533447,4.3062832417698305,10.451181411743164
3.1209521293640137,4.3104737035464495,10.355470657348633
3.1004180908203125,4.33422565852691,10.423742294311523
3.1609506607055664,4.3602225197745215,10.37707233428955
3.1341187953948975,4.312425776517817,10.395586013793945
3.098374843597412,4.2873915887238185,10.360002517700195
3.0972297191619873,4.365141719513174,10.373510360717773
3.1622650623321533,4.311662054620683,10.463189125061035
3.074594497680664,4.248787850540664,10.369898796081543
3.1414387226104736,4.316911277061861,10.408818244934082
3.073115825653076,4.2311742103192955,10.355348587036133
3.123218536376953,4.3256293183990895,10.390552520751953
3.162210702896118,4.332506853787761,10.32307243347168
3.175570487976074,4.245002068745505,10.436395645141602
3.0809121131896973,4.270742005568796,10.396787643432617
3.1065211296081543,4.266375958520387,10.35158634185791
3.152531385421753,4.34980750905483,10.319499015808105
3.0767323970794678,4.306085996828708,10.454151153564453
3.1331121921539307,4.278539261514587,10.377973556518555
3.128446102142334,4.26233181277556,10.324738502502441
3.0869345664978027,4.275692809373141,10.492229461669922
3.1448540687561035,4.214362190936559,10.463926315307617
3.0548267364501953,4.239190217107534,10.397141456604004
3.0817275047302246,4.300520929873788,10.403220176696777
3.144615650177002,4.311832037222172,10.476509094238281
3.0876574516296387,4.315471349616669,10.386838912963867
3.08475923538208,4.306013791788636,10.428877830505371
3.1082406044006348,4.272084774482729,10.342413902282715
3.0277979373931885,4.26498414539466,10.382084846496582
3.1714577674865723,4.250162748453607,10.429686546325684
3.1093716621398926,4.32540350736651,10.407279968261719
3.1506567001342773,4.27216101414524,10.397567749023438
3.0884251594543457,4.269475360434236,10.394655227661133
3.181246757507324,4.255592448171229,10.438855171203613
3.096482515335083,4.31764879540008,10.471773147583008
3.1437911987304688,4.287948214681819,10.419679641723633
3.0989086627960205,4.2382074492717425,10.35918140411377
3.07543683052063,4.318145111236455,10.426689147949219
3.0713913440704346,4.265889709482767,10.409906387329102
3.1267011165618896,4.273996229316773,10.403518676757812
3.067312479019165,4.238084864603089,10.413341522216797
3.1198673248291016,4.350841508646098,10.434928894042969
3.0891687870025635,4.286606296597581,10.446239471435547
3.090153932571411,4.285884701314249,10.468910217285156
3.163008689880371,4.260905542743525,10.392837524414062
3.067882776260376,4.2336830977749615,10.308971405029297
3.0965051651000977,4.312538795073384,10.375112533569336
3.106832504272461,4.295118619455025,10.382466316223145
3.047921657562256,4.234378386588235,10.410246849060059
3.076521873474121,4.225039021910301,10.412273406982422
3.093543529510498,4.28157487997253,10.407036781311035
3.1641345024108887,4.311707650244768,10.402806282043457
3.0888383388519287,4.252091796237178,10.323565483093262
3.1387619972229004,4.292919266536566,10.42397689819336
3.167478561401367,4.2748508226525574,10.455583572387695
3.087390899658203,4.290915828796902,10.363935470581055
3.1535232067108154,4.323919645610398,10.356786727905273
3.1308345794677734,4.297647360978382,10.396106719970703
3.150979518890381,4.289731943480937,10.380695343017578
3.061763048171997,4.23856361007451,10.41545295715332
3.0888848304748535,4.266981196223891,10.367351531982422
3.1454708576202393,4.297673251745956,10.391073226928711
3.1368792057037354,4.3260631849989295,10.397289276123047
3.082110643386841,4.258726316271349,10.373830795288086
3.103682518005371,4.288308118270445,10.378510475158691
3.138744354248047,4.28612429981253,10.450047492980957
3.0931003093719482,4.335970031829285,10.315305709838867
3.159761428833008,4.332406442213271,10.448290824890137
3.1990768909454346,4.332703965383448,10.457080841064453
3.0923140048980713,4.282852858704116,10.4500150680542
3.0892741680145264,4.345447339250573,10.453096389770508
3.0559616088867188,4.32320828004075,10.347735404968262
3.1249632835388184,4.282279350628544,10.400111198425293
3.123204469680786,4.27319814038596,10.363470077514648
3.1086034774780273,4.282816068834758,10.434377670288086
3.108269453048706,4.260112606122025,10.421093940734863
3.1548941135406494,4.315355808806739,10.368054389953613
3.1114139556884766,4.403865703048982,10.397050857543945
3.110870361328125,4.3066064950877,10.355557441711426
3.1094937324523926,4.279453923792712,10.426275253295898
3.072927236557007,4.326289337061877,10.348228454589844
3.1473357677459717,4.317563680665834,10.320077896118164
3.1666998863220215,4.3117610223125675,10.506591796875
3.1509780883789062,4.290678432643679,10.323164939880371
3.0955870151519775,4.280825348837035,10.36990737915039
3.165550708770752,4.263278276326933,10.432294845581055
3.09834885597229,4.304527298780157,10.418783187866211
3.1048593521118164,4.258456884184853,10.419918060302734
3.0897529125213623,4.285601304178791,10.370774269104004
3.142606496810913,4.341024443074795,10.381185531616211
2.9835290908813477,4.3118978253831814,10.412200927734375
3.0834097862243652,4.2625877837251345,10.403524398803711
3.15350079536438,4.348956967670738,10.304606437683105
3.107485771179199,4.27010078595153,10.370555877685547
3.1058573722839355,4.297968794924341,10.38514518737793
3.1112828254699707,4.2506853601828745,10.394622802734375
3.125823497772217,4.2420025474524925,10.49898910522461
3.0323996543884277,4.2486212742182285,10.37509822845459
3.1233062744140625,4.290962223961417,10.458540916442871
3.108581066131592,4.282620419149421,10.356103897094727
3.1302645206451416,4.352637293548988,10.387548446655273
3.134552478790283,4.366030271397904,10.43448543548584
3.1693384647369385,4.301094634924084,10.45332145690918
3.0949244499206543,4.282703450714638,10.441421508789062
3.102242946624756,4.290611190388777,10.372925758361816
3.1041910648345947,4.326687113415184,10.444705963134766
3.1378636360168457,4.28586210809382,10.382699012756348
3.131052255630493,4.279852605025684,10.349943161010742
3.061288833618164,4.286023112446336,10.426860809326172
3.1178476810455322,4.287901319629912,10.26116943359375
3.1014187335968018,4.272162114436338,10.453739166259766
3.0727291107177734,4.251754139150893,10.414728164672852
3.0683624744415283,4.27588173816912,10.373211860656738
3.061898708343506,4.283465924373429,10.448753356933594
3.0704047679901123,4.26398407531503,10.371323585510254
3.065176248550415,4.256869915906074,10.37674617767334
3.0687739849090576,4.321426556345873,10.395498275756836
3.1009750366210938,4.287080847724741,10.354660034179688
3.096039295196533,4.274708575369524,10.441082000732422
3.0900537967681885,4.266424176150134,10.458785057067871
3.046989679336548,4.25035298329645,10.422246932983398
3.1082499027252197,4.302754277895604,10.350225448608398
3.1288833618164062,4.279815729541172,10.377671241760254
3.1216108798980713,4.289479119836219,10.400790214538574
3.0814149379730225,4.306124438631482,10.395364761352539
3.124434471130371,4.314816289215481,10.469115257263184
3.1121902465820312,4.260692782833107,10.375306129455566
3.0433080196380615,4.261153693510486,10.370635032653809
3.141707181930542,4.305677394881578,10.443605422973633
3.120305061340332,4.267363994581891,10.361343383789062
3.1022608280181885,4.284382499255506,10.348846435546875
3.1011178493499756,4.245115266480883,10.343796730041504
3.0859854221343994,4.265062534649457,10.333292961120605
3.0979161262512207,4.270138176390901,10.402876853942871
3.0870561599731445,4.2981053240198115,10.38631820678711
3.0454916954040527,4.304236132418737,10.419231414794922
3.139852523803711,4.331257933983579,10.450103759765625
3.1410269737243652,4.281911872992558,10.411231994628906
3.0654499530792236,4.286029510133501,10.357671737670898
3.121006965637207,4.256065316764372,10.389302253723145
3.100104331970215,4.304106375867767,10.476191520690918
3.178223133087158,4.330113581548046,10.405553817749023
3.177774429321289,4.314930728237544,10.36680793762207
3.0847997665405273,4.295098389631935,10.40689754486084
3.0537078380584717,4.285753880361361,10.384657859802246
3.107306480407715,4.301699113400121,10.458379745483398
3.0989556312561035,4.3975425063233295,10.480878829956055
3.0900418758392334,4.271936581004411,10.391105651855469
3.121090888977051,4.332203808307116,10.47922420501709
3.074705123901367,4.3312573841706445,10.405879974365234
3.2023813724517822,4.292855923629499,10.424485206604004
3.073291778564453,4.271636279399639,10.356855392456055
3.131755828857422,4.365115322671564,10.271163940429688
3.0604031085968018,4.2945998237867435,10.41288948059082
3.101485252380371,4.279665511267792,10.362896919250488
3.0956368446350098,4.326437478652224,10.487770080566406
3.114548683166504,4.294560454552993,10.417525291442871
3.0635149478912354,4.377693120290393,10.396390914916992
3.1491949558258057,4.288368758678968,10.447691917419434
3.103818416595459,4.325889101285221,10.445713996887207
3.1304259300231934,4.345566108423684,10.373458862304688
3.212155818939209,4.300919840278636,10.44234848022461
3.0905473232269287,4.301054693425873,10.408336639404297
3.156703472137451,4.295971469820611,10.380513191223145
3.096660852432251,4.256320880659456,10.416025161743164
3.0604686737060547,4.35220732623046,10.39384651184082
3.096306800842285,4.275290066010451,10.4629545211792
3.0910398960113525,4.256580231411915,10.34321403503418
3.0883681774139404,4.280318892328068,10.417933464050293
3.1550405025482178,4.249643307179213,10.400266647338867
3.0510730743408203,4.2618007772336055,10.422819137573242
3.0182039737701416,4.223960452846118,10.337968826293945
3.13069486618042,4.256140645094482,10.40585708618164
3.196291923522949,4.252730696495355,10.341236114501953
3.1462626457214355,4.243339700424777,10.366928100585938
3.095869541168213,4.288387175350051,10.329565048217773
3.175121545791626,4.303505188752232,10.499972343444824
3.105215549468994,4.325276819357116,10.461503982543945
3.1204214096069336,4.333589332943251,10.382733345031738
3.140580415725708,4.212322371180303,10.386570930480957
3.11721134185791,4.300948445352592,10.34582233428955
3.0962162017822266,4.329373037775181,10.388103485107422
3.0951199531555176,4.293866902323706,10.422231674194336
3.1164798736572266,4.314600478990802,10.361917495727539
3.1203863620758057,4.296927538999756,10.475709915161133
3.0549440383911133,4.3359156481788625,10.361351013183594
3.1059277057647705,4.3006853086075605,10.389250755310059
3.19519305229187,4.306335300772584,10.426703453063965
3.1426119804382324,4.351080221323563,10.375312805175781
3.077181100845337,4.279546594879191,10.401354789733887
3.1021125316619873,4.296326987245786,10.346565246582031
3.138796806335449,4.301973581380611,10.424772262573242
3.0948410034179688,4.247540973259935,10.472286224365234
3.112898826599121,4.350741482938506,10.332988739013672
3.0621578693389893,4.3098717356832426,10.381393432617188
3.1012275218963623,4.235005524242297,10.400078773498535
3.1242482662200928,4.324763307979862,10.484376907348633
3.146681785583496,4.326310690625438,10.537203788757324
3.105011224746704,4.307221254267331,10.40446662902832
3.1816251277923584,4.358202274822232,10.427236557006836
3.1192314624786377,4.331051704773148,10.383237838745117
3.143407106399536,4.31462045855421,10.412817001342773
3.111135959625244,4.383817581260311,10.336385726928711
3.099720001220703,4.302223378925451,10.389408111572266
3.0660769939422607,4.327274003165907,10.33065414428711
3.104072332382202,4.347362277696707,10.389900207519531
3.094308853149414,4.2706389936751545,10.32892894744873
3.107494831085205,4.283269569876471,10.42723274230957
3.0975232124328613,4.282762649269508,10.254549026489258
3.0968451499938965,4.282933796889016,10.429146766662598
3.1321096420288086,4.3313492596082925,10.435799598693848
3.0759427547454834,4.332871394098869,10.407447814941406
3.1525237560272217,4.341548056774107,10.355010986328125
3.0830788612365723,4.298618689944436,10.431255340576172
3.08461594581604,4.281031186858724,10.290058135986328
3.0809342861175537,4.248585302848369,10.421387672424316
3.1293678283691406,4.360260994805555,10.457254409790039
3.108415126800537,4.321628946744438,10.454612731933594
3.099858522415161,4.354463965033315,10.312349319458008
3.133060932159424,4.247422630499516,10.414796829223633
3.0986876487731934,4.257380466475817,10.41704273223877
3.077059030532837,4.2562047072154074,10.279682159423828
3.1196069717407227,4.19886360763173,10.426502227783203
3.1269729137420654,4.3618933509569615,10.414769172668457
3.185596466064453,4.307818643881806,10.415724754333496
3.116224527359009,4.280608967512048,10.422818183898926
3.081066846847534,4.276300180470571,10.37564468383789
3.0661685466766357,4.318339905834624,10.486175537109375
3.0999889373779297,4.30930980165223,10.389820098876953
3.0750863552093506,4.240582521040259,10.393412590026855
3.063877582550049,4.308634679232325,10.451546669006348
3.065971851348877,4.265327238078629,10.401527404785156
3.1812591552734375,4.30878852364341,10.406498908996582
3.158853769302368,4.346335910061108,10.521123886108398
3.140540599822998,4.308036969974637,10.420271873474121
3.075929641723633,4.28396469015362,10.347728729248047
3.126189708709717,4.341836703708395,10.454765319824219
3.07759165763855,4.264140681895826,10.530704498291016
3.056353807449341,4.285173509935182,10.427729606628418
3.185065984725952,4.3165009286188125,10.394828796386719
3.108067274093628,4.302382825940315,10.3823823928833
3.0831210613250732,4.381390060131837,10.446913719177246
3.0927634239196777,4.289901204872876,10.405376434326172
3.1366636753082275,4.317407435737551,10.356217384338379
3.068430185317993,4.307707176011587,10.386428833007812
3.0875556468963623,4.363816089894889,10.45725154876709
3.027899742126465,4.210523666315046,10.342451095581055
3.123356819152832,4.351827557098918,10.365324974060059
3.154345750808716,4.371715595413532,10.365163803100586
3.095292329788208,4.319752006226086,10.316783905029297
3.1536850929260254,4.265071252527248,10.424623489379883
3.122058391571045,4.248914524846311,10.393309593200684
3.0639970302581787,4.2854733995960235,10.393522262573242
3.123727321624756,4.34336357387448,10.359589576721191
3.1564254760742188,4.297371515172666,10.381216049194336
3.1570966243743896,4.263616064130994,10.431440353393555
3.1203153133392334,4.244326137904344,10.340913772583008
3.0792648792266846,4.207763453147241,10.385801315307617
3.1127278804779053,4.264999843701454,10.426101684570312
3.054259777069092,4.204431794084875,10.42927360534668
3.1018524169921875,4.3878294261105895,10.367363929748535
3.1319963932037354,4.315620789404161,10.417682647705078
3.0602753162384033,4.212824730834524,10.37232494354248
3.0775327682495117,4.263003440174673,10.385658264160156
3.07090163230896,4.2793888287685276,10.405999183654785
3.0924949645996094,4.3157207896666865,10.34033489227295
3.0791800022125244,4.300497501257008,10.272037506103516
3.1483800411224365,4.289585330357243,10.346151351928711
3.1148922443389893,4.310233416701002,10.329113006591797
3.146442174911499,4.262466389153685,10.45192813873291
3.1475143432617188,4.283395811915398,10.394380569458008
3.0928955078125,4.319270678895658,10.404947280883789
3.132627487182617,4.276240789497804,10.423974990844727
3.1530160903930664,4.3094173748312254,10.35702896118164
3.137333869934082,4.330527379277296,10.445292472839355
3.0923290252685547,4.321704240416043,10.4654541015625
3.0891597270965576,4.328184177367283,10.368555068969727
3.1130189895629883,4.279151383986963,10.386263847351074
3.0926496982574463,4.264556761897568,10.335384368896484
3.1331658363342285,4.337997500718172,10.387276649475098
3.1244709491729736,4.237043622448775,10.377718925476074
3.109815835952759,4.317345033931945,10.351744651794434
3.082338571548462,4.283673003615279,10.435772895812988
3.0896825790405273,4.285968165744895,10.403178215026855
3.0906822681427,4.307487871730701,10.348848342895508
3.1033730506896973,4.299634693888947,10.376388549804688
3.158559799194336,4.278375054842659,10.403244018554688
3.108619451522827,4.2458785014626175,10.423135757446289
3.145864486694336,4.331057277607865,10.38575553894043
3.0775346755981445,4.348357957189104,10.402701377868652
3.057814598083496,4.267695132011015,10.339056015014648
3.140496253967285,4.291900748553287,10.441326141357422
3.085479736328125,4.33311143161596,10.418289184570312
3.0436620712280273,4.273396855985213,10.372957229614258
3.1411383152008057,4.245432123541832,10.470029830932617
3.163813352584839,4.3354358985088775,10.44270133972168
3.0846195220947266,4.266040904181344,10.381722450256348
3.0869083404541016,4.2675826441762705,10.330178260803223
3.124354600906372,4.250291303398885,10.4417142868042
3.1071181297302246,4.2527453067180305,10.332184791564941
3.023526430130005,4.254458799725398,10.427545547485352
3.049712896347046,4.212718636595777,10.45593547821045
3.1090028285980225,4.2586273005830915,10.442995071411133
3.0969295501708984,4.31673736501086,10.376794815063477
3.133030652999878,4.265655620788623,10.319527626037598
3.1264302730560303,4.340061644591125,10.405508041381836
3.0553343296051025,4.252431595132553,10.378250122070312
3.105578899383545,4.219019283573808,10.445140838623047
3.051158905029297,4.331620470288077,10.35666561126709
3.104109764099121,4.287564188375004,10.391071319580078
3.1428894996643066,4.2981457174090405,10.445435523986816
3.1238620281219482,4.225084368139506,10.363214492797852
3.074617862701416,4.297001523497913,10.271041870117188
3.10192608833313,4.274958618583955,10.490911483764648
3.067065715789795,4.255769225768744,10.45609188079834
3.0787248611450195,4.346808391091014,10.35236644744873
3.0509297847747803,4.246505487676975,10.493595123291016
3.078612804412842,4.290190188912675,10.35532283782959
3.1056833267211914,4.26262077539494,10.351410865783691
3.07427978515625,4.2189068956899325,10.401103973388672
3.0983383655548096,4.326554874689983,10.346511840820312
3.08111834526062,4.30087457560668,10.394966125488281
3.025738000869751,4.201052627393177,10.310120582580566
3.0997512340545654,4.2364509489852935,10.458439826965332
3.117115020751953,4.280742047188271,10.335302352905273
3.104130268096924,4.251917265987555,10.441359519958496
3.0870659351348877,4.266998027018937,10.3593111038208
3.073179006576538,4.307060851881813,10.353554725646973
3.0350801944732666,4.289002145873383,10.427452087402344
3.101966381072998,4.267478596119743,10.402704238891602
3.1041157245635986,4.259265177151455,10.39290714263916
3.118002414703369,4.262849458293723,10.476777076721191
3.067829132080078,4.290720221021079,10.312211990356445
3.097351551055908,4.291357076859899,10.365047454833984
3.0881853103637695,4.287199394245233,10.417121887207031
3.1248180866241455,4.273786937152701,10.440189361572266
3.1646454334259033,4.258463345334998,10.406024932861328
3.1044061183929443,4.296544479372512,10.354948043823242
3.1315362453460693,4.327710374524551,10.43392276763916
3.0646297931671143,4.323940850494962,10.387307167053223
3.0845694541931152,4.263315040784488,10.348854064941406
3.1313273906707764,4.292622243519872,10.39421558380127
3.120110511779785,4.347482689589794,10.460975646972656
3.155639410018921,4.333524535775982,10.414342880249023
3.118197202682495,4.30148251720571,10.486238479614258
3.057966470718384,4.252364673685016,10.315023422241211
3.094883918762207,4.307175597309002,10.438631057739258
3.105604410171509,4.290446807530576,10.404720306396484
3.2111401557922363,4.275964813173881,10.4422607421875
3.063812494277954,4.321146082864808,10.440160751342773
2.9855544567108154,4.23411397093774,10.318819999694824
3.1043152809143066,4.282555447858093,10.426462173461914
3.0669519901275635,4.2633360679860095,10.399077415466309
3.0298995971679688,4.231076572489527,10.38978099822998
3.06716251373291,4.2990447030668815,10.431459426879883
3.1382412910461426,4.315665424568579,10.424524307250977
3.121201992034912,4.320588763138013,10.420286178588867
3.0445470809936523,4.277834103309683,10.30740737915039
3.1115102767944336,4.275654164708352,10.29148006439209
3.090006113052368,4.34148241805711,10.38426685333252
3.055086135864258,4.270391246436962,10.45114517211914
3.112626552581787,4.307764454778018,10.429227828979492
3.14098858833313,4.314604316671779,10.436622619628906
3.1199376583099365,4.246461403023983,10.40213394165039
3.1186025142669678,4.327686121886862,10.392816543579102
3.1258280277252197,4.374599988539038,10.553592681884766
3.0944559574127197,4.309783021420507,10.363636016845703
3.166576623916626,4.401966864509242,10.45260238647461
3.0598390102386475,4.315930835769645,10.367839813232422
3.100006580352783,4.300587229563722,10.426281929016113
3.064563274383545,4.283934753787305,10.331609725952148
3.1717565059661865,4.335631769250281,10.413711547851562
3.0970871448516846,4.288962385384366,10.467695236206055
3.1197550296783447,4.312139763230724,10.32768726348877
3.0795724391937256,4.314251515182799,10.404572486877441
3.150092363357544,4.275673626356625,10.405210494995117
3.104991912841797,4.269849299619507,10.343518257141113
3.0864837169647217,4.293526674753853,10.331913948059082
3.109254837036133,4.305999188185005,10.437045097351074
3.095769166946411,4.232829233465185,10.485069274902344
3.119469165802002,4.2872428436697065,10.459360122680664
3.1203958988189697,4.256045351337109,10.399455070495605
3.090341329574585,4.335380260034332,10.378148078918457
3.1003968715667725,4.3156325833073685,10.438674926757812
3.0935211181640625,4.220634638032476,10.435712814331055
3.1954030990600586,4.300448200665415,10.34292984008789
3.0943267345428467,4.2743996495514045,10.416852951049805
3.1176681518554688,4.253169823238361,10.424036026000977
3.097907066345215,4.2688084417022765,10.418514251708984
3.1140642166137695,4.28209478730735,10.387055397033691
3.164438247680664,4.292220194092286,10.398658752441406
3.1563000679016113,4.3111651993822315,10.38927173614502
3.1173365116119385,4.312693422360878,10.35902214050293
3.0359387397766113,4.225744509271214,10.44188404083252
3.131089210510254,4.283329368668742,10.355400085449219
3.1169512271881104,4.2685878104530275,10.358414649963379
3.154697895050049,4.338875662901306,10.360504150390625
3.0729832649230957,4.287650344527459,10.408745765686035
3.134965181350708,4.313182748488284,10.413236618041992
3.152214765548706,4.353752504535286,10.460121154785156
3.088738203048706,4.286984878691977,10.36328125
3.0822739601135254,4.298270702229015,10.439045906066895
3.0559327602386475,4.307233816378616,10.475093841552734
3.0880491733551025,4.331079985713587,10.423941612243652
3.0929114818573,4.219458960628669,10.41880989074707
3.0706515312194824,4.315329797100276,10.512799263000488
3.1567673683166504,4.266415340526562,10.326977729797363
3.0248587131500244,4.248810675427584,10.459775924682617
3.1344826221466064,4.33590386205885,10.453336715698242
3.1223249435424805,4.268812571718756,10.369735717773438
3.112201690673828,4.274988523584657,10.347368240356445
3.0994367599487305,4.245191211013922,10.408665657043457
3.139535427093506,4.261521551891097,10.309127807617188
3.1936421394348145,4.228627610386217,10.43616771697998
3.087857484817505,4.2852658530298084,10.357399940490723
3.0808801651000977,4.2902951640675635,10.40162181854248
3.133941888809204,4.302930427482352,10.46518611907959
3.082914113998413,4.252992598306653,10.504257202148438
3.0964789390563965,4.266011831616716,10.288137435913086
3.1187515258789062,4.325294043669211,10.415666580200195
3.152524709701538,4.325800788422514,10.398971557617188
3.1215736865997314,4.251390959934465,10.354476928710938
3.0615956783294678,4.254676925284523,10.400047302246094
3.122751474380493,4.249196770634236,10.448732376098633
3.0790884494781494,4.1652539533762525,10.384581565856934
3.0765380859375,4.266552799015439,10.389131546020508
3.11549711227417,4.365894645751853,10.405017852783203
3.0964138507843018,4.267548112132188,10.404143333435059
3.128129482269287,4.300006041802199,10.405661582946777
3.049854040145874,4.212597465175869,10.298627853393555
3.125596284866333,4.304421984889943,10.485179901123047
3.0760788917541504,4.230021295370534,10.38752555847168
3.141232967376709,4.307263073345114,10.330204010009766
3.062476634979248,4.348412631744784,10.385403633117676
3.1395654678344727,4.254458421275818,10.378969192504883
3.1661276817321777,4.318185379329536,10.329660415649414
3.1138389110565186,4.37069672585598,10.398801803588867
3.0640721321105957,4.2203769953588814,10.378244400024414
3.0945093631744385,4.31405591030073,10.397045135498047
3.114816188812256,4.240357902865591,10.419540405273438
3.020791530609131,4.254574187598857,10.373567581176758
3.128417730331421,4.302499601584194,10.439611434936523
3.0830278396606445,4.284957186485241,10.338080406188965
3.0849521160125732,4.275839394224541,10.379263877868652
3.162898302078247,4.341525191175085,10.511484146118164
3.1129770278930664,4.303027684700542,10.3435697555542
3.1359212398529053,4.274364842135194,10.403000831604004
3.103388547897339,4.2349658403213,10.393211364746094
3.04257869720459,4.274281319430364,10.420320510864258
3.0845677852630615,4.255771250131407,10.366209030151367
3.128383159637451,4.27422101699215,10.319992065429688
3.1123087406158447,4.274055155626098,10.298495292663574
3.048570394515991,4.265278955123254,10.369668960571289
3.05265736579895,4.284035112675546,10.427169799804688
3.0991592407226562,4.2470559210383465,10.433195114135742
3.154557943344116,4.312936393544077,10.314496040344238
3.065711259841919,4.297064163655575,10.43246078491211
3.106767416000366,4.334439506188834,10.38934326171875
3.1234121322631836,4.3216949006476035,10.396156311035156
3.1053719520568848,4.3017370089822045,10.472246170043945
3.0942814350128174,4.276355107514454,10.452655792236328
3.061760425567627,4.2815552867084214,10.491830825805664
3.1122825145721436,4.367623639791939,10.35427474975586
3.0989341735839844,4.3048658315092325,10.3920316696167
3.119126558303833,4.282781757746957,10.336774826049805
3.078328847885132,4.279833488332639,10.389976501464844
3.1094517707824707,4.245375689751069,10.452861785888672
3.067164182662964,4.231119973651533,10.321440696716309
3.0745882987976074,4.310341230992759,10.452838897705078
3.0868961811065674,4.297015944662105,10.39775276184082
3.0829436779022217,4.354479948358079,10.367447853088379
3.087175130844116,4.274758293825601,10.440889358520508
3.062811851501465,4.25413763483188,10.397603988647461
3.0905251502990723,4.254205923228126,10.278539657592773
3.170271635055542,4.323997253685126,10.378804206848145
3.0959014892578125,4.314871551435707,10.342655181884766
3.0875625610351562,4.287299713751833,10.479255676269531
3.074530839920044,4.2405590562016835,10.451360702514648
3.116938591003418,4.276224904926493,10.4154691696167
3.0714921951293945,4.293598431162536,10.365714073181152
3.098975419998169,4.3384546736987035,10.399032592773438
3.129512071609497,4.363752636193697,10.510988235473633
3.0709779262542725,4.242835327949641,10.42097282409668
3.0664913654327393,4.288727375346103,10.403733253479004
3.1273224353790283,4.281119676972074,10.355165481567383
3.102620840072632,4.292665337910876,10.496947288513184
3.105640411376953,4.305640079912596,10.431512832641602
3.0567755699157715,4.258635125588627,10.453311920166016
3.1007068157196045,4.22950776387006,10.34586238861084
3.040184497833252,4.232511347691928,10.40726375579834
3.054824113845825,4.332562911956171,10.443406105041504
3.102205514907837,4.191597098983558,10.481441497802734
3.1392340660095215,4.31142845091277,10.376806259155273
3.1340484619140625,4.288857394663085,10.519947052001953
3.1176838874816895,4.268219210174201,10.350089073181152
3.04976224899292,4.313527534616047,10.386960983276367
3.1716725826263428,4.334845411824063,10.448724746704102
3.1045444011688232,4.289213444538681,10.388071060180664
3.216701030731201,4.300165735850377,10.341980934143066
3.1118106842041016,4.269368993750374,10.473104476928711
3.1325483322143555,4.287107093924923,10.478767395019531
3.064303398132324,4.278955414924504,10.373451232910156
3.162080764770508,4.2580344861905495,10.335736274719238
3.0514636039733887,4.284046602468671,10.426916122436523
3.1248619556427,4.342729281634092,10.381061553955078
3.123116970062256,4.286263876927218,10.34360408782959
3.087315320968628,4.281507881391527,10.358231544494629
3.099278450012207,4.316101521253587,10.391030311584473
3.042684555053711,4.2412359407836835,10.434329986572266
2.963496446609497,4.234561291988939,10.399639129638672
3.0855631828308105,4.306136958567159,10.381149291992188
3.1167757511138916,4.260208272774304,10.495110511779785
3.1033568382263184,4.238818720315717,10.418493270874023
3.183112382888794,4.309067570371553,10.432268142700195
3.0926716327667236,4.252773584797978,10.460271835327148
3.0247926712036133,4.291258344360228,10.441571235656738
3.1557610034942627,4.216031751329346,10.320009231567383
3.1166083812713623,4.296913486506258,10.395092964172363
3.113557815551758,4.279559121300865,10.312765121459961
3.099618434906006,4.264632280084437,10.312186241149902
3.108168601989746,4.318568351645289,10.369648933410645
3.1333377361297607,4.29978707632316,10.404535293579102
3.0776147842407227,4.29570354331684,10.315855026245117
3.0967202186584473,4.281219501580511,10.39523983001709
3.09621000289917,4.268549990141764,10.350380897521973
3.127986192703247,4.293040986538731,10.419964790344238
3.0608441829681396,4.312220951941397,10.378496170043945
3.110344171524048,4.238844874082133,10.467855453491211
3.1373915672302246,4.295519916872894,10.393599510192871
3.108722448348999,4.30893166246824,10.332639694213867
3.1135001182556152,4.297585433748152,10.456217765808105
3.114694833755493,4.272032755393801,10.43852710723877
3.1213219165802,4.258691023303462,10.432868003845215
3.100267171859741,4.2863310356624424,10.293346405029297
3.0619001388549805,4.255668333997684,10.425914764404297
3.107867479324341,4.272945519270641,10.312600135803223
3.1193337440490723,4.275445963688461,10.371153831481934
3.158757448196411,4.298415531537363,10.364849090576172
3.079383611679077,4.2463262214524935,10.403511047363281
3.1535520553588867,4.231030148354225,10.413461685180664
3.0912015438079834,4.266917833393173,10.294376373291016
3.1076416969299316,4.309282861450421,10.301295280456543
3.125406265258789,4.264288165939174,10.415823936462402
3.0880186557769775,4.282412346685304,10.411276817321777
3.1142404079437256,4.340589810694968,10.413721084594727
3.090280771255493,4.24524771252514,10.36368179321289
3.090965747833252,4.200761479624946,10.384771347045898
3.1179754734039307,4.2322954073149175,10.391499519348145
3.052306652069092,4.250846808942567,10.402379989624023
3.1123080253601074,4.277163804009823,10.381967544555664
3.093456268310547,4.227860120723823,10.446891784667969
3.140650987625122,4.316290948772803,10.30305290222168
3.192291498184204,4.236138387716242,10.360973358154297
3.116393804550171,4.314042983709701,10.39087200164795
3.1702828407287598,4.292720867653511,10.48895263671875
3.0803451538085938,4.237633655213618,10.383508682250977
3.0807032585144043,4.250423300379355,10.402347564697266
3.099808692932129,4.228608231093468,10.346453666687012
3.1773059368133545,4.309992723466296,10.406156539916992
3.070861577987671,4.301886705748205,10.389117240905762
3.1917147636413574,4.340289665552389,10.419194221496582
3.1009607315063477,4.297085964187447,10.49729061126709
3.094898223876953,4.310410469171725,10.377264022827148
3.088883399963379,4.28403566970623,10.438222885131836
3.114278554916382,4.206475018822987,10.474729537963867
3.134056568145752,4.33157971404892,10.351879119873047
3.1004247665405273,4.268688816244581,10.38821029663086
3.091595411300659,4.284237341922043,10.422768592834473
3.0688772201538086,4.323060490190983,10.49044132232666
3.0637829303741455,4.2984287758756965,10.381744384765625
3.122650384902954,4.373299330872085,10.37997817993164
3.0880374908447266,4.238781966202493,10.452052116394043
3.11108136177063,4.255991613592154,10.377528190612793
3.1602866649627686,4.363171691074967,10.356948852539062
3.0125937461853027,4.24837820354982,10.40687370300293
3.118569850921631,4.300466284255631,10.376178741455078
3.0345571041107178,4.197339144136224,10.429463386535645
3.0535671710968018,4.210215624687928,10.497270584106445
3.052993059158325,4.26056632486039,10.33285903930664
3.165738582611084,4.325563065009192,10.500761032104492
3.0846176147460938,4.26905164811095,10.442007064819336
3.1462903022766113,4.313822914979287,10.38111400604248
3.1264519691467285,4.2644397561837515,10.446148872375488
3.1266283988952637,4.2807764915549855,10.271312713623047
3.0666210651397705,4.273933399801275,10.37150764465332
3.138518810272217,4.245122398050237,10.310097694396973
3.18123722076416,4.256882574908169,10.335062980651855
3.0711169242858887,4.32107610478332,10.397659301757812
3.1587882041931152,4.237115962630404,10.371214866638184
3.1244654655456543,4.253561831511823,10.48473834991455
3.1354639530181885,4.240533955428483,10.42544937133789
3.0572192668914795,4.222640581029866,10.389140129089355
3.122058868408203,4.258890303650072,10.33121109008789
3.087179183959961,4.2787576854628115,10.43284797668457
3.110288619995117,4.309305126047028,10.377910614013672
3.0677871704101562,4.299692341126502,10.375534057617188
3.1484756469726562,4.284326237759419,10.458663940429688
3.055572986602783,4.271775592484379,10.40871810913086
3.0578572750091553,4.24984538156007,10.388162612915039
3.094336748123169,4.304410056044747,10.353302955627441
3.0965676307678223,4.271225339167618,10.363508224487305
3.154801607131958,4.229840428302331,10.399169921875
3.1458919048309326,4.331403476086312,10.399589538574219
3.089564800262451,4.216562461673415,10.500576972961426
2.978860378265381,4.230869729038594,10.423022270202637
3.1087229251861572,4.3098343370948,10.382715225219727
3.148104429244995,4.373010351023238,10.3933744430542
3.1762239933013916,4.281747612603274,10.40460205078125
3.139280080795288,4.306581875209564,10.334867477416992
3.044217824935913,4.239436297145273,10.420055389404297
3.035259246826172,4.2522016996185155,10.409314155578613
3.0991034507751465,4.322868806808921,10.295841217041016
3.083033323287964,4.2530326398222575,10.433921813964844
3.103442430496216,4.255441548801693,10.328567504882812
3.1469202041625977,4.296407004419182,10.46673583984375
3.1445767879486084,4.326647087765326,10.336102485656738
3.06868577003479,4.265292056503572,10.415550231933594
3.079993963241577,4.216216358256393,10.454978942871094
3.0322039127349854,4.234598983411811,10.38006591796875
3.080498456954956,4.289699606697208,10.479751586914062
3.1432127952575684,4.314726176206022,10.421329498291016
3.0559587478637695,4.260948280537767,10.389435768127441
3.0838685035705566,4.274073328822851,10.387157440185547
3.099768877029419,4.321862722946597,10.420382499694824
3.1401138305664062,4.261915179169073,10.412869453430176
3.120079755783081,4.280134144139343,10.439345359802246
3.0411784648895264,4.285292659320736,10.412421226501465
3.0580761432647705,4.282661732751876,10.439412117004395
3.114494562149048,4.298404858713703,10.442551612854004
3.159395217895508,4.275967753325988,10.470932960510254
3.079987049102783,4.232678472031174,10.478558540344238
3.102783203125,4.263483791911441,10.443419456481934
3.052886486053467,4.205564828123898,10.380279541015625
3.086151361465454,4.295294776891492,10.38109016418457
3.165104627609253,4.267142476148105,10.34894847869873
3.091907501220703,4.283943302397217,10.37548542022705
3.0746500492095947,4.237131476402283,10.310304641723633
3.0250301361083984,4.183799908163825,10.408848762512207
3.128859758377075,4.249792871165222,10.384527206420898
3.067523717880249,4.321820363202797,10.447093963623047
3.122612714767456,4.22639737321463,10.365973472595215
3.0997636318206787,4.281400013981121,10.370695114135742
3.0539419651031494,4.258024549976524,10.438054084777832
3.032505512237549,4.318959336860904,10.418964385986328
3.146939754486084,4.252299161228751,10.34505558013916
3.1676270961761475,4.265967162625333,10.390787124633789
3.0773611068725586,4.291130026070666,10.40195369720459
3.0742859840393066,4.3072914320842495,10.427032470703125
3.1240978240966797,4.26429351342709,10.39361572265625
3.067610025405884,4.301723999736299,10.495952606201172
3.1401166915893555,4.251321475886341,10.426277160644531
3.080848455429077,4.24743019782805,10.498176574707031
3.1035807132720947,4.268694659295891,10.32161808013916
3.13090181350708,4.24334027162487,10.402751922607422
3.071915626525879,4.277972147334366,10.47240161895752
3.1102445125579834,4.2755907864442895,10.361610412597656
3.1043426990509033,4.253075120205591,10.473762512207031
3.147911787033081,4.268529397934409,10.416318893432617
3.0452048778533936,4.268961387520124,10.415580749511719
3.107703447341919,4.278360420738213,10.335920333862305
3.0683445930480957,4.322204414289446,10.365833282470703
3.0527877807617188,4.253568460998524,10.36606216430664
3.0764896869659424,4.264121978477176,10.402488708496094
3.096414566040039,4.265225129634407,10.388326644897461
3.072636127471924,4.209402814274654,10.3788480758667
3.0825746059417725,4.186738148165335,10.434401512145996
3.1365585327148438,4.307282018541758,10.397650718688965
2.9931585788726807,4.30977585675594,10.355632781982422
3.102139472961426,4.278945902628558,10.319546699523926
3.121903419494629,4.291280470256295,10.394781112670898
3.1081316471099854,4.271271026660023,10.302977561950684
3.1244254112243652,4.3028325698604535,10.46247673034668
3.1671929359436035,4.217542365559243,10.333330154418945
3.167074680328369,4.301889620621556,10.404542922973633
3.0664029121398926,4.2569398881002725,10.359760284423828
3.112766981124878,4.296770340763033,10.416324615478516
3.0800976753234863,4.28285197308287,10.379815101623535
3.071835994720459,4.310382059143324,10.417065620422363
3.1412031650543213,4.258639003782134,10.313180923461914
3.0383453369140625,4.303019216650032,10.446613311767578
3.059030055999756,4.297423127007538,10.39373779296875
3.1613516807556152,4.281825479253062,10.350587844848633
3.1259713172912598,4.261482881215801,10.471323013305664
3.1406142711639404,4.242153480815301,10.418994903564453
3.0679757595062256,4.241578549446006,10.365735054016113
3.0946056842803955,4.297522094533113,10.409092903137207
3.1172754764556885,4.258178221460964,10.389787673950195
3.050842761993408,4.287609757722489,10.431571006774902
3.0755081176757812,4.304893935365336,10.382762908935547
3.0395309925079346,4.312557515388887,10.318235397338867
3.05627179145813,4.279896812446949,10.356651306152344
3.0687520503997803,4.274691727478057,10.424418449401855
3.1006221771240234,4.302094187121838,10.400535583496094
3.19279146194458,4.296363347376298,10.377518653869629
3.104844331741333,4.30183597364729,10.327106475830078
3.101283311843872,4.181153707339295,10.487310409545898
3.091980218887329,4.242605495466186,10.515210151672363
3.1203176975250244,4.298734564633508,10.400130271911621
3.1110246181488037,4.27029644751123,10.344884872436523
3.161052703857422,4.324870627107365,10.401999473571777
3.09167742729187,4.3104455454075445,10.308443069458008
3.0897955894470215,4.26644903597688,10.429509162902832
3.115097999572754,4.326785771076435,10.413644790649414
3.081456422805786,4.2636131057848345,10.3749361038208
3.0771801471710205,4.274830193192298,10.47272777557373
3.1166999340057373,4.329834406563481,10.401885986328125
3.152327299118042,4.230125570836078,10.469008445739746
3.0727949142456055,4.279620454679908,10.455031394958496
3.049213409423828,4.296408162419019,10.425381660461426
3.1400625705718994,4.320720923299502,10.387706756591797
3.1010968685150146,4.300319912144914,10.37331771850586
3.0996835231781006,4.2312300384177695,10.351263999938965
3.0776867866516113,4.205402144596779,10.457695960998535
3.1176083087921143,4.276250769417467,10.411521911621094
3.119162082672119,4.2585238551920535,10.426397323608398
3.166370153427124,4.287145635578782,10.428072929382324
3.1286680698394775,4.2363191396330615,10.42916488647461
3.11061692237854,4.24821350613742,10.415788650512695
3.0437686443328857,4.297872772307268,10.428466796875
3.084052085876465,4.26098367029668,10.387884140014648
3.0547802448272705,4.1941688525423935,10.386281967163086
3.0839784145355225,4.293944898826469,10.308627128601074
3.085925340652466,4.239079013100958,10.347845077514648
3.135230541229248,4.307201985269785,10.371874809265137
3.05959415435791,4.1971700808499,10.427312850952148
3.07385516166687,4.272096724814868,10.504575729370117
3.072831153869629,4.257166732135894,10.475324630737305
3.0824291706085205,4.289771957123386,10.433551788330078
3.0722084045410156,4.283975440842498,10.425546646118164
3.0900776386260986,4.321494276901442,10.41025447845459
3.0898053646087646,4.249477411021612,10.394937515258789
3.0558509826660156,4.186190451927749,10.433792114257812
3.038952350616455,4.214177792259892,10.36978530883789
3.113388776779175,4.286515458420451,10.401568412780762
3.1355276107788086,4.286134433733034,10.407929420471191
3.0863568782806396,4.2871609779207835,10.401323318481445
3.1060526371002197,4.3401509936499805,10.36355209350586
3.1002659797668457,4.299788112851924,10.374216079711914
3.092482328414917,4.29099374533897,10.468704223632812
3.1054458618164062,4.263558381436659,10.381124496459961
3.087123155593872,4.236930407018267,10.482339859008789
3.138885021209717,4.3149385182519575,10.400910377502441
3.029378890991211,4.265803057933226,10.435367584228516
3.1647603511810303,4.34542502748913,10.336747169494629
3.1345465183258057,4.330909593928871,10.372156143188477
3.116220474243164,4.345183659810573,10.495600700378418
3.042275905609131,4.3068255797427675,10.356789588928223
3.1070942878723145,4.282684305549732,10.37489128112793
3.0929741859436035,4.221815432654693,10.4961576461792
3.0541701316833496,4.291832180760268,10.383857727050781
3.1156606674194336,4.361957550880366,10.39345932006836
3.099520683288574,4.2136501216861815,10.426353454589844
3.1330184936523438,4.294303743201974,10.47882080078125
3.1424763202667236,4.26657160414782,10.333612442016602
3.081967830657959,4.293211839028767,10.40081787109375
3.1326777935028076,4.30746107761349,10.384130477905273
3.0973029136657715,4.244288178194048,10.423622131347656
3.1149141788482666,4.267132022684174,10.341646194458008
3.0968892574310303,4.249986556425158,10.377408981323242
3.0582733154296875,4.25660625519231,10.501076698303223
3.0374019145965576,4.241918058034831,10.347574234008789
3.137646436691284,4.284702778427995,10.44429874420166
3.1145613193511963,4.3019500771936565,10.42194938659668
3.161566972732544,4.225274845159481,10.398048400878906
3.0773513317108154,4.227646155050024,10.425874710083008
3.101919174194336,4.266150407892253,10.44083023071289
3.040717363357544,4.315375516590263,10.332474708557129
3.0711822509765625,4.270237081517865,10.40073013305664
3.1443235874176025,4.262469404210735,10.360004425048828
3.087146043777466,4.211409529504766,10.39460277557373
3.0567445755004883,4.268445576441341,10.441317558288574
3.135817766189575,4.29369858163409,10.354639053344727
3.056262969970703,4.307837527877252,10.389603614807129
3.069547653198242,4.318580540928191,10.457234382629395
3.1095516681671143,4.28238102431143,10.320037841796875
3.1116340160369873,4.218061239891021,10.372827529907227
3.0574240684509277,4.266238193393552,10.283966064453125
3.064519166946411,4.307825875069414,10.372542381286621
3.109480619430542,4.261865490548578,10.347240447998047
3.1050305366516113,4.234178892270262,10.390463829040527
3.039339303970337,4.274356268645664,10.389585494995117
3.145371198654175,4.247904396682446,10.376615524291992
3.078702449798584,4.266995415856529,10.404267311096191
3.11086368560791,4.2389642653787245,10.39533519744873
3.0412909984588623,4.280462206374588,10.453496932983398
3.1457369327545166,4.318118130588638,10.349846839904785
3.146043539047241,4.347458857810125,10.323206901550293
3.038714647293091,4.2616308758900106,10.396452903747559
3.124415636062622,4.353410863483857,10.380134582519531
3.0731351375579834,4.216647696714582,10.345995903015137
3.0115396976470947,4.251849246178089,10.353001594543457
3.0238940715789795,4.23943963606975,10.424324035644531
3.1017584800720215,4.2577518441248685,10.312628746032715
3.128291606903076,4.228483832906932,10.359073638916016
3.0887086391448975,4.234633595715942,10.361527442932129
3.084968328475952,4.281688517558255,10.460258483886719
3.1322667598724365,4.3014132642918925,10.364855766296387
3.055112361907959,4.237723576237581,10.392353057861328
3.1065804958343506,4.292823851707259,10.47478199005127
3.1041100025177,4.2983617888364405,10.388093948364258
3.120513677597046,4.224389980547131,10.382704734802246
3.1254827976226807,4.278261141552191,10.308615684509277
3.0955655574798584,4.247300920209715,10.437332153320312
3.077779531478882,4.290521684269022,10.457493782043457
3.100726842880249,4.282126463018357,10.497169494628906
3.037106513977051,4.3034533002147715,10.321195602416992
3.064143419265747,4.281248287031694,10.455069541931152
3.0303921699523926,4.285049353460116,10.280458450317383
3.0937063694000244,4.247182061363544,10.515409469604492
3.09421706199646,4.2299074029682995,10.418213844299316
3.1497957706451416,4.280623975076845,10.381348609924316
3.1386027336120605,4.284652246228818,10.383552551269531
3.12420392036438,4.2731635719537735,10.294891357421875
3.0920987129211426,4.272095003032259,10.356291770935059
3.174685478210449,4.240458718600816,10.403841018676758
3.068753719329834,4.235763111451108,10.421663284301758
3.1601452827453613,4.264356572513602,10.378572463989258
3.1427109241485596,4.274339550706958,10.318642616271973
3.1385815143585205,4.223515390518254,10.395177841186523
3.0845954418182373,4.291109325264448,10.425549507141113
3.0844950675964355,4.236105976094093,10.441049575805664
3.1035382747650146,4.251211382614981,10.383441925048828
3.049532175064087,4.258116870719407,10.443363189697266
3.077591896057129,4.228487464798881,10.437858581542969
3.195326089859009,4.294791577051261,10.431636810302734
3.112823963165283,4.2691562956066,10.338627815246582
3.0845043659210205,4.207810499938205,10.41253662109375
3.1163768768310547,4.319635353516786,10.435407638549805
3.059074640274048,4.206799763853528,10.33709716796875
3.0793633460998535,4.243301129534042,10.460799217224121
3.0485713481903076,4.240073820176933,10.410821914672852
3.1117000579833984,4.270588122175208,10.403694152832031
3.0451221466064453,4.213779336440244,10.433483123779297
3.071568727493286,4.199842721489923,10.372435569763184
3.1757655143737793,4.286906286541905,10.438758850097656
3.0694916248321533,4.254989408754877,10.392751693725586
3.0735979080200195,4.294584289692076,10.377397537231445
3.063753604888916,4.199336537459334,10.332315444946289
3.1200063228607178,4.278271603996732,10.473649024963379
3.09909725189209,4.240230998556529,10.334592819213867
3.0812160968780518,4.294492998160422,10.442143440246582
3.0572969913482666,4.287130140666186,10.32568073272705
3.0957465171813965,4.257779712323099,10.427653312683105
3.0624189376831055,4.264686369436926,10.434026718139648
3.0597875118255615,4.262639283801295,10.324753761291504
3.1134352684020996,4.284063872382312,10.43233871459961
3.0940983295440674,4.191028490795621,10.43637466430664
3.0459375381469727,4.268979869949232,10.422516822814941
3.0814120769500732,4.274916928228257,10.317848205566406
3.0643014907836914,4.314703902529021,10.44613265991211
3.056561231613159,4.293483936294382,10.347046852111816
3.086726427078247,4.281091904400715,10.33926010131836
3.083010673522949,4.265261854344447,10.416868209838867
3.033785581588745,4.243882586780403,10.391996383666992
3.0782101154327393,4.25865805973964,10.441561698913574
3.104778289794922,4.277008081753073,10.417219161987305
3.1206650733947754,4.283558073353821,10.451536178588867
3.0685906410217285,4.3158096062751214,10.468128204345703
3.1056787967681885,4.286198043996202,10.416648864746094
3.034785270690918,4.3130053389883996,10.382612228393555
3.1395113468170166,4.295389123427283,10.376754760742188
3.108159303665161,4.234793769827645,10.502925872802734
3.078779458999634,4.301309388530042,10.421257019042969
3.071120023727417,4.279314190980846,10.463605880737305
3.101520538330078,4.242943473991804,10.364066123962402
3.167884349822998,4.2656482054985,10.418540000915527
3.144972324371338,4.253481943659218,10.376935005187988
3.1013214588165283,4.315650455154745,10.487281799316406
3.074713945388794,4.257208632937233,10.465900421142578
3.052907705307007,4.32542923136082,10.343916893005371
3.1284396648406982,4.261522356753371,10.442573547363281
3.10123610496521,4.298866870613503,10.38132095336914
3.12335205078125,4.264967200712168,10.465149879455566
3.076032876968384,4.34926386486872,10.327797889709473
3.076658010482788,4.287050203852622,10.418802261352539
3.0531439781188965,4.271499275695533,10.378804206848145
3.1115996837615967,4.249912306666374,10.383668899536133
3.1040401458740234,4.283062003519652,10.396800994873047
3.0807416439056396,4.251504345031987,10.433991432189941
3.1223745346069336,4.26766468661039,10.388586044311523
3.0663390159606934,4.261477825464681,10.399603843688965
3.0467395782470703,4.21469498971211,10.365896224975586
3.092593193054199,4.252901533951184,10.420465469360352
3.0874342918395996,4.314020193647593,10.381251335144043
3.081850528717041,4.205527475270044,10.337636947631836
3.091346502304077,4.2933853202765535,10.476069450378418
3.0560050010681152,4.240321371604556,10.382333755493164
3.086276054382324,4.308739772266043,10.460979461669922
3.0868916511535645,4.230615747959487,10.459741592407227
3.0966434478759766,4.313662373361045,10.38836669921875
3.0713438987731934,4.247086732049605,10.398868560791016
3.0350594520568848,4.214441466710663,10.378314971923828
3.086125373840332,4.26282506293085,10.397769927978516
3.107644557952881,4.321835216633709,10.39242172241211
3.125108480453491,4.308351465534153,10.390046119689941
3.0979788303375244,4.260951514322577,10.359975814819336
3.133638858795166,4.219917071018634,10.427810668945312
3.0880138874053955,4.309982581895643,10.449289321899414
3.1161575317382812,4.265477189128951,10.414055824279785
3.0627434253692627,4.259117396182513,10.396903991699219
3.067049980163574,4.308298456615636,10.355770111083984
3.0964200496673584,4.248365324722336,10.406713485717773
3.0878043174743652,4.295489571123783,10.448419570922852
3.011625289916992,4.255234527933811,10.365337371826172
3.094351291656494,4.233276132494211,10.39201545715332
3.133786678314209,4.301114709482396,10.399166107177734
3.167935371398926,4.315932882750141,10.343999862670898
3.0414350032806396,4.237053411314265,10.44339370727539
3.095149517059326,4.260791159767125,10.362529754638672
3.0216336250305176,4.289137847255915,10.39954948425293
3.0803158283233643,4.258118972780982,10.487569808959961
3.085933208465576,4.285105343176318,10.371516227722168
3.0567140579223633,4.24972184344993,10.44444465637207
3.0698959827423096,4.336159111366474,10.35307788848877
3.067560911178589,4.2446391100862195,10.41994857788086
3.06728196144104,4.26059341976153,10.411684036254883
3.035590887069702,4.250806203943544,10.358966827392578
3.0863070487976074,4.353784971371559,10.355809211730957
3.0726640224456787,4.21231568305354,10.41401195526123
3.0780649185180664,4.242822567865785,10.346052169799805
3.10595703125,4.256654795591853,10.42436695098877
3.111685276031494,4.24667307897471,10.400416374206543
3.0536601543426514,4.270351612075631,10.336162567138672
3.042628049850464,4.252842143344294,10.36313247680664
3.137141704559326,4.28255579035197,10.459836959838867
3.1029868125915527,4.261608141507687,10.330404281616211
3.119882345199585,4.283118200288819,10.357736587524414
3.0829129219055176,4.25228341073463,10.439688682556152
3.0685675144195557,4.2491608110722145,10.393699645996094
3.1298069953918457,4.277094282442704,10.346821784973145
3.0860235691070557,4.303691122913732,10.421209335327148
3.0826990604400635,4.250894596068454,10.354032516479492
3.06300950050354,4.298957977876333,10.410870552062988
3.0741069316864014,4.304715406282672,10.406414031982422
3.113023281097412,4.273231123673863,10.36743450164795
3.1753358840942383,4.299071876332164,10.424665451049805
2.9996495246887207,4.258772791962007,10.444128036499023
3.058169364929199,4.2068521308247,10.395259857177734
3.024435520172119,4.235173379802811,10.399782180786133
2.9980225563049316,4.208309341854017,10.48886489868164
3.0478475093841553,4.216175015417061,10.415237426757812
3.109081983566284,4.270608372587178,10.405552864074707
3.062417507171631,4.207907288867447,10.398649215698242
3.071568250656128,4.225885791537752,10.37863540649414
3.0617356300354004,4.282052318199671,10.39289665222168
3.088315010070801,4.257132765437875,10.414755821228027
3.015542507171631,4.207024261688016,10.429574012756348
2.99341082572937,4.273231921218602,10.356367111206055
3.031034231185913,4.274214490217024,10.428525924682617
3.05021595954895,4.270341283142833,10.491657257080078
3.0838894844055176,4.237084491843623,10.474902153015137
3.04557728767395,4.319024826765859,10.302167892456055
3.102170944213867,4.349002160930207,10.41946029663086
3.0889313220977783,4.307222033784325,10.507431030273438
3.0509440898895264,4.307852242474578,10.319239616394043
3.1375043392181396,4.2630740466328065,10.376975059509277
3.2042179107666016,4.262216853709625,10.394248008728027
3.0919342041015625,4.273843680475173,10.374176979064941
3.1448869705200195,4.261274474273835,10.388370513916016
3.0652003288269043,4.233383123097676,10.425569534301758
3.098238706588745,4.365264438358801,10.425339698791504
3.0748519897460938,4.270458863815293,10.349206924438477
3.036233425140381,4.212954235828615,10.334421157836914
3.0264384746551514,4.228987482875319,10.37614917755127
3.043452024459839,4.266778870286154,10.41086196899414
3.0933549404144287,4.223573420496125,10.485124588012695
3.081887722015381,4.2542199663086135,10.30697250366211
3.045478343963623,4.26157725615693,10.460774421691895
3.0741257667541504,4.301131416877199,10.383011817932129
3.108949899673462,4.341082744666242,10.410442352294922
3.0487020015716553,4.2661206627464185,10.360919952392578
3.083282232284546,4.289144358165296,10.334452629089355
3.146106719970703,4.3173352124369035,10.384090423583984
3.0808067321777344,4.292491714104211,10.44914436340332
3.1090872287750244,4.23822697687761,10.361207008361816
3.0812435150146484,4.301092020535309,10.41867733001709
3.022592782974243,4.288292706212295,10.403023719787598
3.0638794898986816,4.327925414445677,10.454164505004883
3.028146982192993,4.215112881901274,10.429930686950684
3.047802448272705,4.317373014554115,10.392425537109375
3.115762948989868,4.294134257660647,10.326213836669922
3.085505723953247,4.289697007941348,10.412833213806152
3.0622425079345703,4.300127056593607,10.471580505371094
3.096522808074951,4.266119148050036,10.424216270446777
3.0930728912353516,4.221727236905801,10.430023193359375
3.117137908935547,4.284570765548519,10.43118667602539
3.048067092895508,4.2325137670351465,10.485931396484375
3.0183510780334473,4.3284605906145375,10.363698959350586
3.084691047668457,4.238046976704417,10.43481159210205
3.0646073818206787,4.196164769120515,10.506097793579102
3.1212425231933594,4.297895071628903,10.415063858032227
3.077618360519409,4.2508158084736865,10.427663803100586
3.065326690673828,4.244421371824242,10.452762603759766
3.127453327178955,4.312126578929434,10.403383255004883
3.105201482772827,4.291915521258488,10.368902206420898
3.1613986492156982,4.284760329040831,10.384368896484375
3.1036572456359863,4.2142938283006,10.454496383666992
3.0994760990142822,4.251792885396363,10.358258247375488
3.113502264022827,4.33174082151215,10.350399017333984
3.106933355331421,4.311573461496404,10.52492904663086
3.15354323387146,4.345093068134572,10.408016204833984
3.0960943698883057,4.21971047360317,10.388495445251465
3.096958637237549,4.300406871163951,10.429537773132324
3.147441864013672,4.332332689148774,10.456441879272461
3.0208799839019775,4.3165031233469815,10.44892692565918
3.03999924659729,4.244414335748713,10.389927864074707
3.0964884757995605,4.228113325345995,10.374800682067871
3.1493661403656006,4.283628314367628,10.419326782226562
3.1110143661499023,4.2913631275628825,10.412822723388672
3.023871421813965,4.317356363105189,10.399456024169922
2.989185333251953,4.243356806891305,10.41551399230957
3.023681640625,4.227857546381919,10.367156982421875
3.041586399078369,4.352373491606808,10.461482048034668
3.082270383834839,4.26334842783399,10.396000862121582
3.0453619956970215,4.282047134558005,10.377400398254395
3.126012086868286,4.273519393854907,10.400705337524414
3.1700801849365234,4.271984142018482,10.452873229980469
3.1566970348358154,4.240197974157387,10.394576072692871
3.0343174934387207,4.273447174512381,10.422533988952637
3.2209537029266357,4.360158096001084,10.35633659362793
3.048806667327881,4.240256543138197,10.381587982177734
3.1457505226135254,4.34701760499073,10.503647804260254
3.071662664413452,4.254318563566942,10.361642837524414
3.1063733100891113,4.2457091062595795,10.358695030212402
3.0960707664489746,4.2329617238470485,10.458467483520508
3.126711845397949,4.285167498447533,10.503532409667969
3.0666303634643555,4.239939885679633,10.408370018005371
3.016212224960327,4.266869898453089,10.38083267211914
3.1393942832946777,4.330169635957905,10.431512832641602
3.093412160873413,4.269219384395651,10.414841651916504
3.0744683742523193,4.2560868225991735,10.456522941589355
3.0694100856781006,4.293460905585172,10.374519348144531
3.0927155017852783,4.310267032589763,10.446033477783203
3.133683681488037,4.304084100827042,10.48360824584961
3.1159210205078125,4.2594905367919385,10.458603858947754
3.0990347862243652,4.33593182495263,10.393461227416992
3.0441384315490723,4.257673448683428,10.432544708251953
3.094398260116577,4.252780434608992,10.394147872924805
3.0611207485198975,4.2620394556517045,10.392862319946289
3.1691360473632812,4.32356364313247,10.395992279052734
3.0629374980926514,4.278167233669332,10.309832572937012
3.077686309814453,4.260456279618666,10.421066284179688
3.0844030380249023,4.245183299062774,10.388565063476562
3.079807996749878,4.261012738537309,10.42013168334961
3.154231071472168,4.301567494470094,10.388209342956543
3.101018190383911,4.309525420855997,10.425152778625488
3.0502536296844482,4.301424087158271,10.473209381103516
3.0774636268615723,4.294747101774972,10.43176555633545
3.099109411239624,4.341208276072783,10.457690238952637
3.1021573543548584,4.25373655614177,10.45645523071289
3.0511090755462646,4.27875255397521,10.349983215332031
3.061929941177368,4.231692061593224,10.48672866821289
3.089076519012451,4.239345303537058,10.410765647888184
3.0865635871887207,4.287753074995375,10.370970726013184
3.0951905250549316,4.2582347077384055,10.410079956054688
3.0546791553497314,4.226161508820952,10.428014755249023
3.0171802043914795,4.301955136503758,10.345184326171875
3.109447717666626,4.251455129190747,10.29789924621582
3.119338274002075,4.342691839639364,10.376791000366211
3.104979991912842,4.293029456133289,10.365995407104492
3.0576696395874023,4.332025729219562,10.426506042480469
3.0733282566070557,4.2170961974188685,10.423510551452637
3.0889194011688232,4.232031248909022,10.351774215698242
3.0871081352233887,4.218795870863167,10.387594223022461
3.0439696311950684,4.2604113991505335,10.292874336242676
3.072057008743286,4.3025886979552785,10.36245346069336
3.0709850788116455,4.305158731693934,10.494853973388672
2.9875712394714355,4.234413908195815,10.336163520812988
3.1042325496673584,4.288217671115749,10.383856773376465
3.0665247440338135,4.189007529090824,10.38961410522461
3.1247355937957764,4.272996790174927,10.387092590332031
3.0466198921203613,4.187637764395082,10.422874450683594
3.078465700149536,4.231351283079545,10.432510375976562
3.0762782096862793,4.260525090320568,10.471715927124023
3.0932483673095703,4.268807798457732,10.32571029663086
3.0805234909057617,4.219806826906278,10.456197738647461
3.1012136936187744,4.2676329781035225,10.372220993041992
3.1396594047546387,4.314011825182076,10.468324661254883
3.063516855239868,4.21883536243279,10.421625137329102
3.007140636444092,4.27491432887369,10.385382652282715
3.0556366443634033,4.206561352725008,10.498647689819336
3.1143081188201904,4.270149926023025,10.521790504455566
3.0918080806732178,4.239244199823589,10.410908699035645
3.0847063064575195,4.272993137594313,10.44469165802002
3.140242576599121,4.335072517960465,10.45356559753418
3.0811944007873535,4.27984568366914,10.435523986816406
3.0708770751953125,4.251125801986616,10.33568000793457
3.0871827602386475,4.27507712116598,10.429275512695312
3.1122255325317383,4.295315601364045,10.417878150939941
3.085387706756592,4.227825119725561,10.342045783996582
3.0683035850524902,4.28657569510064,10.390734672546387
3.100332260131836,4.3351207339936595,10.5238676071167
3.0399513244628906,4.25486870944899,10.410527229309082
3.07989501953125,4.255763545266485,10.440620422363281
3.0472357273101807,4.281963569378215,10.401545524597168
3.060053586959839,4.219975202277835,10.395953178405762
3.043748617172241,4.32468625607102,10.442845344543457
3.0013272762298584,4.229034229614107,10.44871711730957
3.0435402393341064,4.2244147356333475,10.400684356689453
3.1197776794433594,4.321876472826781,10.332481384277344
3.066786050796509,4.313772821499567,10.381431579589844
3.058060646057129,4.252828365624217,10.404006004333496
3.0652756690979004,4.28765190422668,10.431327819824219
3.064530611038208,4.285907678006749,10.345727920532227
3.1081936359405518,4.304360715406282,10.426190376281738
3.101632833480835,4.259996645451922,10.393196105957031
3.0771188735961914,4.2679612180550714,10.43727970123291
3.045536994934082,4.283492745133117,10.357023239135742
3.111255168914795,4.301582803517314,10.516101837158203
3.051065444946289,4.284180933809174,10.426322937011719
3.126124382019043,4.290438948199153,10.315068244934082
3.067993640899658,4.2697648285954655,10.390166282653809
3.0772182941436768,4.351346426011462,10.44939136505127
3.059617280960083,4.311428089925487,10.493488311767578
3.057596445083618,4.207749098572614,10.498287200927734
3.131932020187378,4.2670802986914556,10.432243347167969
3.1247315406799316,4.299198119335675,10.354973793029785
3.1181819438934326,4.22931799372392,10.313786506652832
3.048288583755493,4.258594452835886,10.443857192993164
3.0864737033843994,4.307299635572624,10.338356971740723
3.0942635536193848,4.269608263292217,10.421642303466797
3.092385768890381,4.306299310144303,10.358549118041992
3.0811991691589355,4.265506905736402,10.362460136413574
3.1092329025268555,4.307432052612837,10.433643341064453
3.07832670211792,4.351272315984326,10.411940574645996
3.0846450328826904,4.249744604774085,10.418742179870605
3.095456600189209,4.2847005592193455,10.313350677490234
3.1141297817230225,4.284905866486952,10.471574783325195
3.1221578121185303,4.231320549467846,10.377289772033691
3.1025073528289795,4.295737746870144,10.423276901245117
3.0572664737701416,4.220958207800451,10.443425178527832
3.132108688354492,4.298344104517518,10.332744598388672
3.077751874923706,4.27333860698023,10.461703300476074
3.044779062271118,4.2172593823301465,10.44469928741455
3.105564594268799,4.361314415000379,10.478504180908203
3.0573439598083496,4.2518367067178975,10.384267807006836
3.0402798652648926,4.334659906004423,10.461748123168945
3.0769143104553223,4.205557117072334,10.463139533996582
3.091830253601074,4.25599338885929,10.39842700958252
3.0507824420928955,4.191143457644752,10.330276489257812
3.1144230365753174,4.274033266485536,10.378110885620117
3.068786144256592,4.218251228565349,10.385804176330566
3.1064770221710205,4.2742640790196935,10.351678848266602
3.025784492492676,4.307378502795473,10.381200790405273
3.118954658508301,4.2356127891356925,10.428553581237793
3.0293991565704346,4.270299064926804,10.348885536193848
3.085271120071411,4.266088997778882,10.375680923461914
3.104032039642334,4.225050515927641,10.318076133728027
3.046333074569702,4.195742275698908,10.446695327758789
3.1001951694488525,4.269556447397917,10.37199592590332
3.0603742599487305,4.23659524976808,10.329941749572754
3.091822862625122,4.245244889819462,10.306848526000977
3.1425626277923584,4.233702143255089,10.3309907913208
3.0756185054779053,4.266882911158193,10.301218032836914
3.0993564128875732,4.239577156192224,10.4430513381958
3.138335943222046,4.282269794760006,10.415325164794922
3.0716946125030518,4.252785686203944,10.305953979492188
3.038159132003784,4.312215329912891,10.290641784667969
3.04589581489563,4.292035814773824,10.344362258911133
3.0765340328216553,4.273709690165042,10.422928810119629
3.082047939300537,4.253169870369935,10.42611312866211
3.095898151397705,4.227284556021914,10.362950325012207
3.085012197494507,4.328715915425814,10.318930625915527
3.12748384475708,4.2794704218395045,10.294357299804688
3.071845769882202,4.274072210836623,10.408401489257812
3.0042364597320557,4.232093548368929,10.40966510772705
3.047847032546997,4.259669023100287,10.39562702178955
3.05056095123291,4.258430555396314,10.429681777954102
3.0560808181762695,4.245024571062199,10.397904396057129
3.0581815242767334,4.273189964604431,10.347002029418945
3.051124334335327,4.2519983404449055,10.373099327087402
3.1116156578063965,4.321261292190424,10.4371976852417
3.084343910217285,4.2960334304121455,10.374954223632812
3.087773084640503,4.281560569668987,10.428625106811523
3.0507254600524902,4.322530073446354,10.452903747558594
3.088961601257324,4.269629720166059,10.359448432922363
3.050936698913574,4.250692295708827,10.444709777832031
3.0993106365203857,4.2586716517606495,10.370819091796875
3.0560874938964844,4.25981784931251,10.451255798339844
3.0467183589935303,4.28790161010277,10.329870223999023
3.0980749130249023,4.360744698904455,10.332099914550781
3.0842883586883545,4.285022903333551,10.456807136535645
3.106069803237915,4.379415409107294,10.413639068603516
3.0413172245025635,4.2247302677548895,10.388749122619629
3.0503225326538086,4.23188092842299,10.469886779785156
3.096205472946167,4.344360837047653,10.341758728027344
3.065032720565796,4.26391026181435,10.391104698181152
3.1223368644714355,4.270867002462701,10.449810028076172
3.049435615539551,4.239312418902825,10.518128395080566
3.1187758445739746,4.2523235466796905,10.441376686096191
3.0834574699401855,4.331096906913444,10.372366905212402
3.0152108669281006,4.206445743296562,10.393373489379883
3.1085548400878906,4.347104614667063,10.458793640136719
3.1116409301757812,4.294174338724198,10.37627124786377
3.0546226501464844,4.224209085273157,10.431007385253906
3.111481189727783,4.248086301443567,10.363140106201172
3.12449049949646,4.25312126976704,10.401660919189453
3.0689992904663086,4.320299443023811,10.32623291015625
3.110776662826538,4.255796104470002,10.371369361877441
3.0440499782562256,4.256916745233217,10.4287748336792
3.040602207183838,4.278420241915487,10.347309112548828
3.0573861598968506,4.268105422080096,10.326948165893555
3.095334529876709,4.297828870725684,10.374251365661621
3.0197033882141113,4.223108984995633,10.372772216796875
3.112820863723755,4.223611195970859,10.361536026000977
3.053807020187378,4.270955938479996,10.389421463012695
3.087944269180298,4.233887521283967,10.403547286987305
3.008455753326416,4.31143926596269,10.406296730041504
3.0739104747772217,4.272646532427253,10.421632766723633
3.022705078125,4.201319301035255,10.458540916442871
3.0889620780944824,4.313202442933939,10.435582160949707
3.0748538970947266,4.298470024751233,10.375592231750488
3.062051296234131,4.276886810748173,10.332428932189941
3.123002767562866,4.196145310798395,10.35144329071045
3.0288777351379395,4.167385324702731,10.384429931640625
3.0960495471954346,4.347536496019789,10.355035781860352
3.130070924758911,4.307220918691851,10.469914436340332
3.0226712226867676,4.279725198401138,10.49283218383789
3.1154944896698,4.279772480916498,10.506352424621582
3.0859930515289307,4.318833426372813,10.457119941711426
3.0031015872955322,4.299323929806373,10.421403884887695
3.0468082427978516,4.340257220568934,10.398048400878906
3.080573320388794,4.343507760204375,10.321043014526367
3.086003065109253,4.295196645926418,10.368147850036621
3.0445518493652344,4.269064566353336,10.34490966796875
3.0885353088378906,4.250450953608379,10.320749282836914
3.0743801593780518,4.203992153750733,10.365592002868652
3.1016621589660645,4.264554976918069,10.30800724029541
3.060325860977173,4.318281633912453,10.367064476013184
3.0342485904693604,4.2598679798455645,10.437697410583496
3.0385701656341553,4.302833977920403,10.358755111694336
3.0752625465393066,4.2996657580869,10.431443214416504
3.0891220569610596,4.296194160290595,10.386082649230957
3.0518555641174316,4.308769107230806,10.381531715393066
3.121117353439331,4.2561026559144794,10.455366134643555
3.120116949081421,4.2944231853221675,10.379143714904785
3.044377088546753,4.257033577987126,10.352051734924316
3.0701727867126465,4.317834563087672,10.395929336547852
3.0178909301757812,4.2632593864774595,10.40971565246582
3.1342577934265137,4.284555090458265,10.285852432250977
3.111252546310425,4.251774789998308,10.376862525939941
3.1392314434051514,4.326832901952523,10.373344421386719
3.123539447784424,4.231195861639987,10.369192123413086
3.0807552337646484,4.315648801524991,10.397491455078125
3.109193801879883,4.3147244479706774,10.475473403930664
3.0430190563201904,4.241788464032911,10.403019905090332
3.096853494644165,4.329265438419368,10.365057945251465
3.016800880432129,4.230911804396393,10.41479778289795
3.0779364109039307,4.23752853746659,10.380471229553223
3.0641980171203613,4.301277057001634,10.41537094116211
3.038278341293335,4.234871835048709,10.40719985961914
3.047116994857788,4.270867642214788,10.398079872131348
3.1481690406799316,4.26950103024553,10.427918434143066
3.0732181072235107,4.279915393895602,10.426624298095703
3.066126823425293,4.228402456235407,10.42153263092041
3.0179553031921387,4.218122263006601,10.454673767089844
3.125469923019409,4.282978979005877,10.306836128234863
3.1184492111206055,4.27831224125943,10.351964950561523
3.1128697395324707,4.2471563006485145,10.449172019958496
3.1041371822357178,4.272936099109107,10.406074523925781
3.0907790660858154,4.321016920530902,10.442510604858398
3.067079544067383,4.239202678902075,10.36890697479248
3.0687732696533203,4.315625584817358,10.436223983764648
3.0642592906951904,4.2909386090136,10.3577880859375
3.0451629161834717,4.260339997642275,10.37301254272461
3.099459648132324,4.241310288763738,10.350645065307617
3.111309051513672,4.335468302048477,10.37336540222168
3.122504472732544,4.300492436259187,10.32622241973877
3.0840976238250732,4.265533541362467,10.40134048461914
3.0901243686676025,4.293219820496493,10.378768920898438
3.0747640132904053,4.283081882932623,10.349954605102539
3.04138445854187,4.2714387681667825,10.427068710327148
3.0582990646362305,4.287925156465333,10.42254638671875
3.080667734146118,4.268610450372632,10.447019577026367
3.0637643337249756,4.2684952208572735,10.435648918151855
3.0971670150756836,4.284342144216811,10.385128021240234
3.0938024520874023,4.305882613573756,10.392195701599121
3.1108312606811523,4.278425695607439,10.44007682800293
3.0686206817626953,4.323828441722851,10.431628227233887
3.0656723976135254,4.262994396666596,10.34497356414795
3.0288352966308594,4.344004255952314,10.422876358032227
3.0689003467559814,4.285735224340377,10.37143611907959
3.1442484855651855,4.316771072767941,10.419061660766602
3.0355565547943115,4.225089616142213,10.376617431640625
3.095792531967163,4.272962283376338,10.374200820922852
3.11321759223938,4.279525864037818,10.404860496520996
3.0799129009246826,4.276024237208601,10.400794982910156
3.0210773944854736,4.282226435008592,10.387391090393066
3.1013503074645996,4.268400322679164,10.3634672164917
3.138166666030884,4.317136942808117,10.450841903686523
3.0945358276367188,4.319515255778762,10.425637245178223
3.063659429550171,4.281350421918822,10.383062362670898
3.027015209197998,4.233418067983751,10.40185546875
3.0385236740112305,4.250572917184659,10.422332763671875
3.0936150550842285,4.24154442924607,10.406620979309082
3.052415370941162,4.314373257470184,10.386558532714844
3.0553057193756104,4.270639902712512,10.402247428894043
3.1610960960388184,4.269511117865996,10.353961944580078
3.091562271118164,4.274062576238065,10.401078224182129
3.1098759174346924,4.321735993027687,10.379670143127441
3.1225385665893555,4.2875595502222765,10.537856101989746
3.034287452697754,4.28253357864118,10.47518539428711
3.0642569065093994,4.2429011497380476,10.313007354736328
3.0265378952026367,4.228646012621798,10.45932388305664
3.0677261352539062,4.312665479557056,10.424036026000977
3.071885824203491,4.25589551743386,10.36855697631836
3.1026270389556885,4.333070746822549,10.341361999511719
3.1048238277435303,4.244296611020608,10.3688325881958
3.121866464614868,4.2723834983605355,10.409761428833008
3.173560619354248,4.33305612622228,10.434869766235352
3.089308500289917,4.302165762122188,10.438653945922852
3.0650711059570312,4.279587804905272,10.356269836425781
3.0432519912719727,4.202823745519189,10.413867950439453
3.1200060844421387,4.308301171354417,10.383712768554688
3.0428059101104736,4.218380645482934,10.422710418701172
3.1338608264923096,4.3143353175837555,10.414794921875
3.0731000900268555,4.207987426613856,10.313581466674805
3.0330893993377686,4.259276795932758,10.421113967895508
3.145697832107544,4.213858618534037,10.46995735168457
3.0806632041931152,4.345561650714704,10.363906860351562
3.081122398376465,4.315955873146387,10.43025016784668
3.0955886840820312,4.244078494641664,10.412027359008789
3.0496132373809814,4.278838184229764,10.326251029968262
3.1218373775482178,4.353642865915649,10.382880210876465
3.0783426761627197,4.320712120105911,10.371987342834473
3.083237648010254,4.2415530441794544,10.40080451965332
3.1145882606506348,4.272092389142407,10.4529447555542
3.0867509841918945,4.341234930258777,10.410306930541992
3.0439279079437256,4.266029580529513,10.47674560546875
3.0413522720336914,4.268364920546967,10.302480697631836
3.0077414512634277,4.265171071913626,10.371217727661133
3.099391460418701,4.29132313178187,10.45443058013916
3.0702991485595703,4.3194087885453225,10.37135124206543
3.08807373046875,4.271303673008723,10.356890678405762
3.0935862064361572,4.289721823031348,10.303577423095703
3.079738140106201,4.283847621608791,10.300833702087402
3.1129040718078613,4.262924121227115,10.405294418334961
3.0954463481903076,4.24872894681591,10.37179183959961
3.1015965938568115,4.315438927982801,10.432538986206055
3.097146511077881,4.270095961035363,10.500102996826172
3.1031670570373535,4.256144908157044,10.382369995117188
3.0841639041900635,4.276947944724401,10.42542839050293
3.0851919651031494,4.3550310134887695,10.599296569824219
3.084634304046631,4.306418365632583,10.230603218078613
3.056532859802246,4.293370601687846,10.394906997680664
3.095438241958618,4.341591382665293,10.458176612854004
3.097329616546631,4.284136772089238,10.461048126220703
3.0143256187438965,4.229537431849167,10.388934135437012
3.081737756729126,4.276621316093952,10.378175735473633
3.0832855701446533,4.242934486263299,10.386823654174805
3.095759153366089,4.197118064954078,10.436546325683594
3.11865234375,4.286128161741154,10.390918731689453
3.0551843643188477,4.238088376520734,10.420888900756836
3.1145589351654053,4.292261788987422,10.44370174407959
3.0354456901550293,4.204050437879882,10.334064483642578
3.038990020751953,4.224339254466551,10.443825721740723
3.075430154800415,4.262183817036982,10.421382904052734
3.0851619243621826,4.312339940208144,10.425323486328125
3.1232752799987793,4.323896327488391,10.384746551513672
3.1005656719207764,4.284125896769443,10.409385681152344
3.0314369201660156,4.2778988255387445,10.508567810058594
3.0820963382720947,4.281540902231686,10.425027847290039
3.017167806625366,4.298819743495967,10.397294044494629
3.0823450088500977,4.2698280909098685,10.393911361694336
3.0646748542785645,4.280703633790836,10.414860725402832
3.0816147327423096,4.264256476191804,10.435826301574707
3.016587257385254,4.22855899536184,10.364672660827637
3.032687187194824,4.267237620128851,10.477371215820312
3.098449230194092,4.246790644612961,10.37613296508789
3.044670581817627,4.305794282483736,10.431573867797852
3.0016143321990967,4.244507853606982,10.382793426513672
3.154507637023926,4.2724226002714465,10.289020538330078
3.0729241371154785,4.290728634057035,10.422525405883789
3.038900375366211,4.273501897164222,10.441387176513672
3.0899484157562256,4.344410365713494,10.374523162841797
3.0790884494781494,4.2788967963840285,10.442333221435547
3.104224920272827,4.342911422984408,10.4142427444458
3.1754496097564697,4.34072618758572,10.423543930053711
3.0701255798339844,4.225634277898019,10.416982650756836
3.078274965286255,4.275727127279555,10.368341445922852
3.0783236026763916,4.24375601954359,10.37868881225586
3.071323871612549,4.35846327454783,10.459064483642578
3.1327102184295654,4.267842057959309,10.320108413696289
3.0844385623931885,4.261937561079061,10.434988021850586
3.1245129108428955,4.333624286643628,10.398913383483887
3.0668880939483643,4.269855711575864,10.367640495300293
3.06998348236084,4.250642192084342,10.473672866821289
3.0780372619628906,4.24763209505805,10.40604019165039
3.0598316192626953,4.24277751147747,10.448768615722656
3.136760711669922,4.319504823568942,10.341506004333496
3.0731253623962402,4.30599616125359,10.458807945251465
3.018446445465088,4.266570722218603,10.372682571411133
3.073096752166748,4.264989005468253,10.43477725982666
3.0725817680358887,4.243331698002294,10.370133399963379
3.0485754013061523,4.325341375012483,10.440749168395996
3.100827693939209,4.228092456735404,10.390722274780273
3.0906975269317627,4.273951773531735,10.385863304138184
2.968900442123413,4.271713503004451,10.376287460327148
3.0971755981445312,4.286834858890091,10.420804023742676
3.1463656425476074,4.362433158626248,10.358651161193848
3.014756441116333,4.273358005830753,10.313575744628906
3.113191843032837,4.24666449873309,10.448787689208984
3.051490068435669,4.296563782163763,10.374703407287598
3.046107769012451,4.305701041128486,10.36702823638916
3.0867762565612793,4.289237516965451,10.423456192016602
3.0733211040496826,4.371685536545036,10.374951362609863
3.154266119003296,4.3193853469898125,10.361627578735352
3.1230099201202393,4.2854793164879075,10.469122886657715
3.0845553874969482,4.272405459279461,10.483625411987305
3.0544564723968506,4.244885528692976,10.422394752502441
3.0902602672576904,4.315710287441367,10.403420448303223
2.988798141479492,4.239699713686215,10.446566581726074
3.0670523643493652,4.274770071829803,10.338451385498047
3.0544509887695312,4.293557061281587,10.357189178466797
3.1265053749084473,4.22720106754319,10.373005867004395
3.0656256675720215,4.261918824698244,10.40960693359375
3.1215245723724365,4.2783169276746245,10.362055778503418
3.127236843109131,4.331327942831973,10.3422212600708
3.044527530670166,4.241744324564934,10.34354305267334
3.089569091796875,4.224571639505614,10.411959648132324
3.082601308822632,4.342785142096027,10.387857437133789
3.107029438018799,4.345908270782925,10.390376091003418
3.1025660037994385,4.306677646236495,10.431638717651367
3.0932793617248535,4.314562131417915,10.368581771850586
3.0417582988739014,4.302799140335992,10.446328163146973
3.0519988536834717,4.272150241038098,10.3341703414917
3.1255991458892822,4.231287719349245,10.38601303100586
3.0892233848571777,4.290095481256555,10.363385200500488
3.0835812091827393,4.324840108464872,10.445953369140625
3.063450574874878,4.2592214241823445,10.378429412841797
3.0450000762939453,4.25667573830911,10.496557235717773
3.120478868484497,4.308122766470271,10.364457130432129
3.047072649002075,4.352062651255567,10.415946006774902
2.990391492843628,4.241163741364809,10.357471466064453
3.0839462280273438,4.282813163773556,10.409215927124023
3.0606071949005127,4.26754792713161,10.38638973236084
3.038879632949829,4.282815576697301,10.420291900634766
3.047698497772217,4.226280681456306,10.53653335571289
3.0553996562957764,4.2644827584403435,10.358147621154785
3.1229662895202637,4.299624732762043,10.379019737243652
3.0591065883636475,4.290782680202808,10.387210845947266
3.088653087615967,4.2721129554722985,10.471515655517578
3.0600595474243164,4.218919350266722,10.392926216125488
3.0619490146636963,4.264904740998255,10.478424072265625
3.0873639583587646,4.322604228476328,10.330347061157227
3.039983034133911,4.279673586067345,10.421238899230957
3.1159636974334717,4.2811923419857125,10.449043273925781
3.0438666343688965,4.242691928687106,10.43449592590332
3.134308099746704,4.310116615079876,10.4270601272583
3.1233103275299072,4.299158103664273,10.306075096130371
3.134683609008789,4.302740109186353,10.356953620910645
3.0097858905792236,4.225759555120021,10.412557601928711
3.0644235610961914,4.255498435614364,10.295074462890625
3.0396227836608887,4.21536581617381,10.346311569213867
3.0689752101898193,4.3081538030611615,10.308895111083984
3.046029567718506,4.216922740718084,10.43130111694336
3.1102726459503174,4.354995281768165,10.432373046875
3.0980887413024902,4.297734421777672,10.401537895202637
3.118257761001587,4.306745118162196,10.45213508605957
3.0371766090393066,4.285999064100906,10.31633186340332
3.03122878074646,4.262780435915504,10.344108581542969
3.123378038406372,4.372249153742033,10.421478271484375
3.1201555728912354,4.368814272473433,10.482284545898438
3.119964122772217,4.273999216101532,10.362462043762207
3.0922532081604004,4.262529190729506,10.395325660705566
3.0322725772857666,4.260193324913936,10.356550216674805
3.034268379211426,4.318635039497168,10.436939239501953
3.108055830001831,4.274054600391537,10.412485122680664
3.092703104019165,4.310493699840403,10.39016342163086
3.1290204524993896,4.30615454177106,10.263821601867676
3.0841147899627686,4.357242973587875,10.379669189453125
3.1072211265563965,4.300653290668769,10.349862098693848
3.076633930206299,4.2536836186024765,10.436259269714355
3.0801525115966797,4.2908388653969665,10.426278114318848
3.1201133728027344,4.302020872011781,10.361644744873047
3.057415723800659,4.2335066370266885,10.347314834594727
3.0191824436187744,4.247720300585829,10.401847839355469
3.0787346363067627,4.283299138503415,10.395044326782227
3.0623939037323,4.290005078140114,10.41860294342041
3.0492732524871826,4.294086566394461,10.459440231323242
3.0751595497131348,4.341017960105091,10.3774995803833
3.031648635864258,4.207475779744397,10.398055076599121
3.11482310295105,4.3025887169808685,10.421475410461426
3.064633846282959,4.325982379693804,10.366181373596191
3.071077823638916,4.34216084963243,10.360294342041016
3.0510878562927246,4.302162440759796,10.383391380310059
3.142460823059082,4.278735192991527,10.389657974243164
3.0293946266174316,4.204692501142355,10.468232154846191
3.0957443714141846,4.263816516247711,10.389586448669434
3.0608978271484375,4.186777346335085,10.47811222076416
3.0192813873291016,4.267696436028928,10.443604469299316
3.1723453998565674,4.3109805037799696,10.367928504943848
3.0986268520355225,4.3268882943250775,10.338714599609375
3.111252784729004,4.348191265149841,10.372395515441895
3.0667381286621094,4.26833569813919,10.352094650268555
3.1293270587921143,4.277863164864746,10.4042329788208
3.110959529876709,4.322180742697259,10.390499114990234
3.0141050815582275,4.245259383859644,10.376839637756348
3.041517734527588,4.26758446571018,10.35527229309082
3.1010231971740723,4.32310611648219,10.395942687988281
3.052597761154175,4.235956431100411,10.392801284790039
3.104418992996216,4.280402187623882,10.361682891845703
3.011207342147827,4.321173730206543,10.412353515625
3.072624921798706,4.2598124972345035,10.419256210327148
3.032013177871704,4.262139292101242,10.372553825378418
3.0914390087127686,4.308139579004741,10.344196319580078
3.0727651119232178,4.318891533650458,10.507710456848145
3.0200631618499756,4.284422682165834,10.318647384643555
3.0371592044830322,4.260168308325643,10.391703605651855
3.089564561843872,4.287312966771424,10.401952743530273
3.0587759017944336,4.231875840474719,10.406436920166016
3.078252077102661,4.265208785788023,10.364336013793945
3.080136775970459,4.273392356133887,10.437202453613281
3.1205544471740723,4.301074348822502,10.366697311401367
3.0607879161834717,4.215792669049863,10.459245681762695
3.0728390216827393,4.310387659585103,10.416905403137207
3.102062702178955,4.314590967592916,10.298095703125
3.0777223110198975,4.314702910537433,10.438328742980957
3.04962158203125,4.281439978063905,10.395235061645508
3.135310649871826,4.303750468218433,10.467937469482422
3.0908291339874268,4.249729446833953,10.282015800476074
3.1106183528900146,4.353748774155974,10.440906524658203
3.105191469192505,4.261793363673081,10.374470710754395
3.075927495956421,4.346307614618646,10.419891357421875
3.0087690353393555,4.3578590685501695,10.487220764160156
3.0400941371917725,4.251392328346681,10.480731964111328
3.121530294418335,4.244397802112092,10.404153823852539
3.098339080810547,4.331336049030401,10.397905349731445
3.1051924228668213,4.317777188727632,10.343877792358398
3.0533053874969482,4.274409795146701,10.436712265014648
3.039232015609741,4.242971168697944,10.393434524536133
3.0112128257751465,4.22399998572655,10.396924018859863
3.041595697402954,4.292274614430165,10.42588996887207
3.0604605674743652,4.286744002485648,10.354736328125
3.089703321456909,4.344562288307185,10.417459487915039
3.0934691429138184,4.241554214286485,10.417882919311523
3.106377124786377,4.332406247300761,10.361529350280762
3.052201986312866,4.231559760502673,10.4615478515625
3.080658435821533,4.313313030870631,10.447327613830566
3.0222949981689453,4.277901326971395,10.368715286254883
3.0353004932403564,4.261191433861053,10.318421363830566
3.0914077758789062,4.22342741239949,10.369831085205078
3.0415256023406982,4.296660255341391,10.425104141235352
3.106051206588745,4.2407580561204155,10.3831148147583
3.071826696395874,4.3455446237764725,10.356019973754883
3.082984685897827,4.247231248367045,10.437470436096191
3.101270914077759,4.347185775737412,10.356034278869629
3.049445390701294,4.297147653065622,10.356103897094727
3.138478994369507,4.357044878482286,10.311827659606934
2.980297327041626,4.202552905904927,10.338362693786621
3.0947227478027344,4.414677165182574,10.43516731262207
3.0813095569610596,4.219433420903183,10.384696006774902
3.151851177215576,4.359055253643809,10.46319580078125
3.0365123748779297,4.255920093805929,10.3827486038208
3.04520583152771,4.347169898949297,10.321720123291016
3.0819432735443115,4.278140464997185,10.434168815612793
3.110103130340576,4.3475157862662215,10.441810607910156
3.10673189163208,4.306495544933049,10.470813751220703
3.0651068687438965,4.284140591043979,10.403252601623535
2.9990785121917725,4.231762841942587,10.324262619018555
3.0476837158203125,4.274377754590075,10.466678619384766
3.050117254257202,4.215583311161026,10.370973587036133
3.0661356449127197,4.28882292535023,10.303995132446289
3.053114175796509,4.31339126965031,10.336630821228027
3.0266189575195312,4.309570309572987,10.421104431152344
3.0142173767089844,4.285522060069655,10.408978462219238
3.067203998565674,4.319307858922652,10.399401664733887
3.0596048831939697,4.255021223033379,10.44086742401123
3.141831636428833,4.301042444272233,10.352828979492188
3.138882637023926,4.263893285533414,10.45811653137207
3.055985450744629,4.290460557543805,10.351837158203125
3.109022617340088,4.301355581531035,10.33701229095459
3.0472514629364014,4.2571696770443985,10.351868629455566
3.0369482040405273,4.245789560123479,10.448880195617676
3.050018548965454,4.2801788939894845,10.300751686096191
2.9775445461273193,4.288541455686624,10.39011001586914
3.0719470977783203,4.376851810242183,10.33798885345459
3.044290542602539,4.348011635942385,10.324573516845703
3.0624935626983643,4.340503551997244,10.392823219299316
3.0532491207122803,4.284706069389358,10.240641593933105
3.041940450668335,4.261439315874927,10.491196632385254
3.1274709701538086,4.357069333815681,10.416088104248047
3.0376243591308594,4.233750708301419,10.352357864379883
3.0838916301727295,4.299950521505838,10.356359481811523
3.078921318054199,4.240800178742835,10.463593482971191
3.0730061531066895,4.318523818926353,10.485274314880371
3.125730276107788,4.346523010371519,10.410992622375488
3.01749587059021,4.289565596463425,10.387603759765625
3.021358013153076,4.21935646215986,10.417390823364258
3.101438045501709,4.29354369021686,10.33942985534668
3.037891387939453,4.27725611168093,10.391369819641113
2.993513345718384,4.255286872054317,10.449856758117676
3.1095612049102783,4.288089561043307,10.403464317321777
3.110642194747925,4.326653477203633,10.386595726013184
3.1377713680267334,4.26051698541934,10.32623291015625
3.118802547454834,4.316027525246942,10.371818542480469
3.130652666091919,4.287160400933187,10.29627513885498
3.0936636924743652,4.269022450649313,10.396658897399902
3.0561928749084473,4.3317945956784705,10.460371017456055
3.0493087768554688,4.286468661323722,10.338687896728516
3.022521734237671,4.3356459451440195,10.31082534790039
3.1214141845703125,4.3230485751493175,10.481646537780762
2.994271755218506,4.305284319844629,10.420051574707031
3.065330743789673,4.279868906862768,10.38265609741211
3.077223300933838,4.2361346590997915,10.352283477783203
3.0366876125335693,4.323330005264975,10.37594223022461
3.070679187774658,4.31174533774278,10.37736988067627
3.1323587894439697,4.267768070268046,10.352848052978516
3.1002018451690674,4.289783086927076,10.35411262512207
3.0664474964141846,4.307655283782099,10.435436248779297
3.10859751701355,4.321195591307644,10.37618637084961
3.0436837673187256,4.284651553624176,10.378658294677734
3.114039659500122,4.284931300706895,10.294140815734863
3.1157591342926025,4.280555539165756,10.388381004333496
3.083298921585083,4.248673424124718,10.487142562866211
3.0522806644439697,4.339749787368678,10.42121410369873
3.072868585586548,4.2636650194680055,10.256484985351562
2.9880688190460205,4.228521963947319,10.342292785644531
3.0806643962860107,4.3688173736445615,10.352686882019043
3.0999457836151123,4.259351592843554,10.399378776550293
3.072617292404175,4.262710264584582,10.440190315246582
3.1028831005096436,4.2689915427805065,10.328876495361328
3.0257456302642822,4.200422596119877,10.362462043762207
3.0910470485687256,4.2362008535835365,10.46134090423584
3.0484378337860107,4.234865961862463,10.415971755981445
2.9967539310455322,4.298927940960441,10.346673965454102
3.1095430850982666,4.339134076144545,10.452789306640625
3.0992519855499268,4.290485322209341,10.407793045043945
3.121567964553833,4.24681426551459,10.431812286376953
3.0157647132873535,4.28142908571421,10.321745872497559
3.1389129161834717,4.335371199496356,10.365104675292969
3.049912214279175,4.337384555688393,10.461198806762695
3.0577831268310547,4.2700837950687855,10.483113288879395
3.032062292098999,4.271327374536278,10.421794891357422
3.1269571781158447,4.383634721693983,10.347461700439453
3.032460927963257,4.3031771460415,10.379390716552734
2.971412420272827,4.321346601637613,10.407964706420898
3.0516326427459717,4.30770921920027,10.4386568069458
3.083192825317383,4.284637434175238,10.39700984954834
3.0227549076080322,4.349673172492268,10.475754737854004
3.0526602268218994,4.276366742494117,10.36245346069336
3.001418352127075,4.312183648713732,10.464651107788086
3.0852644443511963,4.289384061038229,10.34150505065918
3.0611188411712646,4.273239729460329,10.421758651733398
3.086862325668335,4.252426254795864,10.411476135253906
3.082063913345337,4.308142568583468,10.393142700195312
3.0481042861938477,4.2836458059360405,10.40407657623291
3.0452442169189453,4.273830336385539,10.409616470336914
3.097292184829712,4.339647578507928,10.480549812316895
3.1205153465270996,4.370703881340368,10.359338760375977
3.0654900074005127,4.2990470977300514,10.397921562194824
3.1064391136169434,4.2830588281088104,10.457396507263184
3.0719997882843018,4.332680112449452,10.445659637451172
3.054320812225342,4.243800676926704,10.398987770080566
3.0728306770324707,4.2771992055433135,10.469465255737305
3.0030789375305176,4.2520734264981,10.499591827392578
3.1178297996520996,4.310215415699141,10.339790344238281
3.0921316146850586,4.326578946551308,10.3524751663208
3.082737922668457,4.2350983214897235,10.367269515991211
3.067082643508911,4.228739915947829,10.371007919311523
3.12491512298584,4.292900833434292,10.369457244873047
3.0746026039123535,4.31236754866716,10.386920928955078
3.0282070636749268,4.295780822568174,10.431612968444824
3.0478408336639404,4.265508045641972,10.429943084716797
3.006068706512451,4.2700040951770335,10.379398345947266
3.041694164276123,4.298590944281647,10.383233070373535
3.021371603012085,4.33902007780437,10.459054946899414
3.140699625015259,4.332530694215426,10.376958847045898
3.0676984786987305,4.238376192881592,10.40755558013916
3.0782158374786377,4.268776688026264,10.359201431274414
3.1192944049835205,4.295638581338737,10.428983688354492
3.1200263500213623,4.32484850540225,10.433984756469727
3.0710675716400146,4.263463750182252,10.338590621948242
3.0145413875579834,4.2704926806369,10.340377807617188
3.0632216930389404,4.213573744420761,10.391746520996094
3.052762508392334,4.309275875965666,10.384452819824219
3.0923385620117188,4.338094471055748,10.299253463745117
3.0516040325164795,4.264969585929066,10.374579429626465
3.075624704360962,4.27336634891773,10.397018432617188
3.0771727561950684,4.310686007408159,10.384614944458008
3.047569990158081,4.292845843958536,10.417887687683105
3.041189670562744,4.269223473433938,10.42721939086914
2.9991893768310547,4.266490634364476,10.489540100097656
3.05053448677063,4.34866159988035,10.440093040466309
3.032524585723877,4.288889484147409,10.327004432678223
3.0755746364593506,4.242649938079661,10.458112716674805
3.0786314010620117,4.294794982232685,10.308332443237305
3.099531888961792,4.277507447604356,10.441085815429688
3.141356945037842,4.287669812694991,10.379965782165527
3.050529956817627,4.25484097293312,10.495928764343262
3.0977113246917725,4.372231075041262,10.379999160766602
3.0673093795776367,4.282068035465532,10.4589262008667
3.0607128143310547,4.306628721832697,10.33785343170166
2.99934983253479,4.275298637071891,10.415614128112793
3.040963888168335,4.370872521706458,10.443105697631836
3.050243616104126,4.275969973898359,10.376047134399414
3.0549442768096924,4.344304163574375,10.370452880859375
3.1211929321289062,4.299829517557685,10.496696472167969
3.0730907917022705,4.286956078140064,10.380632400512695
3.0481748580932617,4.28112650190347,10.47122573852539
3.0218801498413086,4.277194951793977,10.38864517211914
3.048953056335449,4.281631989903482,10.439849853515625
3.0968005657196045,4.305060595174187,10.413551330566406
3.082568407058716,4.305562431691214,10.430883407592773
3.058994770050049,4.222458401229233,10.408394813537598
3.071908712387085,4.25753119671052,10.437652587890625
3.032806634902954,4.269563467241823,10.409538269042969
3.1562442779541016,4.305850553060216,10.37480640411377
3.0828824043273926,4.283883859270386,10.359719276428223
3.024928092956543,4.301970106349992,10.44064998626709
3.1271016597747803,4.299126216875655,10.452664375305176
3.1245429515838623,4.306658275525219,10.3916597366333
3.1436452865600586,4.33122516583119,10.339486122131348
3.0182220935821533,4.291806468008352,10.359699249267578
3.0457980632781982,4.266279134899378,10.377592086791992
3.0615575313568115,4.344462608087009,10.384730339050293
3.051663875579834,4.307305331973891,10.407552719116211
3.0912468433380127,4.375335200523425,10.38459300994873
3.108848810195923,4.310216022322753,10.353532791137695
3.0550754070281982,4.281921625203852,10.440853118896484
3.0939650535583496,4.2589198083483755,10.407079696655273
3.104395627975464,4.296645393861192,10.303478240966797
3.128488540649414,4.3994548958061,10.498414039611816
3.0473501682281494,4.273779364269493,10.47148323059082
3.1040549278259277,4.314922823404361,10.453553199768066
3.0759079456329346,4.328951635697324,10.43877124786377
3.077061891555786,4.286569836815553,10.399415969848633
3.0790398120880127,4.303872412137155,10.404088973999023
3.0595579147338867,4.317584385064297,10.431060791015625
3.0401666164398193,4.276360060553998,10.408102989196777
3.0549259185791016,4.294470981195834,10.349100112915039
3.0688366889953613,4.299552150303498,10.394597053527832
3.092820405960083,4.2890264596790075,10.375201225280762
3.0958540439605713,4.323074787988194,10.44229793548584
3.029381036758423,4.291990774849961,10.309983253479004
3.1451339721679688,4.283133195979255,10.461471557617188
3.0735373497009277,4.2991087981832345,10.370325088500977
3.017486095428467,4.281432385356831,10.332174301147461
3.118546485900879,4.350564519009952,10.373556137084961
3.0810835361480713,4.277225575908753,10.420955657958984
3.0212254524230957,4.313103692273476,10.314303398132324
3.121734380722046,4.421118025002735,10.374627113342285
3.1088969707489014,4.252201478429405,10.39383316040039
3.0364830493927,4.346051155489737,10.407417297363281
3.0888237953186035,4.262234340920777,10.306379318237305
3.0821757316589355,4.318806192072641,10.332056045532227
3.1257810592651367,4.341202543749074,10.424783706665039
3.0765678882598877,4.31396585263844,10.40277099609375
3.0635881423950195,4.255812479382647,10.436100006103516
3.05285382270813,4.224952633492648,10.49018383026123
3.0580151081085205,4.34159725472065,10.442207336425781
3.082266330718994,4.215259391182502,10.39138412475586
3.0674169063568115,4.240944052813575,10.380008697509766
3.1076674461364746,4.330276983324438,10.407454490661621
3.10052752494812,4.32657936637822,10.393598556518555
3.0990798473358154,4.365882960447509,10.478805541992188
3.0525436401367188,4.279041785846597,10.34813117980957
3.0338473320007324,4.287525108948882,10.368148803710938
3.035444974899292,4.3132003570042015,10.411197662353516
3.143659830093384,4.360127768512548,10.435098648071289
3.057386875152588,4.298034338546651,10.392115592956543
3.0914182662963867,4.3077786029316485,10.41688346862793
3.0030357837677,4.2726182748696635,10.30441665649414
3.0828914642333984,4.325318561567526,10.370183944702148
3.03423810005188,4.29471282155386,10.428400039672852
2.9730565547943115,4.276599565221528,10.392460823059082
2.999138355255127,4.281184015030573,10.416035652160645
3.06017804145813,4.2767127650856445,10.387696266174316
3.099921941757202,4.283806898398325,10.383759498596191
3.0815377235412598,4.276380863240255,10.482751846313477
3.100965976715088,4.28575453265304,10.389605522155762
3.0551443099975586,4.286228514442753,10.343459129333496
3.055798053741455,4.3027925822285145,10.29975414276123
3.0652754306793213,4.271362318890169,10.460325241088867
3.0874645709991455,4.333711394674277,10.317168235778809
3.096756935119629,4.34411355660164,10.421857833862305
3.098137855529785,4.311162557153564,10.402656555175781
3.0706489086151123,4.286472946837811,10.467243194580078
3.096615791320801,4.252729942822564,10.535910606384277
3.0749118328094482,4.24110002173776,10.378779411315918
3.1308372020721436,4.329065646144695,10.40773868560791
3.036958932876587,4.255767454592777,10.422394752502441
3.0462026596069336,4.33501070415202,10.389029502868652
3.0463979244232178,4.297446583131594,10.406353950500488
3.0620505809783936,4.293741518432008,10.364039421081543
3.050715446472168,4.286361048696562,10.426538467407227
3.063357353210449,4.276505509025551,10.357032775878906
3.049285650253296,4.225295971380548,10.380242347717285
3.028062582015991,4.304841694987512,10.462117195129395
3.129995107650757,4.295662059548444,10.345088958740234
2.977203845977783,4.306564862640308,10.263909339904785
3.0857815742492676,4.321092927096678,10.386975288391113
3.1063506603240967,4.430385232537186,10.38330078125
3.0431807041168213,4.25953975835416,10.40613842010498
3.0581700801849365,4.224544689524918,10.377875328063965
3.1040825843811035,4.268085352577535,10.266650199890137
3.1256942749023438,4.234087270983895,10.474069595336914
3.038259744644165,4.305115247544433,10.362381935119629
3.0916309356689453,4.294886181862759,10.422776222229004
3.0406086444854736,4.321823889489418,10.44269847869873
3.034816026687622,4.31401323314224,10.4232177734375
3.021491765975952,4.257834025991283,10.36218547821045
3.0759031772613525,4.293048586297248,10.356173515319824
3.044725179672241,4.285135152184271,10.4093599319458
3.070737838745117,4.332378119463101,10.399377822875977
3.069485664367676,4.285512434983892,10.3641357421875
3.1122212409973145,4.34359217095854,10.408896446228027
3.084984064102173,4.261547875490838,10.384151458740234
3.1079180240631104,4.308910314658923,10.471817970275879
3.1165709495544434,4.29549601720646,10.362492561340332
3.0662643909454346,4.278648510209417,10.409208297729492
3.0365445613861084,4.276655999178598,10.446706771850586
3.0991787910461426,4.2917275318011106,10.418429374694824
3.0859174728393555,4.322210403159261,10.374910354614258
3.1278319358825684,4.375448423038636,10.381057739257812
3.1516969203948975,4.328357457815271,10.35664176940918
2.986726999282837,4.208744962200789,10.328557968139648
3.0021586418151855,4.264137061512364,10.437517166137695
3.045416831970215,4.304692064511722,10.352014541625977
3.0720930099487305,4.287781245906705,10.386333465576172
3.0468568801879883,4.30994294836585,10.440913200378418
3.028088092803955,4.3352208038725495,10.335724830627441
2.9876184463500977,4.212447580515539,10.386143684387207
3.0824224948883057,4.318818304654477,10.391390800476074
3.0497779846191406,4.3221959291092515,10.391949653625488
3.142348051071167,4.238856447627768,10.431178092956543
3.0393645763397217,4.3070960956891735,10.434820175170898
3.033339023590088,4.243128847264286,10.347396850585938
3.122966766357422,4.258205966724615,10.356822967529297
3.0531716346740723,4.232929056842945,10.378328323364258
3.123098850250244,4.322611131771867,10.458457946777344
3.064694404602051,4.256625861561458,10.41925048828125
3.0503616333007812,4.3011661101398735,10.34354019165039
3.0224239826202393,4.272111552700932,10.371121406555176
3.0251145362854004,4.25858039339073,10.250711441040039
3.0191500186920166,4.314494048544605,10.510046005249023
3.045450448989868,4.265252493820818,10.429088592529297
3.099344491958618,4.302392327093652,10.380732536315918
3.0519845485687256,4.300974461715668,10.351938247680664
3.1260480880737305,4.363404547828915,10.407382011413574
3.1101796627044678,4.278636223836137,10.421781539916992
3.0708720684051514,4.336047033313662,10.366413116455078
3.0373036861419678,4.246196871889489,10.403252601623535
3.088362693786621,4.3213222565328975,10.346567153930664
3.0915160179138184,4.286111546580547,10.472612380981445
3.070594310760498,4.323823076573067,10.380501747131348
3.0300238132476807,4.23002261502136,10.309825897216797
3.050854206085205,4.284523184743843,10.445137023925781
3.0903372764587402,4.302806124024626,10.345548629760742
3.1048367023468018,4.330595285332363,10.355627059936523
3.08003830909729,4.270056919261281,10.416709899902344
2.965019941329956,4.284795170217486,10.374267578125
3.051225185394287,4.252038561339889,10.381136894226074
3.0990827083587646,4.246475621392684,10.29539680480957
3.056472063064575,4.321004411371956,10.45549488067627
3.0533783435821533,4.298203543527052,10.429168701171875
3.1080524921417236,4.3247890087243706,10.366040229797363
3.0450985431671143,4.286148413516847,10.359795570373535
3.1036977767944336,4.278426934998217,10.36962890625
3.1093056201934814,4.262714882348,10.35315227508545
3.0091004371643066,4.324977575169344,10.409563064575195
3.050220012664795,4.302216683215063,10.43642807006836
3.0732855796813965,4.316482354653999,10.385847091674805
3.0887622833251953,4.308494391418727,10.411487579345703
3.041926622390747,4.323900203686207,10.431655883789062
3.079134702682495,4.3670836816807945,10.434600830078125
3.0267069339752197,4.292774106309349,10.345529556274414
3.07666277885437,4.318119310441293,10.314361572265625
3.0466177463531494,4.306887680864228,10.554727554321289
3.0402228832244873,4.322672767531393,10.37308120727539
3.0596978664398193,4.271761177905969,10.418307304382324
3.104048013687134,4.340219990350307,10.284756660461426
2.965938091278076,4.251045957573557,10.395181655883789
3.0437843799591064,4.280933440197259,10.43355655670166
3.0946836471557617,4.237944996383574,10.391130447387695
3.0808181762695312,4.2741865727252195,10.337396621704102
3.110790729522705,4.3260513115341634,10.395975112915039
3.084402322769165,4.378457234407376,10.44677448272705
3.1034181118011475,4.345274134771898,10.359416007995605
2.964193105697632,4.270104640196743,10.385321617126465
3.0369412899017334,4.244484309971865,10.419054985046387
3.0301709175109863,4.282476930147303,10.387155532836914
3.0325284004211426,4.320535342209041,10.476577758789062
3.0523178577423096,4.270969343371689,10.421001434326172
3.107287883758545,4.308733532404793,10.434675216674805
3.009275436401367,4.267872087723974,10.344343185424805
2.97289776802063,4.24074679865901,10.381891250610352
3.056584596633911,4.292833224038727,10.371935844421387
3.0973169803619385,4.274544204219377,10.404314041137695
3.048330307006836,4.299752991580005,10.371164321899414
3.044077157974243,4.290044780687562,10.393119812011719
3.0414795875549316,4.276823637375076,10.311995506286621
3.0496304035186768,4.282017132300617,10.309484481811523
3.0025296211242676,4.288628831306206,10.394170761108398
3.0654420852661133,4.390696390332388,10.320940971374512
3.093552350997925,4.334589910427375,10.426664352416992
3.0013952255249023,4.279047133766913,10.416982650756836
3.0877933502197266,4.341218239228641,10.325920104980469
3.0743165016174316,4.286547820981858,10.387500762939453
3.0269951820373535,4.303550025082327,10.29919719696045
3.085707426071167,4.25809510770653,10.428483963012695
3.0439810752868652,4.275974172067695,10.36829948425293
3.044748306274414,4.315489718025283,10.412957191467285
3.073446273803711,4.323106668224292,10.436810493469238
3.0262365341186523,4.282847549034549,10.449110984802246
2.9939069747924805,4.272078924313455,10.39227294921875
3.0639243125915527,4.276383005781099,10.42599105834961
3.0727434158325195,4.254292682478471,10.426610946655273
3.061328411102295,4.286019970729415,10.373577117919922
3.027331590652466,4.292516130654673,10.459540367126465
3.0890047550201416,4.303636697420318,10.398316383361816
3.073054313659668,4.378802294676591,10.380572319030762
3.0822527408599854,4.308629847431023,10.36507511138916
3.0620148181915283,4.2984549574154824,10.403966903686523
3.081186294555664,4.334769857082783,10.420525550842285
3.047060251235962,4.226794593069436,10.383675575256348
3.0087809562683105,4.223153715288,10.346630096435547
3.0296404361724854,4.257021828122171,10.373373985290527
3.0503954887390137,4.269017502199858,10.426042556762695
3.0733585357666016,4.330383656114074,10.381277084350586
3.075200319290161,4.3277504752456615,10.37855052947998
2.9790194034576416,4.299477036942594,10.35447883605957
3.0828800201416016,4.240894207331751,10.351051330566406
3.0659868717193604,4.2793118726528645,10.285998344421387
2.994028329849243,4.275139088742435,10.38441276550293
3.008909225463867,4.326016915064039,10.413811683654785
3.1143128871917725,4.309351639556033,10.407659530639648
3.009805917739868,4.301159340888263,10.444018363952637
3.062098264694214,4.295274843328765,10.36158561706543
3.1024656295776367,4.311787356921871,10.441293716430664
3.0876197814941406,4.314701903411853,10.329018592834473
3.1734869480133057,4.3205441063203445,10.424064636230469
3.0884180068969727,4.321394662040153,10.410520553588867
3.057269811630249,4.312227584355112,10.299942016601562
3.044161319732666,4.2824325024017265,10.44350814819336
3.084962844848633,4.334161336500464,10.410557746887207
3.1137380599975586,4.310101718176156,10.340737342834473
3.0430848598480225,4.295531724845724,10.362215042114258
3.0006659030914307,4.275741874107293,10.310994148254395
3.074313163757324,4.337009034684992,10.458542823791504
3.086996078491211,4.307629191250141,10.430876731872559
3.0748610496520996,4.310684829185317,10.448193550109863
3.0596253871917725,4.340715600111122,10.441086769104004
3.05841326713562,4.323182799254677,10.347859382629395
3.0944607257843018,4.306249972831989,10.448840141296387
3.0914652347564697,4.280863364127332,10.308497428894043
3.078896999359131,4.3154995221910735,10.391959190368652
3.0814337730407715,4.286597911534565,10.47572135925293
3.1117477416992188,4.3011386150693784,10.403654098510742
3.081531047821045,4.283977425424381,10.383171081542969
3.0544891357421875,4.28457939987337,10.414441108703613
3.0276472568511963,4.302404567466251,10.476303100585938
3.0538997650146484,4.293415692501834,10.417030334472656
3.043107748031616,4.301199989493138,10.392488479614258
3.0341567993164062,4.3814270973006,10.383625030517578
3.028298854827881,4.300149617517101,10.46649169921875
3.047039747238159,4.275004706944206,10.474803924560547
3.113598108291626,4.32149961856859,10.39016342163086
3.0502066612243652,4.300329970861119,10.362202644348145
3.1231093406677246,4.384590256293969,10.434154510498047
3.1125309467315674,4.3977670998179486,10.459772109985352
3.0397605895996094,4.2476687370134245,10.430074691772461
3.036080837249756,4.378397138390157,10.354369163513184
3.0938549041748047,4.2709392415958325,10.42367935180664
3.1112585067749023,4.343021852662786,10.453259468078613
3.1173367500305176,4.372940669634513,10.315207481384277
3.1040844917297363,4.3224825074430555,10.358320236206055
3.0735385417938232,4.280683488086132,10.346162796020508
3.136291265487671,4.306687608860166,10.38894271850586
3.0929365158081055,4.323717390486438,10.31673812866211
3.091923952102661,4.308396268702511,10.51468276977539
3.0480234622955322,4.298079952763925,10.447881698608398
3.096622943878174,4.329525643893118,10.483760833740234
3.1120541095733643,4.314679701080812,10.488691329956055
3.0906856060028076,4.3171261156510035,10.471405029296875
3.0115344524383545,4.283963214739093,10.431201934814453
3.020217180252075,4.3545477494065254,10.459043502807617
3.1028335094451904,4.320388419520375,10.406729698181152
3.067455530166626,4.309908800525591,10.459207534790039
3.041059732437134,4.318980993170823,10.314340591430664
3.0337367057800293,4.288671254080588,10.415404319763184
3.0355112552642822,4.24929007618422,10.30262565612793
3.034450054168701,4.293701366754249,10.360150337219238
3.0787715911865234,4.351490502112678,10.381566047668457
3.072718620300293,4.314732698989766,10.361485481262207
3.0713729858398438,4.313203786898937,10.414186477661133
3.13152813911438,4.345359686063603,10.359216690063477
3.0115151405334473,4.3044249545782804,10.360239028930664
3.0444533824920654,4.308077360137499,10.386096000671387
3.060471773147583,4.34354915908937,10.430913925170898
3.108201026916504,4.280503121603813,10.373208999633789
3.064241886138916,4.311854933987239,10.382344245910645
2.9684314727783203,4.233649009339778,10.439332962036133
3.0653269290924072,4.325419148663059,10.375102043151855
3.031705617904663,4.289418040575193,10.415437698364258
3.0805094242095947,4.309499143589554,10.346396446228027
3.0312256813049316,4.278742287441023,10.362829208374023
3.043623447418213,4.31353253029686,10.48019027709961
2.9825286865234375,4.300209737648921,10.388275146484375
3.0548441410064697,4.281483413784632,10.330009460449219
3.0373387336730957,4.2990976138971755,10.386162757873535
3.0851871967315674,4.322664858839874,10.290460586547852
3.0806150436401367,4.2821062532187035,10.38693618774414
3.108835458755493,4.3070041068962635,10.42520809173584
3.0551726818084717,4.287645682991881,10.347043991088867
3.0910980701446533,4.352180321900439,10.468476295471191
3.1077475547790527,4.335415007945682,10.356197357177734
3.1021640300750732,4.239208468867998,10.39540958404541
3.060917615890503,4.315955772097888,10.418844223022461
3.033710479736328,4.312113713705912,10.44343090057373
3.0179054737091064,4.264374560942607,10.474786758422852
3.0302071571350098,4.226838346171593,10.316314697265625
3.0152225494384766,4.32119271398655,10.413860321044922
3.0694754123687744,4.34588698297739,10.45127010345459
3.073472499847412,4.294238168380357,10.326422691345215
3.04888916015625,4.270513533182176,10.458362579345703
3.0689070224761963,4.3299223279048284,10.493917465209961
3.0216994285583496,4.30467184968958,10.391383171081543
3.0780036449432373,4.279505442462063,10.398284912109375
3.0977630615234375,4.346764613342072,10.368606567382812
3.0246124267578125,4.2927253532689065,10.451786994934082
3.0185444355010986,4.302000180119649,10.421504020690918
3.0421135425567627,4.2729672872062245,10.486923217773438
3.062368631362915,4.259778913642679,10.343732833862305
3.076568365097046,4.303198981464708,10.388814926147461
3.127406120300293,4.3208817182374855,10.297728538513184
3.089559316635132,4.320932103986186,10.49583625793457
3.129934310913086,4.275947685885643,10.421880722045898
3.0994317531585693,4.322120539478159,10.298053741455078
3.138944625854492,4.311136803257146,10.452241897583008
3.1024091243743896,4.33139882519442,10.419538497924805
3.0603556632995605,4.339540433770578,10.386320114135742
3.1158764362335205,4.309999290255031,10.302292823791504
3.0612645149230957,4.2773665419912765,10.361227989196777
3.1074860095977783,4.368253145732784,10.326549530029297
3.072402000427246,4.382392506846893,10.453333854675293
3.102494955062866,4.281731087947264,10.341310501098633
3.0651845932006836,4.348994372878224,10.385168075561523
3.0805819034576416,4.296869544778019,10.4061279296875
3.070228338241577,4.337797551814999,10.449262619018555
3.025845766067505,4.312139827824597,10.367478370666504
3.0921685695648193,4.327990681132568,10.49172306060791
3.017350435256958,4.342314189200156,10.338215827941895
2.9794986248016357,4.227330254390835,10.355993270874023
3.117215156555176,4.3358141235408505,10.395384788513184
3.090012550354004,4.309630966911625,10.374021530151367
3.054333209991455,4.337030717604128,10.421442031860352
3.0751824378967285,4.315484476209218,10.428930282592773
3.077728509902954,4.323966930420803,10.371071815490723
3.0597140789031982,4.290359781855451,10.415873527526855
3.076709270477295,4.3108799830744315,10.395209312438965
3.0567126274108887,4.2639306033961475,10.274267196655273
3.0683939456939697,4.304600239831156,10.348750114440918
3.1538023948669434,4.3283475991671105,10.428712844848633
3.0152835845947266,4.298604285377743,10.418831825256348
3.107696056365967,4.355301246379635,10.405189514160156
3.044755220413208,4.307579495811036,10.426944732666016
3.043107509613037,4.333662843764095,10.419716835021973
3.0103468894958496,4.3131311942623665,10.350225448608398
3.055745840072632,4.332255710215707,10.209554672241211
3.0800561904907227,4.333934915418337,10.338098526000977
3.0483858585357666,4.354508079921029,10.358600616455078
3.0122108459472656,4.236426760475816,10.387996673583984
3.0569381713867188,4.316931913240946,10.447978973388672
3.08366060256958,4.339559234179823,10.303709030151367
3.079446792602539,4.300019611804081,10.414139747619629
3.03902530670166,4.338044872041791,10.343356132507324
3.094921112060547,4.361087515551064,10.381399154663086
3.0851659774780273,4.290315776930324,10.466859817504883
2.976161479949951,4.319456000512998,10.450665473937988
3.094688892364502,4.306815525649913,10.372846603393555
2.963883876800537,4.329009613820485,10.406013488769531
2.930682897567749,4.293351816745209,10.482847213745117
3.093231201171875,4.265168774440618,10.330355644226074
3.0533690452575684,4.309113305294887,10.420652389526367
3.0309038162231445,4.257039908951681,10.415021896362305
3.089540481567383,4.319964843835416,10.384361267089844
3.017413377761841,4.312543257472239,10.36780834197998
3.042621374130249,4.265687493274787,10.408138275146484
3.0467379093170166,4.266764479356685,10.398896217346191
3.0657570362091064,4.332905945634204,10.397998809814453
3.1371939182281494,4.341190288175961,10.384658813476562
3.025756359100342,4.33103609830141,10.435407638549805
3.0566556453704834,4.265133499034814,10.258172988891602
3.082533836364746,4.358327852495548,10.435367584228516
3.103111982345581,4.273571876376601,10.429443359375
3.083789348602295,4.349068776271971,10.293824195861816
3.050865650177002,4.340570834731417,10.341156005859375
3.09212327003479,4.388537465894062,10.383110046386719
3.0425896644592285,4.345408452475178,10.387984275817871
3.054563045501709,4.244249041258756,10.306434631347656
3.0255632400512695,4.319004306004251,10.339934349060059
3.0733115673065186,4.307384171157278,10.414546966552734
3.1268303394317627,4.3177639445556055,10.303104400634766
3.00980281829834,4.30639196519873,10.354836463928223
3.0943989753723145,4.2958449926559945,10.456905364990234
3.055002212524414,4.342885383038915,10.415255546569824
3.0317652225494385,4.29821946415385,10.435914993286133
3.0190398693084717,4.284121864575094,10.355265617370605
2.9720168113708496,4.274699363724462,10.349197387695312
3.0745506286621094,4.267444059452308,10.307891845703125
3.042583465576172,4.242575102485716,10.297475814819336
3.095790147781372,4.344738765985572,10.477302551269531
3.0397627353668213,4.289073172989967,10.480609893798828
3.092266321182251,4.271159231729273,10.39513874053955
3.0680134296417236,4.297831049787679,10.372953414916992
3.050145149230957,4.3272410525075555,10.418198585510254
3.0190465450286865,4.274248519080825,10.459211349487305
3.008371353149414,4.305508725577965,10.32967758178711
3.1016125679016113,4.299399891635403,10.408394813537598
3.0629966259002686,4.306101401802152,10.422571182250977
3.044949531555176,4.302815600531176,10.327840805053711
3.0630550384521484,4.282806072084766,10.456155776977539
3.0095977783203125,4.354751396491858,10.456214904785156
3.006093978881836,4.244164310528763,10.346607208251953
2.9951553344726562,4.2752199315000325,10.34598445892334
3.060032606124878,4.270388100628874,10.299198150634766
3.079061508178711,4.313932700947459,10.462223052978516
3.0556390285491943,4.289045247814752,10.42502212524414
3.0361833572387695,4.227333399433909,10.40502643585205
3.067371368408203,4.316538924717211,10.386422157287598
3.0750768184661865,4.366096823409732,10.403586387634277
3.020646810531616,4.334376254019194,10.398974418640137
3.0413408279418945,4.2711787519510835,10.388060569763184
3.0113744735717773,4.325605589164688,10.416460990905762
3.0147457122802734,4.326633404807321,10.395694732666016
3.0968077182769775,4.32829923927784,10.409330368041992
3.052459239959717,4.351620545677309,10.372426986694336
3.0638675689697266,4.288794837659225,10.461163520812988
3.066824197769165,4.313270180153528,10.379638671875
3.07974910736084,4.281105414964259,10.461737632751465
3.0580644607543945,4.3470454298491985,10.376874923706055
3.0143930912017822,4.227764266010906,10.395905494689941
2.982106924057007,4.330366978754422,10.410572052001953
3.0478954315185547,4.314075520627999,10.436942100524902
3.055199146270752,4.308186442391682,10.333065032958984
3.01238751411438,4.2407827934782425,10.428470611572266
3.047553539276123,4.28471213911793,10.400301933288574
3.052651882171631,4.32786742391597,10.38241195678711
3.1078827381134033,4.33187221103747,10.354754447937012
3.0945191383361816,4.278976435606767,10.417627334594727
3.1556270122528076,4.353451778846128,10.39161205291748
3.0872223377227783,4.330047804962045,10.47014045715332
3.1406710147857666,4.332127276176055,10.415948867797852
3.0906171798706055,4.288270527663242,10.303277969360352
3.09112811088562,4.320639590466661,10.303691864013672
3.079071283340454,4.422273802537737,10.322029113769531
3.0754458904266357,4.291245989834091,10.394671440124512
3.0355939865112305,4.300307433819398,10.354792594909668
3.037780523300171,4.321401020778077,10.471442222595215
3.0011868476867676,4.252700740970405,10.349451065063477
3.0620839595794678,4.279942101865475,10.336919784545898
2.989114284515381,4.293047580701698,10.330885887145996
3.1165668964385986,4.289367545462612,10.373291015625
3.0508387088775635,4.321728546272165,10.383846282958984
3.0085763931274414,4.250921090665672,10.472198486328125
3.0179758071899414,4.249414822652137,10.423001289367676
3.0537853240966797,4.348841152087386,10.358823776245117
3.076338768005371,4.25893145453717,10.375441551208496
3.1169867515563965,4.397317713292848,10.493881225585938
3.059147834777832,4.326466935088059,10.383706092834473
3.076064109802246,4.304942000657319,10.30610179901123
3.0375266075134277,4.298182377026284,10.40609073638916
3.0019137859344482,4.277275835463246,10.421804428100586
3.0929577350616455,4.390354611145864,10.338967323303223
3.051339626312256,4.27704341779463,10.41524600982666
3.026402235031128,4.284535492969943,10.396854400634766
3.078403949737549,4.25847149799977,10.418577194213867
3.0358550548553467,4.280360219334918,10.458106994628906
3.125197410583496,4.3126462415925095,10.4091796875
3.0687754154205322,4.315174549718254,10.435556411743164
3.0103230476379395,4.342497479469914,10.385326385498047
3.0405733585357666,4.305603233099516,10.426919937133789
3.0752265453338623,4.340637496872141,10.421847343444824
3.067727565765381,4.3382779602294,10.42912769317627
3.009941339492798,4.349207552382722,10.404511451721191
3.0601251125335693,4.358003331614392,10.4447021484375
3.0594186782836914,4.295218470340062,10.36709213256836
3.031585216522217,4.30205654322968,10.383872985839844
3.1203646659851074,4.377567220612296,10.39298152923584
3.0494296550750732,4.2919987484347075,10.429964065551758
3.082831382751465,4.278390533057973,10.326288223266602
3.1512134075164795,4.334365213921825,10.415359497070312
3.017141103744507,4.209024751425853,10.409950256347656
3.0964534282684326,4.318331803627578,10.429008483886719
3.00166392326355,4.277193849873064,10.410307884216309
3.0273125171661377,4.287806160980836,10.397833824157715
3.028179168701172,4.309637759812176,10.40744400024414
3.0553832054138184,4.2792006446647335,10.319334030151367
3.0928244590759277,4.305862703626708,10.443333625793457
3.0973525047302246,4.300457431668682,10.335993766784668
3.015428066253662,4.3114990209828,10.308913230895996
3.0337741374969482,4.269670383439266,10.400341033935547
3.060457706451416,4.271691217453086,10.340959548950195
3.008331537246704,4.253551446599886,10.402963638305664
3.033254861831665,4.249898236211655,10.3658447265625
3.053774118423462,4.2732599985652735,10.389015197753906
3.0368404388427734,4.3603847469203165,10.411377906799316
3.060746908187866,4.272520749064694,10.400064468383789
3.0721349716186523,4.302360216022602,10.39167308807373
3.029045343399048,4.331314064761891,10.422012329101562
3.096942901611328,4.311497751656654,10.399015426635742
3.0694286823272705,4.360395374940708,10.472905158996582
3.0317587852478027,4.350712001656316,10.429075241088867
3.0274603366851807,4.329267784254625,10.36452865600586
3.0649561882019043,4.347705288956473,10.572629928588867
3.0648279190063477,4.30853908575539,10.474692344665527
3.101010799407959,4.301869958007176,10.426597595214844
3.0697057247161865,4.348070978053979,10.451921463012695
3.028883695602417,4.296621893831928,10.417747497558594
3.0524299144744873,4.333163130961891,10.371312141418457
3.0907979011535645,4.348919748494934,10.364876747131348
3.0445828437805176,4.338219080353156,10.391077041625977
3.0725901126861572,4.342225898922022,10.384736061096191
3.0189907550811768,4.366900931079207,10.35468864440918
3.059723138809204,4.338781941116654,10.353177070617676
3.0680248737335205,4.298857505898923,10.478764533996582
3.0221071243286133,4.273588005187256,10.368610382080078
3.0320522785186768,4.2472985916704475,10.451496124267578
3.078629732131958,4.282234336116484,10.41429615020752
3.080167531967163,4.338663143937342,10.412420272827148
3.038649320602417,4.353333173486005,10.352152824401855
3.0410985946655273,4.282415001686396,10.30540943145752
3.083651065826416,4.314784524929044,10.423872947692871
3.0717852115631104,4.366265819408,10.38366413116455
3.093320846557617,4.305708495101759,10.386825561523438
3.025636672973633,4.26001927033732,10.42148208618164
3.068016290664673,4.30606449611618,10.417243957519531
3.1428298950195312,4.273374575389815,10.434514999389648
3.1294329166412354,4.293945450369002,10.435526847839355
3.0709710121154785,4.363350713226412,10.419784545898438
3.048424482345581,4.352494717242994,10.371191024780273
3.099724054336548,4.288821973738128,10.406407356262207
3.0969974994659424,4.349436549236998,10.387519836425781
3.065396308898926,4.263724600962762,10.448509216308594
3.063504457473755,4.294689061951691,10.339466094970703
3.0563173294067383,4.280164469565664,10.372511863708496
3.0867700576782227,4.3545694065479825,10.334551811218262
3.0249531269073486,4.303218254852773,10.491321563720703
3.0715856552124023,4.292885128342148,10.434322357177734
3.0079877376556396,4.38165793155453,10.356110572814941
3.0563809871673584,4.289721095734941,10.375382423400879
3.051603317260742,4.307472485782845,10.372761726379395
3.0589230060577393,4.259407285600901,10.38185977935791
3.036785840988159,4.306802233714344,10.445368766784668
3.061603546142578,4.396060728634309,10.443572044372559
3.051884889602661,4.2843618290831476,10.336666107177734
3.042635917663574,4.334014829846898,10.403429985046387
3.045076847076416,4.293004938534327,10.413520812988281
3.0336451530456543,4.316425293883575,10.349066734313965
3.1219398975372314,4.276364021735,10.388894081115723
3.0560035705566406,4.306030540893387,10.423874855041504
3.0458383560180664,4.332364369582917,10.384594917297363
3.0327913761138916,4.340135930571705,10.446457862854004
3.0136377811431885,4.299807329263006,10.512089729309082
3.106687068939209,4.340638203912282,10.389176368713379
3.005974292755127,4.34837832278572,10.332200050354004
3.0040247440338135,4.30487862791467,10.416118621826172
3.047334909439087,4.2821621711565445,10.408089637756348
3.0376813411712646,4.339766735377323,10.450963020324707
3.040846347808838,4.30105396449965,10.439796447753906
3.178515672683716,4.378630965781798,10.298576354980469
3.0772640705108643,4.307292791682162,10.350025177001953
3.033217191696167,4.25382897128085,10.401765823364258
3.0791940689086914,4.383823106198439,10.47315788269043
3.0527496337890625,4.27332899330317,10.37193489074707
3.077263832092285,4.3192480205824335,10.518423080444336
3.061133861541748,4.309236179704645,10.485610008239746
3.076010227203369,4.351278361099372,10.429959297180176
3.062661647796631,4.306708247367559,10.343071937561035
3.039107322692871,4.27310265770315,10.44627571105957
3.0007057189941406,4.324190566416031,10.33089828491211
3.0570831298828125,4.323481083448444,10.289363861083984
3.0442886352539062,4.33848108620649,10.405062675476074
3.1287434101104736,4.354349566024861,10.339646339416504
3.063977003097534,4.319067381821307,10.400501251220703
3.0748307704925537,4.259319616282092,10.451322555541992
3.016446828842163,4.331468410789967,10.313663482666016
3.061863660812378,4.316203053408701,10.409463882446289
3.0486600399017334,4.312568624736741,10.33292293548584
3.0629374980926514,4.382015942163498,10.371977806091309
3.006077289581299,4.254701717157982,10.352058410644531
3.014085292816162,4.314769748565076,10.40468978881836
3.048729419708252,4.309530004260264,10.398039817810059
3.043975353240967,4.307630964987245,10.329792022705078
3.1220550537109375,4.349072801049,10.450004577636719
3.1114680767059326,4.3355599778172165,10.381339073181152
3.0948922634124756,4.349111980359469,10.383898735046387
3.012401580810547,4.318856184969523,10.349234580993652
3.0638089179992676,4.307609127169209,10.516033172607422
3.0608980655670166,4.340031895653477,10.42864990234375
3.0811643600463867,4.309214990586042,10.354259490966797
2.9805383682250977,4.308536272063586,10.35899543762207
3.069674253463745,4.265682449264983,10.447539329528809
3.016524314880371,4.256451083746339,10.502371788024902
3.092539072036743,4.347533634431394,10.297581672668457
2.991507053375244,4.353601403002228,10.469069480895996
3.071051597595215,4.2943854626999896,10.384919166564941
3.026965379714966,4.2874906841732034,10.340439796447754
3.046029806137085,4.249132795325879,10.436591148376465
3.0740272998809814,4.36262408624004,10.418495178222656
3.0735421180725098,4.273496227405433,10.409685134887695
3.0970072746276855,4.322780589606347,10.376221656799316
3.077159881591797,4.337213024463771,10.396100044250488
3.0816776752471924,4.272802767476866,10.296353340148926
3.014190196990967,4.304327741331821,10.370513916015625
3.052123546600342,4.348240104969591,10.391742706298828
3.000323534011841,4.307672937167808,10.370035171508789
3.0912086963653564,4.355174684730757,10.400540351867676
3.067340850830078,4.407195783253494,10.363390922546387
3.040778875350952,4.326947521551379,10.348649024963379
3.0837249755859375,4.274144106012369,10.465003967285156
3.0407285690307617,4.2872228799720435,10.396339416503906
3.0694420337677,4.291837963342134,10.38182258605957
3.120993137359619,4.340649135876447,10.462700843811035
3.036294937133789,4.338847336791722,10.346725463867188
3.0320708751678467,4.332182271073439,10.301202774047852
3.0635950565338135,4.326227743976882,10.393425941467285
3.1059505939483643,4.272297283734328,10.411911964416504
3.0637011528015137,4.361566578936099,10.358169555664062
3.0317838191986084,4.310074284473169,10.449445724487305
3.0974364280700684,4.310355971534072,10.373614311218262
3.0628790855407715,4.281868394896654,10.320920944213867
3.0246031284332275,4.318367555005742,10.398643493652344
3.063162088394165,4.280294143661324,10.360889434814453
3.115699529647827,4.33305825160018,10.369422912597656
3.0333781242370605,4.307688785484061,10.510125160217285
3.0122742652893066,4.328005046151313,10.404796600341797
3.0221164226531982,4.321082642102348,10.312665939331055
3.057068347930908,4.333807536600424,10.375815391540527
3.0192737579345703,4.347142481078793,10.413108825683594
3.1579668521881104,4.368489711046484,10.336721420288086
3.0729222297668457,4.330600034611832,10.30190658569336
2.9952259063720703,4.306431639507148,10.495948791503906
3.0375919342041016,4.322980135446414,10.403205871582031
3.0787582397460938,4.31988220648574,10.413910865783691
3.0661962032318115,4.3608032427728185,10.393962860107422
3.0123045444488525,4.298497936987717,10.43116283416748
3.09782338142395,4.401637140994094,10.402849197387695
3.072977304458618,4.348827747228954,10.385679244995117
3.0796098709106445,4.345049904559606,10.397099494934082
3.1205644607543945,4.287894556431898,10.40532112121582
3.02982759475708,4.299896004210626,10.307004928588867
3.1522648334503174,4.348521957473297,10.33789348602295
3.023327589035034,4.353878301435283,10.351162910461426
3.0490903854370117,4.353317801441465,10.430242538452148
3.024341106414795,4.283525669714435,10.441427230834961
3.032835006713867,4.331285786948034,10.392614364624023
3.0758373737335205,4.3638849711444765,10.457130432128906
3.070007801055908,4.261802657341052,10.397906303405762
3.1083052158355713,4.376072644821502,10.376976013183594
3.0602240562438965,4.344279550248758,10.46618366241455
3.0746805667877197,4.339430032564061,10.40435791015625
3.002234935760498,4.305706160209541,10.303350448608398
3.0642523765563965,4.432980728934385,10.377603530883789
3.0997424125671387,4.352373758630295,10.379342079162598
3.0744476318359375,4.301313174023693,10.470428466796875
3.0016767978668213,4.310906500056653,10.422380447387695
3.034444570541382,4.297050057211891,10.356136322021484
3.1033358573913574,4.410838495574094,10.42345905303955
3.0654830932617188,4.345045469302152,10.354185104370117
3.1142139434814453,4.314633114562769,10.32795524597168
3.0972657203674316,4.362647606658616,10.335051536560059
3.0443315505981445,4.378364813081654,10.37187385559082
3.0211706161499023,4.353381063290207,10.433813095092773
3.036891460418701,4.351597103123952,10.376439094543457
2.9835054874420166,4.271859575162774,10.398941040039062
3.097395896911621,4.357993524089189,10.398868560791016
3.013488292694092,4.319580079621769,10.34284496307373
3.04359769821167,4.2653923716861755,10.372258186340332
3.0285260677337646,4.3684825378337075,10.404292106628418
3.0377016067504883,4.369115790285702,10.374900817871094
3.051269054412842,4.414768929160865,10.479903221130371
3.0910377502441406,4.3749477713302305,10.301552772521973
3.0499989986419678,4.328435249027929,10.444527626037598
3.022808790206909,4.342196294771774,10.39778995513916
3.0183424949645996,4.302584189156603,10.40907096862793
3.125216245651245,4.349124401009508,10.440563201904297
3.081751823425293,4.35207016692896,10.379392623901367
3.101033926010132,4.295690092757078,10.388994216918945
3.075273036956787,4.381060972244346,10.446478843688965
3.0339841842651367,4.29764567874372,10.367236137390137
3.083230495452881,4.385116913322625,10.37817668914795
3.1021668910980225,4.349602633421975,10.45014476776123
3.086641311645508,4.333429784879887,10.41248893737793
3.017531156539917,4.221991005819292,10.363771438598633
3.098252773284912,4.356465721436378,10.439523696899414
3.0750958919525146,4.360646276501938,10.370866775512695
3.060945987701416,4.3523222235630135,10.360062599182129
3.0028629302978516,4.266567364800721,10.33944320678711
3.0767507553100586,4.293789282507662,10.366745948791504
3.0228993892669678,4.290840516798198,10.298974990844727
3.0690765380859375,4.308523492056079,10.380084991455078
3.0992705821990967,4.335090889395881,10.298784255981445
3.0819904804229736,4.328430137031578,10.331762313842773
3.035548210144043,4.3847892795622885,10.27132511138916
3.0668370723724365,4.421504761558027,10.408286094665527
3.102464437484741,4.343857025128923,10.416227340698242
3.046934127807617,4.31901786702552,10.439325332641602
3.0945885181427,4.331595603908811,10.381172180175781
3.035787582397461,4.339534998372463,10.314364433288574
2.9796624183654785,4.311429054343274,10.392326354980469
3.039212942123413,4.341479108668864,10.405627250671387
3.018583059310913,4.257034220865795,10.369871139526367
3.036536455154419,4.305261625342869,10.424155235290527
3.005744457244873,4.329554238955357,10.345608711242676
3.0746538639068604,4.3526080258057585,10.441444396972656
3.0872673988342285,4.337937888423247,10.392058372497559
2.9826064109802246,4.313322531724615,10.285423278808594
3.105912923812866,4.338268684822002,10.364599227905273
3.108327865600586,4.344912859045768,10.429267883300781
3.0518555641174316,4.345129460229405,10.402641296386719
3.06779408454895,4.278761599478977,10.393882751464844
3.0259933471679688,4.33507755741344,10.385825157165527
3.0740206241607666,4.325655993040916,10.305854797363281
3.116239309310913,4.344593993388116,10.38064956665039
3.0246918201446533,4.295909886481241,10.311554908752441
3.0823447704315186,4.2940425506926,10.353751182556152
3.0421321392059326,4.427475672448054,10.426176071166992
3.0988903045654297,4.385874555579253,10.519218444824219
3.041990280151367,4.290423688112891,10.455163955688477
3.1272284984588623,4.385962705826387,10.389245986938477
3.022918701171875,4.33714196109213,10.443281173706055
3.007875680923462,4.309296294048961,10.341580390930176
3.0006320476531982,4.331062111737473,10.434059143066406
3.0566437244415283,4.295931284981115,10.457006454467773
3.0892813205718994,4.266365861420386,10.389527320861816
3.0805504322052,4.389772261293339,10.45747184753418
3.0450050830841064,4.3574820049107075,10.447989463806152
3.0649919509887695,4.350004362275026,10.44448471069336
3.0911591053009033,4.331301595782861,10.415785789489746
3.1177713871002197,4.373000639025122,10.340855598449707
3.022247314453125,4.323269266069734,10.345412254333496
3.0741453170776367,4.33746443043596,10.383441925048828
3.054283380508423,4.334192664794889,10.356414794921875
3.113720417022705,4.335157806885295,10.347046852111816
3.0441739559173584,4.290798493328372,10.343888282775879
3.0386760234832764,4.370623118876081,10.434520721435547
3.0318148136138916,4.351326308911666,10.41795539855957
3.1104159355163574,4.310787934211216,10.405050277709961
3.001516819000244,4.306342714499416,10.452428817749023
3.050562858581543,4.331234465353191,10.363662719726562
3.0429084300994873,4.367298725393734,10.492494583129883
3.0462188720703125,4.346576811047271,10.414606094360352
3.044545888900757,4.37269075939964,10.469669342041016
3.0318217277526855,4.321883797845138,10.370922088623047
3.0965733528137207,4.415426251578278,10.340597152709961
3.073345184326172,4.391540438768321,10.3844633102417
3.0899808406829834,4.414092569778274,10.345745086669922
3.043008804321289,4.302652012523529,10.423385620117188
3.0473673343658447,4.304877503242875,10.424086570739746
3.0570108890533447,4.348455861111039,10.37902545928955
2.9464187622070312,4.272437959610086,10.385054588317871
2.9721779823303223,4.272069027680638,10.331421852111816
2.9980685710906982,4.286024209677375,10.41810417175293
3.0849461555480957,4.340998838755435,10.488591194152832
3.0542516708374023,4.279022889610913,10.386940002441406
3.051616668701172,4.3599156811168145,10.508262634277344
3.0577378273010254,4.306218712424327,10.394519805908203
3.0942904949188232,4.400866611162201,10.401679992675781
3.090658187866211,4.401140838861465,10.432808876037598
2.9924535751342773,4.358404788853866,10.371715545654297
3.054853916168213,4.302198995470202,10.374835968017578
2.9826130867004395,4.280484947375954,10.374646186828613
3.0714621543884277,4.30617879068346,10.312889099121094
3.055119514465332,4.387825347050758,10.37555980682373
3.0921881198883057,4.3252879718119015,10.40250015258789
2.9918975830078125,4.314688934046509,10.33089828491211
3.0318706035614014,4.297272098350472,10.460077285766602
3.0519092082977295,4.30470602294164,10.366071701049805
2.9922304153442383,4.267559402622282,10.331216812133789
2.993790864944458,4.337700232431026,10.377888679504395
3.045391321182251,4.336863924483103,10.394145011901855
3.0469136238098145,4.37995072450888,10.378270149230957
3.0426599979400635,4.233932469073417,10.461164474487305
3.0455822944641113,4.3647748951334515,10.408211708068848
3.0367116928100586,4.320227842112737,10.408977508544922
3.072073221206665,4.342582991878901,10.448845863342285
2.9731574058532715,4.371058526515428,10.478277206420898
3.034615993499756,4.31132282323337,10.334484100341797
3.1005964279174805,4.361200180470146,10.41525650024414
3.0412957668304443,4.33260709363302,10.383724212646484
3.0786070823669434,4.377754972349586,10.4183349609375
3.0549933910369873,4.445055655968774,10.317343711853027
3.0236687660217285,4.3487582945797065,10.396012306213379
3.000730514526367,4.345704774239233,10.393566131591797
3.0580954551696777,4.378707420247208,10.460918426513672
3.1194891929626465,4.346364931602563,10.347408294677734
3.042177677154541,4.29214558923351,10.377079963684082
3.0810108184814453,4.404700661577019,10.326215744018555
2.9959158897399902,4.298727975725861,10.42727279663086
3.0254809856414795,4.269588463174712,10.408348083496094
3.1034131050109863,4.3458010918527314,10.411249160766602
3.029109239578247,4.311608831764066,10.378396987915039
3.062805414199829,4.353899138015029,10.454425811767578
3.0523505210876465,4.338737674190529,10.392194747924805
3.0581095218658447,4.3311132188287695,10.35582160949707
3.040210723876953,4.341535511892289,10.481017112731934
3.0835177898406982,4.354516413096072,10.385064125061035
2.985438823699951,4.351580583789786,10.386151313781738
3.0878705978393555,4.389485034193578,10.347259521484375
3.049213409423828,4.413916285848244,10.413287162780762
3.104452133178711,4.37206325779802,10.451308250427246
3.063859701156616,4.322442380312298,10.342662811279297
3.087449073791504,4.382488251065037,10.406045913696289
3.0186355113983154,4.327462773969662,10.322783470153809
3.0522003173828125,4.369401994593708,10.396271705627441
3.0490148067474365,4.291599328197273,10.386407852172852
3.058335781097412,4.342307803653446,10.341110229492188
3.0201592445373535,4.335518783889711,10.416706085205078
2.99613356590271,4.333795577054843,10.367830276489258
3.0882515907287598,4.405575116896735,10.430643081665039
3.0609185695648193,4.348353877464043,10.290743827819824
3.0428123474121094,4.366398862097412,10.41529369354248
3.058579444885254,4.354174513336537,10.340933799743652
3.050553798675537,4.312063467189936,10.426765441894531
3.0505917072296143,4.2941081879793535,10.40527057647705
3.077180862426758,4.382206633420927,10.432536125183105
3.0663628578186035,4.3529059740914295,10.440007209777832
3.0715644359588623,4.388453220482916,10.427887916564941
3.022278070449829,4.382304233665178,10.3931884765625
3.053647994995117,4.376204872903015,10.3160400390625
3.0533907413482666,4.315523669256695,10.415949821472168
3.0629427433013916,4.301366982249809,10.376229286193848
3.0861473083496094,4.324268381576985,10.466692924499512
3.064058780670166,4.350498145612488,10.4537353515625
3.0494165420532227,4.384310298931918,10.411514282226562
3.065237522125244,4.379488266206214,10.33961296081543
3.1001524925231934,4.355016409951661,10.357637405395508
3.0509650707244873,4.322844253786441,10.36940860748291
3.0731472969055176,4.359333603543097,10.33577823638916
3.0811264514923096,4.381620901038072,10.442856788635254
3.091032028198242,4.406554055865853,10.426765441894531
3.072082042694092,4.304329630918801,10.365500450134277
2.9930224418640137,4.354969335154498,10.40202522277832
3.0462703704833984,4.392294724239037,10.395061492919922
3.102069616317749,4.315922321186267,10.408452987670898
2.9843225479125977,4.295413595191868,10.432572364807129
3.0013327598571777,4.302878727737282,10.415702819824219
3.069319486618042,4.326493763464636,10.386384010314941
3.058562755584717,4.348466863257012,10.435086250305176
3.07088565826416,4.355642455862835,10.456631660461426
3.054842948913574,4.329914928646758,10.322039604187012
3.083512306213379,4.39422356077869,10.383731842041016
2.9888193607330322,4.352436775640984,10.351761817932129
3.0304760932922363,4.322172555307459,10.385734558105469
3.0489675998687744,4.3590086959302425,10.411864280700684
2.9991445541381836,4.299332731037533,10.426651000976562
3.0629959106445312,4.348583715369127,10.426030158996582
3.059614419937134,4.406367760351194,10.443811416625977
3.058444023132324,4.329252159056653,10.424365043640137
2.965350866317749,4.298187745602003,10.331826210021973
3.051846504211426,4.304787375498562,10.29904556274414
3.0651440620422363,4.325302180967161,10.456998825073242
3.0317633152008057,4.369455731008202,10.380661964416504
3.029756784439087,4.352294397606913,10.349361419677734
3.036440372467041,4.265151609899477,10.433334350585938
3.1005570888519287,4.384115689234542,10.423381805419922
3.137617826461792,4.376732928977747,10.402985572814941
3.024714946746826,4.285250070671152,10.315674781799316
3.0798237323760986,4.33290181531837,10.377471923828125
3.042685031890869,4.333468237326348,10.355586051940918
3.021121025085449,4.365207894505667,10.424600601196289
3.038952350616455,4.3313973044777025,10.437227249145508
3.016277551651001,4.345345672253253,10.32564640045166
2.9689202308654785,4.283652071907584,10.442615509033203
3.056135654449463,4.320976657260741,10.403234481811523
3.0278096199035645,4.343747710077358,10.406946182250977
3.057858943939209,4.337787849495985,10.384927749633789
3.096717596054077,4.3955800105884135,10.44214916229248
3.0694611072540283,4.335265642032027,10.345141410827637
3.092724323272705,4.316902716344754,10.444588661193848
3.071145534515381,4.29299956759704,10.423304557800293
3.1026082038879395,4.295887780608609,10.395086288452148
3.102835178375244,4.35147815982678,10.405498504638672
3.0197932720184326,4.289005595991123,10.403848648071289
3.065922737121582,4.387439462921715,10.329166412353516
3.0559144020080566,4.293066422421751,10.28433609008789
3.0654146671295166,4.42758140789478,10.378418922424316
3.047785997390747,4.359428587635714,10.404214859008789
3.030726432800293,4.4246684485447725,10.365120887756348
2.9980709552764893,4.308441563343097,10.35718059539795
3.04844331741333,4.3490390228440186,10.42996883392334
3.004626512527466,4.339615986748997,10.436362266540527
3.044175624847412,4.321309501704361,10.374374389648438
3.0334320068359375,4.359618208770241,10.404915809631348
3.1137781143188477,4.339715563492583,10.407966613769531
3.1311497688293457,4.379010758728587,10.325973510742188
2.973092794418335,4.244815773929336,10.37067985534668
3.078853130340576,4.325348598682987,10.315991401672363
3.093118906021118,4.330096511602668,10.359949111938477
3.003786087036133,4.27781979300614,10.4015531539917
3.094310760498047,4.310099409427493,10.403213500976562
3.0217249393463135,4.313184254303841,10.435996055603027
2.981980800628662,4.274730518626581,10.394569396972656
3.129173517227173,4.380022184723721,10.447235107421875
3.0418479442596436,4.298942183011345,10.335491180419922
2.980221748352051,4.351681616988832,10.411572456359863
3.0113906860351562,4.381604283416112,10.376001358032227
3.0496666431427,4.365602191537619,10.392749786376953
3.139115333557129,4.340646527474747,10.375858306884766
3.0806660652160645,4.2952120648364405,10.4508056640625
3.0400378704071045,4.357723517243617,10.496406555175781
3.0212295055389404,4.331695274017485,10.382255554199219
3.040071964263916,4.419926710726161,10.389829635620117
3.0994105339050293,4.347254004362704,10.396148681640625
3.0158472061157227,4.236443352952067,10.334572792053223
3.015265941619873,4.334591151048828,10.437187194824219
3.0807132720947266,4.353685141707372,10.396814346313477
3.065636396408081,4.331355151720345,10.376312255859375
3.05794358253479,4.371295463426837,10.347302436828613
3.0274946689605713,4.366610371940104,10.33936882019043
3.0376827716827393,4.294619327876717,10.366601943969727
3.05022931098938,4.365342788730881,10.405418395996094
3.098912477493286,4.368405588902534,10.417327880859375
3.036400079727173,4.347964250150003,10.305996894836426
2.9766428470611572,4.295014778285155,10.461566925048828
3.0733084678649902,4.297943080076947,10.413033485412598
3.087883472442627,4.341515326905729,10.476109504699707
3.0425446033477783,4.365736755875073,10.419135093688965
3.04280161857605,4.386400248855352,10.40025806427002
3.0503950119018555,4.325298956196224,10.321612358093262
3.0649027824401855,4.323378475981632,10.37637710571289
3.0342652797698975,4.297835054208657,10.372071266174316
3.0502021312713623,4.282262842802864,10.414381980895996
3.0358290672302246,4.392404961033857,10.296661376953125
3.043346405029297,4.289079901795568,10.438011169433594
3.089596748352051,4.326460333274944,10.470762252807617
3.0146162509918213,4.347225145370301,10.34454345703125
3.0608949661254883,4.41197067984779,10.367447853088379
2.970471143722534,4.296512291500611,10.387214660644531
3.082782506942749,4.412284137115681,10.314306259155273
3.0787510871887207,4.360119705886713,10.376776695251465
3.092853546142578,4.371975988582043,10.423046112060547
3.0331881046295166,4.353847300168127,10.413847923278809
3.0311927795410156,4.315082904616636,10.458069801330566
2.9879825115203857,4.280680705593634,10.415594100952148
3.080564022064209,4.354652580006847,10.389081954956055
2.9968459606170654,4.375788011654679,10.532326698303223
3.0858750343322754,4.355273407451542,10.35030746459961
3.065960645675659,4.32941844231183,10.379009246826172
3.065415620803833,4.373879426990503,10.383528709411621
3.0542850494384766,4.281304712274245,10.349172592163086
3.096714973449707,4.411853586523128,10.372638702392578
2.986708164215088,4.371063098045332,10.349676132202148
3.0631396770477295,4.368532784017069,10.403679847717285
3.060230255126953,4.395574032495331,10.353218078613281
3.046811580657959,4.353046679137541,10.452400207519531
3.088278293609619,4.355345679945978,10.350698471069336
3.087585687637329,4.387938367635278,10.45340633392334
3.035116672515869,4.330532754605104,10.381603240966797
3.009392261505127,4.340235166584275,10.383825302124023
3.0660932064056396,4.324093367871163,10.387044906616211
3.0324435234069824,4.360337205131405,10.354400634765625
2.9712233543395996,4.3292637475034494,10.443901062011719
3.0427651405334473,4.301864480599761,10.414632797241211
3.0485141277313232,4.336542199365795,10.428166389465332
3.060413360595703,4.395709993849907,10.339250564575195
3.0029094219207764,4.342203864861014,10.28144645690918
3.088768482208252,4.341300826087328,10.368804931640625
2.9678637981414795,4.298190959396639,10.334243774414062
3.0509121417999268,4.338847178101007,10.379666328430176
3.0767593383789062,4.370013536752335,10.317581176757812
2.9481046199798584,4.298547132805522,10.390328407287598
3.0891966819763184,4.3593548099909505,10.368080139160156
3.049715042114258,4.377066648931109,10.414340019226074
3.080963611602783,4.3536168989459325,10.429971694946289
3.105321168899536,4.325883680089777,10.317578315734863
3.0166354179382324,4.317390743476738,10.37745475769043
3.0420610904693604,4.337756944421146,10.336016654968262
3.0688962936401367,4.320090472831257,10.33226490020752
3.0824170112609863,4.380332215023892,10.408483505249023
3.0601823329925537,4.335927089343645,10.339561462402344
3.036738634109497,4.36721047210241,10.417006492614746
3.0859482288360596,4.361901138410238,10.389280319213867
3.0484936237335205,4.3034007764820545,10.414941787719727
3.0937139987945557,4.389454727526754,10.461316108703613
3.039130210876465,4.357156024846648,10.403676986694336
3.0282070636749268,4.3813136722227295,10.412732124328613
3.0789759159088135,4.3425555396825075,10.346662521362305
3.103548049926758,4.437283916831283,10.400193214416504
3.073888063430786,4.3733356253110935,10.436656951904297
3.00750994682312,4.322931563880827,10.34947395324707
3.00589656829834,4.306531260355508,10.314643859863281
3.0455868244171143,4.361757235834375,10.331880569458008
3.0546774864196777,4.274269718244406,10.351463317871094
2.9996750354766846,4.350175324627863,10.335887908935547
3.0745580196380615,4.4209436340191,10.331013679504395
3.012969732284546,4.35039807047828,10.385599136352539
3.066011905670166,4.33993281759987,10.4365816116333
3.1207480430603027,4.38272045802192,10.433991432189941
3.03725266456604,4.397226385872012,10.400630950927734
3.0115599632263184,4.296328463325543,10.334429740905762
3.0881667137145996,4.406925744144246,10.375015258789062
3.068568468093872,4.323207824890102,10.437504768371582
3.033616065979004,4.382945693330838,10.422934532165527
3.0025787353515625,4.308841631614737,10.412422180175781
3.0489466190338135,4.367401765060744,10.36231803894043
3.0719950199127197,4.3199526322007715,10.409395217895508
3.0596652030944824,4.334046961174214,10.486464500427246
3.0319344997406006,4.372969823091158,10.450889587402344
3.0677571296691895,4.351761442243254,10.404231071472168
3.058579206466675,4.331534658026483,10.33332633972168
3.067702293395996,4.3079776077730845,10.421849250793457
3.0547423362731934,4.34300359491525,10.39815902709961
3.0094187259674072,4.287410837365314,10.356755256652832
3.0547807216644287,4.314710250091073,10.440982818603516
3.0035550594329834,4.3342178668494205,10.373736381530762
3.046142816543579,4.2897699112737815,10.36484146118164
3.051530599594116,4.324742878388081,10.349664688110352
3.0628905296325684,4.286032225604036,10.345096588134766
3.107351541519165,4.432099230886836,10.408161163330078
3.0836329460144043,4.367415796366653,10.418487548828125
3.0275280475616455,4.359114637964272,10.540681838989258
3.0838592052459717,4.361144809185394,10.368413925170898
3.0790910720825195,4.356559553582754,10.362030029296875
2.977243661880493,4.2774536466625115,10.347737312316895
3.066002607345581,4.3909610076474825,10.424962997436523
3.0319621562957764,4.310207028640434,10.506828308105469
3.0985920429229736,4.389914518288736,10.35877513885498
3.0535976886749268,4.356689016900159,10.360760688781738
3.000119686126709,4.386649797238143,10.307760238647461
3.123265027999878,4.391331547671663,10.41147232055664
3.016939878463745,4.372550487119172,10.37381649017334
3.0165350437164307,4.364000911525052,10.328619003295898
3.0210721492767334,4.4048368053045115,10.389102935791016
3.0121376514434814,4.3968291668154835,10.373655319213867
3.099213123321533,4.399352932215801,10.438390731811523
3.0602219104766846,4.36967433420276,10.451961517333984
3.024975299835205,4.305096135973665,10.361474990844727
3.0570473670959473,4.260030184406786,10.375246047973633
3.068505048751831,4.328069204830431,10.44615364074707
3.139768123626709,4.357809360205595,10.39903450012207
3.051962375640869,4.375622513437909,10.443053245544434
3.028203010559082,4.351241668786056,10.279829025268555
2.9972825050354004,4.365091734865148,10.355413436889648
2.9896085262298584,4.323370569352327,10.413325309753418
3.059952974319458,4.407857486878388,10.406342506408691
3.0602052211761475,4.417868596202295,10.482332229614258
2.9694669246673584,4.325960376665795,10.349302291870117
3.01796293258667,4.2927882941107125,10.326799392700195
3.08270001411438,4.383421129214444,10.426937103271484
3.0960445404052734,4.445403920420047,10.38959789276123
3.0238375663757324,4.361459199106321,10.320918083190918
3.049250841140747,4.411401126966147,10.40969467163086
3.076083183288574,4.362771538252543,10.33918285369873
3.073385238647461,4.449884811582575,10.381734848022461
3.042928695678711,4.3692683153785765,10.353242874145508
3.097630023956299,4.363148556157414,10.367108345031738
3.0247154235839844,4.342274537509573,10.411360740661621
3.0109410285949707,4.362859530540715,10.427774429321289
3.0951757431030273,4.400831707320842,10.391803741455078
3.0590288639068604,4.330648814328015,10.367792129516602
3.0500290393829346,4.343583457138656,10.39248275756836
3.0793044567108154,4.372760695638134,10.454280853271484
3.0521504878997803,4.370350366790912,10.483088493347168
3.078176498413086,4.37836327034581,10.394304275512695
3.0400962829589844,4.359857229249818,10.44775104522705
3.041198253631592,4.366761961452929,10.346807479858398
3.003788948059082,4.296820802181694,10.364051818847656
3.052948474884033,4.348546309529671,10.388786315917969
3.0275251865386963,4.340314775672076,10.437084197998047
3.093127727508545,4.328853333601728,10.35574722290039
3.023106098175049,4.333805906353519,10.420513153076172
3.00797176361084,4.403165907399463,10.37926197052002
3.0229220390319824,4.427076063351706,10.463985443115234
3.0918593406677246,4.428418983705342,10.402786254882812
3.005735397338867,4.328056062006259,10.414959907531738
3.0503923892974854,4.368509524169245,10.422051429748535
3.025080919265747,4.389892093471384,10.381819725036621
3.07188081741333,4.418747997410329,10.440357208251953
3.1023664474487305,4.420547372295654,10.338048934936523
3.044858455657959,4.3085098168147455,10.355753898620605
2.982577323913574,4.322063076043767,10.465108871459961
3.007657289505005,4.368303236850937,10.327446937561035
3.0446207523345947,4.379754233839256,10.464713096618652
3.0171048641204834,4.328924904411127,10.327698707580566
3.0510671138763428,4.436810013272666,10.337719917297363
3.0294971466064453,4.37569202758771,10.383133888244629
3.0993077754974365,4.4121049766628335,10.251483917236328
3.038259983062744,4.375069915915706,10.428642272949219
2.975978374481201,4.365107034233265,10.411728858947754
3.051166296005249,4.409340877485063,10.477400779724121
3.0228652954101562,4.319661619341267,10.362186431884766
3.0169804096221924,4.305908816467439,10.475483894348145
3.040916681289673,4.366674180375412,10.419954299926758
3.064929485321045,4.347258161952985,10.408843994140625
2.9923808574676514,4.324463271868548,10.371343612670898
3.0148816108703613,4.324292338220403,10.390226364135742
3.038339853286743,4.353403443004936,10.429491996765137
3.0663976669311523,4.416193541106103,10.434349060058594
3.1060609817504883,4.372943655587733,10.403848648071289
3.0628716945648193,4.389025374914386,10.35592269897461
3.0094075202941895,4.354463683441281,10.43624496459961
3.0651192665100098,4.324516100376578,10.350479125976562
3.0414395332336426,4.329784648991855,10.356961250305176
3.0364508628845215,4.377585606084072,10.374161720275879
3.070794105529785,4.395872072283445,10.299128532409668
2.9840312004089355,4.367035640603198,10.452943801879883
3.099275588989258,4.389556804572099,10.444435119628906
3.0791916847229004,4.434346455348922,10.426706314086914
3.0803020000457764,4.372781139565632,10.373650550842285
3.069741725921631,4.462217465641776,10.34168529510498
3.0706939697265625,4.350118008608531,10.44037914276123
3.0180559158325195,4.367031917242067,10.36397647857666
3.0197761058807373,4.3289240145656676,10.426858901977539
3.051888942718506,4.3364502694125155,10.384061813354492
3.035486936569214,4.360803824583334,10.333880424499512
2.9756851196289062,4.363702136457764,10.412630081176758
3.0301098823547363,4.262472705183817,10.386174201965332
3.0632736682891846,4.385387595576633,10.400175094604492
2.973273754119873,4.372894549476249,10.341792106628418
3.0145792961120605,4.383206976677425,10.402223587036133
3.1145217418670654,4.388967678017382,10.414581298828125
3.0620131492614746,4.426156792490344,10.305099487304688
3.039325714111328,4.331647511072723,10.365567207336426
3.0465409755706787,4.423695840307378,10.298212051391602
3.0576155185699463,4.332105055950317,10.434139251708984
3.0001866817474365,4.424271405109072,10.405181884765625
3.0353357791900635,4.384153399150819,10.44356632232666
2.999335527420044,4.364648543364767,10.388608932495117
2.987184762954712,4.316203211733539,10.425827026367188
3.028825283050537,4.398047065661688,10.431848526000977
3.087747812271118,4.389747275937615,10.314464569091797
3.0467774868011475,4.403288696959082,10.427770614624023
3.1037957668304443,4.399752680212259,10.398550033569336
3.0349159240722656,4.340505060274154,10.325887680053711
2.9836008548736572,4.375100424080822,10.341672897338867
3.0843117237091064,4.399786854063028,10.377768516540527
2.999272346496582,4.352882810070047,10.488645553588867
3.020047187805176,4.382027935968446,10.375953674316406
3.0454134941101074,4.292815860427384,10.48116683959961
3.034709930419922,4.369041279557028,10.362504959106445
3.0742623805999756,4.383029392787388,10.42551040649414
3.0139520168304443,4.400500816525891,10.417600631713867
3.0737597942352295,4.3930616252390395,10.411334037780762
2.9924838542938232,4.320131423783356,10.435651779174805
3.015964984893799,4.32945264117526,10.41286563873291
3.024287700653076,4.393245682585985,10.40103816986084
3.089423179626465,4.39674530188287,10.495155334472656
3.032443046569824,4.388249724271841,10.363404273986816
3.0461249351501465,4.421353956518162,10.422619819641113
3.0669898986816406,4.337344053633777,10.38845157623291
3.061248540878296,4.386101140673938,10.47296142578125
3.0213823318481445,4.350014740002475,10.312180519104004
3.034879446029663,4.4033538795941105,10.380171775817871
3.0279805660247803,4.353441682078743,10.379776954650879
3.0670881271362305,4.38023246335797,10.393858909606934
3.047170400619507,4.414584180373432,10.387542724609375
3.0508077144622803,4.426700269969712,10.349639892578125
2.975365400314331,4.371562172425911,10.410794258117676
3.0162112712860107,4.386890978386094,10.418615341186523
3.0409767627716064,4.325926987188203,10.486119270324707
3.074740171432495,4.4205413457072735,10.347883224487305
3.0272796154022217,4.324950976862706,10.396718978881836
3.048369884490967,4.411737066128158,10.42452335357666
3.0180792808532715,4.387929742923006,10.437246322631836
2.9783926010131836,4.374143938833316,10.451148986816406
3.068788528442383,4.346698329085484,10.420519828796387
3.035736083984375,4.29855341287995,10.392196655273438
3.0458199977874756,4.463862625748983,10.368841171264648
3.0807881355285645,4.375723376437755,10.383148193359375
3.0443389415740967,4.385539928850319,10.416894912719727
3.0593700408935547,4.3449872835938415,10.3665771484375
2.963444948196411,4.402848392791514,10.400163650512695
3.007392406463623,4.3817103874337455,10.387125968933105
3.009002923965454,4.341282346019787,10.472742080688477
3.038649797439575,4.348247387712555,10.385279655456543
3.0423266887664795,4.386682253131377,10.309249877929688
3.081167697906494,4.395893705210516,10.383251190185547
3.065878391265869,4.358217249258555,10.346503257751465
3.0204052925109863,4.4341793809019565,10.342485427856445
3.0516011714935303,4.42114242039887,10.321815490722656
3.0376830101013184,4.35440451112975,10.363218307495117
3.041999578475952,4.328955325031918,10.433744430541992
3.04650616645813,4.3875962502123524,10.401834487915039
3.0370407104492188,4.393334330691556,10.384034156799316
3.0946812629699707,4.3999394970347305,10.36428451538086
3.057671308517456,4.312454972715516,10.435651779174805
3.000896453857422,4.385805341581415,10.447912216186523
3.076035499572754,4.350620973855257,10.415303230285645
3.001800775527954,4.367171108024196,10.387118339538574
2.9996864795684814,4.356819775886834,10.374008178710938
3.00056791305542,4.287435070678059,10.393370628356934
3.0390472412109375,4.399168766702393,10.399524688720703
3.1066372394561768,4.443712883562381,10.396082878112793
3.0363657474517822,4.33743592108866,10.358682632446289
3.0622055530548096,4.350504467962309,10.36638069152832
3.0097594261169434,4.385870314236464,10.399198532104492
3.0034427642822266,4.407976532554519,10.39385986328125
2.970017671585083,4.383698490880696,10.313501358032227
3.058903932571411,4.316437793463202,10.404868125915527
3.0716938972473145,4.361386440361716,10.426167488098145
3.1216042041778564,4.4264189271988075,10.435784339904785
3.10441255569458,4.3921951509213875,10.349929809570312
3.053534984588623,4.359276021930523,10.366753578186035
3.0620181560516357,4.384695690890243,10.393098831176758
3.0389533042907715,4.369955180179594,10.380777359008789
3.094790458679199,4.37362847836422,10.378589630126953
3.023630142211914,4.4684313060715795,10.341888427734375
3.059705972671509,4.407484153518452,10.409356117248535
3.0135505199432373,4.337441076391509,10.28750991821289
2.990186929702759,4.3995633179854075,10.395025253295898
3.0315918922424316,4.400977457441123,10.446949005126953
3.015983819961548,4.367117433076991,10.336397171020508
3.0689573287963867,4.373446315294132,10.320526123046875
3.0464322566986084,4.374876081178497,10.397586822509766
2.9956307411193848,4.3732597513257385,10.365009307861328
3.048602819442749,4.394307759324355,10.337209701538086
3.0223982334136963,4.35166416264006,10.372814178466797
3.043731212615967,4.429846294756446,10.438154220581055
3.0715742111206055,4.4210089584147285,10.463815689086914
3.122196912765503,4.3930880940918415,10.424186706542969
3.004809856414795,4.39006219149035,10.399449348449707
2.9830689430236816,4.323003779198708,10.488683700561523
3.0116145610809326,4.360324726107398,10.415364265441895
3.077319860458374,4.412230740766973,10.365851402282715
3.030991554260254,4.3564295948682625,10.404266357421875
3.054497480392456,4.420609270688146,10.302677154541016
3.0516037940979004,4.424315836646461,10.375303268432617
3.007023572921753,4.374240036654686,10.388009071350098
3.054133415222168,4.38067459717526,10.391436576843262
3.001248836517334,4.3933043350532115,10.406401634216309
3.0306243896484375,4.381273825652897,10.428897857666016
2.9940714836120605,4.361190514905112,10.334216117858887
3.0491859912872314,4.392149672045239,10.395889282226562
2.994318962097168,4.375492111380611,10.445440292358398
2.99410343170166,4.383554304816894,10.450254440307617
3.0362629890441895,4.491996012162416,10.42115592956543
3.005136251449585,4.359750477996256,10.30904483795166
3.0453312397003174,4.397926037865025,10.40637493133545
2.9848926067352295,4.3422427113567075,10.365243911743164
3.0170986652374268,4.316098633654682,10.408843994140625
3.0405642986297607,4.389964536630682,10.418767929077148
2.9859092235565186,4.356191114522517,10.391075134277344
3.090757369995117,4.329982245873127,10.350558280944824
3.027132034301758,4.412082689248824,10.32172966003418
3.03969144821167,4.344657944847962,10.332450866699219
3.0494515895843506,4.388150958244556,10.471004486083984
3.0049636363983154,4.396110442433772,10.399147033691406
3.0485806465148926,4.390973421611957,10.351503372192383
2.995109796524048,4.356409928595115,10.280235290527344
3.0282962322235107,4.394796719508512,10.426101684570312
3.0717837810516357,4.358621777101819,10.325114250183105
3.017298698425293,4.360824862262235,10.501662254333496
2.9790408611297607,4.358516974540959,10.330533027648926
3.0246126651763916,4.47776669686261,10.501977920532227
3.022473096847534,4.386024436381246,10.412017822265625
3.0756664276123047,4.448411285611136,10.505871772766113
3.017127752304077,4.409076946621228,10.382918357849121
3.036778688430786,4.382728212346722,10.449226379394531
3.051853656768799,4.402333017272342,10.436824798583984
3.0788145065307617,4.407700803064342,10.454582214355469
3.010239601135254,4.394238688617147,10.383392333984375
3.0423309803009033,4.374034921173007,10.366400718688965
3.0462145805358887,4.343670682848564,10.40371322631836
3.002187490463257,4.3439048985684545,10.30749225616455
3.0862607955932617,4.395115200796033,10.468133926391602
2.9979629516601562,4.31785922171548,10.43014907836914
3.0143024921417236,4.399754648662305,10.445568084716797
3.1067147254943848,4.429666834051854,10.438261032104492
3.019385576248169,4.39579589641653,10.342314720153809
3.032435655593872,4.508228933704751,10.410433769226074
3.0529513359069824,4.4436621197965,10.441463470458984
2.991589069366455,4.42780199477316,10.358692169189453
3.14261531829834,4.437688779684582,10.379657745361328
3.037214994430542,4.3208958374203315,10.3209228515625
3.0505213737487793,4.412266565985711,10.41368579864502
3.102914810180664,4.471502753007892,10.478002548217773
3.09273099899292,4.437335707646396,10.448814392089844
3.0740644931793213,4.341647702734917,10.46265983581543
2.982494354248047,4.297513084386342,10.320921897888184
3.0934934616088867,4.398261946991885,10.418813705444336
3.02726149559021,4.366079998468714,10.413475036621094
3.0555500984191895,4.38272263438973,10.393272399902344
3.005502700805664,4.444168772315607,10.362578392028809
3.0194075107574463,4.421624648218442,10.342597961425781
3.0345091819763184,4.3579463254261235,10.424386978149414
3.018827199935913,4.451778727650111,10.455461502075195
2.9925878047943115,4.328602337112119,10.319109916687012
3.0342631340026855,4.409335810691118,10.485801696777344
3.033500909805298,4.38673168627013,10.42869758605957
3.0503857135772705,4.373416671329843,10.36036205291748
3.0331125259399414,4.437960154975631,10.365049362182617
3.059006690979004,4.412830162926444,10.303919792175293
3.0370264053344727,4.412963354228331,10.38347339630127
2.9727442264556885,4.313758004024359,10.420964241027832
3.06038236618042,4.341707453796905,10.452051162719727
3.0345945358276367,4.393097338532763,10.411092758178711
3.014920711517334,4.387696155446714,10.416963577270508
2.986598253250122,4.383421638115708,10.37873363494873
3.007845640182495,4.350247243785166,10.409858703613281
3.0571658611297607,4.409337610338948,10.328872680664062
3.028538942337036,4.355811177719651,10.325078964233398
2.99111270904541,4.360869769539152,10.374052047729492
3.0114123821258545,4.450529487870102,10.380061149597168
2.9970862865448,4.396172093892735,10.454916000366211
3.0204379558563232,4.450861287835453,10.458227157592773
2.9871344566345215,4.310299018797065,10.337238311767578
2.9903249740600586,4.464342577682276,10.388168334960938
3.0581908226013184,4.375598272741107,10.440767288208008
2.994086265563965,4.368443984372009,10.385374069213867
3.0147452354431152,4.368278429776963,10.399250984191895
3.036303758621216,4.35562752928984,10.476645469665527
2.9708046913146973,4.4012815469676365,10.348136901855469
3.029684066772461,4.450940595640402,10.357864379882812
3.060521125793457,4.3538536003325135,10.41184139251709
2.9867942333221436,4.328538013189766,10.450796127319336
3.017158269882202,4.37992375191035,10.301009178161621
3.0088951587677,4.354944272632046,10.451736450195312
3.0391042232513428,4.418451037989663,10.394745826721191
2.9544436931610107,4.355049536829549,10.317078590393066
3.010002851486206,4.343868164046269,10.426060676574707
3.0842442512512207,4.441795274282672,10.38244915008545
3.020874261856079,4.37166347497675,10.409780502319336
2.978029727935791,4.3311365036227345,10.433062553405762
3.016705274581909,4.3944427468813965,10.410160064697266
3.033996343612671,4.394777172211823,10.394954681396484
3.0071773529052734,4.335564403827968,10.450119972229004
3.0402777194976807,4.416310146484258,10.367012023925781
3.0420148372650146,4.396749965813277,10.36580753326416
3.051180362701416,4.375902738388893,10.338364601135254
2.948381185531616,4.359785015229136,10.380796432495117
3.0305068492889404,4.474200752098113,10.428707122802734
3.0762741565704346,4.40208735935656,10.459358215332031
3.0491747856140137,4.419053945124947,10.366994857788086
2.9942526817321777,4.424182574131659,10.469464302062988
2.968644857406616,4.369032223376312,10.364616394042969
3.1219990253448486,4.446247433711375,10.422233581542969
3.0595321655273438,4.4057667444992274,10.348557472229004
3.043980836868286,4.47953065917162,10.443839073181152
3.017413377761841,4.380497644688668,10.344635009765625
3.000204563140869,4.378605377161876,10.381060600280762
2.9371659755706787,4.332603805299317,10.417912483215332
3.0262832641601562,4.406792684424935,10.343649864196777
3.018456220626831,4.419007558841257,10.351598739624023
3.0110158920288086,4.42254881131729,10.513731956481934
2.9601495265960693,4.334585740530331,10.47873592376709
3.013498544692993,4.427788268242564,10.450336456298828
2.99104380607605,4.393559568794443,10.354114532470703
3.041092872619629,4.396383342732276,10.327343940734863
2.962021827697754,4.3530988783043405,10.342434883117676
3.022883892059326,4.433735559295331,10.462289810180664
3.042111873626709,4.428881404455751,10.421173095703125
3.0330159664154053,4.405254227075991,10.400308609008789
2.9891538619995117,4.352213572245092,10.368246078491211
3.0074779987335205,4.379987090426896,10.434976577758789
3.0245471000671387,4.396695934868019,10.45277214050293
3.0101547241210938,4.379482431071145,10.425726890563965
2.9482884407043457,4.289409718243405,10.371528625488281
3.03037691116333,4.347403191528948,10.380733489990234
3.0553536415100098,4.427241332596168,10.44520092010498
3.0312869548797607,4.393078401252362,10.463693618774414
2.9764928817749023,4.444420801276076,10.32673168182373
3.0487544536590576,4.393048107890146,10.347097396850586
3.059269905090332,4.342618100311873,10.376510620117188
3.015110731124878,4.363394863737215,10.464484214782715
2.9895901679992676,4.346236233599484,10.406246185302734
3.0082809925079346,4.372381270896377,10.407163619995117
3.0262715816497803,4.346461956322726,10.343140602111816
3.016472816467285,4.363055167387106,10.333968162536621
3.0601251125335693,4.438070212524119,10.32913589477539
3.022185802459717,4.428612239226433,10.382356643676758
3.014267921447754,4.367118185386062,10.437389373779297
3.0863893032073975,4.363987652485125,10.435444831848145
3.0357186794281006,4.4873759394312005,10.345909118652344
3.017051935195923,4.417287876796243,10.409122467041016
3.0385265350341797,4.421995847951621,10.400007247924805
2.9819586277008057,4.337916745637942,10.485296249389648
3.0448668003082275,4.371926930932593,10.369255065917969
2.9680233001708984,4.341594589009349,10.417644500732422
3.0793557167053223,4.432066465561677,10.400014877319336
3.047773599624634,4.378263713026951,10.396820068359375
3.06272554397583,4.388576745687586,10.397916793823242
3.0408735275268555,4.424519842623599,10.412872314453125
2.9949276447296143,4.397776930127293,10.424461364746094
3.0213630199432373,4.353899469033681,10.355027198791504
2.9844841957092285,4.461802032011162,10.371192932128906
3.0199732780456543,4.399505998506876,10.345483779907227
3.01031756401062,4.423231031745672,10.420575141906738
3.0169432163238525,4.354509505210444,10.446934700012207
3.03477144241333,4.419142445083708,10.348333358764648
3.0437428951263428,4.390036367478648,10.357200622558594
3.0908875465393066,4.389598686979817,10.432865142822266
3.0099923610687256,4.383661648458137,10.475947380065918
3.0799264907836914,4.412034217700628,10.4414701461792
3.034003496170044,4.389880752423778,10.376335144042969
2.9967613220214844,4.383369981411047,10.325759887695312
3.0765159130096436,4.465306701171877,10.391352653503418
2.9988551139831543,4.392188962216356,10.361618995666504
3.0756585597991943,4.408681456631582,10.408853530883789
2.9430325031280518,4.281437302141317,10.429944038391113
3.0022058486938477,4.3913557955862155,10.430068969726562
3.0036001205444336,4.418036822628761,10.367900848388672
3.1067919731140137,4.414308582499092,10.406105041503906
3.0848422050476074,4.45426073796781,10.337363243103027
3.0330488681793213,4.311741770877104,10.380492210388184
3.0598297119140625,4.4336140079955975,10.358860969543457
2.9905078411102295,4.397013879414382,10.33010482788086
3.01310658454895,4.456006647154156,10.40429401397705
3.018810987472534,4.4458587258455475,10.36987590789795
3.034407138824463,4.462114624446257,10.41099739074707
3.066394090652466,4.417938694324611,10.376277923583984
3.0540621280670166,4.437702388901795,10.396994590759277
2.98846173286438,4.446694098446252,10.469892501831055
3.0319182872772217,4.400201840758589,10.375266075134277
3.0237231254577637,4.420482743165588,10.473355293273926
3.03875732421875,4.431873280954148,10.345263481140137
2.9641807079315186,4.415916792549459,10.35717487335205
3.0338449478149414,4.394178259219708,10.419870376586914
3.0286388397216797,4.439119474596477,10.382295608520508
2.9914424419403076,4.3555309539993425,10.408802032470703
3.075982093811035,4.496204711563353,10.412508964538574
3.0070061683654785,4.342231127167387,10.42591667175293
3.0271193981170654,4.423934692084523,10.393327713012695
3.034259557723999,4.447663465049119,10.427082061767578
3.0302622318267822,4.408663889825609,10.247008323669434
3.0210585594177246,4.411419872826499,10.316847801208496
2.9661574363708496,4.422768369050963,10.362479209899902
2.9892051219940186,4.384123054299769,10.375083923339844
2.9913017749786377,4.379263149141999,10.462347984313965
3.0484602451324463,4.446945922050093,10.464027404785156
3.0947394371032715,4.430635458091275,10.337660789489746
3.0324244499206543,4.439041929386024,10.37594985961914
3.008146047592163,4.44065633658985,10.370705604553223
2.9992411136627197,4.406123330617057,10.413915634155273
3.0473010540008545,4.394907668332702,10.46102523803711
3.020163059234619,4.362419880993132,10.276779174804688
2.9790289402008057,4.4247170457217315,10.416196823120117
3.005941867828369,4.382681927810024,10.423486709594727
3.012655019760132,4.405978695489466,10.35702896118164
3.0347044467926025,4.416691981122963,10.392952919006348
3.045879364013672,4.431730715890548,10.313146591186523
3.08280086517334,4.43223837194299,10.340720176696777
3.022887945175171,4.407436200284533,10.492961883544922
3.0547027587890625,4.456061891812299,10.373248100280762
3.028658628463745,4.405391635772373,10.502634048461914
3.0353405475616455,4.397411575640685,10.3372802734375
2.938401460647583,4.399636277662856,10.367335319519043
3.033255100250244,4.376807282745306,10.426766395568848
3.03647518157959,4.36034106706003,10.451774597167969
3.056473731994629,4.3877428724829635,10.344366073608398
2.986023426055908,4.4348278644361665,10.387199401855469
3.0299994945526123,4.395713122628098,10.341567039489746
3.0605735778808594,4.414089579767149,10.383333206176758
3.053717613220215,4.447400353117181,10.384416580200195
3.015174627304077,4.418494415236637,10.344135284423828
2.9508142471313477,4.3833442246874,10.309783935546875
3.0453989505767822,4.431904300847756,10.369039535522461
3.030951738357544,4.374719191941299,10.402006149291992
2.9741082191467285,4.405587312166712,10.342421531677246
3.0146164894104004,4.418136947422421,10.387560844421387
3.018728494644165,4.473483420176698,10.456296920776367
2.9927046298980713,4.461076706913965,10.426596641540527
3.0148842334747314,4.3882115173951854,10.418624877929688
3.00897479057312,4.339901098981499,10.3600492477417
3.080962896347046,4.4497039628747315,10.407550811767578
3.006309747695923,4.395554826229013,10.388101577758789
2.9637482166290283,4.3604022189974785,10.41147232055664
2.9936535358428955,4.412162736923035,10.391469955444336
3.0287840366363525,4.402680073898019,10.399866104125977
3.020519495010376,4.453044548032007,10.408897399902344
3.020749568939209,4.382990929331364,10.348647117614746
2.9764392375946045,4.4089889521710575,10.317293167114258
3.0117557048797607,4.401953186340896,10.420442581176758
3.072175979614258,4.39551337226294,10.422517776489258
3.010326862335205,4.4480094823853245,10.395559310913086
3.026595115661621,4.410547582698721,10.424436569213867
2.989189624786377,4.393874621451167,10.335430145263672
3.0574183464050293,4.479551276724253,10.440401077270508
3.0224273204803467,4.371247729519382,10.42193603515625
3.038400650024414,4.445185664775116,10.442207336425781
2.9644510746002197,4.386948368578618,10.43181324005127
3.059623956680298,4.420767562729972,10.391321182250977
3.0264689922332764,4.456796718561756,10.42513656616211
2.9697911739349365,4.435137304277825,10.459013938903809
2.973782777786255,4.3279560423855274,10.4085111618042
2.9857795238494873,4.400345071950661,10.335832595825195
3.0239851474761963,4.360247727051112,10.36690616607666
3.014116048812866,4.456959517905489,10.405823707580566
3.063861131668091,4.444216044586418,10.457764625549316
3.0169150829315186,4.4070945966855755,10.449886322021484
3.0206356048583984,4.419020862651191,10.393479347229004
2.9751498699188232,4.380876728932241,10.405040740966797
2.954763889312744,4.3842061962599725,10.307730674743652
3.01773738861084,4.371008848505361,10.448144912719727
2.95448637008667,4.395964034833014,10.479990005493164
3.0290815830230713,4.445293122070975,10.388212203979492
3.0114850997924805,4.315918343208198,10.405214309692383
3.0035455226898193,4.397756376436778,10.34030532836914
3.0222012996673584,4.407977243652566,10.386609077453613
3.0173590183258057,4.400741668517835,10.368254661560059
2.996335506439209,4.396969040157273,10.43474006652832
2.9474306106567383,4.390325580790107,10.432382583618164
2.995783567428589,4.4437105180030425,10.439367294311523
3.014655113220215,4.43564124774587,10.379266738891602
3.024113893508911,4.451415973648961,10.418194770812988
3.006115436553955,4.415767785228256,10.466472625732422
3.0215070247650146,4.421258487505838,10.375961303710938
3.0172390937805176,4.36286289896816,10.323148727416992
2.9880189895629883,4.437750717225883,10.37314224243164
3.0890822410583496,4.5107238502574285,10.56472396850586
3.0034992694854736,4.436046978192669,10.437702178955078
3.069300889968872,4.386157496000774,10.45181655883789
3.0645313262939453,4.490583238956917,10.343122482299805
3.015782356262207,4.394029113164704,10.314125061035156
3.01636004447937,4.417189829251064,10.352262496948242
3.0047223567962646,4.412865345399561,10.413064002990723
2.952136754989624,4.400957880375374,10.417769432067871
3.03757905960083,4.376252413527775,10.437103271484375
3.018660068511963,4.417717307772754,10.395184516906738
3.0297775268554688,4.435909951371806,10.403030395507812
3.033506155014038,4.467654748187799,10.364635467529297
3.0422191619873047,4.441522911157725,10.350269317626953
3.005634307861328,4.4195086802355945,10.386195182800293
3.0803468227386475,4.479231153781127,10.361842155456543
3.069275140762329,4.4619225982709665,10.365239143371582
2.9855539798736572,4.4504030956554095,10.406444549560547
2.9711508750915527,4.40638861223124,10.432812690734863
3.0562968254089355,4.41051551889229,10.412181854248047
3.0526857376098633,4.430045718360426,10.376684188842773
2.954725742340088,4.465007218266172,10.391738891601562
2.9627091884613037,4.381240769222911,10.455254554748535
3.055422782897949,4.405658741880741,10.377323150634766
3.0196480751037598,4.434117316634262,10.448491096496582
3.0807673931121826,4.435746054298112,10.38789176940918
3.023768901824951,4.409448037057051,10.437047958374023
3.040032148361206,4.406570427552132,10.314189910888672
2.9687836170196533,4.399579338995474,10.432075500488281
3.051609992980957,4.3559248540883075,10.328461647033691
3.050187587738037,4.4478397328805706,10.478363990783691
3.0094387531280518,4.448271611406068,10.397369384765625
3.005807638168335,4.436596950582628,10.431950569152832
3.0339767932891846,4.4618151307305585,10.31639289855957
3.0269694328308105,4.414765564857849,10.352754592895508
2.9654195308685303,4.470766833484438,10.346372604370117
3.070884943008423,4.472138383791649,10.354565620422363
3.0407984256744385,4.482081942027435,10.443794250488281
3.0488884449005127,4.425664997526577,10.372114181518555
2.9402997493743896,4.418793168916766,10.537498474121094
3.0228185653686523,4.356405848737007,10.349004745483398
2.9916305541992188,4.389859836814659,10.424773216247559
2.9743223190307617,4.468832787093041,10.389863967895508
3.0980236530303955,4.437400618135663,10.423436164855957
2.9973537921905518,4.450114819620337,10.454444885253906
3.0247719287872314,4.465349650642436,10.340019226074219
3.0119762420654297,4.412625058088452,10.356534957885742
2.98223876953125,4.489070072936426,10.426668167114258
3.0136256217956543,4.428224877554125,10.4271240234375
2.990297317504883,4.411922511179,10.383890151977539
2.925915479660034,4.457871712710974,10.342255592346191
3.01354718208313,4.414295855443925,10.308762550354004
3.0100629329681396,4.4112316208692,10.44586181640625
3.0711801052093506,4.431810743341755,10.500961303710938
2.9966039657592773,4.430900790429275,10.395650863647461
2.971925735473633,4.41353362279811,10.405078887939453
3.004598617553711,4.329198362438807,10.43736457824707
3.060415267944336,4.466547381299148,10.348515510559082
3.0176169872283936,4.4641374425763,10.397400856018066
3.003422737121582,4.462269556442543,10.3560791015625
3.0329272747039795,4.438942661908056,10.47291374206543
2.9787437915802,4.388970986041905,10.394916534423828
3.0160059928894043,4.43051050653282,10.381522178649902
2.965240716934204,4.42132941570266,10.400724411010742
3.026068687438965,4.4213211164211055,10.42919921875
3.105053424835205,4.430439726416288,10.412436485290527
3.0166194438934326,4.484949244119759,10.360738754272461
2.9923903942108154,4.436152694913159,10.446632385253906
3.0918853282928467,4.495395227069301,10.359360694885254
3.0319125652313232,4.474484501439812,10.378225326538086
2.9707207679748535,4.407152461919135,10.378982543945312
3.0070700645446777,4.378365006031735,10.452287673950195
3.0333895683288574,4.423975561512634,10.42004108428955
3.019169807434082,4.480992547302906,10.36189079284668
3.006345272064209,4.37378238018469,10.317636489868164
3.0313401222229004,4.423301719494963,10.369644165039062
2.9952902793884277,4.396747011791116,10.345390319824219
3.00569748878479,4.439012504548633,10.353132247924805
3.002150058746338,4.470514161345949,10.492566108703613
3.005586862564087,4.491498075558671,10.425673484802246
3.087695360183716,4.488211349251547,10.329524993896484
2.9748661518096924,4.44099718009654,10.444185256958008
3.028079032897949,4.456722713374932,10.418830871582031
3.0152454376220703,4.429421394930354,10.394135475158691
3.031094789505005,4.428598885989881,10.39574909210205
2.9975080490112305,4.448985282298445,10.424995422363281
2.992966651916504,4.412240338910903,10.46903133392334
3.0054190158843994,4.414732254875292,10.348231315612793
3.0399277210235596,4.461281642217987,10.364843368530273
3.020646572113037,4.4714358616952925,10.42860221862793
3.0342917442321777,4.3706286829630185,10.378629684448242
2.980684280395508,4.448238479006769,10.394813537597656
2.967299461364746,4.445644291783017,10.382658958435059
2.9604671001434326,4.414667985568355,10.359720230102539
2.972313404083252,4.386157678972397,10.357769012451172
2.993234395980835,4.393021405208855,10.360655784606934
2.992856025695801,4.466640892372068,10.445794105529785
3.0532145500183105,4.490684872626194,10.37732219696045
2.9688329696655273,4.397931551427714,10.413997650146484
3.007331609725952,4.459221490126636,10.344456672668457
2.976736068725586,4.41432662524416,10.457132339477539
3.0460355281829834,4.512555528398869,10.433244705200195
2.984147548675537,4.360061640518584,10.330499649047852
2.985304832458496,4.4268343992797385,10.33245849609375
2.995781898498535,4.427739176267226,10.33236026763916
3.0019190311431885,4.433802629488388,10.439971923828125
2.9786770343780518,4.403454391485346,10.41218376159668
3.0620601177215576,4.543122425342776,10.3904447555542
3.0679054260253906,4.463044648757204,10.250691413879395
3.015279769897461,4.389866264736546,10.326091766357422
2.9770803451538086,4.432284485083073,10.411567687988281
3.059264898300171,4.365434577256175,10.369768142700195
2.977851152420044,4.443389174994081,10.269729614257812
3.022221565246582,4.436561680664974,10.417712211608887
2.907048463821411,4.422711586612942,10.378242492675781
2.995546817779541,4.427005200680079,10.3590087890625
2.9824628829956055,4.435200306753229,10.323236465454102
3.0105385780334473,4.45224213061322,10.427445411682129
2.97615647315979,4.45784999985647,10.399077415466309
2.8984062671661377,4.3467550358202836,10.488258361816406
3.030796527862549,4.424360738368705,10.314291000366211
2.915008783340454,4.3994399621484,10.33367919921875
3.0233101844787598,4.414199264686821,10.36029052734375
2.9901387691497803,4.398699125840461,10.281447410583496
2.9580724239349365,4.410807010019198,10.343341827392578
3.0487377643585205,4.487279952803095,10.40962028503418
2.9526588916778564,4.4306067068329344,10.433769226074219
3.03338623046875,4.499555894406512,10.341510772705078
2.9612464904785156,4.406377128524972,10.403230667114258
3.052164316177368,4.4313973690981845,10.301584243774414
3.0126914978027344,4.41905038740619,10.36251449584961
3.0311636924743652,4.390315865133224,10.450748443603516
3.0158846378326416,4.378107336083693,10.414152145385742
2.9804794788360596,4.4075524690561,10.444272994995117
2.940688371658325,4.376564138568938,10.49591064453125
3.048597812652588,4.51325179955789,10.413141250610352
3.060269832611084,4.442645443769704,10.437163352966309
2.995758533477783,4.431701187776135,10.375883102416992
2.987215757369995,4.369451153757317,10.465776443481445
2.9660022258758545,4.465821057225444,10.378746032714844
2.982389450073242,4.405953884823248,10.427228927612305
3.021613359451294,4.485225025630955,10.465058326721191
3.0113651752471924,4.424576065436538,10.364736557006836
3.035385847091675,4.4066752304456065,10.361239433288574
3.080171823501587,4.490967038985608,10.36817741394043
2.9876739978790283,4.406960637408442,10.421438217163086
2.9530858993530273,4.3861792392563075,10.36255931854248
3.066196918487549,4.5080765179757565,10.394351959228516
3.0270824432373047,4.4520657313322385,10.391125679016113
3.067107677459717,4.493111834096323,10.359940528869629
3.022425889968872,4.553908462902266,10.354259490966797
2.99694561958313,4.4699535646276285,10.41633415222168
3.0154552459716797,4.486680985195562,10.417201042175293
2.9765753746032715,4.464359957192625,10.469537734985352
2.9522721767425537,4.413026179918753,10.359475135803223
3.0058205127716064,4.423845318079527,10.367423057556152
3.045377016067505,4.455283673646461,10.40357780456543
2.989678382873535,4.467175319458225,10.390714645385742
2.9656639099121094,4.389853564456903,10.421960830688477
2.978475570678711,4.396251818231706,10.392454147338867
3.0367543697357178,4.514657660054841,10.388673782348633
3.005045175552368,4.463842858161244,10.357882499694824
2.900116443634033,4.4272392617339005,10.322486877441406
3.022390842437744,4.397468348000465,10.404960632324219
2.9763214588165283,4.429115493981434,10.35289478302002
3.0843238830566406,4.52631581454937,10.431164741516113
2.9807004928588867,4.4430711751338094,10.370514869689941
2.987253427505493,4.442379007215744,10.43596076965332
3.070237398147583,4.499840172173988,10.4088134765625
2.9840550422668457,4.440006945880929,10.483863830566406
3.0163679122924805,4.4828497772770275,10.466419219970703
2.9834768772125244,4.509443358484922,10.413839340209961
3.048795223236084,4.429303552722558,10.444397926330566
3.0449602603912354,4.466892559846332,10.36069393157959
2.981870174407959,4.511087675645415,10.333462715148926
2.976510763168335,4.453926732996478,10.410035133361816
3.044435977935791,4.428645094657051,10.333215713500977
2.975663185119629,4.3933515678093364,10.33755111694336
3.003706932067871,4.501956485078803,10.326957702636719
3.079817533493042,4.349649130998712,10.358397483825684
2.9667978286743164,4.449595291267282,10.48845100402832
2.996898889541626,4.489174976412738,10.371651649475098
3.003419876098633,4.3967673822439135,10.464110374450684
2.995044469833374,4.441392015499462,10.406342506408691
3.0184788703918457,4.488812262691291,10.409372329711914
3.0257458686828613,4.464175867149606,10.37820816040039
2.990591049194336,4.512422048187416,10.369913101196289
2.942065477371216,4.41428150792074,10.36861801147461
3.0414819717407227,4.507877261178302,10.357946395874023
3.0639374256134033,4.476193514353196,10.38708782196045
2.9758777618408203,4.437166737525591,10.410025596618652
2.9903037548065186,4.466206143743225,10.40717601776123
2.9818708896636963,4.4397780915522675,10.460920333862305
2.962991237640381,4.3951933967348715,10.389848709106445
2.987891912460327,4.468371152944331,10.407187461853027
3.0070154666900635,4.474176870625731,10.389978408813477
3.039238691329956,4.506869395097186,10.348794937133789
3.0181045532226562,4.437196166620457,10.396196365356445
3.028818368911743,4.470804864041774,10.438350677490234
3.0985207557678223,4.485808098289583,10.402971267700195
3.0543229579925537,4.516340901343418,10.516094207763672
3.046025276184082,4.447658566225852,10.490737915039062
2.9856317043304443,4.471759858042268,10.374807357788086
3.006500005722046,4.420936983311549,10.433279991149902
3.0458340644836426,4.476330104383773,10.478492736816406
3.0323517322540283,4.547165987514226,10.355803489685059
3.0089149475097656,4.456276516862479,10.369312286376953
2.9886744022369385,4.479433719867043,10.399468421936035
2.982138156890869,4.393108995897429,10.44664192199707
2.9561705589294434,4.428330128746374,10.342700958251953
3.000593662261963,4.421672685238134,10.508808135986328
2.97249174118042,4.411365567673263,10.285996437072754
2.977080821990967,4.460510826902463,10.364112854003906
2.942394495010376,4.376379321728434,10.44860553741455
2.988856554031372,4.402248656543503,10.375138282775879
2.9650418758392334,4.425113670594458,10.382128715515137
3.041898012161255,4.414888082438015,10.406376838684082
3.0443248748779297,4.424760108148413,10.38930892944336
3.01224422454834,4.434495265096692,10.425304412841797
3.0039079189300537,4.464783535106108,10.380176544189453
3.044640064239502,4.470657541449847,10.406147956848145
3.0305581092834473,4.449137927698238,10.301300048828125
3.0329906940460205,4.457794865127653,10.374677658081055
3.00344181060791,4.507638792740181,10.36269474029541
2.9987614154815674,4.4556534835802655,10.50595474243164
2.9707741737365723,4.412104434001127,10.416759490966797
2.9568965435028076,4.442333975773571,10.397014617919922
2.9935717582702637,4.451572067104281,10.395264625549316
2.953096866607666,4.444982067382495,10.393712997436523
3.0179574489593506,4.4699535631308605,10.391518592834473
3.053722858428955,4.523666759853119,10.46261978149414
2.94111704826355,4.405380363808945,10.419078826904297
2.95196270942688,4.379060900770128,10.369041442871094
2.974787473678589,4.44922080822289,10.454440116882324
3.040073871612549,4.485939850066123,10.363663673400879
2.9868252277374268,4.456032975942695,10.44991683959961
2.998584032058716,4.448069257894531,10.442615509033203
3.0318551063537598,4.46736330602185,10.460575103759766
2.9456095695495605,4.4242765956691334,10.424234390258789
3.0099289417266846,4.50770520345707,10.458623886108398
2.9750614166259766,4.417232919384592,10.439706802368164
3.0362818241119385,4.491954317848597,10.435220718383789
2.9695775508880615,4.490492160365518,10.416918754577637
2.985983371734619,4.402337263670883,10.356136322021484
3.02726149559021,4.464432137885264,10.378695487976074
2.990546464920044,4.4261098152492195,10.411163330078125
2.9828505516052246,4.535806270648858,10.406291007995605
2.975123167037964,4.430619502440095,10.403525352478027
2.9649293422698975,4.391230283238526,10.414237976074219
3.038301467895508,4.444013764117179,10.41290283203125
2.9806268215179443,4.450710179250954,10.397140502929688
3.012052536010742,4.503271173319913,10.35110092163086
2.9295620918273926,4.441686920356005,10.484109878540039
2.9631545543670654,4.475513297099885,10.322386741638184
2.9911251068115234,4.41856067028961,10.390932083129883
2.9648094177246094,4.46329846615637,10.371698379516602
2.9315953254699707,4.425376020804314,10.43861198425293
3.044492483139038,4.5068373203477154,10.358231544494629
3.008537530899048,4.494053259358874,10.303181648254395
2.983877420425415,4.458897192895945,10.401473999023438
2.9889864921569824,4.465112600575334,10.42919635772705
3.0015177726745605,4.416942374315113,10.371114730834961
3.007720947265625,4.464341026930405,10.439638137817383
3.013301372528076,4.468358375863837,10.3843412399292
3.010777711868286,4.427865625724994,10.348101615905762
2.980419874191284,4.499276396685412,10.44104290008545
2.9612889289855957,4.4969494637833645,10.42325210571289
3.0274441242218018,4.506076218427292,10.485150337219238
3.032869577407837,4.431173636212146,10.398908615112305
3.039088249206543,4.518318755252819,10.35628604888916
3.022679567337036,4.486994474527559,10.347221374511719
3.0058584213256836,4.496280766790733,10.372982025146484
3.0587663650512695,4.532404229144698,10.400909423828125
2.9895265102386475,4.4501460472654015,10.338001251220703
3.0168025493621826,4.456411632077236,10.40451717376709
2.9697470664978027,4.443238971987738,10.300870895385742
2.9945740699768066,4.50232393474185,10.441610336303711
2.9494330883026123,4.422699440836108,10.379633903503418
2.975364923477173,4.473815236739548,10.392839431762695
2.9888153076171875,4.471423456212506,10.31569766998291
2.975144147872925,4.453671407819326,10.39548110961914
3.0277628898620605,4.486659149073863,10.384344100952148
2.95855975151062,4.37013849862186,10.351913452148438
3.049431562423706,4.477300291248996,10.376615524291992
3.0173556804656982,4.513668099817421,10.431158065795898
3.0354042053222656,4.4603406570718755,10.363557815551758
3.018557071685791,4.418261626835114,10.343509674072266
3.01432466506958,4.4883045388851315,10.403572082519531
3.0396032333374023,4.527014793595299,10.474921226501465
2.9550254344940186,4.538194001585778,10.339814186096191
3.027418375015259,4.483168811470803,10.434901237487793
2.9913322925567627,4.563036658268953,10.335119247436523
3.025441884994507,4.481041080651006,10.475815773010254
2.982003927230835,4.425153901301591,10.303903579711914
2.9648020267486572,4.433512611381178,10.434799194335938
2.987495183944702,4.441207582496904,10.391254425048828
3.0364041328430176,4.45367511265379,10.381473541259766
3.0007236003875732,4.483948885263609,10.257243156433105
2.9796502590179443,4.400624686253391,10.38215160369873
2.9696455001831055,4.481137466716714,10.392029762268066
3.011977434158325,4.456279414905501,10.434331893920898
3.004657506942749,4.488935814771269,10.473451614379883
2.96209979057312,4.426387713190966,10.422083854675293
3.0022969245910645,4.4699273852831025,10.395359992980957
3.0260419845581055,4.465460725361481,10.38416862487793
3.012019157409668,4.437519735357325,10.402274131774902
2.9993703365325928,4.517571422337953,10.446542739868164
2.9943857192993164,4.457419654554022,10.330377578735352
3.0231032371520996,4.431804196543193,10.278183937072754
3.038404703140259,4.441434961577345,10.479019165039062
2.9766018390655518,4.465378454786593,10.396757125854492
2.966021776199341,4.501579705659034,10.332900047302246
2.9802634716033936,4.48940347048587,10.473451614379883
3.0596816539764404,4.533765127483223,10.368284225463867
2.9921138286590576,4.436726061361177,10.420852661132812
3.046420097351074,4.442609866449077,10.478981971740723
2.9374523162841797,4.412116832997915,10.38897705078125
2.9348065853118896,4.430185676286263,10.454732894897461
3.021425485610962,4.506471877651555,10.39885139465332
2.9940621852874756,4.4635382894360065,10.326541900634766
2.967130422592163,4.480590325879997,10.413533210754395
2.9992177486419678,4.500963577468481,10.373860359191895
2.9327564239501953,4.502256882110877,10.378326416015625
2.9946420192718506,4.4799480223363,10.417031288146973
2.9810874462127686,4.524718447155984,10.443581581115723
2.9484193325042725,4.385708321950265,10.376396179199219
2.996133327484131,4.476699589385785,10.41611099243164
2.991337299346924,4.500011700005936,10.350196838378906
3.0428521633148193,4.489213004142844,10.372812271118164
3.0579826831817627,4.528481331753678,10.406575202941895
2.9456284046173096,4.468580586835742,10.425292015075684
2.9324967861175537,4.433098777263825,10.458250999450684
3.0225989818573,4.50692416468103,10.395501136779785
3.0378777980804443,4.5341903831078,10.339771270751953
3.025022029876709,4.458914888157909,10.40101432800293
3.0150370597839355,4.472066101485065,10.377826690673828
3.032299518585205,4.472207888262347,10.423847198486328
3.0773186683654785,4.494734090087669,10.335121154785156
3.0421595573425293,4.533721302536183,10.435873031616211
3.0153632164001465,4.480674191012181,10.382682800292969
2.9675285816192627,4.4303090023542095,10.391225814819336
2.9439873695373535,4.399834972207568,10.391358375549316
3.05495023727417,4.433876476350374,10.424066543579102
2.9618217945098877,4.490174469271942,10.479619026184082
3.0347132682800293,4.535560112479808,10.479344367980957
3.0080132484436035,4.51563218618477,10.382882118225098
3.028587818145752,4.530056245292403,10.36221694946289
2.9583089351654053,4.48508431722543,10.39191722869873
2.995488405227661,4.468113614811695,10.453190803527832
2.9834787845611572,4.489825117168948,10.253093719482422
2.9594972133636475,4.462276171693312,10.471870422363281
2.953557252883911,4.464755919263033,10.327431678771973
2.974025249481201,4.451881059279134,10.323840141296387
2.9962759017944336,4.521291503782517,10.37831974029541
3.0148415565490723,4.483877297756927,10.410597801208496
2.91904878616333,4.399019916807967,10.337602615356445
2.981994390487671,4.453389114400904,10.433065414428711
2.9337470531463623,4.437236854673496,10.375825881958008
3.0193121433258057,4.464768672927415,10.416646957397461
2.9723172187805176,4.434655990784189,10.46389102935791
2.9139602184295654,4.451282209084769,10.345605850219727
2.998150110244751,4.45240119645106,10.43389892578125
3.0220460891723633,4.408103494206443,10.406189918518066
2.951122999191284,4.423537590241592,10.376274108886719
2.995704174041748,4.525795242616108,10.36523151397705
2.9651944637298584,4.484050954093359,10.411697387695312
3.048588514328003,4.555720416063974,10.42120361328125
3.028318405151367,4.489012244556631,10.510087966918945
3.011089563369751,4.500466063319306,10.423073768615723
3.080922842025757,4.533408131683245,10.41610050201416
2.965684652328491,4.47332545097119,10.403205871582031
2.9128336906433105,4.381847679116098,10.41320514678955
2.992584466934204,4.443382504728755,10.412332534790039
2.931619882583618,4.411721213487908,10.379000663757324
2.994431972503662,4.477281326860456,10.413745880126953
3.017162799835205,4.4671112244416555,10.464237213134766
2.924807071685791,4.4720843929597835,10.422744750976562
3.0488665103912354,4.447501420342762,10.38315200805664
2.996900796890259,4.410410168946588,10.381723403930664
2.963895320892334,4.47771246767869,10.369584083557129
2.991940975189209,4.50546065072662,10.405860900878906
2.918625593185425,4.43203388663408,10.449647903442383
3.0474002361297607,4.547211281290012,10.351385116577148
2.9853999614715576,4.490690901908757,10.383163452148438
3.0070900917053223,4.50480643723027,10.380744934082031
2.9778716564178467,4.395709480857477,10.427698135375977
2.963918685913086,4.4402338950229545,10.396463394165039
2.970520496368408,4.486209366603622,10.363288879394531
3.0200653076171875,4.494188844359347,10.46711254119873
3.021949052810669,4.508907068886661,10.425512313842773
2.9788808822631836,4.496814860529931,10.368795394897461
2.9710214138031006,4.521525413629466,10.423005104064941
2.9959352016448975,4.486890579108149,10.402708053588867
2.9219419956207275,4.407565399538726,10.274917602539062
3.0082788467407227,4.527645579007055,10.367136001586914
2.9855940341949463,4.416329398651474,10.458723068237305
3.0301969051361084,4.468074377127257,10.33590316772461
3.022538661956787,4.4958188395082415,10.304180145263672
2.994795083999634,4.56704029271246,10.455400466918945
2.9770667552948,4.483259061783818,10.426616668701172
2.9385602474212646,4.496548777612458,10.421049118041992
2.9979617595672607,4.433636756547328,10.31751537322998
3.0068156719207764,4.530314112215169,10.415279388427734
2.951164960861206,4.442210985048274,10.376846313476562
2.9780101776123047,4.457101209854175,10.39928150177002
2.9577860832214355,4.4684357763201525,10.361645698547363
2.9338388442993164,4.474272832041606,10.328176498413086
2.9922564029693604,4.596018325005259,10.329763412475586
3.0397024154663086,4.485548896681784,10.455479621887207
3.014594554901123,4.4934566355576475,10.360042572021484
2.9233973026275635,4.5137445838190615,10.379305839538574
3.0374441146850586,4.533146828778887,10.317753791809082
3.03289532661438,4.466785995788606,10.362682342529297
3.0436935424804688,4.449749348319268,10.383102416992188
3.0386056900024414,4.556878120172769,10.363380432128906
3.0053725242614746,4.462793801645083,10.337583541870117
3.0534536838531494,4.4863417664476275,10.286012649536133
2.9885408878326416,4.4628138662582,10.408500671386719
3.002450942993164,4.531985538113596,10.423473358154297
2.9966206550598145,4.504949477534475,10.366776466369629
2.962033748626709,4.509610339932675,10.370648384094238
3.0068259239196777,4.489004253642634,10.368454933166504
2.9486541748046875,4.474101644874151,10.342931747436523
2.996825695037842,4.5194694173987955,10.343415260314941
3.0009634494781494,4.582206045709817,10.391707420349121
2.985013723373413,4.426524066166687,10.363716125488281
3.0421385765075684,4.486363199905359,10.473026275634766
3.005587577819824,4.500046811498968,10.391921043395996
3.0247743129730225,4.505013501404652,10.452792167663574
2.9635279178619385,4.50319285155274,10.474334716796875
2.9869885444641113,4.508475166080254,10.391124725341797
3.0072267055511475,4.507079104194418,10.315450668334961
3.068943738937378,4.568093346032714,10.472610473632812
2.995633840560913,4.479792633692601,10.429972648620605
3.0067648887634277,4.4850512887351215,10.410701751708984
2.9820117950439453,4.421360063865515,10.405287742614746
2.961371898651123,4.528785384858826,10.35791015625
2.9983913898468018,4.541992444145893,10.465544700622559
3.0357751846313477,4.506846699464534,10.36578369140625
2.933701753616333,4.444668381474912,10.327476501464844
3.041321039199829,4.548730223905295,10.372974395751953
3.0166146755218506,4.463831153931096,10.366673469543457
2.9972825050354004,4.490673664258794,10.384285926818848
2.9001410007476807,4.442135119478085,10.446922302246094
3.0032551288604736,4.4818681084683964,10.492155075073242
3.0280370712280273,4.477998123204868,10.298013687133789
3.023237466812134,4.520204672789467,10.423638343811035
2.9901235103607178,4.498317665719827,10.40830135345459
2.994307279586792,4.50153514323756,10.469277381896973
2.9455628395080566,4.462816570952003,10.407825469970703
3.028468132019043,4.543142601914171,10.384308815002441
3.010962963104248,4.541998826832112,10.39033317565918
2.9530692100524902,4.521218449243212,10.319329261779785
2.9509811401367188,4.427075634710491,10.41869831085205
2.996335506439209,4.4518964545069535,10.42004108428955
3.002786874771118,4.54100961743721,10.413458824157715
3.046207904815674,4.569673540735883,10.460763931274414
2.961402416229248,4.3728502653871795,10.412673950195312
2.9949936866760254,4.512049532063039,10.479015350341797
2.919912338256836,4.415213922737166,10.299006462097168
2.9965579509735107,4.52359089368422,10.38706111907959
2.9677536487579346,4.495927959514249,10.453534126281738
3.0003244876861572,4.5285243759530465,10.440896987915039
3.016402244567871,4.495327790400812,10.423931121826172
2.936974287033081,4.5223651897893955,10.428776741027832
2.953711748123169,4.488898249708914,10.363876342773438
2.987309455871582,4.47767824436804,10.434815406799316
2.9767212867736816,4.47304911156451,10.388253211975098
2.9452333450317383,4.5017949857616,10.366265296936035
2.9854490756988525,4.476116212384243,10.483020782470703
2.9277565479278564,4.503478079402286,10.388158798217773
2.96897554397583,4.533005049186093,10.4470796585083
2.9927895069122314,4.451303435822151,10.390731811523438
3.040004014968872,4.5057965709628265,10.436283111572266
2.9794981479644775,4.453288266002866,10.327040672302246
3.008244037628174,4.482556664983608,10.250743865966797
2.914980888366699,4.4720671129679035,10.346410751342773
2.992370128631592,4.5703026060946295,10.379600524902344
2.9833085536956787,4.475985965458676,10.41504955291748
3.0185391902923584,4.457715136963608,10.346085548400879
2.9553840160369873,4.421049504308029,10.348730087280273
2.9902570247650146,4.428794288675168,10.442278861999512
2.9825704097747803,4.501348926153566,10.382623672485352
2.9625613689422607,4.534940822449114,10.430044174194336
2.977038621902466,4.471776979110603,10.34986686706543
2.95255708694458,4.485846680056836,10.372504234313965
2.9114863872528076,4.433447405928746,10.383957862854004
3.024052619934082,4.599170695125523,10.434579849243164
2.966611862182617,4.4811377561917265,10.447564125061035
2.9642174243927,4.510366739039974,10.435909271240234
2.9357476234436035,4.461372082421024,10.457233428955078
2.94858717918396,4.517963159895901,10.381990432739258
2.973227024078369,4.509636268951,10.408069610595703
3.005249261856079,4.54894306031721,10.457773208618164
2.965304374694824,4.537838249932975,10.437803268432617
2.9886105060577393,4.530690881224084,10.461231231689453
2.9613711833953857,4.4645450061320195,10.422860145568848
2.9732792377471924,4.39987275662965,10.428600311279297
2.9935545921325684,4.453138746620555,10.353259086608887
2.9968013763427734,4.508527522474261,10.366318702697754
2.985302448272705,4.471723182526018,10.399852752685547
2.93495512008667,4.547743671972836,10.424100875854492
3.0475966930389404,4.555303411458486,10.43503189086914
3.051633596420288,4.605049811536446,10.37508773803711
3.0445799827575684,4.505872657456036,10.379015922546387
3.033602237701416,4.547570862973641,10.406525611877441
2.93669056892395,4.487033173707979,10.393570899963379
3.011554479598999,4.432090596561985,10.408910751342773
3.025301933288574,4.509902130945453,10.519533157348633
2.9570724964141846,4.4813267521427145,10.402385711669922
3.0087997913360596,4.52879902647276,10.347626686096191
2.9514057636260986,4.5157323211897165,10.440834045410156
2.978959798812866,4.520314108879705,10.37643051147461
2.9987194538116455,4.580129548275311,10.427099227905273
2.953812599182129,4.493394762809787,10.41798210144043
3.019167423248291,4.537520402077852,10.338916778564453
2.9700112342834473,4.470386563866798,10.464096069335938
3.020479679107666,4.5289131588236025,10.354684829711914
2.98058819770813,4.554383067946349,10.364799499511719
2.963369131088257,4.500767202216334,10.386079788208008
2.975996971130371,4.5822404238861045,10.370492935180664
2.9720332622528076,4.468944054329768,10.38244342803955
2.943246603012085,4.5252193409749975,10.402901649475098
2.999866008758545,4.5066367106711755,10.409297943115234
2.9943554401397705,4.5295552855490575,10.452387809753418
3.0074117183685303,4.475644936119871,10.390949249267578
2.9993627071380615,4.579765878651025,10.276995658874512
3.0122087001800537,4.548007427481934,10.387033462524414
2.9286112785339355,4.4500998082969865,10.370429992675781
2.9993655681610107,4.472341839523454,10.398534774780273
2.9572441577911377,4.46714000031352,10.299886703491211
2.9900152683258057,4.472353081751083,10.44284725189209
2.9208743572235107,4.5293903165563405,10.355978012084961
2.96551251411438,4.536084539855697,10.303546905517578
2.9684970378875732,4.456380195383515,10.439748764038086
3.00523042678833,4.547672220073374,10.41878890991211
3.002272129058838,4.5093488686585,10.35966682434082
2.9915688037872314,4.531135205977729,10.396591186523438
3.0115482807159424,4.540684735402464,10.396014213562012
3.0196433067321777,4.53147966085401,10.396443367004395
3.0110490322113037,4.4826736081325045,10.388298034667969
3.0413553714752197,4.467879791810577,10.333212852478027
3.020040988922119,4.60193973224211,10.376531600952148
2.9988763332366943,4.514926851161622,10.382076263427734
2.969766855239868,4.547293280184801,10.484622955322266
2.958061933517456,4.43218584485086,10.407061576843262
3.0374529361724854,4.571552693611011,10.337824821472168
2.9979429244995117,4.451821273392332,10.399771690368652
3.0231125354766846,4.524365860104029,10.401067733764648
3.026546001434326,4.589366629786258,10.443392753601074
2.9703309535980225,4.512092482032521,10.33172607421875
2.983668327331543,4.53139829000325,10.417181015014648
3.006025791168213,4.536300259176641,10.403003692626953
3.0188515186309814,4.504459412602175,10.308807373046875
3.0039918422698975,4.529979592022886,10.390524864196777
2.919743299484253,4.57862194990074,10.29063606262207
2.9817137718200684,4.466987855566133,10.374216079711914
2.94154691696167,4.51653027537811,10.411823272705078
3.004941463470459,4.529895758256316,10.45409870147705
3.0285134315490723,4.609826898701223,10.349885940551758
2.9779961109161377,4.560904084970908,10.406604766845703
3.0058650970458984,4.480963076830708,10.270678520202637
3.0303618907928467,4.596127829082044,10.382349967956543
3.0227034091949463,4.5520933759066144,10.317989349365234
2.9529757499694824,4.522646894312597,10.380986213684082
2.946526288986206,4.4653948245437025,10.344228744506836
2.98250412940979,4.560288342713777,10.39933967590332
3.0304555892944336,4.579600611867915,10.383718490600586
2.9261221885681152,4.555979505380881,10.359673500061035
3.0433437824249268,4.519202596840581,10.409875869750977
2.950666666030884,4.510992525245197,10.435750961303711
2.9599671363830566,4.524109023556646,10.423174858093262
2.9466712474823,4.4907732969815175,10.392156600952148
3.0078983306884766,4.517543065461463,10.505531311035156
2.945821523666382,4.527894804487006,10.452949523925781
3.0181069374084473,4.5728095412653476,10.369564056396484
2.98891282081604,4.52572525468921,10.434124946594238
3.0529186725616455,4.505040082348777,10.390691757202148
3.0104641914367676,4.605872993424003,10.429664611816406
3.0000665187835693,4.545432230923324,10.352239608764648
3.0245678424835205,4.5180968875730665,10.339143753051758
2.989682912826538,4.505068135081923,10.352519989013672
2.9621787071228027,4.587376748976697,10.500869750976562
3.002129554748535,4.572792798546808,10.392007827758789
3.0286967754364014,4.5282522312232425,10.388397216796875
2.9548356533050537,4.4685740359460135,10.430435180664062
3.0081558227539062,4.540232670227333,10.35742473602295
3.0392062664031982,4.574157537958984,10.37949275970459
2.9748692512512207,4.478690586651543,10.432065963745117
2.952364921569824,4.520648100712736,10.416893005371094
3.050497531890869,4.54861925881622,10.37379264831543
2.976903200149536,4.524886071748499,10.432394981384277
2.976276397705078,4.54068279585668,10.332305908203125
2.960577964782715,4.492719872887911,10.361405372619629
2.957627773284912,4.484397565180968,10.36494255065918
2.9778928756713867,4.527798828469323,10.361902236938477
2.987642288208008,4.519133263833022,10.423253059387207
2.9361023902893066,4.49804191943258,10.318798065185547
2.9732210636138916,4.503317703027278,10.432043075561523
2.9937491416931152,4.523669707289497,10.485799789428711
2.949371814727783,4.55096959518934,10.39719009399414
2.945899724960327,4.517223791385602,10.363996505737305
2.965761184692383,4.524945157081155,10.409564018249512
3.016115188598633,4.571020448879738,10.353718757629395
3.039928674697876,4.548081056281392,10.339492797851562
3.066338062286377,4.615391780123381,10.386981964111328
2.941737413406372,4.49996180832386,10.370285987854004
2.955566883087158,4.528870147253786,10.470930099487305
2.9808578491210938,4.493333996207054,10.379941940307617
3.002079725265503,4.563400063830028,10.372535705566406
2.9627604484558105,4.573688512701275,10.386693000793457
2.980461359024048,4.504114017988155,10.406366348266602
2.9693825244903564,4.505989527296541,10.420185089111328
3.010279655456543,4.55006708919869,10.460226058959961
3.028322458267212,4.575876675180292,10.35920238494873
3.0005745887756348,4.582808920481641,10.391648292541504
2.92514705657959,4.529778341097491,10.402023315429688
2.9537336826324463,4.497056484056104,10.395994186401367
2.953399658203125,4.559616629333635,10.411396026611328
3.0426156520843506,4.492744201062514,10.371798515319824
2.98374080657959,4.602965467310112,10.412678718566895
2.964533805847168,4.484699049365839,10.377305030822754
2.924720048904419,4.493549173165645,10.361178398132324
2.901899814605713,4.5121147626279186,10.410463333129883
2.9632105827331543,4.564685770643077,10.352286338806152
2.969104528427124,4.543354372626969,10.413105010986328
2.945465326309204,4.522206547836373,10.424057960510254
2.9305946826934814,4.488539293674486,10.379270553588867
2.9904255867004395,4.53111054162894,10.423044204711914
2.9544856548309326,4.509089151064732,10.36223316192627
2.9529411792755127,4.542494476706322,10.401161193847656
2.9789040088653564,4.533348932596191,10.35410213470459
2.9361982345581055,4.589490367665088,10.430937767028809
2.9781241416931152,4.503902713601876,10.49211311340332
2.9450790882110596,4.5161857432020565,10.354728698730469
2.9699676036834717,4.510662342654541,10.385076522827148
2.9622304439544678,4.515678531922666,10.422636032104492
3.0047411918640137,4.562892046025289,10.470351219177246
2.960132598876953,4.632186026711549,10.352496147155762
2.97599196434021,4.54660969044614,10.368277549743652
2.964876413345337,4.544017838413961,10.308517456054688
2.9792044162750244,4.531240352263142,10.358798027038574
2.9838757514953613,4.585471984996859,10.454816818237305
3.001129150390625,4.564236962036895,10.404584884643555
2.952286958694458,4.513136135048366,10.373296737670898
3.0060887336730957,4.605210613559133,10.414462089538574
2.9417407512664795,4.555510478726188,10.331979751586914
3.0304832458496094,4.498894978381161,10.38986587524414
2.9734694957733154,4.590277124296076,10.425792694091797
2.9791481494903564,4.604069286757814,10.383742332458496
3.006985902786255,4.612556801476915,10.46915340423584
2.9041388034820557,4.544011059483247,10.416645050048828
2.984785556793213,4.554761358802872,10.433084487915039
2.9686927795410156,4.522580696303131,10.451297760009766
2.955472946166992,4.538747611189527,10.345280647277832
2.9924495220184326,4.546761794015765,10.378019332885742
2.9409360885620117,4.469182422950066,10.327861785888672
2.9953157901763916,4.558979278197513,10.423453330993652
3.0149080753326416,4.569741302568998,10.475061416625977
3.002218008041382,4.472189355508557,10.306672096252441
2.935814380645752,4.509644552699424,10.43714427947998
3.016563892364502,4.5770033397711805,10.300761222839355
2.956583261489868,4.560884270916826,10.36225414276123
2.9467809200286865,4.630336217815056,10.374634742736816
3.0133697986602783,4.580649569298007,10.413148880004883
2.963244676589966,4.524603511605944,10.34791374206543
2.9056315422058105,4.539963652213503,10.339693069458008
2.961031436920166,4.560855832815702,10.36822509765625
2.9306745529174805,4.4372292677206655,10.410747528076172
2.934786319732666,4.568113064060786,10.345001220703125
2.985370635986328,4.559716993277626,10.445210456848145
2.9599499702453613,4.521116988533842,10.278093338012695
2.979909658432007,4.567400962613257,10.366451263427734
2.9484262466430664,4.4838354382663965,10.49972915649414
2.9717795848846436,4.564220378108855,10.31423282623291
2.8818624019622803,4.445244054043932,10.429851531982422
2.9944584369659424,4.548843538189041,10.373700141906738
2.9645283222198486,4.533726695692167,10.348383903503418
2.9726154804229736,4.494887931771311,10.401464462280273
3.0093700885772705,4.569374355188171,10.374351501464844
2.999568223953247,4.524539447223236,10.411800384521484
2.968463659286499,4.5835099815324485,10.401191711425781
3.034764528274536,4.612748087583377,10.426196098327637
2.931008815765381,4.512553708661081,10.383478164672852
2.99511981010437,4.562169525838857,10.428406715393066
2.9539687633514404,4.5166039388028105,10.346536636352539
2.9612748622894287,4.522671039282743,10.406657218933105
3.027052640914917,4.547631918253111,10.447491645812988
2.930919885635376,4.543843767439414,10.484521865844727
2.931636333465576,4.509566127621968,10.422647476196289
2.9849753379821777,4.5554934001660765,10.420949935913086
2.981217622756958,4.567040418574054,10.395623207092285
2.965442419052124,4.618078898804795,10.482969284057617
2.995269775390625,4.560647462993595,10.442208290100098
2.9096415042877197,4.504635289045317,10.483444213867188
2.958019495010376,4.539016623681944,10.39415454864502
2.9820168018341064,4.5933924140408635,10.409828186035156
3.016005277633667,4.602293323026971,10.431166648864746
2.951367139816284,4.619026434408235,10.39581298828125
2.9257822036743164,4.528137935591595,10.37843132019043
2.975649356842041,4.5754662758803795,10.375603675842285
2.9612972736358643,4.517237385036424,10.379298210144043
2.989805221557617,4.599871161659913,10.422845840454102
2.96106219291687,4.502297601562791,10.321179389953613
2.9732446670532227,4.5614419005744695,10.329354286193848
2.9268746376037598,4.5129164406098425,10.312440872192383
2.9361393451690674,4.540992353144768,10.421310424804688
3.028101921081543,4.577265749485897,10.38857364654541
2.9780406951904297,4.615009728286948,10.351936340332031
2.9256269931793213,4.60571054103119,10.324689865112305
2.951925277709961,4.5528864090530465,10.366605758666992
2.9996862411499023,4.542026211208265,10.351178169250488
2.9875006675720215,4.585429204361779,10.42498779296875
2.9671437740325928,4.543379343547193,10.396820068359375
2.9205336570739746,4.519906988899623,10.305173873901367
2.9816904067993164,4.553387006179296,10.39896011352539
2.9904377460479736,4.5443288398507455,10.489604949951172
2.987605094909668,4.553426584029304,10.32581615447998
2.935835838317871,4.590226960168885,10.386591911315918
3.0150647163391113,4.580683267874909,10.392793655395508
2.9302375316619873,4.502044484651249,10.337489128112793
2.989664316177368,4.541006661552403,10.402960777282715
2.9891104698181152,4.575346734108669,10.341670036315918
2.9975507259368896,4.543597933503666,10.467405319213867
2.950491428375244,4.538604094713394,10.46184253692627
2.945288896560669,4.558278827395823,10.403669357299805
2.940202236175537,4.524405966346551,10.398109436035156
2.90140962600708,4.571659779076332,10.369959831237793
2.9317033290863037,4.570722917294397,10.412053108215332
2.9746861457824707,4.59372881114749,10.42361831665039
2.9520092010498047,4.598304065709401,10.402050971984863
3.0095434188842773,4.568944293739541,10.336080551147461
2.8999955654144287,4.527648043852033,10.486818313598633
2.9120867252349854,4.514498175820336,10.357048988342285
2.9960744380950928,4.597403051797301,10.385747909545898
2.9529590606689453,4.536236873628305,10.442646026611328
3.015824556350708,4.5626672119500915,10.273002624511719
2.9761722087860107,4.545660127353456,10.453977584838867
2.9718830585479736,4.5775289343936105,10.52791976928711
2.9077234268188477,4.503195304257264,10.455826759338379
3.004709243774414,4.528513708484492,10.365337371826172
3.00557279586792,4.530124644050375,10.341150283813477
2.9347474575042725,4.547054741864226,10.35496997833252
2.962352991104126,4.556947422646252,10.365401268005371
2.984571933746338,4.53544504704353,10.402131080627441
2.9503302574157715,4.499619465454348,10.401357650756836
2.9614648818969727,4.515522051669125,10.321950912475586
2.918461322784424,4.601089004793072,10.35301685333252
2.904629707336426,4.518961309688166,10.442159652709961
2.956820249557495,4.558124383379306,10.388665199279785
2.978771686553955,4.525888318960955,10.339159965515137
2.935703992843628,4.541216112673282,10.413337707519531
2.9300239086151123,4.530100374748664,10.478376388549805
2.945678234100342,4.551825572038069,10.361409187316895
2.9103119373321533,4.560979645366647,10.352113723754883
2.989751100540161,4.593073133811621,10.427570343017578
2.987572431564331,4.565874180723247,10.40802001953125
2.953202247619629,4.5983735790941855,10.292426109313965
2.9595699310302734,4.526712956705263,10.347724914550781
3.0440101623535156,4.578811428542914,10.360387802124023
2.9612371921539307,4.549497812454189,10.398017883300781
2.950855255126953,4.53666589542159,10.331829071044922
