ABloss,Bobloss,Eveloss
9.144511222839355,8.22330551424862,10.18152141571045
9.120462417602539,8.117023447195868,10.177691459655762
9.166438102722168,8.223896228874635,10.120604515075684
9.184155464172363,8.2834580605517,10.213056564331055
9.15170669555664,8.160858012636059,10.240050315856934
9.099869728088379,8.20695122577516,10.123506546020508
9.101698875427246,8.178479735772791,10.241464614868164
9.07650089263916,8.166076198053947,10.218215942382812
9.059846878051758,8.110359514830634,10.278593063354492
9.086400032043457,8.11783584902462,10.186716079711914
9.084733963012695,8.106529956783302,10.18986701965332
9.112076759338379,8.159292370080948,10.221687316894531
9.062088012695312,8.207904607423448,10.180072784423828
9.08791446685791,8.11257351961519,10.293903350830078
9.029560089111328,8.139093690318987,10.142324447631836
9.13826847076416,8.130986401412104,10.386590957641602
9.09190559387207,8.175553122235995,10.222166061401367
9.018400192260742,8.088655312512335,10.284462928771973
9.036376953125,8.119599181659785,10.281477928161621
9.010770797729492,8.120302033843473,10.25745964050293
9.043717384338379,8.16201706154139,10.297910690307617
9.081539154052734,8.167114459477098,10.387981414794922
8.964864730834961,7.997501334740914,10.258058547973633
8.994690895080566,8.011915254373369,10.331286430358887
9.090465545654297,8.110563448929627,10.268489837646484
9.093231201171875,8.183731047004196,10.28560733795166
9.084624290466309,8.112110426250313,10.334691047668457
9.085249900817871,8.17654229407864,10.201936721801758
9.046858787536621,8.141799486541588,10.319929122924805
9.058062553405762,8.13912224300605,10.341381072998047
8.984723091125488,8.140370866915745,10.330355644226074
9.012701034545898,8.049657515383192,10.35526180267334
9.023965835571289,8.097603125597484,10.372889518737793
9.126508712768555,8.189825655593136,10.324542999267578
9.022295951843262,8.102402569393494,10.378649711608887
9.014012336730957,8.138275826815516,10.384893417358398
9.11223316192627,8.198512059037707,10.344917297363281
8.960886001586914,8.059173679511462,10.388993263244629
9.078432083129883,8.18912561567101,10.410845756530762
9.043381690979004,8.1284288227159,10.378393173217773
9.077738761901855,8.17016549478285,10.414523124694824
8.991142272949219,8.067365472038675,10.30489444732666
8.955960273742676,8.045709155100797,10.289085388183594
9.012909889221191,8.070826966914215,10.30177116394043
9.003021240234375,8.041298613850294,10.361794471740723
8.947548866271973,8.06508621041264,10.434857368469238
9.00618839263916,8.076953250981335,10.313465118408203
9.013723373413086,8.141495905550462,10.361848831176758
9.011880874633789,8.120291415202832,10.35791015625
9.015693664550781,8.106305337377957,10.322667121887207
9.005284309387207,8.12583950906992,10.345751762390137
8.9904146194458,8.092771641544198,10.31393051147461
8.983139991760254,8.116935240803286,10.38261604309082
9.048727035522461,8.167115503556229,10.44800090789795
8.991485595703125,8.099912220079984,10.470304489135742
9.042134284973145,8.156089560062226,10.428245544433594
9.007349014282227,8.115259459874194,10.313265800476074
8.992157936096191,8.081965291573267,10.391857147216797
9.00734806060791,8.116626444605313,10.428840637207031
9.036006927490234,8.170430458649728,10.453665733337402
9.009587287902832,8.124727394598137,10.527777671813965
8.994325637817383,8.154514580333073,10.445133209228516
8.947031021118164,8.103793740172737,10.476978302001953
8.921133041381836,8.102986140409485,10.458620071411133
9.020493507385254,8.149431647300455,10.490767478942871
8.993924140930176,8.151048191157836,10.35840129852295
9.030497550964355,8.207964976218395,10.387134552001953
8.994196891784668,8.068183047064979,10.354759216308594
9.033358573913574,8.166239043298576,10.480558395385742
8.928585052490234,8.118307166466757,10.374336242675781
8.91423225402832,8.074747789684416,10.45390796661377
8.940106391906738,8.130109592041533,10.409402847290039
8.924768447875977,8.094651019466774,10.348756790161133
9.05798053741455,8.183319339628463,10.460830688476562
8.93135929107666,8.119937070479084,10.404038429260254
8.862386703491211,8.066241433710925,10.422995567321777
8.876067161560059,8.078959809616206,10.438365936279297
9.01707935333252,8.170905578016702,10.381670951843262
9.007410049438477,8.15517118094223,10.372328758239746
8.954185485839844,8.148234476235562,10.3834228515625
9.004206657409668,8.17038977082952,10.452611923217773
9.002364158630371,8.134251027467794,10.442577362060547
8.996267318725586,8.166082716846306,10.403665542602539
9.04319953918457,8.170453555349793,10.506368637084961
8.952136039733887,8.167710983793118,10.33930778503418
8.860233306884766,8.041858055961452,10.40743637084961
8.990952491760254,8.167970779684506,10.458168029785156
8.967860221862793,8.101190365385264,10.440502166748047
8.927144050598145,8.098211765488877,10.494154930114746
8.88723087310791,8.03996065854361,10.366215705871582
8.932772636413574,8.085602374946966,10.381922721862793
8.987730979919434,8.137291740393266,10.458290100097656
9.017642974853516,8.198550279252231,10.341930389404297
8.919753074645996,8.096005192192804,10.423266410827637
9.01805305480957,8.145703304791823,10.490377426147461
8.968609809875488,8.132819223018096,10.44672966003418
8.959309577941895,8.124250502957564,10.389158248901367
8.947956085205078,8.08984539039167,10.451573371887207
8.90541934967041,8.03763393429108,10.4871187210083
8.923975944519043,8.148238561415512,10.467132568359375
8.91317081451416,8.088542950738754,10.588422775268555
8.981987953186035,8.199590411635914,10.433786392211914
8.966872215270996,8.104091418241815,10.44111156463623
8.95287036895752,8.116420099877619,10.41783332824707
8.960164070129395,8.154561085493437,10.39201545715332
8.972426414489746,8.101728328869545,10.445271492004395
8.935345649719238,8.148261419730261,10.484492301940918
8.900798797607422,8.124032709481462,10.405016899108887
9.00524616241455,8.156040058970186,10.41911792755127
8.944879531860352,8.099204569090423,10.539179801940918
8.87899398803711,8.107070859488365,10.427704811096191
8.896060943603516,8.072038373810106,10.365987777709961
8.943222045898438,8.149019984994084,10.365935325622559
8.925439834594727,8.163609475196738,10.309237480163574
8.989680290222168,8.165574506124749,10.353078842163086
9.029378890991211,8.17920235501203,10.371456146240234
8.868962287902832,8.034145065483504,10.395610809326172
8.993544578552246,8.174758993953999,10.499144554138184
8.859750747680664,8.092365042106913,10.38129997253418
8.877982139587402,8.060898652699377,10.414633750915527
8.86604118347168,8.144266775044214,10.464536666870117
8.917232513427734,8.141333657549694,10.464703559875488
8.97504997253418,8.164216621246721,10.398523330688477
8.872075080871582,8.099371035217441,10.473012924194336
8.964155197143555,8.150493374227413,10.40201187133789
8.821671485900879,8.006953156420163,10.411956787109375
8.939363479614258,8.126374017779849,10.425747871398926
8.95093059539795,8.134001072196822,10.533126831054688
8.882864952087402,8.136805567624313,10.418599128723145
8.935129165649414,8.091128700146717,10.525245666503906
8.934723854064941,8.154096258371803,10.466187477111816
8.863389015197754,8.074417347454332,10.436779975891113
8.889811515808105,8.094888315336512,10.477428436279297
8.843585968017578,8.050148652400821,10.5318603515625
9.01360034942627,8.190088649945599,10.329086303710938
8.880058288574219,8.085716341422605,10.396957397460938
8.89610767364502,8.1559383835577,10.36979866027832
8.90742015838623,8.104292617046408,10.34862232208252
8.891907691955566,8.110383245960943,10.410653114318848
8.886550903320312,8.109576748018819,10.45580005645752
8.857794761657715,8.099139175477571,10.440101623535156
8.864459037780762,8.085292043197635,10.514897346496582
8.87691593170166,8.102450803520957,10.436568260192871
8.936783790588379,8.144062512920105,10.444428443908691
8.922745704650879,8.155099999126314,10.442986488342285
8.920170783996582,8.128838414160002,10.43538761138916
8.910879135131836,8.114360923978634,10.45610523223877
8.904130935668945,8.150129322328471,10.452156066894531
8.828225135803223,8.08077249695946,10.446946144104004
8.953537940979004,8.16297839182828,10.457332611083984
8.927178382873535,8.09679738019726,10.483123779296875
8.93809700012207,8.15720742332217,10.52424430847168
8.907095909118652,8.161021957440036,10.388711929321289
8.862563133239746,8.034257914006178,10.44252872467041
8.878463745117188,8.077521548639718,10.446662902832031
8.8829345703125,8.078295096555458,10.409017562866211
8.94200611114502,8.139507096659923,10.382556915283203
8.843672752380371,8.060517065725955,10.367103576660156
8.892059326171875,8.100372722804813,10.444093704223633
8.9020357131958,8.139178512085762,10.606649398803711
8.871910095214844,8.095631264183403,10.46957015991211
8.863512992858887,8.138289626488195,10.364032745361328
8.927508354187012,8.196556461243226,10.335546493530273
8.865117073059082,8.078938534350266,10.464887619018555
8.941229820251465,8.196879661575492,10.489103317260742
8.934598922729492,8.17189489145364,10.434248924255371
8.830498695373535,8.089478122103692,10.37502384185791
8.916295051574707,8.1596891770605,10.531442642211914
8.803600311279297,8.095889375711392,10.361218452453613
8.877718925476074,8.175368289995408,10.524157524108887
8.832902908325195,8.103500815041896,10.373594284057617
8.883893013000488,8.160078998588558,10.44149398803711
8.93736457824707,8.179707498788567,10.457633018493652
8.855849266052246,8.10023245152219,10.386695861816406
8.837503433227539,8.115624140049995,10.3496675491333
8.934015274047852,8.160734942448991,10.490008354187012
8.89728832244873,8.115791565173172,10.508689880371094
8.82076644897461,8.0877133332459,10.41496467590332
8.89027214050293,8.118637502359759,10.483576774597168
8.881237983703613,8.151009839360736,10.583226203918457
8.82651138305664,8.093111486506782,10.430237770080566
8.867782592773438,8.121791299598824,10.505885124206543
8.860036849975586,8.119403651383307,10.464885711669922
8.876677513122559,8.143247648707725,10.401374816894531
8.898453712463379,8.128903502631667,10.457942962646484
8.822774887084961,8.106317644805781,10.403593063354492
8.855632781982422,8.096546232434257,10.478256225585938
8.761531829833984,8.083017371362075,10.379366874694824
8.88287353515625,8.17786912057948,10.476966857910156
8.734058380126953,8.094162406200278,10.383462905883789
8.787980079650879,8.038438721360372,10.416971206665039
8.89461612701416,8.205631837282064,10.419366836547852
8.836257934570312,8.129910540633968,10.399917602539062
8.910740852355957,8.180292885451179,10.37094497680664
8.852682113647461,8.112111302392025,10.455915451049805
8.871246337890625,8.132683318873335,10.438773155212402
8.794046401977539,8.038859894632228,10.402425765991211
8.813980102539062,8.03208691556938,10.51223373413086
8.859012603759766,8.181520203128457,10.412616729736328
8.813499450683594,8.104152943539832,10.396368026733398
8.775883674621582,8.074098490045538,10.473729133605957
8.838085174560547,8.089978926149863,10.528970718383789
8.85297966003418,8.134479866862032,10.408565521240234
8.831271171569824,8.097139727789909,10.37812614440918
8.786763191223145,8.047430096560024,10.380873680114746
8.903740882873535,8.163405468321539,10.480118751525879
8.801774978637695,8.104335394954044,10.547061920166016
8.841540336608887,8.10861917551873,10.464449882507324
8.877286911010742,8.128183550367664,10.440635681152344
8.799261093139648,8.093500281983454,10.42241096496582
8.853081703186035,8.152464805703078,10.390303611755371
8.790870666503906,8.068519722504009,10.492057800292969
8.843469619750977,8.120149198453873,10.425881385803223
8.877131462097168,8.147079384087451,10.423401832580566
8.82670783996582,8.140537743656232,10.444931030273438
8.760581970214844,8.007648452484448,10.608627319335938
8.811259269714355,8.073416008614004,10.39301872253418
8.792069435119629,8.12525925236488,10.421720504760742
8.829854965209961,8.114894010891605,10.4081392288208
8.804937362670898,8.102333585498855,10.457648277282715
8.824264526367188,8.127861872481715,10.493699073791504
8.838445663452148,8.151244300251294,10.3883695602417
8.778634071350098,8.137000276041883,10.447388648986816
8.822504997253418,8.136844428322677,10.404563903808594
8.798402786254883,8.140835971172367,10.403831481933594
8.817456245422363,8.090385908926171,10.358319282531738
8.879790306091309,8.144984468219004,10.40697193145752
8.829564094543457,8.090869832684152,10.504762649536133
8.819120407104492,8.112000882459272,10.46296501159668
8.892184257507324,8.207263109906178,10.528168678283691
8.904956817626953,8.183186256858919,10.489557266235352
8.819459915161133,8.120607734458256,10.472228050231934
8.791769027709961,8.114072564490405,10.407593727111816
8.780742645263672,8.097755020184975,10.477590560913086
8.777313232421875,8.074076731755797,10.469104766845703
8.716296195983887,8.095526294283836,10.478898048400879
8.798124313354492,8.046084884853501,10.472648620605469
8.737982749938965,8.093351372550906,10.521088600158691
8.805314064025879,8.106040797961345,10.454751968383789
8.777674674987793,8.09367572539486,10.466869354248047
8.78739070892334,8.07224163486223,10.506826400756836
8.756914138793945,8.071128019497596,10.485513687133789
8.727031707763672,8.064088321823094,10.43177604675293
8.800406455993652,8.119639389316685,10.416271209716797
8.80307674407959,8.100924518857418,10.492376327514648
8.817802429199219,8.128387859623347,10.501823425292969
8.748990058898926,7.988598141919024,10.443583488464355
8.831101417541504,8.101338172896899,10.486774444580078
8.78243350982666,8.118891948069047,10.339632987976074
8.843779563903809,8.14565439226239,10.57903003692627
8.855128288269043,8.110252062191389,10.539737701416016
8.755887985229492,8.068978207418695,10.38677978515625
8.759801864624023,8.02723327698186,10.392868041992188
8.852334976196289,8.211114837122816,10.442648887634277
8.78763484954834,8.092138742263032,10.520721435546875
8.768392562866211,8.066505468383964,10.564923286437988
8.856045722961426,8.132796010800769,10.551767349243164
8.823887825012207,8.125612931658647,10.410825729370117
8.786470413208008,8.118634883281109,10.481186866760254
8.840559005737305,8.15745957807771,10.52759075164795
8.774703025817871,8.135923165229283,10.341014862060547
8.88122844696045,8.162020669917442,10.46099853515625
8.776440620422363,8.092946762451902,10.489191055297852
8.832587242126465,8.11972114334016,10.48527717590332
8.787335395812988,8.083322900413934,10.515847206115723
8.816167831420898,8.130594374412405,10.46278190612793
8.749251365661621,8.06389733576881,10.38247299194336
8.78028392791748,8.104431730329193,10.478300094604492
8.757575035095215,8.08472242991307,10.487984657287598
8.793120384216309,8.11389648145996,10.49903678894043
8.821455001831055,8.16288852751521,10.447815895080566
8.700875282287598,8.046421355335042,10.445622444152832
8.832540512084961,8.155269956548832,10.453624725341797
8.792757034301758,8.10614289060634,10.48233413696289
8.848389625549316,8.163231010848124,10.423527717590332
8.76384162902832,8.077841589792765,10.444005966186523
8.794961929321289,8.151171307578418,10.448577880859375
8.774394035339355,8.063906802396689,10.511903762817383
8.774641990661621,8.127966823821355,10.480188369750977
8.718021392822266,8.017413526573884,10.450621604919434
8.764827728271484,8.078449631375927,10.515935897827148
8.788904190063477,8.130964956711978,10.462305068969727
8.760078430175781,8.118823033158801,10.456794738769531
8.788887977600098,8.13328001874366,10.49038314819336
8.830445289611816,8.156515861761623,10.389495849609375
8.777874946594238,8.106164822022297,10.534823417663574
8.778606414794922,8.124554107265016,10.517448425292969
8.808034896850586,8.17282613493236,10.498369216918945
8.828871726989746,8.189689173695765,10.460628509521484
8.827048301696777,8.151927919759016,10.465446472167969
8.780974388122559,8.1539128918999,10.483713150024414
8.667574882507324,8.036189264651123,10.429960250854492
8.716615676879883,8.054973289403797,10.466043472290039
8.7564115524292,8.110197433503345,10.435148239135742
8.721073150634766,8.125091058567966,10.529329299926758
8.670498847961426,8.071007847619642,10.562139511108398
8.757990837097168,8.08934041342166,10.444561958312988
8.707411766052246,8.012364307751081,10.440092086791992
8.755498886108398,8.10225764282846,10.498431205749512
8.798548698425293,8.11920847161673,10.34933853149414
8.759214401245117,8.102089133080362,10.339776039123535
8.764740943908691,8.125797731369468,10.410669326782227
8.72160530090332,8.124045609463272,10.602319717407227
8.741365432739258,8.106446572546183,10.448405265808105
8.73580265045166,8.120034097627338,10.447173118591309
8.805508613586426,8.128487591531925,10.381653785705566
8.709137916564941,8.047532778831998,10.526847839355469
8.801178932189941,8.155724311613344,10.462750434875488
8.782698631286621,8.17519288001183,10.551647186279297
8.711060523986816,8.088848307196583,10.519277572631836
8.69058609008789,8.064417932116028,10.479272842407227
8.705363273620605,8.081712498296318,10.501019477844238
8.762624740600586,8.164773965154641,10.430827140808105
8.696725845336914,8.121850731050863,10.529911041259766
8.702352523803711,8.063451118734001,10.46726131439209
8.717049598693848,8.07849594864196,10.339761734008789
8.766451835632324,8.088702644587363,10.363547325134277
8.735523223876953,8.119342890202201,10.464537620544434
8.710552215576172,8.007744595508225,10.461877822875977
8.760906219482422,8.122927265541096,10.470276832580566
8.637409210205078,7.98016257717141,10.434303283691406
8.783842086791992,8.165251779236964,10.494966506958008
8.580793380737305,7.961998004000634,10.415853500366211
8.737905502319336,8.089268167835794,10.4715576171875
8.790422439575195,8.071668217723657,10.497166633605957
8.835820198059082,8.190921566582151,10.515389442443848
8.754454612731934,8.106627754102062,10.586390495300293
8.722491264343262,8.04508641638261,10.493638038635254
8.748215675354004,8.084671648485319,10.548837661743164
8.813742637634277,8.148340431740507,10.467633247375488
8.675922393798828,8.036184773580835,10.522253036499023
8.720612525939941,8.101561624490257,10.421667098999023
8.796747207641602,8.158610677047234,10.402597427368164
8.765174865722656,8.089606017705853,10.470588684082031
8.681140899658203,8.076837809756398,10.524941444396973
8.724685668945312,8.116603160110701,10.48237133026123
8.699309349060059,8.084164035639592,10.435100555419922
8.692071914672852,8.03023221350408,10.632393836975098
8.650415420532227,8.049700685610464,10.506872177124023
8.694686889648438,8.12179275026678,10.343231201171875
8.712176322937012,8.061175008104849,10.466532707214355
8.743441581726074,8.141760223445349,10.552664756774902
8.717723846435547,8.13073437933677,10.53880500793457
8.733038902282715,8.123163011490501,10.49401569366455
8.851531982421875,8.15435194550082,10.450066566467285
8.704002380371094,8.079831120790914,10.516692161560059
8.757939338684082,8.090197817156358,10.598783493041992
8.703885078430176,8.066364343976602,10.482471466064453
8.707953453063965,8.06128896194111,10.522047996520996
8.780206680297852,8.196412950255244,10.503740310668945
8.720438957214355,8.097718929007117,10.372690200805664
8.682971954345703,8.094921169802547,10.517960548400879
8.687721252441406,8.100882920070685,10.328415870666504
8.698136329650879,8.014849305418984,10.51266098022461
8.742422103881836,8.108383672910609,10.595903396606445
8.762078285217285,8.149672250496224,10.485747337341309
8.728769302368164,8.140274187682994,10.402904510498047
8.679810523986816,8.07535721311745,10.503564834594727
8.653046607971191,8.054852703719268,10.432384490966797
8.758625984191895,8.153373346331396,10.475198745727539
8.65336799621582,8.01870496813873,10.405586242675781
8.718839645385742,8.106426460302568,10.467174530029297
8.751749038696289,8.08291921604957,10.519355773925781
8.69725513458252,8.065979184050645,10.418351173400879
8.729665756225586,8.120744742286792,10.515710830688477
8.624519348144531,8.029403536480718,10.557916641235352
8.750837326049805,8.089568134497053,10.40555477142334
8.705848693847656,8.08452628476412,10.422533988952637
8.721415519714355,8.109450553909742,10.483173370361328
8.678369522094727,8.093810956858631,10.433612823486328
8.635189056396484,8.04271540458181,10.465222358703613
8.716053009033203,8.128101685550064,10.569543838500977
8.835906982421875,8.219002678657748,10.430778503417969
8.760254859924316,8.160335101918983,10.527326583862305
8.627579689025879,8.045095051106598,10.425616264343262
8.758197784423828,8.126098463577884,10.43136978149414
8.727684020996094,8.13304343596766,10.444478988647461
8.634418487548828,8.056841899042151,10.44103717803955
8.740760803222656,8.1247881924667,10.45811653137207
8.752113342285156,8.14758156077005,10.370259284973145
8.767622947692871,8.08747081468547,10.457061767578125
8.684097290039062,8.083125289629347,10.490604400634766
8.737775802612305,8.13850187314009,10.4530611038208
8.712651252746582,8.124843887352785,10.450286865234375
8.699540138244629,8.093793708864332,10.477995872497559
8.68095874786377,8.079997598625985,10.546174049377441
8.700915336608887,8.097377799817227,10.408079147338867
8.671676635742188,8.057720445761722,10.446002006530762
8.731973648071289,8.091444978756565,10.506903648376465
8.618396759033203,7.984299881882699,10.477928161621094
8.737504005432129,8.140774780252416,10.421515464782715
8.732590675354004,8.132907549917165,10.530956268310547
8.682832717895508,8.107158218510449,10.477621078491211
8.692486763000488,8.117194592919466,10.527276039123535
8.653281211853027,8.051510277370523,10.482063293457031
8.725554466247559,8.128347404367691,10.483724594116211
8.730847358703613,8.169312631611579,10.48847770690918
8.74395751953125,8.138473677548713,10.518049240112305
8.688902854919434,8.135915547476284,10.53836727142334
8.72508716583252,8.093743010989522,10.390796661376953
8.659052848815918,8.074140695522406,10.424592018127441
8.743365287780762,8.134406245879031,10.487060546875
8.674515724182129,8.063134100121847,10.488438606262207
8.673256874084473,8.079593674712148,10.409734725952148
8.762120246887207,8.110434266306193,10.45619010925293
8.718049049377441,8.116268833899603,10.39025592803955
8.721635818481445,8.113006584811956,10.493548393249512
8.731024742126465,8.152498372497835,10.444622039794922
8.625940322875977,8.105181140459274,10.577234268188477
8.708185195922852,8.110607196111234,10.467109680175781
8.764640808105469,8.136810351728593,10.5230712890625
8.763940811157227,8.174892924859055,10.591205596923828
8.710746765136719,8.145216341130435,10.50851821899414
8.682308197021484,8.10336982791445,10.516006469726562
8.628517150878906,8.076648941330081,10.45361042022705
8.725028038024902,8.155063632077404,10.481287002563477
8.695141792297363,8.107179525408094,10.40555477142334
8.63560962677002,8.09563782794534,10.480276107788086
8.60053539276123,8.043910175761475,10.458580017089844
8.699178695678711,8.10331095489008,10.426398277282715
8.701438903808594,8.116711314701076,10.453588485717773
8.671390533447266,8.043729485345207,10.541574478149414
8.670268058776855,8.132727183634415,10.4794921875
8.654727935791016,8.139939438252311,10.507551193237305
8.656143188476562,8.055543846484007,10.44473648071289
8.734585762023926,8.13631063799507,10.438748359680176
8.64144229888916,8.023799730298508,10.42257308959961
8.630224227905273,8.109780754228787,10.496988296508789
8.760187149047852,8.120356197635243,10.549003601074219
8.660919189453125,8.099907767859154,10.450298309326172
8.639182090759277,8.04383276113575,10.482768058776855
8.622529029846191,8.057238742310021,10.537084579467773
8.645862579345703,8.070630040984335,10.502128601074219
8.662596702575684,8.128467305230775,10.550251007080078
8.618896484375,8.029135182632931,10.460142135620117
8.663694381713867,8.065846070979855,10.536516189575195
8.610494613647461,8.078322092437052,10.445087432861328
8.624137878417969,8.050336098863875,10.435376167297363
8.595083236694336,8.04080740914547,10.45233154296875
8.62060260772705,8.080962137951117,10.49869155883789
8.655163764953613,8.043474011655364,10.512496948242188
8.586019515991211,8.043208723122786,10.537980079650879
8.68878173828125,8.110002705228649,10.45321273803711
8.592963218688965,8.03841285138125,10.563844680786133
8.651866912841797,8.088634537599448,10.448877334594727
8.623611450195312,8.054832629560094,10.340089797973633
8.733043670654297,8.099398051421822,10.459026336669922
8.659113883972168,8.090537260885217,10.442462921142578
8.61890697479248,8.075961896783806,10.450552940368652
8.654092788696289,8.061053829766545,10.402549743652344
8.612588882446289,8.060201121494174,10.467205047607422
8.677323341369629,8.09201014311319,10.530081748962402
8.567564964294434,8.06324005798836,10.497447967529297
8.674627304077148,8.072242194254484,10.466958999633789
8.633938789367676,8.130265680008701,10.51904010772705
8.694645881652832,8.141690816331124,10.426946640014648
8.675110816955566,8.109717082099191,10.507158279418945
8.683358192443848,8.14507328466113,10.491689682006836
8.704130172729492,8.1315408358683,10.542152404785156
8.744246482849121,8.170921933271789,10.414143562316895
8.637754440307617,8.026889122556895,10.570615768432617
8.652386665344238,8.115631716458926,10.422577857971191
8.668519973754883,8.117698113899678,10.541267395019531
8.780414581298828,8.17438548726828,10.497079849243164
8.649813652038574,8.067171675618738,10.465656280517578
8.698143005371094,8.113386584246266,10.519126892089844
8.62558364868164,8.071905880201875,10.493837356567383
8.647536277770996,8.113786118171577,10.531105995178223
8.631340026855469,8.085338604237352,10.564908981323242
8.641972541809082,8.063171846426226,10.527950286865234
8.630669593811035,7.982618162940655,10.486119270324707
8.562796592712402,8.02303469187713,10.424460411071777
8.674593925476074,8.10237766256822,10.542418479919434
8.631609916687012,8.096362053316886,10.507869720458984
8.636336326599121,8.084978307996476,10.530904769897461
8.674983024597168,8.140599575226329,10.463737487792969
8.552599906921387,8.073571658061285,10.471220016479492
8.628863334655762,8.092095149780757,10.481133460998535
8.704340934753418,8.17402055956024,10.472511291503906
8.68143367767334,8.143130176135205,10.492086410522461
8.67531681060791,8.032877736492082,10.478791236877441
8.668622970581055,8.117485254271221,10.471454620361328
8.654579162597656,8.09249117804159,10.463563919067383
8.673276901245117,8.108943309501878,10.556784629821777
8.563789367675781,8.072284271175574,10.49036693572998
8.672348022460938,8.165991774427571,10.554468154907227
8.69115924835205,8.1251285155969,10.500295639038086
8.725295066833496,8.14925160797845,10.513921737670898
8.60591983795166,8.027155055864048,10.462213516235352
8.58837890625,8.099533620722857,10.571197509765625
8.554518699645996,8.059628982961708,10.59158992767334
8.618558883666992,8.122644734502371,10.48794174194336
8.692490577697754,8.124049160829081,10.436748504638672
8.591761589050293,8.094230146513187,10.401908874511719
8.59815502166748,8.05938742685664,10.466340065002441
8.593698501586914,7.999977505366717,10.464530944824219
8.630269050598145,8.05360696295143,10.56218147277832
8.565689086914062,8.02732902133305,10.485974311828613
8.585733413696289,8.032916626560368,10.493316650390625
8.576444625854492,8.061302448456575,10.60580062866211
8.583268165588379,8.058485872212,10.52894401550293
8.578182220458984,8.036679834593087,10.489034652709961
8.584184646606445,8.090971819823608,10.504947662353516
8.564213752746582,8.021528080937319,10.402087211608887
8.660423278808594,8.076612552993797,10.570928573608398
8.649213790893555,8.113515089964494,10.47690486907959
8.602789878845215,8.063132690864482,10.493062973022461
8.613463401794434,8.065360651418034,10.389361381530762
8.582568168640137,8.034556099479751,10.511917114257812
8.612987518310547,8.078263558813237,10.473283767700195
8.66447639465332,8.099184767642457,10.452384948730469
8.565929412841797,8.100840583111026,10.453609466552734
8.658461570739746,8.129280837818182,10.439085006713867
8.651311874389648,8.133319906092115,10.527021408081055
8.62811279296875,8.099562288794134,10.549575805664062
8.606612205505371,8.089549183546167,10.495024681091309
8.650909423828125,8.13631919645039,10.475712776184082
8.621124267578125,8.067149503721987,10.487754821777344
8.627632141113281,8.075094456584859,10.487100601196289
8.529816627502441,8.025809845255155,10.537267684936523
8.640976905822754,8.10766016731837,10.464571952819824
8.600107192993164,8.135687053502936,10.40408706665039
8.599390983581543,8.080178510231367,10.469869613647461
8.643719673156738,8.1487618945539,10.580385208129883
8.654142379760742,8.158232815863032,10.487068176269531
8.592537879943848,8.072139696351119,10.438825607299805
8.648112297058105,8.091058155455228,10.483198165893555
8.621390342712402,8.034999338909984,10.48522663116455
8.594684600830078,8.034173718420789,10.491833686828613
8.53082275390625,8.000220324744337,10.548798561096191
8.642462730407715,8.104057424103043,10.526188850402832
8.649521827697754,8.142264498630539,10.508424758911133
8.555257797241211,8.079817367085656,10.514461517333984
8.58227825164795,8.13715007292506,10.568275451660156
8.60247802734375,8.074740768909189,10.462478637695312
8.605484008789062,8.097032329200633,10.41238021850586
8.613545417785645,8.132355121130654,10.508484840393066
8.585226058959961,8.029044387995132,10.62553596496582
8.561423301696777,8.040904955040396,10.506643295288086
8.639303207397461,8.082681366242468,10.45760726928711
8.623790740966797,8.161836730815203,10.413549423217773
8.517346382141113,8.02511046667184,10.472204208374023
8.549093246459961,8.034672988778246,10.506659507751465
8.601234436035156,8.096614907495677,10.449973106384277
8.604327201843262,8.116754906385072,10.593965530395508
8.527938842773438,8.019080376285793,10.494217872619629
8.57894515991211,8.059834673867694,10.479300498962402
8.668583869934082,8.137145271291956,10.486449241638184
8.64511775970459,8.093506945197337,10.478584289550781
8.616205215454102,8.170128675377262,10.529662132263184
8.573579788208008,8.039031109107391,10.48349666595459
8.604172706604004,8.063623136874021,10.478068351745605
8.604865074157715,8.10326969763264,10.587348937988281
8.58134937286377,8.088582132710144,10.494632720947266
8.583952903747559,8.086793741211295,10.461108207702637
8.589559555053711,8.096408221903923,10.459089279174805
8.588800430297852,8.059101709597078,10.587563514709473
8.607857704162598,8.066223473354642,10.488632202148438
8.593871116638184,8.111486982953336,10.526984214782715
8.505305290222168,7.964392746632387,10.519118309020996
8.62350845336914,8.166117280089695,10.560223579406738
8.556279182434082,8.074536494212225,10.551348686218262
8.61885929107666,8.109580009244382,10.464071273803711
8.596175193786621,8.127106202566729,10.486957550048828
8.62834644317627,8.07558094284364,10.479854583740234
8.6158447265625,8.070796872156539,10.441465377807617
8.5724515914917,8.061906347350616,10.496328353881836
8.658857345581055,8.105974997959233,10.471549987792969
8.597317695617676,8.090315539489632,10.431122779846191
8.578879356384277,8.08041609627461,10.471389770507812
8.658125877380371,8.113651012070477,10.509881973266602
8.520513534545898,8.063126978497685,10.565839767456055
8.553472518920898,8.069441373859133,10.582893371582031
8.64389419555664,8.119862034584262,10.48910140991211
8.622300148010254,8.095569804643414,10.473445892333984
8.62324047088623,8.140542793520062,10.45271110534668
8.596243858337402,8.067775459261611,10.524497032165527
8.544571876525879,8.063271602017007,10.442730903625488
8.592888832092285,8.085882895892219,10.471617698669434
8.594621658325195,8.095660926441528,10.578092575073242
8.530749320983887,8.071609553082713,10.48985767364502
8.573761940002441,8.152489358392943,10.396363258361816
8.637163162231445,8.122372693282419,10.619867324829102
8.610679626464844,8.134354080406151,10.584604263305664
8.567294120788574,8.101948916745771,10.493358612060547
8.55209732055664,8.036310375601586,10.455765724182129
8.671363830566406,8.154544651175716,10.411811828613281
8.553378105163574,8.030745777434536,10.493728637695312
8.518440246582031,8.023749784899078,10.546775817871094
8.53847885131836,8.048455632557825,10.41547966003418
8.563961029052734,8.08647126564756,10.504490852355957
8.54007625579834,8.024502043845132,10.53834342956543
8.650636672973633,8.111748192925006,10.480806350708008
8.557055473327637,8.107581232375065,10.484823226928711
8.52108383178711,8.070747588262227,10.612621307373047
8.574736595153809,8.046220990928955,10.590677261352539
8.56127643585205,8.104017381256979,10.591611862182617
8.476707458496094,7.991340554219539,10.532712936401367
8.607845306396484,8.085322320461273,10.390259742736816
8.519767761230469,8.024205302054595,10.522367477416992
8.627655982971191,8.109506087078314,10.511920928955078
8.599905014038086,8.09367966748375,10.574519157409668
8.52534294128418,8.039567895233631,10.49614143371582
8.592292785644531,8.125775521488062,10.46744155883789
8.577080726623535,8.075223287933373,10.486278533935547
8.603389739990234,8.160337972853863,10.511717796325684
8.624903678894043,8.11643412685953,10.473849296569824
8.587065696716309,8.077645109899874,10.471123695373535
8.599788665771484,8.12488913738967,10.488723754882812
8.582585334777832,8.098799027702107,10.487752914428711
8.658820152282715,8.168250040317487,10.474160194396973
8.521764755249023,8.080226613441482,10.49903678894043
8.470939636230469,8.007876500187974,10.442496299743652
8.543682098388672,8.085214623050499,10.516687393188477
8.609631538391113,8.147376151289793,10.573619842529297
8.580798149108887,8.07649585458317,10.45718765258789
8.624110221862793,8.14009238347145,10.435985565185547
8.56051254272461,8.050766657040056,10.424368858337402
8.5406494140625,8.118030307714694,10.534547805786133
8.575801849365234,8.053516722916227,10.465059280395508
8.54037094116211,8.069372659316286,10.487548828125
8.565463066101074,8.092840265948325,10.476188659667969
8.542713165283203,8.078629083133169,10.42340087890625
8.558371543884277,8.075514379389851,10.420101165771484
8.527284622192383,8.042146812193096,10.470404624938965
8.612334251403809,8.143687984274168,10.470637321472168
8.503877639770508,8.030697355612315,10.50747013092041
8.551244735717773,8.046628191368654,10.44593620300293
8.517736434936523,8.05980572975906,10.454110145568848
8.61620044708252,8.124429117622121,10.449256896972656
8.564413070678711,8.076984751038253,10.507246017456055
8.54474925994873,8.080640052278925,10.510149002075195
8.47803783416748,8.01339603568028,10.404135704040527
8.571504592895508,8.082190249614152,10.521164894104004
8.61540699005127,8.121441760566086,10.446891784667969
8.633404731750488,8.126372893108055,10.458812713623047
8.600278854370117,8.130057086835482,10.469385147094727
8.496603012084961,8.006097301175553,10.453943252563477
8.51017951965332,8.018429994250516,10.481681823730469
8.643092155456543,8.160133505240083,10.474590301513672
8.564444541931152,8.054359790835797,10.46452522277832
8.619401931762695,8.117302744848919,10.48894214630127
8.435834884643555,7.9692763678197345,10.440682411193848
8.607403755187988,8.139923589636705,10.457894325256348
8.546384811401367,8.0530563160511,10.490151405334473
8.553045272827148,8.09140665223822,10.536388397216797
8.57571029663086,8.120872997978172,10.448507308959961
8.542472839355469,8.073712847528181,10.58447551727295
8.612764358520508,8.094554726965725,10.489628791809082
8.5512056350708,8.083242024062201,10.492673873901367
8.581303596496582,8.094588144183426,10.528995513916016
8.48359203338623,8.041226417458217,10.4979248046875
8.558303833007812,8.09361366624944,10.502547264099121
8.555403709411621,8.10596679889464,10.48251724243164
8.540958404541016,8.089241597069694,10.471055030822754
8.520211219787598,8.027420314893659,10.439970016479492
8.525650024414062,8.081004898163622,10.513040542602539
8.558135986328125,8.097172670665064,10.369248390197754
8.55878734588623,8.11226202081889,10.509306907653809
8.596503257751465,8.103425700516839,10.478231430053711
8.516538619995117,8.023143058243607,10.57999324798584
8.568449974060059,8.109094909359035,10.481877326965332
8.496908187866211,8.058020369449098,10.482527732849121
8.571166038513184,8.055742322567053,10.440634727478027
8.525100708007812,8.095415523741394,10.59860897064209
8.558754920959473,8.059908981135647,10.421092987060547
8.480574607849121,8.044083345382075,10.551072120666504
8.53877067565918,8.104210470470466,10.425593376159668
8.558221817016602,8.107627949411317,10.448573112487793
8.48051643371582,8.070789863022844,10.389111518859863
8.581777572631836,8.085663146472402,10.541227340698242
8.500569343566895,8.028343604445192,10.54014778137207
8.494559288024902,8.07026970556139,10.55081558227539
8.452134132385254,8.029097203198555,10.54886245727539
8.607673645019531,8.09489922481589,10.500258445739746
8.524102210998535,8.07111961690576,10.401611328125
8.480244636535645,8.016792254023521,10.460066795349121
8.55009651184082,8.075516243431984,10.450959205627441
8.540093421936035,8.05547754320183,10.424070358276367
8.5104341506958,8.019584710177567,10.496818542480469
8.470677375793457,8.059702307584562,10.384267807006836
8.561225891113281,8.058075282556404,10.522189140319824
8.559133529663086,8.118419566025425,10.475948333740234
8.531659126281738,8.110710389679298,10.510634422302246
8.50458812713623,8.054766295743839,10.490339279174805
8.520462036132812,8.100230254299406,10.520942687988281
8.449275016784668,8.054306679405272,10.52255916595459
8.531177520751953,8.092801001322057,10.472926139831543
8.560981750488281,8.092959880263411,10.45577335357666
8.561742782592773,8.088189123464481,10.470760345458984
8.52946949005127,8.068081020344314,10.496468544006348
8.471905708312988,8.034358019774247,10.519270896911621
8.490903854370117,8.030693901403408,10.547595977783203
8.492648124694824,8.044371232689757,10.35831356048584
8.531494140625,8.12703516134726,10.402019500732422
8.532120704650879,8.091312577914712,10.481023788452148
8.573356628417969,8.111358151638083,10.453298568725586
8.543045997619629,8.089425374387897,10.484636306762695
8.590024948120117,8.190045892460539,10.534734725952148
8.518107414245605,8.105511100962758,10.4871826171875
8.508927345275879,8.082494051927435,10.27750301361084
8.544329643249512,8.132643150830908,10.426910400390625
8.481221199035645,8.064445501060359,10.429213523864746
8.498437881469727,8.027204242867551,10.479852676391602
8.465690612792969,8.037875292057706,10.47580337524414
8.486912727355957,8.097142925120092,10.54729175567627
8.482693672180176,8.058097023084493,10.449065208435059
8.534672737121582,8.102257318994297,10.494848251342773
8.566926956176758,8.108835904426606,10.53603744506836
8.488834381103516,8.08461313355448,10.51320743560791
8.45010757446289,7.971699265064672,10.577731132507324
8.476778984069824,8.066491523524746,10.370095252990723
8.521142959594727,8.088777489993456,10.482359886169434
8.492904663085938,8.07696676071334,10.463332176208496
8.496904373168945,8.072372138101075,10.45643138885498
8.503425598144531,8.032921001082286,10.422107696533203
8.536541938781738,8.096292002093312,10.483531951904297
8.505549430847168,8.017427223368681,10.505971908569336
8.447540283203125,8.055722852636661,10.455619812011719
8.449880599975586,8.02003376471943,10.519905090332031
8.510574340820312,8.109941316036775,10.476713180541992
8.483309745788574,8.074402921167868,10.493606567382812
8.529940605163574,8.091015920275822,10.466703414916992
8.510709762573242,8.083737357985228,10.575931549072266
8.432320594787598,8.015726724872366,10.454021453857422
8.408559799194336,8.018021114270336,10.436602592468262
8.59567642211914,8.129462375538424,10.450323104858398
8.492307662963867,8.089439129689708,10.530092239379883
8.466964721679688,8.014170375486303,10.435277938842773
8.51737117767334,8.058651262894273,10.573993682861328
8.576642990112305,8.137760248999777,10.47675895690918
8.486018180847168,8.039388347849517,10.376934051513672
8.5225830078125,8.115155797751088,10.45468521118164
8.54005241394043,8.07631060840296,10.505908966064453
8.486027717590332,8.058240534770968,10.494722366333008
8.476422309875488,8.057466753625445,10.522224426269531
8.49267292022705,8.07733138261496,10.398202896118164
8.513422012329102,8.093005679314956,10.448225021362305
8.53331470489502,8.131563070496277,10.46928596496582
8.471179962158203,8.070857342864787,10.489604949951172
8.468964576721191,8.041101352976902,10.4367094039917
8.403570175170898,7.975044829604615,10.500284194946289
8.424470901489258,7.957901807468651,10.490660667419434
8.50938892364502,8.041197077836841,10.543598175048828
8.592196464538574,8.16815543730211,10.383679389953613
8.449342727661133,8.059221081003281,10.53948974609375
8.51932144165039,8.082017622588735,10.560628890991211
8.519099235534668,8.074565712861451,10.513923645019531
8.460907936096191,8.045922270842961,10.528478622436523
8.444303512573242,8.025800710111591,10.428041458129883
8.496745109558105,8.081815985663393,10.489177703857422
8.458216667175293,8.044048627239786,10.448806762695312
8.501522064208984,8.110284180413665,10.42839241027832
8.531126976013184,8.07567361020483,10.582620620727539
8.468304634094238,8.036174647476791,10.445436477661133
8.442864418029785,8.078325451917149,10.487664222717285
8.493608474731445,8.065060417866334,10.567689895629883
8.514209747314453,8.095038819658969,10.508071899414062
8.45237922668457,8.057657387839365,10.476184844970703
8.513445854187012,8.11369922304792,10.438175201416016
8.432162284851074,8.074689909882311,10.430992126464844
8.542201042175293,8.124048312560523,10.449102401733398
8.4826021194458,8.06246867380105,10.43041706085205
8.520148277282715,8.131090414743603,10.426346778869629
8.495086669921875,8.101605348821197,10.501119613647461
8.440196990966797,8.046632452635095,10.423925399780273
8.486335754394531,8.112858782123242,10.458791732788086
8.453685760498047,8.095488526326205,10.580718994140625
8.469815254211426,8.047674593050031,10.595152854919434
8.471755981445312,8.075151478672135,10.434717178344727
8.46043872833252,8.07546211024081,10.474329948425293
8.450140953063965,8.022509534410867,10.487579345703125
8.531282424926758,8.13599696466034,10.451621055603027
8.444671630859375,8.070854567822867,10.490614891052246
8.462860107421875,8.00209049497997,10.528182983398438
8.488332748413086,8.046098851731845,10.497928619384766
8.466989517211914,8.070954209326633,10.357205390930176
8.476845741271973,8.061791854810767,10.473833084106445
8.468819618225098,8.038166008224444,10.365930557250977
8.428723335266113,7.971155778205555,10.44115924835205
8.497838973999023,8.09053273236246,10.505046844482422
8.473636627197266,8.092117813149732,10.451515197753906
8.455595970153809,8.087277132286024,10.550785064697266
8.479586601257324,8.050461842478919,10.455337524414062
8.45493221282959,8.071496697541859,10.508991241455078
8.45002555847168,8.071763427994613,10.547041893005371
8.49444580078125,8.059119943030446,10.461662292480469
8.456066131591797,8.062716048576736,10.532957077026367
8.462678909301758,8.045507108892448,10.48696517944336
8.466907501220703,8.06268909510358,10.529821395874023
8.45500373840332,8.042327768202604,10.356647491455078
8.445833206176758,8.043094960673313,10.512431144714355
8.429474830627441,8.031816002480419,10.471721649169922
8.462801933288574,8.021767006887657,10.505788803100586
8.466116905212402,8.053254313068464,10.457168579101562
8.44919204711914,8.111369050107896,10.523245811462402
8.427248001098633,8.072864495616939,10.432129859924316
8.454524040222168,8.03614965390547,10.503362655639648
8.456608772277832,8.089673828200569,10.494987487792969
8.464099884033203,8.022734443091654,10.418996810913086
8.473737716674805,8.053118056251801,10.41787052154541
8.455599784851074,8.092131849577916,10.474222183227539
8.471404075622559,8.110085125347334,10.453727722167969
8.450189590454102,8.035305697870042,10.487319946289062
8.412065505981445,8.042066419397347,10.364200592041016
8.45067024230957,8.082402123870061,10.439616203308105
8.449662208557129,8.0992095311771,10.54580307006836
8.41821575164795,8.067848431511916,10.500631332397461
8.456174850463867,8.022508370423957,10.463254928588867
8.463788986206055,8.08681657388141,10.43344783782959
8.443672180175781,8.087950188766367,10.414539337158203
8.415892601013184,8.093254450675367,10.499438285827637
8.442108154296875,8.082210545960283,10.443290710449219
8.436424255371094,8.050687161872961,10.420097351074219
8.474554061889648,8.08083398008187,10.387146949768066
8.378198623657227,8.04450963869957,10.525873184204102
8.426191329956055,8.039620154470736,10.508926391601562
8.409262657165527,8.074515539221466,10.417828559875488
8.401788711547852,8.03660589280272,10.424484252929688
8.429582595825195,8.051377826237253,10.452783584594727
8.413151741027832,8.066056258610583,10.500426292419434
8.461043357849121,8.075449578264461,10.515356063842773
8.407502174377441,7.993505733653105,10.524155616760254
8.437827110290527,8.047280466450111,10.496833801269531
8.411311149597168,8.042542820230924,10.390101432800293
8.409462928771973,8.099802353818502,10.465127944946289
8.419910430908203,8.040613214219256,10.44797134399414
8.476897239685059,8.051987834274769,10.394269943237305
8.369510650634766,8.01022492838092,10.43882942199707
8.40982723236084,8.016797774471343,10.493619918823242
8.400467872619629,8.089149023173377,10.410411834716797
8.396512985229492,8.010304817497465,10.47132682800293
8.511154174804688,8.102440533228219,10.495420455932617
8.393611907958984,8.026020835652682,10.332870483398438
8.439366340637207,8.054951817163133,10.385367393493652
8.395918846130371,8.040907856875233,10.435201644897461
8.41208553314209,8.072789609897882,10.513469696044922
8.431558609008789,8.033338768840101,10.446162223815918
8.415267944335938,8.045643091767229,10.416805267333984
8.445405006408691,8.05064432016973,10.415854454040527
8.451041221618652,8.058212940381575,10.377281188964844
8.43665599822998,8.060351397975214,10.476984024047852
8.409626007080078,8.050803599945668,10.440841674804688
8.457926750183105,8.064274589364816,10.424415588378906
8.374531745910645,8.005682115908712,10.440338134765625
8.395515441894531,8.013813459979636,10.464075088500977
8.434736251831055,8.071243122985054,10.446874618530273
8.395304679870605,8.034949027766872,10.464250564575195
8.373594284057617,8.035099456219802,10.481040954589844
8.41717529296875,8.056595162322212,10.473526000976562
8.409462928771973,8.057464020759133,10.3965425491333
8.380083084106445,8.031013215027219,10.513352394104004
8.41023063659668,8.028199626365677,10.406859397888184
8.395662307739258,8.021761785860042,10.372132301330566
8.428169250488281,8.061038018437102,10.518945693969727
8.388773918151855,7.98670676427095,10.36276626586914
8.40651798248291,8.056371547813926,10.434597969055176
8.366445541381836,7.980949568395902,10.41858959197998
8.345437049865723,8.019056869936842,10.377395629882812
8.413342475891113,8.06590267111148,10.501180648803711
8.408025741577148,8.018099970882758,10.336795806884766
8.433268547058105,8.072374957846478,10.400218963623047
8.411666870117188,8.016058814545561,10.423005104064941
8.475793838500977,8.078450453467667,10.465367317199707
8.363292694091797,8.010626689896785,10.432918548583984
8.472063064575195,8.07931520816471,10.445579528808594
8.385650634765625,8.036025230440178,10.48494815826416
8.472000122070312,8.0677423366412,10.444856643676758
8.364502906799316,8.041597698781905,10.422719955444336
8.374505996704102,8.030903629459708,10.342716217041016
8.337667465209961,8.036077620561368,10.438117980957031
8.34732437133789,7.999420791897656,10.439502716064453
8.381653785705566,8.07141237968712,10.437177658081055
8.442989349365234,8.04243982709678,10.530314445495605
8.313775062561035,8.01229261374101,10.381898880004883
8.386435508728027,8.06364345770063,10.425809860229492
8.44365406036377,8.083371308033488,10.437397956848145
8.444109916687012,8.08264032362162,10.430475234985352
8.472892761230469,8.112831122108869,10.407438278198242
8.438937187194824,8.082918067595788,10.458101272583008
8.378984451293945,7.996188398051475,10.48084545135498
8.411564826965332,8.031587895604648,10.448558807373047
8.376409530639648,8.046118149966269,10.428655624389648
8.384089469909668,8.095068949208196,10.398765563964844
8.404701232910156,8.050492158026568,10.437078475952148
8.358790397644043,8.010941872140393,10.38595962524414
8.342020988464355,8.039911826473794,10.374410629272461
8.395116806030273,8.07023143778289,10.402460098266602
8.370190620422363,7.9974435697243145,10.395078659057617
8.35283374786377,8.041817847971938,10.34309196472168
8.41308307647705,8.035950357293975,10.4138822555542
8.38813304901123,8.007595214826454,10.356566429138184
8.363557815551758,8.014146869902365,10.461910247802734
8.403928756713867,8.062113659157019,10.468085289001465
8.383706092834473,8.078838067594916,10.516983032226562
8.37647533416748,8.035669176506676,10.440563201904297
8.3119535446167,8.040558167167806,10.478861808776855
8.34368896484375,8.024224116067801,10.422491073608398
8.348119735717773,8.007722974688347,10.485980033874512
8.318123817443848,8.034280087699049,10.405478477478027
8.37990665435791,8.071657693645518,10.408595085144043
8.393328666687012,8.060219133538858,10.38917064666748
8.383010864257812,8.060565969873487,10.435490608215332
8.426511764526367,8.092274430207908,10.430938720703125
8.372721672058105,8.080088972779256,10.448570251464844
8.314263343811035,7.9394926131436865,10.387801170349121
8.331046104431152,7.997725349684645,10.437871932983398
8.352323532104492,8.030200848755028,10.457047462463379
8.362935066223145,8.021521632027413,10.390710830688477
8.372666358947754,8.066114658323515,10.36494255065918
8.339309692382812,8.010332811524027,10.374329566955566
8.3759126663208,8.048812672329534,10.465202331542969
8.386673927307129,8.068662498611957,10.42367935180664
8.349971771240234,7.998802348805058,10.376002311706543
8.356111526489258,8.03020256142398,10.37242317199707
8.340810775756836,8.046163913627554,10.406344413757324
8.327554702758789,8.035971699482095,10.378931045532227
8.377630233764648,8.038139388830002,10.344660758972168
8.317740440368652,7.96780257203084,10.356675148010254
8.424999237060547,8.082155232982975,10.296952247619629
8.346768379211426,8.050663931760937,10.400614738464355
8.311452865600586,8.02653540477955,10.321824073791504
8.330678939819336,8.058686427173338,10.504575729370117
8.303329467773438,7.976782414130867,10.393975257873535
8.272151947021484,7.976108817749523,10.444881439208984
8.336221694946289,8.02559861357856,10.403050422668457
8.346903800964355,8.021406361001677,10.356898307800293
8.323587417602539,8.040482259255702,10.37671184539795
8.379250526428223,8.06183076560098,10.417802810668945
8.339393615722656,8.027324210652816,10.371621131896973
8.317554473876953,8.054789608377696,10.366400718688965
8.275312423706055,7.981735513046651,10.376066207885742
8.320426940917969,7.992273327595154,10.427756309509277
8.338116645812988,8.034212137073544,10.377644538879395
8.300080299377441,8.00978908075818,10.366711616516113
8.30970573425293,8.010033095255494,10.381572723388672
8.330310821533203,8.02905078811039,10.362127304077148
8.331504821777344,8.052257892675698,10.377629280090332
8.341715812683105,7.988602003415249,10.368768692016602
8.35671615600586,8.018744047132454,10.389562606811523
8.283063888549805,7.949207476972203,10.42199993133545
8.359294891357422,8.042062516324222,10.293968200683594
8.32988166809082,8.033884946423184,10.311208724975586
8.332763671875,8.057211181947164,10.407388687133789
8.337545394897461,8.027178521667208,10.457378387451172
8.343178749084473,8.019817453676037,10.403223037719727
8.327471733093262,8.06177716858552,10.468122482299805
8.403637886047363,8.064007274906285,10.33230972290039
8.386040687561035,8.081009627053781,10.381280899047852
8.31039047241211,8.04604574529055,10.300793647766113
8.324251174926758,8.038469016585234,10.446967124938965
8.340489387512207,8.017872187940936,10.397903442382812
8.332359313964844,8.005007658885527,10.442899703979492
8.3378267288208,8.009340147121943,10.298860549926758
8.290079116821289,8.058304973445566,10.405649185180664
8.309752464294434,8.029216300230473,10.412250518798828
8.30624771118164,8.016229641457487,10.400768280029297
8.312260627746582,8.048554164623576,10.35863208770752
8.277316093444824,8.030207600810432,10.372513771057129
8.23691177368164,7.966034480836242,10.367656707763672
8.329629898071289,8.015884808098365,10.404498100280762
8.301085472106934,7.98959969070607,10.384734153747559
8.353042602539062,8.03524700701902,10.33741283416748
8.278168678283691,8.035387079929933,10.329338073730469
8.303197860717773,8.018480657400298,10.372633934020996
8.300131797790527,7.99376522782924,10.35396957397461
8.296858787536621,8.014068713378427,10.396647453308105
8.292562484741211,7.991148154251278,10.404980659484863
8.285523414611816,7.9544602638842274,10.416790008544922
8.273368835449219,7.965383695205674,10.452447891235352
8.281452178955078,7.990431215547558,10.380279541015625
8.280943870544434,7.990260179886328,10.447700500488281
8.27093505859375,7.961435364426247,10.351018905639648
8.340034484863281,8.020854053386886,10.289133071899414
8.271759033203125,7.932461309379766,10.364958763122559
8.322577476501465,8.031261905628655,10.311431884765625
8.303771018981934,8.031595181474197,10.351545333862305
8.276330947875977,8.000779926045132,10.214345932006836
8.264190673828125,8.00413300978419,10.32766342163086
8.316372871398926,8.050774010064613,10.369563102722168
8.246832847595215,7.949166884878651,10.465505599975586
8.309935569763184,8.031117371882178,10.427730560302734
8.25084400177002,8.000569781986997,10.55113410949707
8.312614440917969,8.001492464016856,10.443304061889648
8.304533958435059,8.024606373393908,10.371784210205078
8.322776794433594,8.084795191684472,10.334744453430176
8.281188011169434,7.975326084731412,10.441085815429688
8.262482643127441,8.021012112897422,10.32363510131836
8.324625968933105,8.02002232358791,10.351310729980469
8.268441200256348,7.994962014390953,10.33403205871582
8.247692108154297,7.979435807160501,10.402763366699219
8.2576322555542,8.014170120237395,10.388916015625
8.235036849975586,7.999278001221164,10.378863334655762
8.276789665222168,7.954948299930298,10.448365211486816
8.32583999633789,8.008200713765941,10.364998817443848
8.342011451721191,8.01407362065012,10.424293518066406
8.292051315307617,7.998652427823149,10.35232162475586
8.252335548400879,7.968663483558755,10.418272018432617
8.228550910949707,7.948300327340673,10.34503173828125
8.246478080749512,7.973994866878326,10.37175178527832
8.226165771484375,7.956774878315628,10.468390464782715
8.306551933288574,8.001876798159044,10.390716552734375
8.280412673950195,7.985738886287436,10.346052169799805
8.271917343139648,7.9577944174275865,10.419421195983887
8.258246421813965,7.98753249685147,10.365653991699219
8.279458999633789,8.004150565281243,10.413393020629883
8.267352104187012,8.008547546807677,10.361536979675293
8.23946475982666,7.952183438032598,10.450669288635254
8.27359676361084,7.983063640472079,10.47294807434082
8.300572395324707,7.991327677454267,10.27375602722168
8.269027709960938,7.983634492748283,10.346354484558105
8.266398429870605,7.985225335462019,10.414305686950684
8.234700202941895,7.960590897327555,10.314542770385742
8.23264217376709,7.995255670543494,10.343464851379395
8.190896987915039,7.938806034824146,10.368210792541504
8.29177188873291,7.993959122703278,10.398478507995605
8.248236656188965,7.967358167449545,10.364303588867188
8.240072250366211,7.976992982073821,10.375856399536133
8.239781379699707,8.00636801579302,10.448833465576172
8.22385025024414,7.915564883699907,10.408101081848145
8.2677583694458,7.982483081186989,10.362202644348145
8.215092658996582,7.964172123731779,10.365459442138672
8.24452018737793,7.969255575411288,10.395122528076172
8.257977485656738,7.975712613568509,10.357915878295898
8.264461517333984,8.048744043235533,10.358543395996094
8.213590621948242,7.927525899938441,10.28150463104248
8.341465950012207,8.025296166406147,10.423741340637207
8.215954780578613,7.966483348481622,10.40888786315918
8.250946998596191,7.978659001112517,10.257634162902832
8.210493087768555,7.9672798328101635,10.35129451751709
8.202885627746582,8.033982039828386,10.304408073425293
8.2069730758667,7.99575739460332,10.419001579284668
8.269355773925781,8.012566205147387,10.33400821685791
8.207415580749512,8.05262469014685,10.353049278259277
8.206962585449219,7.924427242750036,10.327617645263672
8.2228422164917,7.955079957876089,10.376301765441895
8.229924201965332,8.006093110223967,10.342842102050781
8.194634437561035,7.992963194348183,10.362890243530273
8.210522651672363,8.00247991008551,10.295402526855469
8.191619873046875,7.973630759964831,10.323074340820312
8.200642585754395,7.936613591055252,10.347900390625
8.17055606842041,7.98678640329412,10.366347312927246
8.239519119262695,7.938102009007707,10.421188354492188
8.24785327911377,7.994327310871865,10.34398078918457
8.23911190032959,8.011151607913364,10.398550033569336
8.246175765991211,7.9634391836755505,10.479293823242188
8.201997756958008,7.937047946632706,10.397087097167969
8.208198547363281,7.8949068465070535,10.367986679077148
8.23208999633789,7.990691694597315,10.281326293945312
8.164101600646973,7.933769903478346,10.40351390838623
8.217753410339355,7.937861245491409,10.332154273986816
8.229430198669434,7.974395130295307,10.369379043579102
8.185430526733398,7.993072696994723,10.443780899047852
8.197850227355957,7.951521128416062,10.308414459228516
8.210284233093262,7.960169642165835,10.411197662353516
8.197900772094727,7.911525236642255,10.297307968139648
8.278313636779785,7.991994199176718,10.315736770629883
8.260092735290527,7.976874973192544,10.335267066955566
8.199162483215332,7.936940001290558,10.340963363647461
8.254905700683594,8.012735400116071,10.416379928588867
8.200472831726074,7.963451537137319,10.326924324035645
8.187191009521484,7.934251855792744,10.326189041137695
8.216924667358398,7.9931743783610205,10.401185989379883
8.198003768920898,7.960090955419998,10.346220016479492
8.157708168029785,7.951853862697524,10.331461906433105
8.1899995803833,7.960960588018809,10.30671501159668
8.219953536987305,7.957736450214205,10.318599700927734
8.161372184753418,7.934390997813482,10.26383113861084
8.209753036499023,7.9810885093174875,10.374300956726074
8.156133651733398,7.928078975096078,10.281414985656738
8.177193641662598,7.9762258800744466,10.379769325256348
8.241805076599121,8.008225771398948,10.298369407653809
8.139829635620117,7.94710282858328,10.323749542236328
8.200026512145996,7.955750065656113,10.35697078704834
8.099833488464355,7.939922264278201,10.43130874633789
8.14797306060791,7.956999766806673,10.35563850402832
8.17363166809082,7.979480187741242,10.4027681350708
8.154569625854492,7.939095006390874,10.289522171020508
8.189435958862305,7.9089121359200885,10.301034927368164
8.192146301269531,7.937301614488075,10.281059265136719
8.178961753845215,7.954971332967814,10.275674819946289
8.18044662475586,7.936832786970107,10.334553718566895
8.146980285644531,7.928795393988756,10.28661060333252
8.154867172241211,7.935106597907309,10.338888168334961
8.156981468200684,7.944271006288805,10.381143569946289
8.192925453186035,7.951464339658352,10.382083892822266
8.159971237182617,7.95639866001771,10.394294738769531
8.151742935180664,7.923559693087425,10.361011505126953
8.157639503479004,7.95563229635757,10.40866756439209
8.180349349975586,7.972325993967907,10.409996032714844
8.16676139831543,7.959840156769912,10.32944107055664
8.186192512512207,7.938648902611541,10.29811954498291
8.173500061035156,7.9148714814468155,10.379782676696777
8.181473731994629,7.943464521850858,10.392757415771484
8.178677558898926,7.933962708571926,10.397141456604004
8.14924144744873,7.951237210671284,10.40674114227295
8.170140266418457,8.023926101758011,10.398832321166992
8.154162406921387,7.953087874688209,10.324291229248047
8.141425132751465,7.934387997025624,10.435407638549805
8.136859893798828,7.962389104367633,10.331716537475586
8.161393165588379,7.9585299987811595,10.363977432250977
8.129013061523438,7.945218505969803,10.313382148742676
8.147992134094238,7.992314588710932,10.322691917419434
8.14914321899414,7.976825038769416,10.3745756149292
8.070030212402344,7.885322440814759,10.400105476379395
8.201263427734375,7.97017848714521,10.29707145690918
8.110268592834473,7.933589239671295,10.448348999023438
8.11712646484375,7.889886405718114,10.374574661254883
8.081807136535645,7.894213173338877,10.249627113342285
8.143714904785156,7.959358010174973,10.43543815612793
8.171697616577148,7.95117840054445,10.395545959472656
8.130596160888672,7.894645102355364,10.375195503234863
8.113920211791992,7.896181054978765,10.30331802368164
8.108654022216797,7.965748105497498,10.393741607666016
8.138238906860352,7.920105548209644,10.318352699279785
8.11662769317627,7.9642622959800065,10.376524925231934
8.134156227111816,7.932376279894795,10.277324676513672
8.170787811279297,7.925955156429804,10.388872146606445
8.076233863830566,7.932805732458032,10.362752914428711
8.124725341796875,7.993765001418069,10.356368064880371
8.082914352416992,7.955776709497773,10.315099716186523
8.091592788696289,7.94480457296595,10.375146865844727
8.109504699707031,7.947348968957417,10.411951065063477
8.185677528381348,7.959648978530563,10.320302963256836
8.121216773986816,7.887823856402455,10.2746000289917
8.140052795410156,7.918772573283474,10.368083953857422
8.139415740966797,7.936924238190321,10.358956336975098
8.120878219604492,7.91718090565077,10.294903755187988
8.09409236907959,7.877541074662337,10.393278121948242
8.122759819030762,7.920905096955332,10.36741828918457
8.185530662536621,7.946951089027737,10.299161911010742
8.15328311920166,7.934118583366009,10.32224178314209
8.124245643615723,7.950742176035419,10.372808456420898
8.121505737304688,7.869990770571999,10.353468894958496
8.144932746887207,8.01407197846233,10.365945816040039
8.07701301574707,7.966915155760944,10.328950881958008
8.11665153503418,7.921428866518129,10.36141300201416
8.119976043701172,7.926964382308402,10.306253433227539
8.094252586364746,7.897290440276265,10.341273307800293
8.145370483398438,7.907861379873273,10.289446830749512
8.10168743133545,7.90582902267176,10.324115753173828
8.092318534851074,7.881479243714628,10.366456985473633
8.11817455291748,7.919925655437899,10.37407112121582
8.081695556640625,7.931936596287414,10.447832107543945
8.165121078491211,7.936100198421627,10.377699851989746
8.158489227294922,7.933399870226692,10.364673614501953
8.033845901489258,7.867508745319876,10.390724182128906
8.090988159179688,7.93859834516687,10.274947166442871
8.089715957641602,7.942439026531896,10.325037002563477
8.08320426940918,7.937802841454479,10.204732894897461
8.10302734375,7.919409295178151,10.266586303710938
8.079564094543457,7.923212391024988,10.316082000732422
8.042715072631836,7.88851440864216,10.353747367858887
8.109798431396484,7.895443889744845,10.373610496520996
8.113380432128906,7.890244201623967,10.37581729888916
8.148293495178223,7.981984196995784,10.410867691040039
8.049041748046875,7.909406664881057,10.398914337158203
8.037246704101562,7.870368103895869,10.345075607299805
8.049418449401855,7.847241466532328,10.269502639770508
8.082155227661133,7.895217849374083,10.402422904968262
8.07251262664795,7.896122689591721,10.369412422180176
8.049432754516602,7.836624255304091,10.270491600036621
8.060093879699707,7.908909829932131,10.312477111816406
8.018294334411621,7.888701435078734,10.313289642333984
8.060565948486328,7.861005144592906,10.228864669799805
8.041427612304688,7.91170162068946,10.309659004211426
8.057967185974121,7.920893492543006,10.403827667236328
8.109238624572754,7.904752451128194,10.309749603271484
8.064297676086426,7.838784614977028,10.378872871398926
8.092870712280273,7.903293322605481,10.290388107299805
8.084186553955078,7.905082343977743,10.351337432861328
8.103217124938965,7.9099489844271105,10.23202896118164
8.051962852478027,7.880538919208838,10.26103401184082
8.056354522705078,7.877206004623855,10.181029319763184
8.031315803527832,7.821503283555751,10.232955932617188
8.045743942260742,7.897586903634615,10.365398406982422
8.068537712097168,7.898254534030068,10.330540657043457
8.057353973388672,7.9048585676188985,10.327320098876953
8.028289794921875,7.893900294289258,10.34036636352539
8.043922424316406,7.861063189205846,10.32810115814209
8.059741020202637,7.86093178072146,10.281469345092773
8.03781509399414,7.870950159749815,10.285301208496094
7.983415126800537,7.887787807267159,10.373292922973633
8.052421569824219,7.8829641403696895,10.342062950134277
8.072148323059082,7.914388647668861,10.36563777923584
8.046791076660156,7.914928797765501,10.372640609741211
8.008889198303223,7.888249788366791,10.373784065246582
8.036349296569824,7.896006750075944,10.321094512939453
8.074824333190918,7.88035712737058,10.274153709411621
8.038493156433105,7.880919884092041,10.314308166503906
8.064568519592285,7.941306587308645,10.33630084991455
8.02707290649414,7.836420197272672,10.312832832336426
8.028938293457031,7.857483986266224,10.423776626586914
8.000910758972168,7.864542012169426,10.297148704528809
8.056788444519043,7.890197215934418,10.274275779724121
7.988306522369385,7.813116659177467,10.360563278198242
8.026897430419922,7.870638689192544,10.313940048217773
7.998819828033447,7.854216872149015,10.288437843322754
8.029452323913574,7.858541722342904,10.325969696044922
8.036556243896484,7.877999346603506,10.340208053588867
7.997218608856201,7.8016406552134345,10.275031089782715
7.979617595672607,7.859430681980614,10.279354095458984
7.995151519775391,7.8824465714528085,10.34634017944336
8.027437210083008,7.87061325473977,10.348064422607422
7.997210502624512,7.872283244339217,10.33786678314209
8.019874572753906,7.847291530675388,10.289583206176758
7.964416027069092,7.807265256963936,10.411445617675781
7.983242988586426,7.85711697964663,10.29258918762207
8.027486801147461,7.924128097847903,10.341897010803223
7.981715679168701,7.840052294910754,10.363458633422852
8.029524803161621,7.884938521277427,10.34840202331543
8.001203536987305,7.8378046772642325,10.343743324279785
7.99137544631958,7.863046877086163,10.271058082580566
8.014086723327637,7.837399944829356,10.281231880187988
8.004016876220703,7.857842859246635,10.27942180633545
8.030838012695312,7.843752152951701,10.300893783569336
7.9726128578186035,7.859672721042963,10.298063278198242
7.99678373336792,7.836618363458131,10.306514739990234
7.987585067749023,7.8306409522358855,10.228419303894043
7.967421531677246,7.836200167957161,10.343585968017578
7.977879047393799,7.857366656053013,10.313632011413574
7.973302364349365,7.797596945826497,10.3767728805542
8.049694061279297,7.888955967534068,10.33800220489502
7.958168983459473,7.809422905556858,10.285466194152832
8.01214599609375,7.849628922496256,10.309948921203613
7.987966537475586,7.865387540543452,10.247047424316406
7.978640556335449,7.853904143807345,10.380181312561035
8.001853942871094,7.837104526947119,10.412792205810547
8.034979820251465,7.897295134607702,10.328925132751465
7.972024440765381,7.8229127842600334,10.328741073608398
7.94858455657959,7.793316625358004,10.289190292358398
8.0613431930542,7.869800444559326,10.256119728088379
8.006113052368164,7.849017479024562,10.367955207824707
7.954980373382568,7.839608084210861,10.298844337463379
7.961334228515625,7.8121401379217525,10.385848045349121
7.975142955780029,7.860148104839027,10.294397354125977
8.01583480834961,7.8577033939239165,10.406414031982422
7.972695827484131,7.835838149800631,10.244384765625
7.929150104522705,7.800435469984742,10.268881797790527
7.966775417327881,7.8369970469669035,10.308845520019531
7.966465473175049,7.818910678283179,10.338757514953613
7.93818998336792,7.803009773405003,10.277131080627441
8.014413833618164,7.83119597289312,10.332054138183594
7.962555408477783,7.840021264074105,10.14307975769043
7.962613582611084,7.8184498514580945,10.364941596984863
7.915038585662842,7.793851384094783,10.2014799118042
7.894037246704102,7.765823674654323,10.355865478515625
7.967718601226807,7.855103218096441,10.164511680603027
7.953372478485107,7.812068307439663,10.28917407989502
7.942835807800293,7.811829259353024,10.240653038024902
7.991392612457275,7.818358326064689,10.255773544311523
7.930804252624512,7.839210817956233,10.24355411529541
7.995161056518555,7.866420769132674,10.265532493591309
7.9358038902282715,7.806445045263639,10.261162757873535
7.967522144317627,7.825629786288898,10.206012725830078
7.958284854888916,7.842786141039271,10.198196411132812
7.900181293487549,7.777331882156432,10.231379508972168
7.941953182220459,7.8629966223213295,10.272287368774414
7.9075188636779785,7.813118369983775,10.275218963623047
7.956816673278809,7.8410021793762485,10.236201286315918
7.9560699462890625,7.7934981211354675,10.345731735229492
7.9289937019348145,7.797373208117539,10.183308601379395
7.9114203453063965,7.828117137043071,10.350963592529297
7.91196870803833,7.7928794257875005,10.229585647583008
7.9310622215271,7.8099861969905255,10.259613037109375
7.937094211578369,7.77645268138232,10.202556610107422
7.949463844299316,7.80423607803615,10.236978530883789
7.934921741485596,7.815088430951748,10.357784271240234
7.966473579406738,7.817771611169779,10.288986206054688
7.896355628967285,7.804161617366065,10.228436470031738
7.909590721130371,7.764345398272521,10.325157165527344
7.910256862640381,7.797383993365137,10.211795806884766
7.866540908813477,7.734719564040591,10.310561180114746
7.8969526290893555,7.789179687687595,10.26677417755127
7.905452251434326,7.76419945437062,10.28776741027832
7.950566291809082,7.837935285110559,10.247821807861328
7.888561248779297,7.808836936551545,10.273180961608887
7.934403419494629,7.8656781260922015,10.236087799072266
7.895219326019287,7.7894067467256844,10.342223167419434
7.917730331420898,7.773128898115829,10.252954483032227
7.9236650466918945,7.799019379308447,10.165292739868164
7.913865566253662,7.783104898008917,10.270544052124023
7.859330177307129,7.799655296440635,10.228290557861328
7.867430210113525,7.753957927626158,10.185733795166016
7.865993022918701,7.758326210347669,10.294042587280273
7.888106822967529,7.746333410231662,10.338639259338379
7.8613996505737305,7.74823177532692,10.278968811035156
7.916822910308838,7.779389716851126,10.225305557250977
7.896739959716797,7.777843656417515,10.304121017456055
7.895261764526367,7.866654420071947,10.184795379638672
7.891320705413818,7.788915767168095,10.26436710357666
7.988536834716797,7.855296956175671,10.24924373626709
7.880207061767578,7.714146526862999,10.305410385131836
7.8835577964782715,7.779005139999624,10.299738883972168
7.855223655700684,7.8156094089416515,10.261101722717285
7.856786727905273,7.783449787280656,10.286876678466797
7.8459930419921875,7.742758681897872,10.170475006103516
7.876640319824219,7.7868520371682415,10.305191040039062
7.863638401031494,7.792473788672526,10.313343048095703
7.920509338378906,7.786964590594705,10.239450454711914
7.83296012878418,7.801984791743703,10.250139236450195
7.884127616882324,7.771535545753847,10.21279239654541
7.883078098297119,7.725062259073768,10.331021308898926
7.859724521636963,7.739870091434568,10.354392051696777
7.860197067260742,7.76597498533582,10.230491638183594
7.832690715789795,7.751185556674111,10.265861511230469
7.834597110748291,7.70375534865473,10.209367752075195
7.820690155029297,7.7416562054505835,10.26867961883545
7.801911354064941,7.7290782876246205,10.297526359558105
7.882881164550781,7.793975046170608,10.216153144836426
7.851754188537598,7.722004801301019,10.275218963623047
7.867951393127441,7.736400246354087,10.170631408691406
7.820367336273193,7.765182022936642,10.325230598449707
7.834634780883789,7.780418034642935,10.271698951721191
7.848390579223633,7.774547305091151,10.23200511932373
7.846834182739258,7.728019483952917,10.282285690307617
7.864234924316406,7.788310122243794,10.263372421264648
7.826562881469727,7.684791187290102,10.170722007751465
7.840742588043213,7.734345589864201,10.191364288330078
7.832205772399902,7.730388813186437,10.249551773071289
7.8491716384887695,7.746883060317486,10.345418930053711
7.856154441833496,7.7327211808546314,10.247461318969727
7.8157057762146,7.766166817463402,10.28774642944336
7.805344104766846,7.766531830420718,10.25493335723877
7.8228230476379395,7.750308406838615,10.292112350463867
7.815242767333984,7.723821766874089,10.28190803527832
7.801207542419434,7.680589390985135,10.267149925231934
7.859951972961426,7.7125168544839005,10.280566215515137
7.864413261413574,7.759239692606831,10.228074073791504
7.816422462463379,7.706892721454746,10.208761215209961
7.824446201324463,7.73658054381875,10.221073150634766
7.822258472442627,7.7631914899351875,10.255401611328125
7.792815208435059,7.738814551649349,10.247823715209961
7.798398017883301,7.6876438749355405,10.205557823181152
7.835232734680176,7.719442503659852,10.285700798034668
7.774834632873535,7.746861343172247,10.229788780212402
7.807492733001709,7.697285634132901,10.25643539428711
7.797021865844727,7.697336378939715,10.266242027282715
7.807817459106445,7.664032435011384,10.2194242477417
7.80910062789917,7.736293535480009,10.128844261169434
7.792994976043701,7.729543536701905,10.265554428100586
7.790966510772705,7.7337428052643595,10.239677429199219
7.817533493041992,7.720052777955841,10.1922607421875
7.81650447845459,7.738617265962862,10.263368606567383
7.766335487365723,7.6746333861124825,10.274852752685547
7.798321723937988,7.679276518656739,10.193851470947266
7.762136936187744,7.673503493690598,10.261495590209961
7.761623859405518,7.699413550186104,10.186101913452148
7.779362201690674,7.705661579467623,10.15659236907959
7.810906887054443,7.712983795441687,10.268715858459473
7.776731014251709,7.7115139643262545,10.264484405517578
7.773038864135742,7.671957361744717,10.2667875289917
7.765588760375977,7.705032343410753,10.24970531463623
7.772212982177734,7.706213133110266,10.297525405883789
7.783687114715576,7.690375485357695,10.191564559936523
7.784223556518555,7.70283180431995,10.2693452835083
7.783755779266357,7.644736037556347,10.21910285949707
7.781673431396484,7.681825229299389,10.277170181274414
7.749292850494385,7.67152941858928,10.230037689208984
7.763731479644775,7.722873993617083,10.289310455322266
7.782549858093262,7.667169572020482,10.257511138916016
7.77598762512207,7.668302133712651,10.277986526489258
7.797817230224609,7.64518382746194,10.280987739562988
7.763071537017822,7.615671553316393,10.21635627746582
7.77284574508667,7.695470825669222,10.22885513305664
7.7552618980407715,7.677418561086856,10.29970932006836
7.77543306350708,7.69979262884174,10.19694995880127
7.775540351867676,7.666135749014626,10.264698028564453
7.759899616241455,7.627016219443509,10.271284103393555
7.754390239715576,7.668293655484117,10.216705322265625
7.734585762023926,7.669233391560349,10.24279499053955
7.713051795959473,7.65560534090868,10.247868537902832
7.75009822845459,7.681038109884996,10.249848365783691
7.762648582458496,7.711041957073446,10.343210220336914
7.727237224578857,7.637042510256704,10.171762466430664
7.73082971572876,7.665738298125299,10.210973739624023
7.743968486785889,7.638425775138395,10.269564628601074
7.760441780090332,7.7052852429582614,10.261384010314941
7.720216274261475,7.651114966953173,10.309788703918457
7.756650447845459,7.667778247235608,10.353052139282227
7.72823429107666,7.634192605968566,10.214759826660156
7.768014907836914,7.670837766424353,10.162880897521973
7.7188568115234375,7.615202315317998,10.32439136505127
7.744420051574707,7.646034698301395,10.225080490112305
7.7432756423950195,7.643397121024983,10.21464729309082
7.762402057647705,7.712372275568279,10.341998100280762
7.675881385803223,7.6088307146315595,10.213541030883789
7.730135440826416,7.627801478408011,10.194413185119629
7.71167516708374,7.646261522380103,10.248204231262207
7.746577262878418,7.63778284624485,10.249274253845215
7.697958469390869,7.626242948795802,10.170991897583008
7.7294464111328125,7.644708972291223,10.22472858428955
7.6659932136535645,7.6075054709466965,10.277667999267578
7.708764553070068,7.6140770542634915,10.266454696655273
7.672527313232422,7.612780636974743,10.218650817871094
7.693345069885254,7.644814721142342,10.292940139770508
7.7351155281066895,7.696691144157999,10.208447456359863
7.675933361053467,7.611890363407188,10.122285842895508
7.708364009857178,7.6161958672704975,10.172447204589844
7.687859058380127,7.6292455738876015,10.24152660369873
7.698988437652588,7.6134846259706785,10.228864669799805
7.690957546234131,7.641617054086446,10.25593376159668
7.701874732971191,7.6436215622816235,10.257787704467773
7.709451198577881,7.636361075066296,10.18570613861084
7.681537628173828,7.618559465810124,10.276430130004883
7.717624664306641,7.592106053372845,10.220635414123535
7.693122386932373,7.621026404368292,10.178511619567871
7.676944732666016,7.617986820837749,10.165084838867188
7.668754577636719,7.590864478111532,10.149794578552246
7.6815409660339355,7.63273965560698,10.204683303833008
7.632618427276611,7.567259683406778,10.335442543029785
7.69072151184082,7.582278615163107,10.254752159118652
7.673016548156738,7.620926410458716,10.236753463745117
7.655381679534912,7.567936972848006,10.222052574157715
7.675143718719482,7.6307988015469155,10.229141235351562
7.684939861297607,7.633582391410267,10.221759796142578
7.634230136871338,7.562884213136774,10.2445068359375
7.693169116973877,7.613518122749935,10.29991626739502
7.661804676055908,7.571142679612551,10.271656036376953
7.638738632202148,7.553966341540217,10.234564781188965
7.602062702178955,7.539750128718359,10.194379806518555
7.659654140472412,7.566371299226636,10.201316833496094
7.634829521179199,7.576269288713644,10.23552417755127
7.6328043937683105,7.540601688536949,10.169628143310547
7.629398345947266,7.580447750897811,10.237892150878906
7.615633964538574,7.577260455515769,10.201459884643555
7.640040397644043,7.571124137878153,10.220301628112793
7.629880428314209,7.587999523883419,10.150947570800781
7.6485090255737305,7.598378740384111,10.10213851928711
7.648345470428467,7.559671899569886,10.227660179138184
7.6781792640686035,7.567590061475389,10.189924240112305
7.629056930541992,7.595411247207916,10.232090950012207
7.639639854431152,7.590762810814859,10.163640975952148
7.624299049377441,7.569019471694316,10.274679183959961
7.6331467628479,7.594099121999795,10.277690887451172
7.639232635498047,7.575284490029195,10.151899337768555
7.577748775482178,7.5623434766727895,10.177875518798828
7.629730224609375,7.570650649024174,10.279573440551758
7.601593017578125,7.550516106820266,10.288591384887695
7.60580587387085,7.5114566172872275,10.249008178710938
7.580813884735107,7.535455743383085,10.276138305664062
7.598767280578613,7.553057131058138,10.25568962097168
7.6184234619140625,7.561523407697678,10.381096839904785
7.620072364807129,7.526186246391652,10.242918968200684
7.598198890686035,7.549113524312685,10.228273391723633
7.566312789916992,7.559779097858284,10.290205001831055
7.567168235778809,7.570273074454494,10.233970642089844
7.583316326141357,7.509768626818966,10.110931396484375
7.565095901489258,7.5570869981643884,10.182538986206055
7.586831092834473,7.504954402634342,10.331648826599121
7.551515579223633,7.505703523256152,10.17527961730957
7.583319664001465,7.579395458534625,10.21442699432373
7.580935955047607,7.575258138489776,10.237458229064941
7.566004276275635,7.511560545003573,10.247873306274414
7.5615644454956055,7.500945927309139,10.171865463256836
7.565672874450684,7.548999655326563,10.257331848144531
7.619091033935547,7.524177314015105,10.239675521850586
7.597848415374756,7.488189471918823,10.140874862670898
7.59876012802124,7.540139324963093,10.29322624206543
7.5613203048706055,7.508717221873146,10.27303695678711
7.590030193328857,7.529761431805257,10.260154724121094
7.594934463500977,7.499212935966041,10.307708740234375
7.574437141418457,7.534785831879291,10.200784683227539
7.525304317474365,7.508270479439358,10.262749671936035
7.569432258605957,7.497316075355879,10.200494766235352
7.589341640472412,7.513335156420778,10.207951545715332
7.558953285217285,7.545314920833334,10.27756118774414
7.55767297744751,7.493806143158249,10.206928253173828
7.543524742126465,7.476450892032258,10.231045722961426
7.5777740478515625,7.519652417561572,10.27998161315918
7.554157257080078,7.460023270487519,10.142716407775879
7.572441101074219,7.5211756408015,10.249653816223145
7.549245834350586,7.523809978971258,10.229299545288086
7.522177696228027,7.509798512328416,10.234880447387695
7.546836853027344,7.5028075739807845,10.205718994140625
7.542047500610352,7.4833999152095725,10.260759353637695
7.55344295501709,7.497520917693951,10.260149002075195
7.5498833656311035,7.431510739560638,10.158661842346191
7.50401496887207,7.483860434598422,10.247108459472656
7.5379838943481445,7.49003012159041,10.29876708984375
7.529165744781494,7.476603905537299,10.258869171142578
7.520064353942871,7.486905112596495,10.233209609985352
7.519319534301758,7.4851419871806035,10.190091133117676
7.492711067199707,7.48506365357233,10.17872428894043
7.492982864379883,7.450063758197107,10.177960395812988
7.505250453948975,7.447690087304052,10.202065467834473
7.481401443481445,7.472714382423353,10.241315841674805
7.527973175048828,7.518865368262465,10.135870933532715
7.481414318084717,7.446623753589977,10.227775573730469
7.5161519050598145,7.486945923451068,10.206348419189453
7.444667816162109,7.406934671203738,10.235664367675781
7.506923675537109,7.437126645119861,10.266997337341309
7.5429768562316895,7.448408064665273,10.248573303222656
7.503171443939209,7.479010994612639,10.187095642089844
7.519924163818359,7.497594384243712,10.291755676269531
7.493316173553467,7.445515281786875,10.305509567260742
7.451992511749268,7.380551146110521,10.239233016967773
7.5253167152404785,7.46054760602835,10.267353057861328
7.466057777404785,7.472601994905355,10.207559585571289
7.465003967285156,7.462608518078923,10.195185661315918
7.4891767501831055,7.462562794098631,10.267724990844727
7.468374729156494,7.4275499508782685,10.260492324829102
7.4654130935668945,7.4252033926480046,10.252540588378906
7.460454940795898,7.3971282394070705,10.236129760742188
7.428278923034668,7.401189980662561,10.251752853393555
7.498652458190918,7.444296566004466,10.262271881103516
7.442978858947754,7.399460282875225,10.230749130249023
7.433346271514893,7.444210151676089,10.201290130615234
7.436437606811523,7.464415518267612,10.208024978637695
7.448446273803711,7.435147838035066,10.190366744995117
7.448647499084473,7.415443384520976,10.25693416595459
7.435385704040527,7.409771071780208,10.306623458862305
7.4655656814575195,7.427767212469397,10.218663215637207
7.476756572723389,7.442386067239568,10.353006362915039
7.427093505859375,7.408759534259194,10.273974418640137
7.441807746887207,7.4240231910787,10.212987899780273
7.486039161682129,7.415083116652179,10.308589935302734
7.3988447189331055,7.415402817672916,10.227594375610352
7.457138538360596,7.428028084437496,10.237998962402344
7.4288249015808105,7.413286661895524,10.19437026977539
7.452666759490967,7.413938906509428,10.20052719116211
7.456666946411133,7.429748876219882,10.337089538574219
7.454551696777344,7.4283638310818265,10.206022262573242
7.435725212097168,7.37575497005933,10.2403564453125
7.4332051277160645,7.437781984319113,10.274255752563477
7.426869869232178,7.411093530078817,10.240124702453613
7.435756683349609,7.409132405616608,10.34364128112793
7.417040824890137,7.380057875965057,10.312723159790039
7.409909248352051,7.391164489023921,10.323996543884277
7.398789405822754,7.376510164467618,10.190912246704102
7.448641300201416,7.402285428551425,10.273101806640625
7.400631904602051,7.385705406777562,10.24874496459961
7.425485134124756,7.455013133485668,10.277289390563965
7.407431125640869,7.3622353037353605,10.217696189880371
7.40791130065918,7.4125113641577105,10.164560317993164
7.388552188873291,7.421558980563923,10.213407516479492
7.385074138641357,7.348707173618355,10.201044082641602
7.395578384399414,7.390566016414335,10.2527494430542
7.379063606262207,7.415746449792225,10.189828872680664
7.421083927154541,7.397538258428019,10.33191204071045
7.405912399291992,7.40965287167845,10.275087356567383
7.353705883026123,7.360071314864659,10.2703857421875
7.3836283683776855,7.373311690686802,10.179997444152832
7.398697376251221,7.381979405746928,10.296679496765137
7.363821029663086,7.332732661826801,10.282402992248535
7.3774495124816895,7.35063803801313,10.269203186035156
7.378478050231934,7.341561909532175,10.225247383117676
7.354249477386475,7.393083861330524,10.256553649902344
7.363516330718994,7.347427706566773,10.117281913757324
7.3831562995910645,7.346071880576866,10.16956615447998
7.348886013031006,7.330869079600753,10.247133255004883
7.364289283752441,7.368724531194728,10.158598899841309
7.348385334014893,7.347730990499257,10.175924301147461
7.340787887573242,7.364821399262707,10.309276580810547
7.3463521003723145,7.331583190409998,10.33888053894043
7.350748538970947,7.335044600335614,10.316373825073242
7.324686527252197,7.316017781517336,10.202856063842773
7.352487564086914,7.345107356152896,10.29183578491211
7.3414788246154785,7.329971143277363,10.245508193969727
7.357986927032471,7.368696740628884,10.321435928344727
7.321076393127441,7.304024860262871,10.3338623046875
7.3143534660339355,7.307424564047583,10.258308410644531
7.357065200805664,7.388219526037574,10.214612007141113
7.31981897354126,7.361534775001927,10.209117889404297
7.340177536010742,7.317872100110565,10.343684196472168
7.290249347686768,7.275222817435861,10.301619529724121
7.323940277099609,7.305874005392461,10.18871021270752
7.315390586853027,7.34684894190702,10.154180526733398
7.309374809265137,7.3399675190781375,10.199373245239258
7.323103904724121,7.271530369596024,10.269046783447266
7.330692291259766,7.32189985135171,10.201736450195312
7.317095756530762,7.322707715045128,10.306132316589355
7.306552886962891,7.312798516226135,10.23734188079834
7.288619518280029,7.303248941964869,10.28536605834961
7.338745594024658,7.356769341775881,10.243948936462402
7.336120128631592,7.289202427591331,10.242758750915527
7.328779697418213,7.302741068415344,10.213068962097168
7.304948806762695,7.330757658363186,10.321789741516113
7.290841579437256,7.286023532539341,10.246313095092773
7.280175685882568,7.27975283300371,10.199698448181152
7.320046901702881,7.303053613253204,10.227388381958008
7.319289207458496,7.297810127626039,10.258184432983398
7.286534786224365,7.266101650195196,10.263958930969238
7.310153961181641,7.3313282496029775,10.284759521484375
7.291781425476074,7.334766364357034,10.299554824829102
7.3209686279296875,7.337054364316697,10.199915885925293
7.273163318634033,7.287946921473901,10.273499488830566
7.260120868682861,7.266167325100729,10.296318054199219
7.27022647857666,7.307650520931929,10.296557426452637
7.28056001663208,7.343743972380512,10.252357482910156
7.250704765319824,7.2699928715093325,10.301227569580078
7.286256313323975,7.2881472126048585,10.206932067871094
7.254608154296875,7.271438326187699,10.281669616699219
7.2643914222717285,7.311342717148364,10.211666107177734
7.2353291511535645,7.275088577065618,10.137893676757812
7.2589592933654785,7.290358016200896,10.222136497497559
7.277143478393555,7.277510006546176,10.232999801635742
7.239041805267334,7.247455986050357,10.301868438720703
7.253299236297607,7.288334275196705,10.23395824432373
7.170839786529541,7.256034197452079,10.22171401977539
7.240091323852539,7.282451414469895,10.148486137390137
7.220627307891846,7.25063318409957,10.325122833251953
7.234659671783447,7.24787409520442,10.168371200561523
7.260959148406982,7.2762775290424795,10.2216157913208
7.244099140167236,7.255655229390998,10.32790756225586
7.2356414794921875,7.305086023440318,10.144342422485352
7.248961925506592,7.291143061293821,10.244771957397461
7.258967876434326,7.235990330277543,10.292455673217773
7.2542805671691895,7.248584873641708,10.231395721435547
7.206562519073486,7.28282207686321,10.188095092773438
7.2259931564331055,7.277979193720967,10.197515487670898
7.245954990386963,7.2693318586596956,10.212865829467773
7.192318916320801,7.209340479557534,10.139421463012695
7.242761135101318,7.294003681013626,10.241863250732422
7.212343215942383,7.253475724586418,10.207902908325195
7.199543476104736,7.213218049512112,10.228995323181152
7.201285362243652,7.215448414540981,10.305168151855469
7.221916675567627,7.260811308432104,10.210442543029785
7.185304164886475,7.223660102712788,10.237617492675781
7.210268974304199,7.24951919520806,10.180524826049805
7.205847263336182,7.245984817389399,10.283515930175781
7.162670612335205,7.244731401359396,10.271411895751953
7.208677768707275,7.270941196574963,10.204894065856934
7.1935906410217285,7.229141300011959,10.172212600708008
7.1929931640625,7.195448627662179,10.200661659240723
7.17500114440918,7.230111527921897,10.242033958435059
7.185575008392334,7.207092450399484,10.221418380737305
7.162083148956299,7.235081383359751,10.226423263549805
7.174817085266113,7.22676957026124,10.190164566040039
7.155529022216797,7.181343949466411,10.267731666564941
7.144338607788086,7.214149084773713,10.336580276489258
7.1672210693359375,7.2025953553883095,10.248488426208496
7.177158832550049,7.210259497465033,10.34519100189209
7.2132720947265625,7.221845128773046,10.251285552978516
7.131310939788818,7.151646908671994,10.201211929321289
7.155765056610107,7.195295407303742,10.268482208251953
7.152626037597656,7.224945236862238,10.219746589660645
7.1242475509643555,7.154110516754113,10.220856666564941
7.126830577850342,7.193105738077844,10.190372467041016
7.135531902313232,7.143957191645833,10.274127006530762
7.125387668609619,7.140895433225004,10.254890441894531
7.123448848724365,7.165796420237581,10.218409538269043
7.112022399902344,7.201127049413377,10.235939025878906
7.136582851409912,7.167944271050926,10.245365142822266
7.126435279846191,7.207996933787529,10.23386287689209
7.1059746742248535,7.177186601063502,10.226018905639648
7.1172637939453125,7.190514250359099,10.197480201721191
7.113128662109375,7.1806991876635164,10.285293579101562
7.105983257293701,7.1428242190741,10.278440475463867
7.139270305633545,7.165416250770379,10.190695762634277
7.115205764770508,7.158317311700168,10.260139465332031
7.085163593292236,7.151772731017055,10.207569122314453
7.130960941314697,7.200014208975646,10.23585319519043
7.10813570022583,7.155228062100443,10.261079788208008
7.091959476470947,7.1550403481815,10.21898365020752
7.070329666137695,7.151693294390238,10.320425033569336
7.113180160522461,7.1768997671149135,10.269672393798828
7.097282886505127,7.126083678466135,10.281676292419434
7.081141471862793,7.1563061468768865,10.245176315307617
7.093705177307129,7.155948484649084,10.300115585327148
7.086024284362793,7.133440678573347,10.243685722351074
7.0732197761535645,7.156008467477347,10.299365043640137
7.086302280426025,7.153003215191087,10.2566556930542
7.069092273712158,7.143765425941508,10.136417388916016
7.1079936027526855,7.173598316797454,10.27984619140625
7.073227405548096,7.147419715333464,10.186097145080566
7.068150520324707,7.146247043108035,10.276541709899902
7.08349084854126,7.111377114795947,10.305867195129395
7.084048748016357,7.149783849050956,10.20085334777832
7.083196640014648,7.165444836319824,10.175790786743164
7.078231334686279,7.153489591420762,10.246577262878418
7.033370018005371,7.126360886464161,10.303627967834473
7.069801330566406,7.14816048701427,10.287040710449219
7.039268493652344,7.08732159828235,10.258316993713379
7.041314125061035,7.12662830715999,10.260882377624512
7.077723503112793,7.155419345945119,10.28808879852295
7.033895015716553,7.130893084087543,10.264107704162598
7.033100605010986,7.116039085201919,10.206783294677734
7.04000997543335,7.1159710736745705,10.30664348602295
7.057924270629883,7.128263561188111,10.243824005126953
7.052366256713867,7.161414057282464,10.217761993408203
7.054487705230713,7.139465652506001,10.275604248046875
7.054676055908203,7.1675361451426784,10.199254989624023
7.0404791831970215,7.115875097324275,10.270049095153809
7.021047115325928,7.071791705076715,10.286088943481445
7.039038181304932,7.107368627330288,10.273123741149902
7.052753925323486,7.1437882931370815,10.207887649536133
7.055086135864258,7.128559210670313,10.2075777053833
7.012193202972412,7.101770391388397,10.33541202545166
7.012007236480713,7.0952516760943185,10.256492614746094
7.018038749694824,7.0673822719670305,10.218660354614258
6.996335029602051,7.116247387336832,10.158754348754883
6.9847917556762695,7.096568552644126,10.21597957611084
6.994474411010742,7.059368625349763,10.26384162902832
6.975654125213623,7.089771952047677,10.297049522399902
6.9993438720703125,7.0657906037023555,10.219498634338379
7.007297039031982,7.089964016141105,10.259553909301758
6.998751640319824,7.103593352849463,10.239008903503418
6.998170375823975,7.091050515949194,10.137584686279297
7.005899429321289,7.0960404404239465,10.245193481445312
6.981978416442871,7.081342096640063,10.194987297058105
7.010077953338623,7.103925905556285,10.296846389770508
7.004042625427246,7.080105285426336,10.178894996643066
6.994523048400879,7.086743520140382,10.244487762451172
6.99497652053833,7.096872159845329,10.27929973602295
6.966736316680908,7.043239978441437,10.22900390625
6.964189529418945,7.047129052125715,10.224282264709473
6.989211082458496,7.059619569186388,10.262685775756836
6.967065334320068,7.071513044681134,10.263495445251465
6.961668014526367,7.033280236446964,10.271923065185547
6.973204135894775,7.064369960654793,10.18674087524414
6.972763538360596,7.05310597200878,10.27430248260498
6.973638534545898,7.071933374906491,10.281074523925781
6.950906753540039,7.049496915091628,10.259374618530273
6.953007221221924,7.05221299893622,10.339459419250488
6.967506408691406,7.084869946286616,10.228150367736816
6.948338985443115,7.0512703724671155,10.186593055725098
6.969663143157959,7.0259697871349225,10.285575866699219
6.941792964935303,7.063498746903081,10.274859428405762
6.958063125610352,7.037261102914012,10.286287307739258
6.92597770690918,7.04123306337611,10.274662017822266
6.906822681427002,7.038216704968363,10.286142349243164
6.927417755126953,7.02866547677799,10.20362377166748
6.9282307624816895,7.05251893248143,10.214698791503906
6.957255840301514,7.0364808958090315,10.32137393951416
6.9063029289245605,7.015573812049946,10.235146522521973
6.873730182647705,6.982202493485862,10.262466430664062
6.933694839477539,7.034953690300296,10.255853652954102
6.903039455413818,7.042170682456344,10.338489532470703
6.910560607910156,7.032116521748581,10.246622085571289
6.908027172088623,7.025250221569357,10.347129821777344
6.943638801574707,7.075484957412949,10.299178123474121
6.919472694396973,6.979397074585514,10.256184577941895
6.929274559020996,6.9996404672108055,10.237072944641113
6.889904975891113,7.008862410938101,10.362975120544434
6.907358646392822,7.01891545392573,10.257692337036133
6.903243541717529,6.997413316309185,10.243139266967773
6.881598949432373,7.002781455770934,10.23597240447998
6.895368576049805,7.029207065202562,10.199387550354004
6.847578048706055,7.02539304939897,10.215391159057617
6.8878173828125,7.06720930011943,10.297351837158203
6.865741729736328,6.998577340206664,10.339609146118164
6.8916497230529785,7.035237093888489,10.267009735107422
6.884693145751953,7.012725576592077,10.258919715881348
6.8806471824646,7.05696648013379,10.247559547424316
6.874872207641602,6.998566106560507,10.238397598266602
6.88524055480957,6.960448203042946,10.26040267944336
6.875189304351807,6.992407040504206,10.207747459411621
6.8509979248046875,6.998581799013275,10.283224105834961
6.877784252166748,6.996534684340337,10.19294261932373
6.884149074554443,6.94645267485508,10.235377311706543
6.880825519561768,7.030648393922352,10.244841575622559
6.857007026672363,6.972653468006423,10.262443542480469
6.833324909210205,6.996831220242061,10.285086631774902
6.829842567443848,6.9845183677306135,10.228570938110352
6.867056369781494,7.0329539703338275,10.198025703430176
6.83041524887085,6.981549401002537,10.224381446838379
6.834232807159424,6.9627763103095015,10.255058288574219
6.842897891998291,6.9476868168317845,10.262048721313477
6.847569942474365,6.979943151120096,10.286890983581543
6.813867092132568,6.944335418819849,10.244575500488281
6.82370662689209,6.96225178005573,10.366789817810059
6.824158668518066,6.97929737361015,10.322763442993164
6.84043550491333,7.0190665080278585,10.319007873535156
6.824872016906738,6.950323380330311,10.31132698059082
6.808152198791504,6.978131216019392,10.230464935302734
6.816681385040283,6.967594618942323,10.26773452758789
6.835666656494141,6.981811389892495,10.21982192993164
6.777917861938477,6.912217744925459,10.242277145385742
6.827555179595947,6.926591723492103,10.280314445495605
6.808489799499512,6.932540469769654,10.278421401977539
6.7959113121032715,6.962136726028152,10.302045822143555
6.791261672973633,6.957302899864902,10.200963973999023
6.795106887817383,6.933281521645508,10.269282341003418
6.787289619445801,6.938259548208278,10.19659423828125
6.784183502197266,6.979667854628392,10.261297225952148
6.806870460510254,6.954144782353459,10.303220748901367
6.779788494110107,6.880416031560993,10.228658676147461
6.810351848602295,6.965210478952421,10.292455673217773
6.7624969482421875,6.921227729812795,10.254502296447754
6.801633834838867,6.969169823718923,10.259404182434082
6.771425247192383,6.928948666501258,10.300745010375977
6.761274814605713,6.952357404732278,10.172256469726562
6.782490253448486,6.933445546676272,10.156110763549805
6.755481243133545,6.915653032716365,10.304972648620605
6.79736328125,6.924644277763686,10.290352821350098
6.769047260284424,6.913144487954144,10.238016128540039
6.746104717254639,6.888661494611629,10.25144100189209
6.736801624298096,6.894229961725484,10.242619514465332
6.759335517883301,6.923523162624666,10.246071815490723
6.751636028289795,6.908015169768728,10.295822143554688
6.724348068237305,6.939683845665838,10.27333927154541
6.769640922546387,6.903294731496967,10.296157836914062
6.773377418518066,6.959844454025317,10.221549987792969
6.747990131378174,6.92584330824736,10.27238941192627
6.765385150909424,6.9432678256583,10.274518966674805
6.744778156280518,6.886801042594016,10.291391372680664
6.750614643096924,6.925226563986922,10.198907852172852
6.7518157958984375,6.877016008000023,10.304617881774902
6.726067066192627,6.873935794757147,10.278712272644043
6.735733985900879,6.91545806715398,10.164104461669922
6.731350898742676,6.884970694514257,10.248140335083008
6.714165210723877,6.8980277799335985,10.300082206726074
6.714729309082031,6.849526843721312,10.277591705322266
6.7187700271606445,6.9129505129531035,10.290104866027832
6.724196434020996,6.8867034056955685,10.237300872802734
6.6932053565979,6.849818484026141,10.217260360717773
6.695051670074463,6.85248069501748,10.225419044494629
6.692051410675049,6.864129749326302,10.265130996704102
6.710931777954102,6.880644668126479,10.309494018554688
6.696678161621094,6.868514981120825,10.294310569763184
6.709254264831543,6.900623182067648,10.274150848388672
6.69061279296875,6.873290130269847,10.221193313598633
6.697459697723389,6.867786011592086,10.280065536499023
6.689740180969238,6.845867206542088,10.23245906829834
6.6840596199035645,6.847927448206715,10.272930145263672
6.706142425537109,6.871826712906892,10.318827629089355
6.693412780761719,6.883882853036215,10.239760398864746
6.664824485778809,6.855281414663685,10.301861763000488
6.670466423034668,6.877325374799382,10.263145446777344
6.676337718963623,6.866418289153704,10.316258430480957
6.682955265045166,6.8690555955150305,10.150055885314941
6.684267044067383,6.851617738371714,10.202925682067871
6.6510419845581055,6.870671578350343,10.194916725158691
6.657693862915039,6.831257485086098,10.29117488861084
6.64709997177124,6.827289687037202,10.293807983398438
6.664056777954102,6.853823600835831,10.304468154907227
6.669045448303223,6.874701491856416,10.199789047241211
6.63341760635376,6.843149013617741,10.384217262268066
6.650877475738525,6.845121704407834,10.22201156616211
6.64842414855957,6.8524817133521925,10.249868392944336
6.649347305297852,6.852133878673028,10.286970138549805
6.649602890014648,6.840648461000196,10.295031547546387
6.664652347564697,6.866824921553157,10.166695594787598
6.64438533782959,6.8458766727375675,10.250982284545898
6.653132438659668,6.872115035840709,10.234856605529785
6.628997802734375,6.83397584940706,10.298179626464844
6.643249988555908,6.822369766587923,10.28253173828125
6.611071586608887,6.84152677415737,10.235410690307617
6.606818675994873,6.7733859896460284,10.301928520202637
6.6101579666137695,6.828255423843595,10.295170783996582
6.631929397583008,6.812045226804912,10.366378784179688
6.634866237640381,6.826027120130934,10.332447052001953
6.607839584350586,6.779995088465512,10.321558952331543
6.6230669021606445,6.80034675997948,10.293931007385254
6.621051788330078,6.830856750552941,10.246499061584473
6.625837326049805,6.841018706493612,10.27383804321289
6.6094465255737305,6.818995658175222,10.266156196594238
6.5926408767700195,6.799237378573578,10.235745429992676
6.600800514221191,6.799318388503576,10.266026496887207
6.589337348937988,6.780483680477897,10.265337944030762
6.598291397094727,6.802200698825931,10.274534225463867
6.5825629234313965,6.752062701054716,10.254833221435547
6.5847392082214355,6.778389285617907,10.30005931854248
6.600989818572998,6.772987902663383,10.29710578918457
6.573722839355469,6.79018917729679,10.275874137878418
6.583029270172119,6.791778970044106,10.257270812988281
6.570552825927734,6.778975435698937,10.404699325561523
6.589386463165283,6.79062323944111,10.298210144042969
6.573836326599121,6.790929765274216,10.309708595275879
6.541675090789795,6.814615244578038,10.212943077087402
6.569309711456299,6.7516992009644,10.223520278930664
6.572195053100586,6.728430977057931,10.248817443847656
6.575054168701172,6.814151305206386,10.362335205078125
6.551008224487305,6.781583082762413,10.315353393554688
6.55620813369751,6.8042660916024555,10.243509292602539
6.569101333618164,6.795812742551789,10.352977752685547
6.547684192657471,6.774438528876219,10.293664932250977
6.557069301605225,6.751716137763911,10.243337631225586
6.542067527770996,6.735667644500998,10.191791534423828
6.556125640869141,6.7890808142588615,10.233989715576172
6.536390781402588,6.747940138148676,10.225807189941406
6.522355079650879,6.751654418817322,10.286866188049316
6.5495476722717285,6.755148821477112,10.247152328491211
6.5478901863098145,6.774473611930651,10.281447410583496
6.543905735015869,6.786160232665549,10.22297477722168
6.549145698547363,6.733514696459419,10.304924964904785
6.526205539703369,6.728427708148956,10.28902530670166
6.5301666259765625,6.750540228560566,10.231367111206055
6.541840553283691,6.780450842443056,10.292852401733398
6.522441387176514,6.740974224272318,10.29050350189209
6.527820587158203,6.717910651915839,10.199172973632812
6.528382778167725,6.750687878046717,10.303013801574707
6.526939392089844,6.76386276406369,10.306502342224121
6.511059761047363,6.7159307794312815,10.30605411529541
6.506118297576904,6.724867521219753,10.236027717590332
6.513494968414307,6.722359382447654,10.19883918762207
6.496894359588623,6.788348609847681,10.204364776611328
6.49295711517334,6.7357162451704164,10.226380348205566
6.502777576446533,6.736486975236662,10.310799598693848
6.505049228668213,6.695156454308224,10.328372955322266
6.500818729400635,6.766009406785348,10.22437572479248
6.5245866775512695,6.7265222915115634,10.321773529052734
6.529755592346191,6.757831073532413,10.322159767150879
6.503509998321533,6.712254227338625,10.241769790649414
6.4876017570495605,6.755133909738755,10.291290283203125
6.50313663482666,6.778899897056233,10.270866394042969
6.47792387008667,6.73245893355592,10.226783752441406
6.496745586395264,6.730504806053692,10.258285522460938
6.495262622833252,6.727702933263831,10.193609237670898
6.488181114196777,6.704908788935947,10.253599166870117
6.455573558807373,6.654810442023778,10.236104011535645
6.467742443084717,6.702305759868718,10.28968334197998
6.441793918609619,6.656377221025259,10.275200843811035
6.454550743103027,6.710616351304842,10.315382957458496
6.467424392700195,6.728946466930211,10.191107749938965
6.479320526123047,6.727556280758498,10.264436721801758
6.460388660430908,6.7153614965999235,10.255420684814453
6.4475836753845215,6.6897950019088706,10.31678581237793
6.446794033050537,6.705036136621079,10.255695343017578
6.425399303436279,6.732470867889268,10.259136199951172
6.433809757232666,6.7073785201979,10.229776382446289
6.44677734375,6.729994204826653,10.32059097290039
6.454771995544434,6.726696831706379,10.225671768188477
6.459207057952881,6.681271424882912,10.275273323059082
6.440390586853027,6.65810564423113,10.292343139648438
6.410972595214844,6.66317449892605,10.252768516540527
6.462062835693359,6.700082355943908,10.226190567016602
6.442139625549316,6.689833671020876,10.255799293518066
6.415804862976074,6.649211799559582,10.224451065063477
6.4170942306518555,6.6618354912581195,10.247880935668945
6.427857398986816,6.7081689983273725,10.324431419372559
6.401957988739014,6.618733779427462,10.297836303710938
6.425465106964111,6.662126399377095,10.30915355682373
6.385550022125244,6.634806379110419,10.27212142944336
6.412935256958008,6.668302038052518,10.307988166809082
6.419521808624268,6.686855241523257,10.2855224609375
6.417781352996826,6.6517286236797055,10.214980125427246
6.4131550788879395,6.655754846820075,10.34304428100586
6.390361309051514,6.6778888680107364,10.280478477478027
6.387155055999756,6.663849712216427,10.270171165466309
6.391766548156738,6.664682596223429,10.315695762634277
6.410648345947266,6.679264724154823,10.292977333068848
6.3873395919799805,6.601352283032611,10.248964309692383
6.396163463592529,6.64610848958338,10.262309074401855
6.396823883056641,6.621636592350633,10.321765899658203
6.3925957679748535,6.681260326644405,10.26800537109375
6.381597995758057,6.670107058582029,10.303926467895508
6.3852763175964355,6.6175470661504985,10.206775665283203
6.389979839324951,6.647862864259099,10.236736297607422
6.397924423217773,6.649680276634172,10.270851135253906
6.365167140960693,6.6277824850486855,10.266064643859863
6.382683753967285,6.661828025044607,10.261368751525879
6.359005928039551,6.614069274161011,10.251112937927246
6.3690619468688965,6.6224438716391365,10.252408981323242
6.377228736877441,6.672600341960787,10.360118865966797
6.372776508331299,6.600568612139407,10.307147979736328
6.342013835906982,6.58889597048983,10.253583908081055
6.3531670570373535,6.629447408852034,10.285699844360352
6.35957670211792,6.6331561523423135,10.262181282043457
6.340427398681641,6.652124262082258,10.329421997070312
6.349178314208984,6.62868276251746,10.33135986328125
6.377518177032471,6.619847276081731,10.251483917236328
6.363989353179932,6.608697896091533,10.255355834960938
6.354124546051025,6.619358753685706,10.252798080444336
6.333705425262451,6.59606216465389,10.243895530700684
6.356846809387207,6.606172674135971,10.276808738708496
6.3430023193359375,6.6083547587373435,10.270108222961426
6.317383766174316,6.6143385206814855,10.219724655151367
6.338778972625732,6.5922217802809815,10.226133346557617
6.334693431854248,6.605605049624241,10.294490814208984
6.322318077087402,6.556142561969214,10.267403602600098
6.34584379196167,6.614432293921709,10.270254135131836
6.319629669189453,6.564090189291164,10.319964408874512
6.3275604248046875,6.602370641992561,10.22236156463623
6.337309837341309,6.60382136143744,10.258397102355957
6.299642086029053,6.5615114573655395,10.24959659576416
6.330523490905762,6.6102591090103875,10.32610034942627
6.296228885650635,6.614655794176672,10.346749305725098
6.303171157836914,6.597597991947882,10.278436660766602
6.32436990737915,6.590243088646925,10.229559898376465
6.31405782699585,6.55765536826636,10.201140403747559
6.302148818969727,6.6006976839354525,10.240995407104492
6.304263114929199,6.5619140024563025,10.211360931396484
6.303305149078369,6.613241925902132,10.225542068481445
6.324150562286377,6.566900527570397,10.167821884155273
6.303563117980957,6.526538601278194,10.225354194641113
6.32069730758667,6.575876832873162,10.199440956115723
6.303325653076172,6.581784206309489,10.335907936096191
6.30945348739624,6.614263255880879,10.211634635925293
6.30702543258667,6.548973220600081,10.324926376342773
6.280989646911621,6.561823744692707,10.280590057373047
6.286561012268066,6.567498265632561,10.39342975616455
6.275765895843506,6.570730404329619,10.208114624023438
6.2812113761901855,6.583154598384032,10.303346633911133
6.2717061042785645,6.541980642259919,10.308082580566406
6.248342037200928,6.576636138638215,10.287798881530762
6.282093524932861,6.577799284963737,10.245979309082031
6.262808799743652,6.547403536038473,10.282634735107422
6.264932155609131,6.562276357518774,10.296648025512695
6.249258041381836,6.580288812651165,10.252830505371094
6.268177509307861,6.565877425484359,10.249759674072266
6.2629075050354,6.513165082250321,10.196659088134766
6.263943672180176,6.550928586029581,10.233711242675781
6.2646589279174805,6.578094422185261,10.179136276245117
6.2514801025390625,6.565558650264783,10.341913223266602
6.238258361816406,6.564210628192606,10.241893768310547
6.240042209625244,6.554328552713351,10.306045532226562
6.238929271697998,6.523994556062721,10.262496948242188
6.2391133308410645,6.5738291113770435,10.308393478393555
6.256069660186768,6.582602399501151,10.363565444946289
6.245988845825195,6.557973728448685,10.238740921020508
6.233234405517578,6.507795134692319,10.295221328735352
6.228180885314941,6.4884492560023705,10.236223220825195
6.2287492752075195,6.516508840955794,10.27434253692627
6.224868297576904,6.530131492098528,10.20329475402832
6.237274169921875,6.508075146303911,10.376834869384766
6.20485782623291,6.540622102628862,10.29985523223877
6.217226982116699,6.527270926761307,10.161370277404785
6.196821689605713,6.539276280407129,10.249597549438477
6.238081932067871,6.543019869963506,10.278326034545898
6.217415809631348,6.543449827270316,10.278059005737305
6.199089527130127,6.543600412883929,10.264962196350098
6.207640171051025,6.506348792496803,10.235048294067383
6.228767395019531,6.543089432442295,10.223091125488281
6.195549011230469,6.54650855410312,10.240201950073242
6.193720817565918,6.4910929762159615,10.269525527954102
6.204623699188232,6.530996918179361,10.234357833862305
6.211436748504639,6.523704112075003,10.22413158416748
6.202028751373291,6.5408733344769905,10.289133071899414
6.2131147384643555,6.505442853684404,10.254070281982422
6.2058329582214355,6.507132431824825,10.306634902954102
6.193958759307861,6.474803793776248,10.377628326416016
6.187079429626465,6.435628587712667,10.294394493103027
6.196310520172119,6.53655001248366,10.273056030273438
6.1865692138671875,6.494640409281211,10.319299697875977
6.20912504196167,6.499218284584848,10.281244277954102
6.199818134307861,6.508711436331007,10.27816390991211
6.182730674743652,6.533025664975867,10.2110595703125
6.183948516845703,6.519737246246742,10.262706756591797
6.17014741897583,6.483597840315529,10.244460105895996
6.172361373901367,6.463910840218886,10.296157836914062
6.181134223937988,6.465220771663423,10.291040420532227
6.175614356994629,6.477362143274928,10.197734832763672
6.16404914855957,6.505151421530172,10.367073059082031
6.1694841384887695,6.500924956219802,10.329924583435059
6.156339168548584,6.444813002865494,10.281513214111328
6.175127029418945,6.467052371241152,10.295180320739746
6.1569623947143555,6.483667544122518,10.258100509643555
6.153214931488037,6.463773458264768,10.137002944946289
6.147646903991699,6.455953207432425,10.262308120727539
6.169039249420166,6.460750091820954,10.283892631530762
6.145637512207031,6.455122122374762,10.257486343383789
6.151627063751221,6.489347229478881,10.313630104064941
6.142253398895264,6.49353793759032,10.371798515319824
6.142946243286133,6.446067317621783,10.285131454467773
6.1270647048950195,6.444375155759709,10.289687156677246
6.137437343597412,6.478495632797214,10.255556106567383
6.141365051269531,6.447091558349452,10.306865692138672
6.1540327072143555,6.430333114694804,10.287565231323242
6.108527183532715,6.459955652976142,10.228292465209961
6.125065803527832,6.4606217974131654,10.230762481689453
6.121870040893555,6.4377540786684095,10.244216918945312
6.152809143066406,6.462697247375867,10.254036903381348
6.12750768661499,6.452645175391808,10.275785446166992
6.137600898742676,6.487268476248054,10.329097747802734
6.111360549926758,6.414983445046736,10.215639114379883
6.141268730163574,6.477675637130492,10.283120155334473
6.121642112731934,6.456349709802972,10.29875659942627
6.095264911651611,6.453816073713824,10.2335205078125
6.116463661193848,6.449269008290555,10.210529327392578
6.1052565574646,6.441214172668489,10.399967193603516
6.119429111480713,6.431281045744461,10.169912338256836
6.129568576812744,6.507599013192313,10.3045072555542
6.110642433166504,6.399205071086596,10.263895988464355
6.093571662902832,6.36223869983639,10.290468215942383
6.11610221862793,6.420753609189498,10.245516777038574
6.106523513793945,6.468931242557509,10.247919082641602
6.09186315536499,6.469297160660582,10.22429084777832
6.1209611892700195,6.4403406362648,10.266363143920898
6.085444450378418,6.44573458400555,10.251991271972656
6.09748649597168,6.44465723257911,10.222058296203613
6.09469747543335,6.430880053467782,10.272080421447754
6.086430549621582,6.4169915292212485,10.29165267944336
6.079744338989258,6.38926173443906,10.256316184997559
6.0638861656188965,6.452165751751247,10.221525192260742
6.077362537384033,6.443783157405311,10.254311561584473
6.0715012550354,6.467907843645662,10.323570251464844
6.072265625,6.4694337116753955,10.283992767333984
6.0665435791015625,6.388858797560844,10.329337120056152
6.075356483459473,6.441170578257048,10.287040710449219
6.0873212814331055,6.388834391554285,10.27148151397705
6.050398349761963,6.4370612869305255,10.310209274291992
6.049248695373535,6.414787484166611,10.348442077636719
6.062638759613037,6.405197036219761,10.232318878173828
6.075953483581543,6.4255830123022735,10.246047973632812
6.058566570281982,6.4209475877162605,10.355504989624023
6.046295166015625,6.413443074162517,10.24488353729248
6.06400728225708,6.377124565320888,10.270062446594238
6.045095920562744,6.416559631038191,10.390520095825195
6.067409992218018,6.378410604216956,10.219385147094727
6.071288585662842,6.433516775756807,10.21719741821289
6.041048526763916,6.408548709404255,10.327031135559082
6.048943519592285,6.369779797570248,10.248531341552734
6.052109241485596,6.418615597233709,10.318046569824219
6.058132648468018,6.409965265675314,10.292437553405762
6.042026996612549,6.401638892146625,10.296321868896484
6.058910369873047,6.399819218753172,10.317819595336914
6.023850440979004,6.356049807409622,10.224076271057129
6.014420032501221,6.385119871302907,10.341164588928223
6.059525966644287,6.39929875222567,10.367574691772461
6.028594970703125,6.400937631892572,10.275421142578125
6.026304244995117,6.402659811412118,10.314485549926758
6.030430793762207,6.4138574248645455,10.293203353881836
6.028765678405762,6.407936616700941,10.2515869140625
6.045467853546143,6.382738943211734,10.325151443481445
6.013216495513916,6.365025500500841,10.301816940307617
6.003012657165527,6.3736586267727295,10.311269760131836
6.002655506134033,6.361762810864353,10.264544486999512
6.015958309173584,6.371225232624316,10.278343200683594
5.999942779541016,6.3847879460746695,10.262886047363281
6.008935451507568,6.362118816834742,10.359526634216309
6.011957168579102,6.35106585414282,10.374874114990234
5.997413635253906,6.404207397352105,10.314789772033691
6.002112865447998,6.405961893266067,10.323179244995117
6.0002288818359375,6.385483279591426,10.25420093536377
6.012707233428955,6.373563670719574,10.391098022460938
6.007372856140137,6.375840595890103,10.32516860961914
6.001583099365234,6.359780998667701,10.219075202941895
6.000840663909912,6.384096741643068,10.22740364074707
6.000278472900391,6.348629421820598,10.288381576538086
6.010237216949463,6.332352817757055,10.254722595214844
5.9769978523254395,6.350293419889307,10.326423645019531
5.976728439331055,6.364415554562584,10.224845886230469
5.982541084289551,6.3720794568237435,10.295639038085938
5.989221096038818,6.375282642032419,10.273608207702637
5.990845203399658,6.367916929635352,10.242687225341797
5.9893693923950195,6.332927280671096,10.273311614990234
6.009644031524658,6.366314629325643,10.271763801574707
5.982558727264404,6.3448715248544305,10.3079833984375
5.985726833343506,6.361717516855736,10.301322937011719
5.971785068511963,6.364756882589843,10.267454147338867
5.971310138702393,6.3449530171762625,10.264423370361328
5.9732561111450195,6.379880386604262,10.181739807128906
5.973085403442383,6.357261426281183,10.283348083496094
5.965439319610596,6.345465805481321,10.320368766784668
5.949855804443359,6.301312223243128,10.228412628173828
5.959153175354004,6.27783977612853,10.315668106079102
5.973261833190918,6.283952019742824,10.264997482299805
5.964137554168701,6.419628463319636,10.374872207641602
5.947294235229492,6.313512846860768,10.262227058410645
5.955211639404297,6.304264435145472,10.278097152709961
5.92119836807251,6.340911624287919,10.213995933532715
5.962318420410156,6.360765799580674,10.21584415435791
5.935544490814209,6.354230875748077,10.227773666381836
5.953831195831299,6.3057634894004355,10.333982467651367
5.923336029052734,6.333411967947281,10.270002365112305
5.93730354309082,6.320251910282034,10.354166984558105
5.924472808837891,6.348354558460414,10.27834415435791
5.946063995361328,6.3544817105534355,10.296865463256836
5.945427417755127,6.294287351325953,10.215517044067383
5.920747756958008,6.324676306984785,10.308359146118164
5.921118259429932,6.348908424310918,10.276890754699707
5.932736873626709,6.317351826732712,10.268095016479492
5.929040908813477,6.316151968037178,10.241044998168945
5.920551776885986,6.329455310611853,10.194013595581055
5.915952682495117,6.311957197796021,10.276286125183105
5.916423320770264,6.326582822250202,10.326931953430176
5.935860633850098,6.316343436649602,10.359062194824219
5.932938575744629,6.30355972018359,10.268901824951172
5.8978190422058105,6.322590261631246,10.260859489440918
5.9022135734558105,6.302095832868613,10.221040725708008
5.9138383865356445,6.242876191922862,10.369458198547363
5.932194709777832,6.272352738272665,10.304161071777344
5.906341552734375,6.321966170000711,10.284553527832031
5.926782131195068,6.306395611625963,10.265143394470215
5.889891147613525,6.278290363095168,10.264898300170898
5.919704914093018,6.280379494053445,10.244152069091797
5.896033763885498,6.302499577502853,10.264840126037598
5.890445709228516,6.324989606892424,10.259761810302734
5.897390842437744,6.284943367387834,10.280902862548828
5.892880439758301,6.31703202958618,10.224509239196777
5.8782196044921875,6.311905041203968,10.334222793579102
5.88375186920166,6.295820887865765,10.340462684631348
5.884647369384766,6.288186079323558,10.308473587036133
5.878451824188232,6.281264195118898,10.255380630493164
5.876708507537842,6.31274041573384,10.329906463623047
5.872793674468994,6.291393902984315,10.214173316955566
5.871125221252441,6.277058079506138,10.320093154907227
5.886466979980469,6.289907135002847,10.3632230758667
5.853614807128906,6.254608743790803,10.25311279296875
5.874023914337158,6.253831001630585,10.222049713134766
5.879786014556885,6.309381282722045,10.307061195373535
5.86676025390625,6.298750698499914,10.19125747680664
5.870173454284668,6.290809106480863,10.286605834960938
5.889893054962158,6.2877458605050505,10.277417182922363
5.876335144042969,6.26418874259772,10.31051254272461
5.857635974884033,6.248482668339941,10.306710243225098
5.8635382652282715,6.228567967989615,10.250810623168945
5.849593639373779,6.294197540929808,10.303181648254395
5.878690242767334,6.272158010430368,10.264057159423828
5.852741241455078,6.264301631400096,10.332601547241211
5.845711708068848,6.255797148781961,10.265981674194336
5.860722064971924,6.285127529708136,10.284740447998047
5.850106716156006,6.291247337158503,10.348455429077148
5.8574538230896,6.282918477630508,10.2435884475708
5.8366289138793945,6.238736983887585,10.252410888671875
5.8522844314575195,6.260959727456793,10.197092056274414
5.83781099319458,6.272499012228633,10.213766098022461
5.848780632019043,6.244429090226601,10.256988525390625
5.842214584350586,6.256180556923417,10.29098129272461
5.853720664978027,6.271233813704125,10.32569694519043
5.841427326202393,6.280031104605379,10.279273986816406
5.841104030609131,6.258479250328881,10.263527870178223
5.849183082580566,6.221630555976714,10.294695854187012
5.8033952713012695,6.227513915326979,10.32808780670166
5.820935249328613,6.236301523101117,10.328672409057617
5.8177170753479,6.255886803813545,10.27299690246582
5.818798542022705,6.2759381595865955,10.172012329101562
5.838658809661865,6.2123671719870925,10.273015022277832
5.820959091186523,6.198616793711802,10.256260871887207
5.815922737121582,6.236086721631832,10.328509330749512
5.802224159240723,6.239505921956152,10.344767570495605
5.7984619140625,6.23340417687515,10.241372108459473
5.82568883895874,6.242173992463254,10.302919387817383
5.813398361206055,6.254914002925423,10.241283416748047
5.81603479385376,6.237785389414057,10.346717834472656
5.829766750335693,6.207583734433034,10.274930953979492
5.824894428253174,6.263067365856841,10.394710540771484
5.790630340576172,6.22376089147292,10.319393157958984
5.7815046310424805,6.239071379149599,10.359901428222656
5.811330795288086,6.232789572428113,10.305453300476074
5.776745796203613,6.262704025455085,10.164125442504883
5.799166679382324,6.198060178530535,10.380637168884277
5.78554630279541,6.227274788510321,10.254877090454102
5.786125659942627,6.198816470668785,10.314836502075195
5.799407958984375,6.242620450278212,10.30404281616211
5.785648345947266,6.2244411921461245,10.264766693115234
5.788294315338135,6.216554184311203,10.25819206237793
5.786902904510498,6.22601414851046,10.302739143371582
5.766674995422363,6.231233680088605,10.252262115478516
5.781661033630371,6.201745529359739,10.236486434936523
5.769561767578125,6.21499053937649,10.212559700012207
5.795285224914551,6.242091429685908,10.295778274536133
5.763725757598877,6.229153138086466,10.336140632629395
5.787450790405273,6.208603023884019,10.29937744140625
5.773645877838135,6.18154652346857,10.269020080566406
5.785117149353027,6.199531506248085,10.317327499389648
5.781337261199951,6.234019615354815,10.313333511352539
5.79165506362915,6.210723461317165,10.275312423706055
5.783626079559326,6.238814381583195,10.266912460327148
5.796028137207031,6.232333452673629,10.248587608337402
5.745065689086914,6.19795014483056,10.297821998596191
5.758821487426758,6.198501671531371,10.285504341125488
5.773183345794678,6.226575047609264,10.364359855651855
5.76389741897583,6.188002910165648,10.221358299255371
5.755263805389404,6.222793779834839,10.39241886138916
5.749536514282227,6.151558098416509,10.354227066040039
5.759396076202393,6.199549963398438,10.297248840332031
5.746230125427246,6.228986558570925,10.28610610961914
5.750693321228027,6.180829553465759,10.320749282836914
5.747283935546875,6.186019216564351,10.22952938079834
5.748507022857666,6.215261403604278,10.344635009765625
5.715188980102539,6.167142671366621,10.286077499389648
5.770688533782959,6.1997220894055705,10.336682319641113
5.720168113708496,6.2026641593381235,10.282543182373047
5.745513439178467,6.19934721723465,10.219225883483887
5.745494842529297,6.2177296696962525,10.23381233215332
5.734686851501465,6.200375473492646,10.2893648147583
5.742736339569092,6.173377511923068,10.29651165008545
5.700181007385254,6.167364421832774,10.371660232543945
5.741683483123779,6.196428742392787,10.310221672058105
5.73484992980957,6.192889990617654,10.300027847290039
5.726750373840332,6.191249823230984,10.271079063415527
5.7122368812561035,6.180238714641226,10.236560821533203
5.709321975708008,6.212111248202356,10.321958541870117
5.692811012268066,6.187487956934741,10.211393356323242
5.720244884490967,6.166860819494885,10.20052719116211
5.729391574859619,6.155571661689984,10.252230644226074
5.710208415985107,6.133766496653801,10.301193237304688
5.701685905456543,6.175970140245877,10.354996681213379
5.704203128814697,6.150016898289322,10.316526412963867
5.729720115661621,6.191902568297727,10.357868194580078
5.721464157104492,6.172257766327156,10.243610382080078
5.712596893310547,6.139233619240779,10.313437461853027
5.7152605056762695,6.164196815873896,10.25247573852539
5.696050643920898,6.170888499789207,10.23388671875
5.700995922088623,6.152612778258377,10.232529640197754
5.681085586547852,6.151247596434716,10.260586738586426
5.690969944000244,6.164398949160906,10.238297462463379
5.695923805236816,6.173533087429989,10.332463264465332
5.68250036239624,6.183613800177617,10.1682710647583
5.695594310760498,6.157424223376438,10.233720779418945
5.694944381713867,6.170472047225173,10.298053741455078
5.684861183166504,6.136779717236225,10.339713096618652
5.683990001678467,6.182069308257528,10.212258338928223
5.682110786437988,6.171108731634116,10.211639404296875
5.6707940101623535,6.14302417971859,10.295217514038086
5.685632228851318,6.147217762523463,10.303365707397461
5.672229766845703,6.136136958708188,10.302190780639648
5.672244071960449,6.128057697987449,10.206586837768555
5.688770294189453,6.1801795859022866,10.291335105895996
5.692896366119385,6.126467101641798,10.326578140258789
5.661813735961914,6.1230660057626665,10.428659439086914
5.6694536209106445,6.174453377756955,10.214789390563965
5.676320552825928,6.137919920463381,10.181880950927734
5.650548934936523,6.105988966700222,10.301923751831055
5.671256065368652,6.130312079231122,10.20579719543457
5.6798415184021,6.140844289579296,10.313467979431152
5.643542289733887,6.126408456359059,10.256429672241211
5.655211448669434,6.147240044449323,10.251590728759766
5.660528182983398,6.145149968165372,10.311923027038574
5.662764549255371,6.131532745103219,10.31651496887207
5.676741600036621,6.138791178452915,10.299142837524414
5.650428295135498,6.1035599531273235,10.175127983093262
5.661752223968506,6.144478105441002,10.326943397521973
5.633214950561523,6.135991691844538,10.312651634216309
5.646039962768555,6.140871000542705,10.29770565032959
5.628283977508545,6.152572069084272,10.29429817199707
5.623752593994141,6.176093831092917,10.22869873046875
5.6285505294799805,6.128325055586174,10.24555492401123
5.6456828117370605,6.1044755007606,10.26176643371582
5.628067493438721,6.139317500371751,10.250213623046875
5.6339545249938965,6.101675706250327,10.239380836486816
5.629856109619141,6.151533191458189,10.238808631896973
5.6289567947387695,6.133212228172592,10.288508415222168
5.611474990844727,6.115999448113144,10.339254379272461
5.639517784118652,6.108457253713693,10.344033241271973
5.626315593719482,6.0908943981464425,10.344137191772461
5.627268314361572,6.157061819918453,10.324874877929688
5.633713245391846,6.098596468002403,10.313643455505371
5.592639923095703,6.099645317399077,10.285270690917969
5.584720611572266,6.094812262869839,10.174629211425781
5.632875442504883,6.113604739009003,10.301183700561523
5.61277961730957,6.148645907906549,10.228399276733398
5.602588176727295,6.118575828648837,10.321931838989258
5.608741760253906,6.105257484030777,10.298227310180664
5.640334129333496,6.076155013438048,10.228691101074219
5.616096496582031,6.059072022326291,10.251302719116211
5.600730895996094,6.116629339821104,10.294776916503906
5.609383583068848,6.087444948764253,10.262591361999512
5.599656105041504,6.08288211901007,10.191919326782227
5.607848644256592,6.094881252585245,10.349100112915039
5.618063449859619,6.092080811437751,10.290006637573242
5.569622993469238,6.113621422023113,10.366889953613281
5.5888752937316895,6.070526128767856,10.284038543701172
5.602383136749268,6.074447725666687,10.275703430175781
5.605891227722168,6.067021727694996,10.315193176269531
5.6068291664123535,6.088462665610547,10.313944816589355
5.61258602142334,6.113307212246582,10.288761138916016
5.602305889129639,6.091539109292041,10.303351402282715
5.582942008972168,6.079614416097424,10.245157241821289
5.588315486907959,6.0601270496845245,10.335368156433105
5.587411880493164,6.063585516664067,10.30675220489502
5.598757743835449,6.10723875858821,10.284977912902832
5.583916187286377,6.059855607870434,10.24544620513916
5.573668003082275,6.0519403486313035,10.293947219848633
5.582269668579102,6.0961698560775925,10.270094871520996
5.569009780883789,6.078997653144013,10.346640586853027
5.5629072189331055,6.092640324894871,10.315279006958008
5.582094669342041,6.113633463990742,10.314306259155273
5.551872253417969,6.093571716054742,10.25118637084961
5.567346096038818,6.088584465440364,10.215782165527344
5.5780744552612305,6.065101032245106,10.289840698242188
5.556524753570557,6.034074885205233,10.299060821533203
5.551952362060547,6.0738482760332,10.304191589355469
5.570850849151611,6.032772006067846,10.266980171203613
5.569190979003906,6.045150125931416,10.339271545410156
5.563664436340332,6.066523302379729,10.225569725036621
5.566474914550781,6.010804171807,10.355257034301758
5.558170318603516,6.077614269917831,10.316566467285156
5.570998191833496,6.059839142020792,10.340520858764648
5.559542179107666,6.064678901473859,10.20487117767334
5.565889358520508,6.0683653527272075,10.313881874084473
5.527163028717041,6.070681561083932,10.30276870727539
5.544353485107422,6.066491847458694,10.24577808380127
5.55556058883667,6.098979612579569,10.35653305053711
5.559685707092285,6.081664034098919,10.251945495605469
5.549021244049072,6.0642641230951995,10.323396682739258
5.556709289550781,6.092565294321892,10.20319652557373
5.549928188323975,6.025093025461372,10.347822189331055
5.534991264343262,6.036721365226965,10.233139991760254
5.553332328796387,6.077176134534446,10.259018898010254
5.554109573364258,6.073518432377438,10.228978157043457
5.5591349601745605,6.047815103882126,10.317285537719727
5.504483699798584,6.088947272959298,10.261877059936523
5.527773380279541,6.04415956894601,10.269917488098145
5.52725076675415,6.029860381602442,10.342551231384277
5.531994342803955,6.055248987794455,10.266022682189941
5.531322002410889,6.015203988345872,10.210066795349121
5.553493499755859,6.080012322569798,10.310958862304688
5.535312175750732,6.059848641644098,10.223247528076172
5.536439895629883,6.049076230963692,10.303257942199707
5.531096935272217,6.014094703963824,10.265796661376953
5.50682258605957,6.087170808542786,10.20778751373291
5.5180840492248535,6.084529321873561,10.267351150512695
5.497908592224121,6.024379645873394,10.330057144165039
5.497047424316406,6.074683096525924,10.246138572692871
5.523478031158447,6.040970777327726,10.288290977478027
5.510896682739258,6.057683081066769,10.302220344543457
5.484513282775879,6.027935093933983,10.335111618041992
5.522583484649658,6.035923983635647,10.321280479431152
5.505419731140137,6.01721338581826,10.266600608825684
5.500088691711426,6.040264502367271,10.29682445526123
5.504324436187744,6.001433915358835,10.26834774017334
5.487392425537109,6.0333787320913475,10.272747993469238
5.4918928146362305,6.023254360371668,10.32964038848877
5.48703670501709,6.03282937327666,10.247419357299805
5.492523193359375,6.018098323672477,10.304183959960938
5.464151859283447,6.036340755610062,10.25987720489502
5.483552932739258,5.970087156764099,10.245353698730469
5.478303909301758,6.002910233036216,10.27927303314209
5.474217891693115,6.027471483219415,10.267414093017578
5.4952073097229,5.995692758754428,10.27495002746582
5.473778247833252,6.015582653294716,10.352066993713379
5.4779510498046875,6.006827658607758,10.243756294250488
5.471066951751709,5.988977139616118,10.335254669189453
5.484167575836182,5.982702501517321,10.287858963012695
5.469751358032227,6.007642597525514,10.303803443908691
5.484394073486328,6.0086727210187485,10.298776626586914
5.4692277908325195,6.027126537336569,10.241373062133789
5.46519660949707,5.998649972224873,10.293713569641113
5.475556373596191,5.971981262688392,10.332490921020508
5.451655864715576,6.018517011244382,10.402195930480957
5.460788726806641,6.001337348982425,10.257448196411133
5.452000617980957,5.990252944807122,10.276634216308594
5.4534831047058105,6.010955731816856,10.249509811401367
5.429375648498535,6.0268946953250895,10.304300308227539
5.443085670471191,6.028646182169073,10.322942733764648
5.446342945098877,5.9863756837522875,10.287908554077148
5.472160816192627,6.0104433304430644,10.292682647705078
5.4594035148620605,6.018444420237627,10.324726104736328
5.466287612915039,5.968720594254722,10.290067672729492
5.4690399169921875,5.975532214789252,10.340764999389648
5.443315505981445,6.012017918052153,10.340364456176758
5.450860023498535,5.990251060541985,10.2478666305542
5.428982734680176,6.0433175050254375,10.232168197631836
5.437248229980469,5.985142376506701,10.318525314331055
5.442954063415527,6.003136992454529,10.297229766845703
5.458414554595947,5.968238806651374,10.277975082397461
5.442298412322998,5.976248029918809,10.355360984802246
5.4386515617370605,5.936294139296348,10.277814865112305
5.416774749755859,5.999347908987796,10.315048217773438
5.443892002105713,5.944472047666619,10.367167472839355
5.450382232666016,5.97879109026066,10.282547950744629
5.438382148742676,6.022965007062469,10.25457763671875
5.454518795013428,6.018861766305886,10.259603500366211
5.442069053649902,5.9605265921647,10.301375389099121
5.432277202606201,5.936311147075945,10.267495155334473
5.437835693359375,5.991804614197463,10.308526039123535
5.400501728057861,5.972409266812195,10.312851905822754
5.397342205047607,5.975420705242348,10.26017951965332
5.431986331939697,5.956548198891272,10.176647186279297
5.433088779449463,5.986795668756323,10.371081352233887
5.39362907409668,5.971121342553357,10.269540786743164
5.402489185333252,6.003431611195473,10.289434432983398
5.431946277618408,5.966989242771109,10.254231452941895
5.420210361480713,5.948617196275986,10.244176864624023
5.429000377655029,5.9521654762128104,10.273765563964844
5.395101547241211,5.980062256301088,10.320947647094727
5.407783508300781,5.940083793430988,10.330421447753906
5.418005466461182,5.977484606173155,10.315133094787598
5.387779235839844,5.937456370264824,10.32305908203125
5.402731895446777,5.986741720698775,10.355247497558594
5.407792091369629,5.9682308414485306,10.211715698242188
5.376041889190674,6.00432868707659,10.218989372253418
5.412988185882568,5.9883006499148905,10.270337104797363
5.416031837463379,5.95447318225966,10.267476081848145
5.415024280548096,5.928682430048607,10.245735168457031
5.382893085479736,5.989467629697175,10.301490783691406
5.400935173034668,5.951213179389015,10.204483032226562
5.4045090675354,5.930804326598134,10.277745246887207
5.391745567321777,5.959768032322504,10.326656341552734
5.361364364624023,5.940753514213221,10.235836029052734
5.370267868041992,5.944446468858846,10.270752906799316
5.39020299911499,5.999506080423349,10.297769546508789
5.360091209411621,5.967800282141459,10.33672046661377
5.374052047729492,5.95880921324715,10.350695610046387
5.381786346435547,5.921750723849983,10.302558898925781
5.336612224578857,5.95423220936209,10.216202735900879
5.384240627288818,5.973842346608373,10.258888244628906
5.373541355133057,5.907010145917801,10.282570838928223
5.384413719177246,5.961870298355019,10.372208595275879
5.3963398933410645,5.929830935517593,10.347395896911621
5.3825578689575195,5.9854111711028954,10.218216896057129
5.356529712677002,5.8804828199291865,10.318693161010742
5.360429286956787,5.902154688457293,10.217592239379883
5.358347415924072,5.9457343235678435,10.33092975616455
5.372723579406738,5.99802484000767,10.385995864868164
5.344691753387451,5.950902445674209,10.26078987121582
5.361451625823975,5.881669942322851,10.252814292907715
5.347294807434082,5.939684464130551,10.249320983886719
5.349246978759766,5.924269805861903,10.29014778137207
5.365915298461914,5.974171954273646,10.286993980407715
5.352824687957764,5.934397102233821,10.34097671508789
5.379591464996338,5.877533574289243,10.217877388000488
5.3551554679870605,5.886409351402628,10.369516372680664
5.363580703735352,5.9447927681862245,10.273296356201172
5.360143661499023,5.9195167223058105,10.328072547912598
5.323540687561035,5.926836144212368,10.284258842468262
5.331151962280273,5.91719440740001,10.269800186157227
5.350573539733887,5.863499001034402,10.222631454467773
5.358281135559082,5.957347351991173,10.352681159973145
5.316895961761475,5.927332968617391,10.286105155944824
5.353427886962891,5.91103941667825,10.237173080444336
5.334704399108887,5.928218912000635,10.364824295043945
5.337301731109619,5.891489021912483,10.337508201599121
5.335351943969727,5.956054007468213,10.336766242980957
5.315414905548096,5.928246394465012,10.243352890014648
5.325962066650391,5.914097662050543,10.263973236083984
5.332915306091309,5.923208280832374,10.28572940826416
5.3759307861328125,5.929919082006173,10.274767875671387
5.294218063354492,5.888783122978306,10.175909042358398
5.293808460235596,5.923191610291334,10.310281753540039
5.291975021362305,5.908541835445378,10.290898323059082
5.328928470611572,5.901748751290143,10.212417602539062
5.322991847991943,5.897672738846657,10.327301025390625
5.313521862030029,5.892529298218766,10.309338569641113
5.311828136444092,5.894726096186787,10.311379432678223
5.288121700286865,5.905571634648368,10.327144622802734
5.309262275695801,5.902521215246192,10.325361251831055
5.304803848266602,5.86737670752752,10.407890319824219
5.292450428009033,5.860664099820756,10.302546501159668
5.319519519805908,5.916299753290201,10.42536735534668
5.307165145874023,5.9228034009824375,10.259029388427734
5.307196617126465,5.8861764323165895,10.38352108001709
5.3001708984375,5.861982805720929,10.309215545654297
5.298041820526123,5.898239677239742,10.344047546386719
5.297827243804932,5.897347375018788,10.242111206054688
5.281036376953125,5.918127604327831,10.338467597961426
5.27877950668335,5.8569103843931645,10.210386276245117
5.291159152984619,5.888757830685271,10.266044616699219
5.290463447570801,5.93738735936183,10.262276649475098
5.295504570007324,5.920320807290929,10.308067321777344
5.296658039093018,5.891899172316438,10.23583984375
5.271068096160889,5.916387761776734,10.20737075805664
5.2933783531188965,5.851077661483681,10.34212589263916
5.284654140472412,5.907609855390287,10.283474922180176
5.2783589363098145,5.883368183093678,10.36337661743164
5.274951934814453,5.8801689632902185,10.330541610717773
5.279465198516846,5.920415060894032,10.26669692993164
5.288689136505127,5.886363480273368,10.332026481628418
5.253505706787109,5.9055885640970835,10.335227966308594
5.273974895477295,5.881184827968744,10.214925765991211
5.276954650878906,5.828565971194101,10.329270362854004
5.259697914123535,5.8704964143024485,10.299256324768066
5.283689975738525,5.903577726633688,10.341781616210938
5.276122093200684,5.9021229485515505,10.339825630187988
5.25063419342041,5.879025875624004,10.340641021728516
5.264057636260986,5.866586199628988,10.334660530090332
5.257204055786133,5.8885646140468975,10.331604957580566
5.2647881507873535,5.873606855016467,10.252054214477539
5.244716167449951,5.909764195858901,10.253114700317383
5.263213634490967,5.881242760756452,10.264528274536133
5.248501777648926,5.8856080359380165,10.35354232788086
5.260977268218994,5.881330298359639,10.270376205444336
5.241413593292236,5.901855682488531,10.326946258544922
5.261724948883057,5.8942187539235285,10.329917907714844
5.235935688018799,5.8702513593182495,10.254608154296875
5.240912437438965,5.9058933751657605,10.332096099853516
5.249419689178467,5.8595593241376,10.335334777832031
5.249995708465576,5.84256928909703,10.299589157104492
5.250273704528809,5.888566424937121,10.35383129119873
5.242125511169434,5.842175199118044,10.427478790283203
5.210851192474365,5.827217417303473,10.385690689086914
5.232632637023926,5.8007342800764095,10.293384552001953
5.2476606369018555,5.849287954791051,10.18714714050293
5.210440635681152,5.90063170772711,10.338371276855469
5.201932907104492,5.846370865657393,10.27711009979248
5.241267681121826,5.875644895181592,10.280608177185059
5.202066898345947,5.878513032304389,10.292692184448242
5.229265213012695,5.824009037975754,10.284944534301758
5.188851833343506,5.870438085370032,10.278708457946777
5.217299461364746,5.844319446843916,10.220531463623047
5.211543560028076,5.838750879912237,10.319341659545898
5.204751968383789,5.82724824361503,10.314620971679688
5.2140021324157715,5.884657977714337,10.277402877807617
5.2115983963012695,5.8732962247449905,10.322339057922363
5.214720726013184,5.837759160636258,10.290677070617676
5.210091590881348,5.850320465762966,10.213665008544922
5.233804225921631,5.839346652185278,10.33565902709961
5.222877502441406,5.881582815765537,10.318838119506836
5.2110490798950195,5.856781206426343,10.338085174560547
5.214605331420898,5.832267697301827,10.29498291015625
5.192091941833496,5.859913071717269,10.218687057495117
5.199202060699463,5.836423599926222,10.366523742675781
5.181538105010986,5.783246925266992,10.297148704528809
5.219759941101074,5.849886446526008,10.224534034729004
5.194399833679199,5.901979400743065,10.234244346618652
5.200685501098633,5.807366701341899,10.289745330810547
5.1996169090271,5.8477072088447,10.213809967041016
5.18594217300415,5.86761896624895,10.352584838867188
5.202661514282227,5.849352309380524,10.252840042114258
5.193643569946289,5.854226681902738,10.299798965454102
5.1692280769348145,5.818356807476707,10.295439720153809
5.169927597045898,5.823135749137561,10.300494194030762
5.214267253875732,5.838505165085994,10.342817306518555
5.179961204528809,5.826486827007362,10.258110046386719
5.191726207733154,5.800308483819078,10.297920227050781
5.180461406707764,5.826367624536423,10.263004302978516
5.209606647491455,5.853028571732076,10.326663970947266
5.178760051727295,5.851833895081654,10.340571403503418
5.179337978363037,5.823908965402682,10.373682975769043
5.183233737945557,5.777347967427756,10.251678466796875
5.181939601898193,5.817671773223473,10.313667297363281
5.198124885559082,5.865211054416639,10.270341873168945
5.173274040222168,5.827381296316162,10.295759201049805
5.193679332733154,5.828279817310561,10.311612129211426
5.186514377593994,5.8340518389761975,10.240476608276367
5.187154769897461,5.8569811600859145,10.320954322814941
5.187741279602051,5.832804675845961,10.339781761169434
5.1660332679748535,5.817914707087246,10.230493545532227
5.155200004577637,5.816528820266415,10.287676811218262
5.173537731170654,5.839966903906316,10.257708549499512
5.171454429626465,5.785918905366478,10.183648109436035
5.199925899505615,5.8657730419321785,10.286112785339355
5.143301010131836,5.774703667632171,10.301902770996094
5.177656650543213,5.801919928186441,10.352109909057617
5.161164283752441,5.773393269794594,10.407844543457031
5.140356063842773,5.802078321875473,10.348103523254395
5.130784034729004,5.799749875640763,10.18294906616211
5.159814834594727,5.8167676269742,10.321943283081055
5.153364181518555,5.812437046718385,10.375287055969238
5.150532245635986,5.778436219652317,10.307348251342773
5.170673847198486,5.8050103927297245,10.317448616027832
5.127808570861816,5.818572208218809,10.355603218078613
5.136882781982422,5.808516683722181,10.350019454956055
5.152610778808594,5.7627565899996895,10.263126373291016
5.1349077224731445,5.783252581488341,10.385786056518555
5.137992858886719,5.864660005617354,10.32957649230957
5.103542804718018,5.801975051739387,10.249438285827637
5.119759559631348,5.78412235272117,10.219084739685059
5.150075912475586,5.829559638996475,10.271244049072266
5.133294105529785,5.806158849404061,10.275735855102539
5.1229400634765625,5.781599113052445,10.238584518432617
5.088385105133057,5.784065651042121,10.353287696838379
5.092519283294678,5.778700909943186,10.33856201171875
5.114928722381592,5.811347649432719,10.255109786987305
5.107909679412842,5.785529275324993,10.325174331665039
5.085884094238281,5.799886284462575,10.346702575683594
5.094582557678223,5.802197039859104,10.256772994995117
5.112234592437744,5.791229375205668,10.322113037109375
5.120641231536865,5.758050954135667,10.241697311401367
5.136074542999268,5.747225890568059,10.44394302368164
5.091850280761719,5.7948063391127755,10.263898849487305
5.092911243438721,5.804196124796622,10.385431289672852
5.152888298034668,5.781525098718704,10.317440032958984
5.109734058380127,5.817704013349222,10.27947998046875
5.098698139190674,5.750614127377047,10.346139907836914
5.078312397003174,5.745023817655499,10.202722549438477
5.099708557128906,5.78706637540433,10.280344009399414
5.096198081970215,5.79126454600399,10.25035572052002
5.121441841125488,5.798451884716217,10.31904125213623
5.1242265701293945,5.798237559052983,10.292207717895508
5.073559761047363,5.775368356278965,10.303285598754883
5.0930495262146,5.777631899608033,10.288384437561035
5.084631443023682,5.775215089420921,10.346586227416992
5.113677024841309,5.762829787530271,10.356938362121582
5.082442760467529,5.796858962625265,10.292627334594727
5.114871978759766,5.793553899241878,10.274407386779785
5.104854583740234,5.768588795659265,10.271059036254883
5.077792644500732,5.780385010144008,10.282196044921875
5.071356296539307,5.821160372446425,10.335317611694336
5.072373390197754,5.768808426767854,10.326810836791992
5.085074424743652,5.7739191443127185,10.20573902130127
5.093297481536865,5.7637664127895345,10.242951393127441
5.094027996063232,5.784111225511879,10.315712928771973
5.079615592956543,5.74658249913981,10.355696678161621
5.098921775817871,5.732249230113147,10.304678916931152
5.097438812255859,5.696227639680728,10.323148727416992
5.103378772735596,5.7425258022599985,10.336063385009766
5.054271221160889,5.767256312404893,10.307607650756836
5.068215847015381,5.770801799338577,10.321152687072754
5.08944034576416,5.7187487514623045,10.338227272033691
5.067361831665039,5.741177096397482,10.297046661376953
5.081582546234131,5.7648169857649405,10.308605194091797
5.109230995178223,5.785611877583766,10.298850059509277
5.065990924835205,5.749819505094949,10.341347694396973
5.092777729034424,5.775111931708774,10.276033401489258
5.05942964553833,5.7554830703219135,10.321608543395996
5.054934024810791,5.7869907946525405,10.265159606933594
5.0511088371276855,5.785711283629229,10.335735321044922
5.077840805053711,5.721537912397514,10.36259937286377
5.084980010986328,5.730617758651664,10.22472858428955
5.015435695648193,5.7310311025274645,10.34178352355957
5.0790791511535645,5.7158490649890155,10.264359474182129
5.071420192718506,5.7363471247122755,10.269743919372559
5.034958362579346,5.736143860666614,10.26972770690918
5.027257919311523,5.7679769632273485,10.28184700012207
5.057067394256592,5.71032540716364,10.304048538208008
5.036272048950195,5.707614202983677,10.310064315795898
5.039772033691406,5.769959194785249,10.319829940795898
5.003795623779297,5.722182095316905,10.307650566101074
5.042693138122559,5.7391750621276785,10.263872146606445
5.03824520111084,5.739254322501697,10.30888843536377
5.013052940368652,5.703929156098249,10.31285285949707
5.043512344360352,5.774407859991437,10.442298889160156
5.027757167816162,5.738555708866833,10.279847145080566
5.029757499694824,5.721833314713357,10.263738632202148
5.015982151031494,5.751697694916013,10.20631217956543
5.0430779457092285,5.736916768364608,10.299427032470703
5.034618854522705,5.742314580728167,10.29652214050293
5.057757377624512,5.739611082111618,10.309211730957031
5.034666061401367,5.733455638700565,10.250896453857422
5.041405200958252,5.741516258933449,10.38734245300293
5.004424095153809,5.764152059497844,10.259766578674316
5.034702777862549,5.747566862863356,10.301021575927734
4.9914774894714355,5.693593584533249,10.359280586242676
5.018666744232178,5.744720942407315,10.284387588500977
5.048635482788086,5.718971439637244,10.251934051513672
4.993292808532715,5.726403938805951,10.250207901000977
4.982309341430664,5.679544195233445,10.284981727600098
5.054250717163086,5.745773646115725,10.337424278259277
4.997487545013428,5.688684855953658,10.357839584350586
5.020328521728516,5.747898192211454,10.248441696166992
4.999096393585205,5.718665519030765,10.291085243225098
5.008162021636963,5.714768884969609,10.236818313598633
5.00453519821167,5.73349406327387,10.275301933288574
5.007343769073486,5.730095091176086,10.275150299072266
5.03718900680542,5.698752862135214,10.309125900268555
5.042713642120361,5.687410595095051,10.285723686218262
5.008133888244629,5.680038495022537,10.32107925415039
5.0195488929748535,5.702585844722177,10.219623565673828
4.9889397621154785,5.697927786868863,10.319945335388184
4.983305931091309,5.720959517971746,10.270112037658691
5.0012407302856445,5.690852047709215,10.321513175964355
5.0184407234191895,5.739173430583572,10.320672988891602
4.998432159423828,5.717271633945139,10.293865203857422
4.982208251953125,5.671374950957086,10.310352325439453
4.975672245025635,5.7459385122638205,10.275444984436035
4.994925022125244,5.7043503900723795,10.294814109802246
4.974930286407471,5.734976875529226,10.242667198181152
4.990816593170166,5.701502457593701,10.312682151794434
4.985745429992676,5.6658181427711884,10.329556465148926
4.990241050720215,5.731416393670121,10.25863265991211
4.957077503204346,5.69440128970226,10.299498558044434
5.013757228851318,5.717465836588027,10.29400634765625
4.96063232421875,5.650273905667875,10.312878608703613
5.006062984466553,5.6704820741101045,10.34290599822998
4.976572036743164,5.715991498603087,10.298759460449219
4.968986988067627,5.702466694072688,10.23940372467041
4.960608959197998,5.642577270544799,10.355632781982422
4.984800338745117,5.682192092229212,10.363421440124512
4.952547073364258,5.721639779130262,10.221080780029297
4.997424602508545,5.765136369836649,10.283618927001953
4.982260704040527,5.734079710473972,10.286884307861328
4.943121910095215,5.733286758119772,10.352485656738281
4.994312286376953,5.666376659646631,10.299812316894531
4.945189476013184,5.664521091916997,10.405731201171875
4.970288276672363,5.6776107197095245,10.313849449157715
4.980010986328125,5.70131921099632,10.384462356567383
4.966544151306152,5.6401488611341595,10.290292739868164
4.952871799468994,5.6713085510834516,10.236103057861328
4.948596954345703,5.715992635215766,10.355743408203125
4.945964813232422,5.699564195171531,10.381500244140625
4.914706230163574,5.655833217980607,10.316343307495117
4.959805965423584,5.682111749990976,10.202980041503906
4.984569072723389,5.700546012359804,10.265327453613281
4.944997787475586,5.674938741106805,10.306406021118164
4.92236328125,5.713502784658756,10.27566909790039
4.9569292068481445,5.651324039690994,10.345355033874512
4.948408126831055,5.64512663966577,10.331945419311523
4.931106090545654,5.696526520619435,10.334383964538574
4.96365213394165,5.693768759191568,10.220120429992676
4.945765495300293,5.712481126521848,10.278380393981934
4.935102939605713,5.666097671891164,10.287862777709961
4.93280029296875,5.698894568053739,10.291396141052246
4.943037509918213,5.645254523859227,10.2525634765625
4.94989013671875,5.675861840901365,10.30942440032959
4.929955959320068,5.687258095247671,10.262596130371094
4.888591289520264,5.649369015790788,10.421804428100586
4.8954176902771,5.704693594282227,10.282586097717285
4.904903411865234,5.64394765077824,10.348624229431152
4.900057315826416,5.687166536492961,10.453909873962402
4.903022766113281,5.669510986290073,10.37957763671875
4.901784896850586,5.633500285114029,10.303302764892578
4.901169300079346,5.6685804507828195,10.320104598999023
4.919858932495117,5.66065751169143,10.224893569946289
4.906803607940674,5.672188178702657,10.339716911315918
4.853301048278809,5.678421255799808,10.253830909729004
4.909265041351318,5.661793191152226,10.312482833862305
4.941329479217529,5.680399293878249,10.282109260559082
4.912802219390869,5.650026518552165,10.32505989074707
4.905531406402588,5.660638595332525,10.370144844055176
4.909090995788574,5.608329269702414,10.295016288757324
4.952617168426514,5.688674831829433,10.236734390258789
4.938740253448486,5.683786148604538,10.284339904785156
4.875361919403076,5.6785382041707635,10.349087715148926
4.871945381164551,5.643829740118235,10.312849044799805
4.934144496917725,5.655290648707055,10.192719459533691
4.895108222961426,5.702813660260289,10.350976943969727
4.890697479248047,5.670665135906478,10.370797157287598
4.898601531982422,5.639993920689449,10.351994514465332
4.897761344909668,5.656532860494085,10.383663177490234
4.899734020233154,5.677106599556281,10.38260269165039
4.894395351409912,5.625526803346085,10.278153419494629
4.845345497131348,5.665740111277306,10.354362487792969
4.8503851890563965,5.651540314046932,10.368484497070312
4.88757848739624,5.677208991421919,10.351329803466797
4.89882755279541,5.649940290421779,10.349506378173828
4.902444839477539,5.651299150228234,10.27846622467041
4.864503860473633,5.660465248361497,10.305644989013672
4.857306957244873,5.680625807061525,10.265357971191406
4.838314533233643,5.662177599268034,10.34257984161377
4.8950910568237305,5.645887181761541,10.259908676147461
4.878679275512695,5.64506993775389,10.308387756347656
4.8545918464660645,5.635853808672566,10.33868408203125
4.880953311920166,5.597296776449574,10.273719787597656
4.8645548820495605,5.607257012344364,10.313472747802734
4.899044036865234,5.654964921397291,10.424626350402832
4.852252006530762,5.683216422031234,10.317814826965332
4.884786128997803,5.657221857358568,10.30742073059082
4.854323387145996,5.602603943087161,10.236844062805176
4.850675106048584,5.638253420824185,10.414905548095703
4.855163097381592,5.608354417307835,10.250703811645508
4.858187675476074,5.629480315372348,10.350947380065918
4.873465538024902,5.634828877568777,10.248265266418457
4.8754119873046875,5.646432481074172,10.320902824401855
4.86201286315918,5.6367349484270175,10.243289947509766
4.838831424713135,5.591203534077587,10.318513870239258
4.881210803985596,5.610394434571,10.315092086791992
4.873880863189697,5.630187359971127,10.290311813354492
4.878185272216797,5.596923740347848,10.230408668518066
4.850820064544678,5.62849708563382,10.383779525756836
4.8503804206848145,5.638303453767938,10.32830810546875
4.809595108032227,5.601041250196951,10.384364128112793
4.8583574295043945,5.610306260941018,10.304107666015625
4.855678081512451,5.593375052824351,10.36013412475586
4.854365348815918,5.590887855372524,10.305394172668457
4.867775917053223,5.638148974760302,10.257638931274414
4.847936153411865,5.65527515751975,10.329041481018066
4.81838846206665,5.625182302435861,10.342998504638672
4.805602073669434,5.621787436971707,10.395112991333008
4.822150707244873,5.595908985672785,10.255550384521484
4.850878715515137,5.660968836862594,10.318222045898438
4.807109832763672,5.626764177976709,10.291022300720215
4.788965225219727,5.627933412557468,10.353516578674316
4.8386054039001465,5.615019403198467,10.37127685546875
4.828893661499023,5.577298339489581,10.340958595275879
4.78566837310791,5.6111622335987965,10.3353910446167
4.818649768829346,5.577006551037941,10.32638931274414
4.822534561157227,5.603354616057393,10.36402702331543
4.819091320037842,5.637651049066334,10.312110900878906
4.876090049743652,5.646879313114499,10.297761917114258
4.813111782073975,5.629742124650095,10.381593704223633
4.8161396980285645,5.605847715333636,10.312553405761719
4.813440799713135,5.618475924877982,10.231484413146973
4.8100457191467285,5.645802746726466,10.309426307678223
4.800832748413086,5.548911325932879,10.291397094726562
4.829668045043945,5.600467563141137,10.330150604248047
4.78309440612793,5.598607720208487,10.36835765838623
4.789015769958496,5.597790708066896,10.348618507385254
4.808948993682861,5.607854290632531,10.363151550292969
4.795987129211426,5.61660841752642,10.211190223693848
4.801087856292725,5.608470203421478,10.319079399108887
4.806187152862549,5.620715665464689,10.283357620239258
4.786067962646484,5.523767586797475,10.403295516967773
4.773961544036865,5.615486291902406,10.302966117858887
4.832360744476318,5.6102479699932575,10.321234703063965
4.779822826385498,5.54034111472512,10.234256744384766
4.781195640563965,5.517840360856749,10.293076515197754
4.783205986022949,5.567470964609779,10.33670425415039
4.781208515167236,5.610947225276115,10.365599632263184
4.820072650909424,5.608558420923406,10.332093238830566
4.77445650100708,5.591873936720991,10.33476734161377
4.8065595626831055,5.543290818110108,10.310943603515625
4.801619529724121,5.5429606422715425,10.364805221557617
4.810922622680664,5.607275828785662,10.302770614624023
4.758185386657715,5.581187933849703,10.43956184387207
4.804561138153076,5.534457337676681,10.251808166503906
4.781490325927734,5.585187403618225,10.374469757080078
4.782482147216797,5.5560266203579625,10.310535430908203
4.763125419616699,5.5868162935533165,10.279062271118164
4.756376266479492,5.530250866631313,10.412393569946289
4.763421058654785,5.5909615510609,10.382298469543457
4.790627479553223,5.591776050926585,10.2860689163208
4.764760494232178,5.537283374695108,10.345015525817871
4.737730503082275,5.596564432572839,10.269933700561523
4.791740417480469,5.576421899521458,10.394258499145508
4.784980773925781,5.59241247942139,10.307963371276855
4.778530597686768,5.564980561612174,10.200706481933594
4.77471923828125,5.616415665751058,10.401010513305664
4.792386531829834,5.545805689180271,10.357744216918945
4.780309200286865,5.557591255188786,10.308621406555176
4.75985050201416,5.569743574064757,10.31212043762207
4.751157283782959,5.571055818415646,10.310277938842773
4.7456464767456055,5.549212656316481,10.218724250793457
4.789168357849121,5.598109490337915,10.324349403381348
4.7836713790893555,5.583154749258289,10.366556167602539
4.733320713043213,5.57047108091813,10.345438003540039
4.779098987579346,5.599747414600903,10.279850959777832
4.737941265106201,5.559525118076376,10.263320922851562
4.767447471618652,5.613669502881488,10.314994812011719
4.7911553382873535,5.628014070746888,10.342010498046875
4.778048038482666,5.577350565199075,10.288108825683594
4.759733200073242,5.532148753326121,10.270069122314453
4.759675025939941,5.588996964573328,10.275200843811035
4.764298915863037,5.564884292527235,10.276263236999512
4.741207122802734,5.583769043109246,10.287273406982422
4.770126819610596,5.585054891017665,10.35394287109375
4.763164043426514,5.596940054225602,10.22806167602539
4.742883205413818,5.542139344881954,10.286316871643066
4.747912406921387,5.554757271793538,10.241323471069336
4.725587368011475,5.55851036922208,10.365930557250977
4.795833587646484,5.562874208769894,10.28817367553711
4.749355792999268,5.522259275695043,10.290571212768555
4.753995418548584,5.561621936270967,10.241538047790527
4.723365306854248,5.569406243706388,10.29609489440918
4.754482269287109,5.541299354318263,10.314537048339844
4.704531192779541,5.572319853352383,10.287565231323242
4.71403169631958,5.5720517685237745,10.277690887451172
4.721236228942871,5.557032816245088,10.291109085083008
4.720523834228516,5.581592181032256,10.344391822814941
4.7114105224609375,5.574325488747229,10.309393882751465
4.723961353302002,5.55269630100312,10.384500503540039
4.736330032348633,5.5927315479077935,10.294069290161133
4.722587585449219,5.543960061456476,10.418798446655273
4.75824499130249,5.47295726207085,10.31937026977539
4.734457015991211,5.548270887262852,10.285965919494629
4.718871116638184,5.545714718223151,10.352168083190918
4.730672359466553,5.524397600442171,10.282139778137207
4.728388786315918,5.563010188019169,10.240718841552734
4.717593193054199,5.547366569483918,10.315689086914062
4.728696346282959,5.481241816787847,10.353381156921387
4.735102653503418,5.500936668565763,10.265705108642578
4.709892272949219,5.541285407762708,10.310762405395508
4.714897155761719,5.541834697759311,10.257935523986816
4.681143760681152,5.501719533731895,10.356485366821289
4.660638332366943,5.524965903156304,10.403759002685547
4.737874507904053,5.528124357108027,10.308993339538574
4.706812858581543,5.585424306336791,10.419593811035156
4.718788146972656,5.530806031044839,10.374185562133789
4.666927814483643,5.492451958358287,10.336812973022461
4.690154552459717,5.530138942346508,10.340179443359375
4.721438407897949,5.487568985238405,10.28100299835205
4.666670322418213,5.5165225953262835,10.33723258972168
4.667665481567383,5.532149815299948,10.341095924377441
4.69378662109375,5.509744349634275,10.293925285339355
4.670285224914551,5.483191458142495,10.39591121673584
4.673830032348633,5.471449835857909,10.329206466674805
4.7041707038879395,5.484929106098466,10.335672378540039
4.738366603851318,5.50376219458745,10.378556251525879
4.718454837799072,5.510278866593061,10.255242347717285
4.646170139312744,5.5249764907639465,10.270471572875977
4.727860450744629,5.5390505036339155,10.310718536376953
4.679541110992432,5.515288206149957,10.31186294555664
4.687366962432861,5.53801947230074,10.351259231567383
4.651516437530518,5.5178791347758045,10.297338485717773
4.696019649505615,5.525766374643094,10.339434623718262
4.697088241577148,5.561077568680048,10.297639846801758
4.640134811401367,5.507611921289935,10.335811614990234
4.656861782073975,5.526985327314053,10.267871856689453
4.679974555969238,5.506323070298614,10.323742866516113
4.661173343658447,5.4610759380073945,10.280230522155762
4.6602911949157715,5.528140465629154,10.407123565673828
4.679404258728027,5.522528492213627,10.273078918457031
4.675283432006836,5.515755816096705,10.316865921020508
4.696900844573975,5.461370101531169,10.268131256103516
4.645076274871826,5.527503050996789,10.264325141906738
4.668155670166016,5.506234546325037,10.302528381347656
4.651460647583008,5.549856950994581,10.364473342895508
4.666014671325684,5.525200168768476,10.325559616088867
4.6517181396484375,5.5126549176472635,10.26588249206543
4.656275272369385,5.506878114870882,10.33431339263916
4.703446865081787,5.4941906394503475,10.302639961242676
4.646297454833984,5.470447028355141,10.308753967285156
4.679361343383789,5.598667214591322,10.293701171875
4.623602867126465,5.462433556660211,10.296907424926758
4.644947052001953,5.508262781293264,10.333775520324707
4.661478519439697,5.466659440625724,10.25129222869873
4.64823055267334,5.487390117420416,10.284611701965332
4.658872604370117,5.497012697226767,10.333518981933594
4.652990341186523,5.471238945743868,10.345598220825195
4.616135597229004,5.497006781232942,10.273754119873047
4.617027282714844,5.51093987861116,10.29217529296875
4.626452445983887,5.533377737405576,10.379825592041016
4.676700592041016,5.4828903128925175,10.336043357849121
4.627904415130615,5.570019445914243,10.422181129455566
4.649991989135742,5.455572368577123,10.320277214050293
4.578891277313232,5.483212072036362,10.376911163330078
4.5931315422058105,5.491858230670914,10.353128433227539
4.60818338394165,5.519991905794346,10.308403968811035
4.640449047088623,5.472846037375607,10.342375755310059
4.611662864685059,5.4549601080361745,10.411003112792969
4.613961219787598,5.467576880473643,10.297383308410645
4.64876127243042,5.499048456982044,10.312398910522461
4.64150333404541,5.509034861078752,10.302400588989258
4.671141147613525,5.490550211630761,10.400083541870117
4.603992938995361,5.447872439499146,10.233853340148926
4.557984828948975,5.4999117191681375,10.362409591674805
4.63414192199707,5.488844394783622,10.258431434631348
4.592920303344727,5.487153044502651,10.290467262268066
4.630208492279053,5.4986915971219,10.341191291809082
4.658335208892822,5.500541909032369,10.339777946472168
4.60728645324707,5.446661969081365,10.266916275024414
4.614393711090088,5.443939085783704,10.322359085083008
4.561082363128662,5.423874141315797,10.363077163696289
4.620126724243164,5.510358126434897,10.304790496826172
4.59039831161499,5.524268699444033,10.35922908782959
4.607896327972412,5.530610668772299,10.312554359436035
4.629399299621582,5.447505337119634,10.28028392791748
4.621277809143066,5.4456705006970365,10.29062271118164
4.6283416748046875,5.5032599837120095,10.303196907043457
4.592604160308838,5.47403574335788,10.278074264526367
4.593291282653809,5.465474815540281,10.399980545043945
4.591978073120117,5.514788291683153,10.29855728149414
4.564750671386719,5.434908589082105,10.340859413146973
4.5750885009765625,5.440351283676657,10.23996639251709
4.614081382751465,5.460637899481558,10.325212478637695
4.56483793258667,5.562105258095212,10.335561752319336
4.544029712677002,5.4894443735081175,10.36285400390625
4.580488681793213,5.456270423817581,10.291150093078613
4.627490997314453,5.4440068300879965,10.348814010620117
4.591413497924805,5.485592771055444,10.314667701721191
4.581510066986084,5.48128347351615,10.358282089233398
4.573211669921875,5.5018970131807565,10.349424362182617
4.592618465423584,5.496730623833303,10.225629806518555
4.594972610473633,5.4898488181310565,10.294581413269043
4.571837902069092,5.392285807856492,10.338665962219238
4.550224781036377,5.54057322735233,10.31798267364502
4.5820698738098145,5.459553997631051,10.334480285644531
4.597363471984863,5.474179461997535,10.383151054382324
4.592978477478027,5.420838092453778,10.29226303100586
4.572845935821533,5.452764516929165,10.301885604858398
4.566463947296143,5.477889094701303,10.380718231201172
4.542440414428711,5.428559472451785,10.303823471069336
4.561435699462891,5.463104620043721,10.322224617004395
4.559266090393066,5.441637179348617,10.365586280822754
4.562336444854736,5.4317024365466615,10.362665176391602
4.565561294555664,5.4495815404557755,10.383319854736328
4.579754829406738,5.446515317108216,10.37064266204834
4.5946455001831055,5.410845537636695,10.4264497756958
4.571459770202637,5.46789024816826,10.266809463500977
4.582490921020508,5.442455737585468,10.313844680786133
4.572184085845947,5.4694622809266935,10.369834899902344
4.577286243438721,5.529002080738011,10.267477035522461
4.5635223388671875,5.421868823402162,10.34378433227539
4.559266567230225,5.445607591220842,10.325113296508789
4.5312819480896,5.439768085854927,10.231159210205078
4.494293689727783,5.412327627850963,10.346928596496582
4.547913074493408,5.421109077387622,10.306157112121582
4.493448734283447,5.449170758149453,10.311903953552246
4.583518981933594,5.48114226625434,10.291854858398438
4.594911098480225,5.442034016097231,10.23706340789795
4.565700531005859,5.407645661683221,10.327857971191406
4.5806121826171875,5.454222740040028,10.37122917175293
4.512390613555908,5.4221025533708085,10.288968086242676
4.508382320404053,5.427811588360263,10.311948776245117
4.523394584655762,5.4419103766725,10.279505729675293
4.523195266723633,5.444734666296946,10.329355239868164
4.530242443084717,5.418291832320392,10.33830451965332
4.555717468261719,5.445168925482514,10.345568656921387
4.525474548339844,5.445401396835224,10.318403244018555
4.497403621673584,5.46615570890052,10.328106880187988
4.52213716506958,5.4543313471533885,10.346206665039062
4.543523788452148,5.389606721067269,10.30964469909668
4.54367733001709,5.430419488377603,10.305232048034668
4.540370941162109,5.434290466065119,10.310121536254883
4.504817962646484,5.417848608888952,10.371474266052246
4.500141620635986,5.420149448194674,10.320725440979004
4.538900852203369,5.472744677282337,10.309247970581055
4.492617607116699,5.4124003402290075,10.307668685913086
4.530623435974121,5.45770431103717,10.375227928161621
4.547513484954834,5.413360550866596,10.31098461151123
4.5193891525268555,5.442635794502816,10.356377601623535
4.526627540588379,5.439273342756289,10.27216911315918
4.507370948791504,5.353205495015052,10.451971054077148
4.498736381530762,5.417710485635325,10.336902618408203
4.492176532745361,5.459107734296205,10.395820617675781
4.5549702644348145,5.3781367243334115,10.332857131958008
4.536948204040527,5.413649648926886,10.334050178527832
4.5366740226745605,5.4039153445046395,10.37615966796875
4.553836822509766,5.378628441598266,10.41585636138916
4.563496112823486,5.387172342610678,10.300418853759766
4.497410297393799,5.37731752009131,10.234343528747559
4.542132377624512,5.410741593855033,10.336894035339355
4.477457523345947,5.405901432170399,10.376405715942383
4.466915130615234,5.401484049557309,10.276264190673828
4.500718116760254,5.443293653262247,10.34187126159668
4.495593547821045,5.4287315681244115,10.360284805297852
4.505393981933594,5.417797866942626,10.2686185836792
4.498530387878418,5.386576787069705,10.325820922851562
4.486715316772461,5.420401460025459,10.323314666748047
4.5058135986328125,5.46011246215286,10.325955390930176
4.464694976806641,5.436111688813461,10.290806770324707
4.508289337158203,5.379808842004943,10.247968673706055
4.474238872528076,5.332190250146335,10.39667797088623
4.471652507781982,5.40128742291459,10.319064140319824
4.480710506439209,5.414430704499995,10.299718856811523
4.452143669128418,5.396736392651552,10.306876182556152
4.5030107498168945,5.43463225699296,10.408068656921387
4.463221549987793,5.412727886311975,10.359220504760742
4.505880832672119,5.393790569123147,10.255599975585938
4.4737043380737305,5.405822471848556,10.317533493041992
4.468317985534668,5.4018180983673245,10.42696762084961
4.474671363830566,5.375909726335002,10.305326461791992
4.458658218383789,5.422798057652212,10.459929466247559
4.466372489929199,5.409661856945605,10.274420738220215
4.464792251586914,5.413806541357189,10.361751556396484
4.517352104187012,5.426984885840543,10.325299263000488
4.521315574645996,5.372410808723154,10.327803611755371
4.466968059539795,5.420500714963835,10.340166091918945
4.448522090911865,5.396285086105178,10.27275562286377
4.477627277374268,5.443172635277733,10.350180625915527
4.439234733581543,5.389837727116953,10.375289916992188
4.469002723693848,5.401890045996489,10.403404235839844
4.465221881866455,5.3471562343183905,10.313455581665039
4.462862968444824,5.356578581301229,10.404964447021484
4.539026737213135,5.410849668684282,10.275634765625
4.470464706420898,5.4249194732734125,10.296051025390625
4.438343048095703,5.433076242849763,10.295223236083984
4.471405982971191,5.399375042711784,10.2977933883667
4.480081558227539,5.369739979937939,10.364989280700684
4.523047924041748,5.389371407417847,10.38132095336914
4.430083751678467,5.382474116881246,10.276745796203613
4.453174591064453,5.424379747760083,10.271172523498535
4.414883136749268,5.446492763901396,10.313274383544922
4.483003616333008,5.389170860139919,10.369743347167969
4.498208999633789,5.3860809600779,10.372613906860352
4.454686641693115,5.399182020786351,10.33221435546875
4.434738636016846,5.375720089700605,10.34478759765625
4.483395576477051,5.438591053177203,10.370818138122559
4.406625747680664,5.379212015009086,10.280250549316406
4.478751182556152,5.452015511492001,10.328936576843262
4.421463966369629,5.356760418541463,10.272915840148926
4.4579854011535645,5.3766860838846435,10.252922058105469
4.413653373718262,5.368184234448044,10.401710510253906
4.433008193969727,5.376681947847828,10.35930347442627
4.445973873138428,5.384935345999631,10.340383529663086
4.461912631988525,5.361264620175851,10.290141105651855
4.456914901733398,5.394673248254029,10.32624626159668
4.456043243408203,5.439959479961544,10.31222152709961
4.3995184898376465,5.390999645260827,10.37385082244873
4.4368438720703125,5.360050949168259,10.295774459838867
4.422488212585449,5.3925359355219245,10.302938461303711
4.4359965324401855,5.374186824840892,10.316268920898438
4.423332214355469,5.384974016375574,10.364662170410156
4.413845539093018,5.378429503279871,10.364466667175293
4.425326347351074,5.389289938478864,10.355245590209961
4.440730094909668,5.345170539970111,10.35356330871582
4.408712387084961,5.371238203286858,10.273605346679688
4.357312202453613,5.348845421469638,10.293912887573242
4.426259994506836,5.366013814096473,10.331785202026367
4.414825439453125,5.380583591792466,10.380136489868164
4.412022590637207,5.382744499548738,10.288143157958984
4.444653034210205,5.354481850152037,10.293481826782227
4.418056964874268,5.393493270601279,10.296846389770508
4.431221961975098,5.4060875274507065,10.368278503417969
4.350998878479004,5.400505552800105,10.315467834472656
4.368327617645264,5.318586559866422,10.344974517822266
4.412966251373291,5.263782007420169,10.33984088897705
4.439382076263428,5.400559877145237,10.219332695007324
4.423020839691162,5.339130968321115,10.253101348876953
4.396730899810791,5.332885774484437,10.250370025634766
4.410278797149658,5.387066831479648,10.37952995300293
4.391541957855225,5.316537722013891,10.36992359161377
4.357710838317871,5.334972925983104,10.333069801330566
4.414840221405029,5.3990590965840966,10.261189460754395
4.3623366355896,5.39439659276312,10.289335250854492
4.3944902420043945,5.334244972593816,10.374307632446289
4.4012041091918945,5.306402878636228,10.330090522766113
4.397511959075928,5.321748586903726,10.30634880065918
4.389664649963379,5.377066785236821,10.258014678955078
4.421293258666992,5.384225475934467,10.283596992492676
4.414397716522217,5.355255251384474,10.25299072265625
4.407931327819824,5.383008547592907,10.308930397033691
4.389768123626709,5.401878374928076,10.381063461303711
4.394224166870117,5.400058937458587,10.310745239257812
4.3759613037109375,5.3593767370829095,10.288656234741211
4.426255226135254,5.342413802531414,10.340203285217285
4.373260974884033,5.374160165100226,10.271382331848145
4.36049747467041,5.38944855036347,10.290555953979492
4.405428886413574,5.374101682732413,10.364494323730469
4.389170169830322,5.375405351830913,10.295409202575684
4.369032859802246,5.368460962083191,10.298046112060547
4.393524646759033,5.324653313894357,10.318109512329102
4.395771026611328,5.376100812539724,10.305246353149414
4.378086090087891,5.369433039766071,10.378636360168457
4.376254558563232,5.353850499959663,10.28464412689209
4.308315277099609,5.335866167575919,10.369775772094727
4.368366241455078,5.299415472063369,10.281991958618164
4.3880157470703125,5.316706747315558,10.248869895935059
4.37148904800415,5.3608856173897435,10.23870849609375
4.3659844398498535,5.391471696884505,10.406515121459961
4.354465007781982,5.360593498252067,10.340036392211914
4.375598907470703,5.3606819959157805,10.319384574890137
4.37136173248291,5.306814670961883,10.339743614196777
4.3442606925964355,5.375597216388476,10.277387619018555
4.381629943847656,5.347934874506401,10.31768798828125
4.347314834594727,5.317611365246454,10.36301326751709
4.392982006072998,5.324962125359368,10.367050170898438
4.385852813720703,5.351411668317659,10.404199600219727
4.334408283233643,5.297038192528166,10.309295654296875
4.388675689697266,5.313717148266733,10.283492088317871
4.422577381134033,5.3616114462326685,10.311723709106445
4.383977890014648,5.352203779554526,10.351832389831543
4.335621356964111,5.347024143274341,10.264116287231445
4.428617477416992,5.295647432528702,10.367598533630371
4.359540939331055,5.316132561869121,10.368709564208984
4.356163501739502,5.299775414933849,10.247761726379395
4.326509475708008,5.334815719065124,10.33948802947998
4.343474864959717,5.3684675757041465,10.280041694641113
4.3420610427856445,5.323090955415474,10.314620018005371
4.3526835441589355,5.305737038774947,10.295662879943848
4.346349716186523,5.298198117874564,10.294759750366211
4.348735809326172,5.295506685040891,10.277799606323242
4.339078426361084,5.329488941967221,10.296420097351074
4.359267234802246,5.334923529631592,10.326452255249023
4.351850986480713,5.2504750676453105,10.255122184753418
4.29405403137207,5.331349479999127,10.245469093322754
4.350371837615967,5.377148017353778,10.272968292236328
4.303483963012695,5.3377030896621624,10.363504409790039
4.387659072875977,5.30308141615907,10.327047348022461
4.30326509475708,5.279340884182603,10.443363189697266
4.311895370483398,5.3202323012187005,10.27444839477539
4.326388359069824,5.309954698729728,10.34843635559082
4.300744533538818,5.286298710753077,10.327256202697754
4.34186315536499,5.318817571603826,10.328678131103516
4.326372146606445,5.274453495296517,10.38729476928711
4.344245910644531,5.345720682492746,10.279932022094727
4.315062522888184,5.3509727657573025,10.27128791809082
4.294614315032959,5.294265627229054,10.302633285522461
4.320923805236816,5.296001475171319,10.327089309692383
4.293456077575684,5.309859503991902,10.357638359069824
4.3319091796875,5.275441601573091,10.35661506652832
4.293639183044434,5.249525592828701,10.312798500061035
4.3232340812683105,5.327390870944198,10.318772315979004
4.313327789306641,5.322095203778839,10.379524230957031
4.311041831970215,5.2991750556310375,10.290807723999023
4.288706302642822,5.2821635172502805,10.330816268920898
4.337189197540283,5.311050955538771,10.36215591430664
4.3400797843933105,5.33958357778777,10.320465087890625
4.317144870758057,5.3251924655466745,10.376670837402344
4.247546195983887,5.31925018570785,10.367263793945312
4.271742343902588,5.29749905956643,10.294745445251465
4.29564094543457,5.330889340257272,10.441282272338867
4.313265323638916,5.3044559240474225,10.319466590881348
4.286066055297852,5.338641003605777,10.287410736083984
4.337814807891846,5.280245188923019,10.320711135864258
4.314670562744141,5.2860409801027615,10.26856517791748
4.287408828735352,5.3182906047441065,10.335187911987305
4.267653942108154,5.275796786017183,10.338175773620605
4.252882480621338,5.279393828507246,10.315716743469238
4.267314910888672,5.2712571846786895,10.293238639831543
4.224294185638428,5.286975791112387,10.364830017089844
4.2930006980896,5.311540783449475,10.296663284301758
4.281303882598877,5.329537521349266,10.27984619140625
4.292639255523682,5.265817706938833,10.434211730957031
4.294167995452881,5.329136204573192,10.307218551635742
4.30678129196167,5.299579244107008,10.301899909973145
4.292925834655762,5.245283761028466,10.353226661682129
4.287337303161621,5.256360703147949,10.300581932067871
4.241616249084473,5.313297251039851,10.312506675720215
4.240698337554932,5.277055593540093,10.371902465820312
4.265830993652344,5.201713808047185,10.329100608825684
4.2582879066467285,5.2726761848067065,10.333168983459473
4.335678577423096,5.292409611001078,10.354961395263672
4.273030757904053,5.228112553745242,10.31585693359375
4.206556797027588,5.242699395000402,10.32094955444336
4.2503862380981445,5.32830847101286,10.360811233520508
4.320777893066406,5.266764353528353,10.279748916625977
4.21039342880249,5.297561607257063,10.38501262664795
4.2765021324157715,5.265676367728571,10.258369445800781
4.272068977355957,5.245266370109415,10.329438209533691
4.295393466949463,5.211196054571441,10.214816093444824
4.267403602600098,5.267450790120554,10.289027214050293
4.285792827606201,5.244449382814179,10.28161334991455
4.301912307739258,5.256225908341418,10.283624649047852
4.275237083435059,5.360080423465531,10.36935806274414
4.268364429473877,5.260600883214335,10.341337203979492
4.259608745574951,5.229343184868672,10.279300689697266
4.272114276885986,5.251249347613858,10.293105125427246
4.29295539855957,5.28767870097155,10.297845840454102
4.222196102142334,5.273208624616798,10.39941120147705
4.253414630889893,5.2645556363942365,10.309057235717773
4.258728981018066,5.280462870307799,10.339073181152344
4.234701156616211,5.263997330829235,10.213817596435547
4.262497425079346,5.218526767400493,10.36117172241211
4.198274612426758,5.291442247739594,10.289007186889648
4.261421203613281,5.2700566985378305,10.212441444396973
4.238414764404297,5.272808597822275,10.340963363647461
4.236291408538818,5.200537552857505,10.36246395111084
4.297676086425781,5.278414607081296,10.35287857055664
4.235740661621094,5.223035889544657,10.352579116821289
4.2699408531188965,5.2573691617830525,10.31786823272705
4.268641948699951,5.256158477660002,10.282923698425293
4.288521766662598,5.321266306497689,10.398080825805664
4.241118431091309,5.266257644431399,10.287696838378906
4.22553825378418,5.236237066199204,10.21296215057373
4.209526062011719,5.252207386540249,10.365697860717773
4.252063274383545,5.234916637917714,10.306260108947754
4.19486141204834,5.248211630919416,10.346905708312988
4.184979438781738,5.3085397769963105,10.358226776123047
4.245889186859131,5.263446723210758,10.33655071258545
4.1861419677734375,5.186141138863085,10.335578918457031
4.213884353637695,5.245531799604318,10.32878303527832
4.236639976501465,5.259420963104016,10.368671417236328
4.257405757904053,5.270478703713577,10.372820854187012
4.190781116485596,5.18406908011197,10.232633590698242
4.219010353088379,5.212605029876744,10.304398536682129
4.222584247589111,5.222280883995284,10.290013313293457
4.224340438842773,5.225576692626679,10.326028823852539
4.203455448150635,5.202126043017156,10.31319808959961
4.240441799163818,5.275362179647865,10.265119552612305
4.2307891845703125,5.227096468709143,10.264290809631348
4.246368885040283,5.172089387064002,10.339685440063477
4.22839879989624,5.230373717445347,10.25232982635498
4.210443496704102,5.231482547574809,10.297563552856445
4.2354302406311035,5.293770918156951,10.27842903137207
4.2060322761535645,5.183243489957282,10.26266860961914
4.258429050445557,5.221568539838439,10.349452018737793
4.207788467407227,5.1925358460617375,10.368996620178223
4.244284152984619,5.264254899030284,10.299469947814941
4.25519323348999,5.2546245435784975,10.329522132873535
4.192951202392578,5.270139456393996,10.281431198120117
4.202525615692139,5.214964812654736,10.341302871704102
4.269992828369141,5.245969062172143,10.351375579833984
4.234691143035889,5.302618198030229,10.272295951843262
4.19939661026001,5.198541786355365,10.305522918701172
4.174034118652344,5.200354098608451,10.472149848937988
4.202473163604736,5.20875117824679,10.379013061523438
4.2160444259643555,5.231784095255924,10.334637641906738
4.18890905380249,5.258875960018486,10.432483673095703
4.231381416320801,5.261397711333951,10.311278343200684
4.198390960693359,5.264124762499706,10.324127197265625
4.183897495269775,5.289283656249088,10.312311172485352
4.205118656158447,5.214243637630716,10.381013870239258
4.119884490966797,5.236502051918901,10.283056259155273
4.215851306915283,5.210424941166171,10.359149932861328
4.2124552726745605,5.292048993420654,10.400105476379395
4.193243026733398,5.264806416284825,10.360145568847656
4.177352428436279,5.2134215761574785,10.193086624145508
4.194994926452637,5.225638718477317,10.353938102722168
4.194699287414551,5.250038249118786,10.378316879272461
4.1496262550354,5.3186359528585205,10.189826965332031
4.188716888427734,5.227624180560399,10.23990249633789
4.174241065979004,5.138258050561749,10.248503684997559
4.163666725158691,5.235202997756589,10.262752532958984
4.104727268218994,5.203199207816007,10.342350006103516
4.180308818817139,5.236515368933657,10.294625282287598
4.183030128479004,5.194667587755248,10.291473388671875
4.16586971282959,5.2215175037272274,10.299036979675293
4.164593696594238,5.254937919588494,10.282804489135742
4.186990737915039,5.225393231392705,10.281707763671875
4.152100563049316,5.256101599195973,10.378286361694336
4.170433044433594,5.201484164588952,10.405250549316406
4.172596454620361,5.262682469894311,10.193416595458984
4.169233322143555,5.161468852976603,10.3488130569458
4.1398515701293945,5.203734822371708,10.359235763549805
4.137570858001709,5.274654186463782,10.38542652130127
4.14762020111084,5.25724005333281,10.374275207519531
4.158339500427246,5.245371969549784,10.31310749053955
4.14193868637085,5.209676082744928,10.31765365600586
4.127686023712158,5.208030779446874,10.334551811218262
4.1060662269592285,5.190510358594891,10.304457664489746
4.18140172958374,5.232877270850753,10.306921005249023
4.1191182136535645,5.178185000350433,10.388469696044922
4.167356967926025,5.237290776201657,10.353008270263672
4.1316094398498535,5.178261241077313,10.396251678466797
4.145949840545654,5.194657853538437,10.276719093322754
4.172438144683838,5.264527043394213,10.25247859954834
4.164543628692627,5.254315929454085,10.304398536682129
4.148020267486572,5.209459811848189,10.315618515014648
4.133520603179932,5.181896146087509,10.256449699401855
4.083041667938232,5.207476375524753,10.286815643310547
4.109738826751709,5.181169612000563,10.340108871459961
4.101385593414307,5.175992482142257,10.351190567016602
4.1936235427856445,5.209613099095545,10.347475051879883
4.06728458404541,5.170487799914554,10.289796829223633
4.167906761169434,5.246802010174309,10.337778091430664
4.1159186363220215,5.216870845228966,10.318256378173828
4.0916748046875,5.1946468045935035,10.278971672058105
4.156987190246582,5.2197116836572865,10.314929962158203
4.118427276611328,5.193400540721736,10.34469985961914
4.106907367706299,5.1768421997715315,10.299485206604004
4.102424144744873,5.155275756227119,10.295560836791992
4.143592357635498,5.177902999500345,10.36168098449707
4.1266913414001465,5.271301762300676,10.233601570129395
4.126887321472168,5.238121470835591,10.241321563720703
4.139086723327637,5.216919052580903,10.231505393981934
4.08992862701416,5.196767419343814,10.49471664428711
4.123600006103516,5.152195010267731,10.3233060836792
4.094612121582031,5.195510361310361,10.279852867126465
4.111780166625977,5.155385937940862,10.354141235351562
4.151761054992676,5.166038592811674,10.394722938537598
4.12251091003418,5.204397935819413,10.31081771850586
4.09345006942749,5.1462400447178105,10.331405639648438
4.065823554992676,5.21722666167521,10.356289863586426
4.071556568145752,5.194407118850254,10.373119354248047
4.123435974121094,5.146000039630703,10.286931991577148
4.141895771026611,5.210224181879312,10.309985160827637
4.127553462982178,5.213961949771536,10.37795639038086
4.0734477043151855,5.216029830343489,10.327934265136719
4.146535396575928,5.207370514615572,10.369112014770508
4.111118316650391,5.201205416083602,10.286234855651855
4.090888500213623,5.15964674008345,10.322890281677246
4.115310192108154,5.186693102021569,10.419488906860352
4.055978298187256,5.170977839867451,10.399019241333008
4.120923042297363,5.163316472865907,10.39223861694336
4.109692096710205,5.183283235578398,10.28463363647461
4.024194717407227,5.17642044931251,10.272575378417969
4.067955017089844,5.174312660869743,10.26797866821289
4.146561622619629,5.1890282254399995,10.361671447753906
4.134511947631836,5.239757401868701,10.267870903015137
4.084854602813721,5.157480942351477,10.330726623535156
4.111093044281006,5.216850160920461,10.277568817138672
4.05270528793335,5.147797500548353,10.291358947753906
4.072582244873047,5.205544491631112,10.300374031066895
4.137463569641113,5.182419320867796,10.470697402954102
4.136559963226318,5.198968391699184,10.359529495239258
4.052239894866943,5.154808457974078,10.368221282958984
4.0984883308410645,5.154542045301891,10.301495552062988
4.082829475402832,5.10619011664364,10.328975677490234
4.152139663696289,5.172596472980722,10.321800231933594
4.1377434730529785,5.141167688848717,10.364137649536133
4.058504104614258,5.168681328584041,10.36970329284668
4.0761003494262695,5.192303736261757,10.166074752807617
4.0748186111450195,5.1117934287924855,10.252090454101562
4.060750484466553,5.174661570594513,10.419189453125
4.08056640625,5.180932673858479,10.368821144104004
4.056278705596924,5.154654009300949,10.244905471801758
4.10929536819458,5.196502410507362,10.340940475463867
4.0453033447265625,5.092768169041456,10.303781509399414
4.038266658782959,5.115870198900145,10.33349323272705
4.0923309326171875,5.151030905145619,10.349640846252441
4.062161922454834,5.177640344315608,10.22791862487793
4.0853800773620605,5.1446039363675355,10.34345817565918
4.134986400604248,5.177378090996561,10.390216827392578
4.095704078674316,5.151145438464092,10.2810697555542
4.027243614196777,5.144204326206818,10.33935260772705
4.033762454986572,5.122714674832033,10.384079933166504
4.0551581382751465,5.153129722024979,10.254666328430176
4.038555145263672,5.102198948218886,10.370369911193848
4.033810138702393,5.097414703008585,10.289382934570312
4.0665106773376465,5.2041665730731825,10.282039642333984
4.019044876098633,5.1584153686250955,10.323369026184082
4.037607192993164,5.131376321660355,10.267964363098145
4.043323040008545,5.1859652738286455,10.257150650024414
4.067296028137207,5.138947414001451,10.379049301147461
4.081559181213379,5.161889476568571,10.229052543640137
4.053579330444336,5.145855528269228,10.3863525390625
4.0250163078308105,5.1396267832190325,10.378721237182617
4.076148509979248,5.1826262080908885,10.371186256408691
4.031134128570557,5.1298560604586125,10.26446533203125
4.017127513885498,5.154947992081621,10.320260047912598
4.086557865142822,5.141637439240834,10.383028984069824
4.051218032836914,5.15446115414878,10.335951805114746
4.025998592376709,5.187040000289147,10.308079719543457
4.0431413650512695,5.14266133624395,10.30993938446045
4.010798454284668,5.119493849442474,10.202159881591797
4.022078514099121,5.0888569816348275,10.373985290527344
4.005555152893066,5.117078222899831,10.310789108276367
4.047630786895752,5.145088187219309,10.375728607177734
4.071903705596924,5.126011157840757,10.442782402038574
4.038893222808838,5.146295843346577,10.427688598632812
4.025485515594482,5.1446654043892135,10.36822509765625
3.992842435836792,5.129078032581934,10.320210456848145
4.033718109130859,5.158886801684276,10.389620780944824
4.034533977508545,5.064443495656763,10.362676620483398
4.022102355957031,5.085855403050249,10.30989933013916
4.035829544067383,5.104896102732579,10.348101615905762
4.03762674331665,5.079298390441441,10.204343795776367
4.062276363372803,5.0742130105915875,10.354999542236328
4.038419723510742,5.1543263258146395,10.308267593383789
4.067427635192871,5.153851507863561,10.37938404083252
3.9879214763641357,5.12982721813023,10.32730770111084
4.010543346405029,5.140633247892505,10.359087944030762
4.014217853546143,5.1157423590442965,10.351719856262207
4.0540690422058105,5.1312936680125345,10.311263084411621
3.981851816177368,5.109364351889651,10.307296752929688
4.026627540588379,5.090914446694244,10.361577987670898
3.997114419937134,5.092580142131607,10.31263256072998
4.0397114753723145,5.182736520422623,10.337602615356445
4.020944118499756,5.173483336144792,10.295154571533203
3.9674735069274902,5.08009066575739,10.24232292175293
4.017746925354004,5.143667583453602,10.295721054077148
4.01455545425415,5.116816118392827,10.279559135437012
4.041715621948242,5.12348435579666,10.315205574035645
4.055159568786621,5.1589142122039835,10.348067283630371
3.9634015560150146,5.064809750898608,10.313834190368652
3.9676918983459473,5.118592058774085,10.365104675292969
3.950674533843994,5.09793045245377,10.301551818847656
3.9615416526794434,5.083241027347477,10.294718742370605
3.991873025894165,5.086375997035898,10.255987167358398
3.974379539489746,5.084948312457916,10.267545700073242
4.022174835205078,5.1217167768627405,10.345163345336914
3.986877202987671,5.081498159528045,10.310087203979492
3.9659552574157715,5.1368634680485625,10.324865341186523
3.9716410636901855,5.155907505657524,10.305334091186523
4.001493453979492,5.164629201670843,10.34919261932373
3.9732866287231445,5.097526692619015,10.299004554748535
3.968294143676758,5.061894750555179,10.2818603515625
4.037198066711426,5.068079459414418,10.311002731323242
3.964411735534668,5.154605677318093,10.327643394470215
3.9996421337127686,5.106073636927509,10.318370819091797
3.9700896739959717,5.156961124257318,10.334565162658691
3.9943771362304688,5.065940669504926,10.396373748779297
4.00584077835083,5.166322752367705,10.36767578125
3.9960129261016846,5.101664631228362,10.355059623718262
3.994966983795166,5.122876013928492,10.437311172485352
3.9722776412963867,5.099120196952884,10.400714874267578
3.957597255706787,5.109759211739791,10.296771049499512
3.970773458480835,5.101938808702731,10.337315559387207
4.012840747833252,5.099654489629237,10.283214569091797
3.970280408859253,5.071475609072617,10.322988510131836
3.933738946914673,5.154317250009626,10.304831504821777
3.9800970554351807,5.077686951761798,10.31158447265625
3.983731746673584,5.116935749837596,10.399373054504395
4.009710311889648,5.065307461124446,10.305843353271484
3.9606261253356934,5.151872240439324,10.378822326660156
3.9637444019317627,5.128195163594293,10.36535930633545
3.986647129058838,5.100589404048931,10.281492233276367
3.9707820415496826,5.047034016810358,10.285146713256836
3.945814371109009,5.136772436023291,10.333332061767578
3.9784018993377686,5.202391813176551,10.370686531066895
3.9730982780456543,5.118146359687672,10.325407028198242
3.985751152038574,5.081774546997622,10.352692604064941
3.9490408897399902,5.064304717350751,10.373228073120117
3.961332321166992,5.1061194523769835,10.230913162231445
3.9513630867004395,5.1234490101757855,10.421893119812012
3.9663732051849365,5.122302704091583,10.319343566894531
3.9406142234802246,5.0089590417420755,10.298266410827637
3.9001989364624023,5.100991222774611,10.350194931030273
3.984234094619751,5.098809107639161,10.425291061401367
3.948214530944824,5.081409012366619,10.227912902832031
3.9764366149902344,5.134423932359954,10.402994155883789
3.8978190422058105,5.095542496003743,10.309286117553711
3.965369462966919,5.081266213008868,10.310722351074219
3.9797770977020264,5.050105842728434,10.330769538879395
3.9493467807769775,5.130350098845415,10.486080169677734
3.9031379222869873,5.110438454031412,10.267841339111328
3.923908233642578,5.053476756970797,10.352364540100098
3.937882423400879,5.084620737603733,10.340951919555664
3.918903112411499,5.103750695674015,10.336872100830078
3.9601168632507324,5.073316919983232,10.386642456054688
3.9297897815704346,5.03791683446616,10.40256118774414
3.949953079223633,5.061213464376383,10.313167572021484
3.892731189727783,5.064874999058832,10.313552856445312
3.93739652633667,5.050700650982825,10.272132873535156
3.9260311126708984,5.095000353342455,10.350640296936035
3.8772952556610107,5.053860202198848,10.25284194946289
3.8651282787323,5.05548545322381,10.32054328918457
3.9396822452545166,5.060821865319408,10.343780517578125
3.954271078109741,5.06811930794668,10.324294090270996
3.9724037647247314,5.098983562983839,10.242053031921387
3.973389148712158,5.021067062259784,10.305286407470703
3.876019239425659,5.051811734580302,10.309575080871582
3.9620521068573,5.096060399198905,10.34722900390625
3.9345109462738037,5.099751233455858,10.336917877197266
3.9710006713867188,5.050649630005604,10.347620010375977
3.8588926792144775,5.048133728859414,10.308955192565918
3.9229323863983154,5.148918500436205,10.380974769592285
3.9232466220855713,5.092383850465662,10.322928428649902
3.92692232131958,5.006355191847043,10.36988353729248
3.8751273155212402,5.09491152492618,10.24663257598877
3.898322820663452,5.050036179167884,10.353917121887207
3.9007861614227295,5.0481140565659315,10.236705780029297
3.946167230606079,5.058163803569706,10.403438568115234
3.88883638381958,5.125895098949384,10.322275161743164
3.8934333324432373,5.037742102618462,10.339336395263672
3.926642417907715,5.068646088541884,10.357090950012207
3.8569350242614746,5.020103815144726,10.318573951721191
3.920461654663086,5.0888369105689755,10.287961959838867
3.9385147094726562,5.02191062511078,10.358123779296875
3.9472930431365967,5.088009638013318,10.333847045898438
3.8699326515197754,5.026147757124689,10.318021774291992
3.8955535888671875,5.045900467217766,10.343521118164062
3.918870210647583,5.0045002890817285,10.255345344543457
3.8977432250976562,5.102100102929399,10.23664665222168
3.8722991943359375,5.039014769651528,10.343024253845215
3.9052977561950684,5.062253990476686,10.340421676635742
3.9188923835754395,5.040911930047774,10.242718696594238
3.9527838230133057,5.079467834771744,10.332751274108887
3.916954517364502,5.038663662504405,10.245543479919434
3.8644919395446777,5.057445358451722,10.352972984313965
3.879565954208374,5.0288149688525925,10.371150970458984
3.9067134857177734,5.051702228108687,10.27929973602295
3.903944253921509,5.023719947419262,10.344788551330566
3.942375421524048,5.066142305698512,10.3357572555542
3.8809845447540283,5.062896375644153,10.299063682556152
3.9001784324645996,5.054637727327645,10.274909973144531
3.8823390007019043,5.031681060857539,10.270414352416992
3.8860793113708496,5.038025706174917,10.320209503173828
3.8983304500579834,5.078901097876951,10.300029754638672
3.9090521335601807,5.093105892717306,10.297330856323242
3.901826858520508,5.08658829441161,10.267069816589355
3.9377036094665527,5.109800275548229,10.375263214111328
3.8902201652526855,5.097682478837669,10.357828140258789
3.869765043258667,5.065418130418819,10.237653732299805
3.9092822074890137,5.032125432310361,10.356173515319824
3.850740909576416,5.004017184754568,10.343709945678711
3.866995334625244,5.032129093372663,10.37654972076416
3.9035110473632812,5.033896407844232,10.296760559082031
3.8501853942871094,5.0388621101821105,10.397597312927246
3.7756741046905518,4.958058770413378,10.37173080444336
3.889303207397461,5.027904734481126,10.220843315124512
3.8847649097442627,5.008816851668858,10.27463150024414
3.8290746212005615,4.9932053820895295,10.324073791503906
3.888984441757202,5.068083753044317,10.308236122131348
3.8964452743530273,5.073606665046619,10.394240379333496
3.85105037689209,5.0580388048131555,10.32623291015625
3.8841607570648193,5.029507871151769,10.239828109741211
3.867436170578003,5.012054483239938,10.447882652282715
3.8491299152374268,5.048375247545274,10.304396629333496
3.8709259033203125,5.07127007955153,10.334476470947266
3.8414571285247803,5.00687053227531,10.307101249694824
3.8610973358154297,5.052350916766695,10.378363609313965
3.8461639881134033,5.027257817797363,10.329164505004883
3.8757283687591553,4.977941769674154,10.342453002929688
3.851189374923706,5.0355760758476595,10.305685043334961
3.826727867126465,4.96303237169715,10.314117431640625
3.8402905464172363,5.068858589178749,10.39571762084961
3.805443525314331,5.021629012322851,10.359579086303711
3.820880889892578,5.024580623754966,10.27259349822998
3.8144586086273193,4.999331634425158,10.371598243713379
3.877548933029175,5.046909522065627,10.360992431640625
3.836543083190918,5.0856751133687785,10.329631805419922
3.8498833179473877,5.0559321640924155,10.33657169342041
3.891941547393799,5.015373980194064,10.28005599975586
3.8074779510498047,4.985976620277922,10.355559349060059
3.8081440925598145,5.023962510849482,10.33169174194336
3.849358558654785,5.0095503503855845,10.36532211303711
3.8239033222198486,5.008451904602615,10.370737075805664
3.854706048965454,5.076496367209723,10.418542861938477
3.846947431564331,5.001146004535258,10.173453330993652
3.8734662532806396,5.0082290686134785,10.325200080871582
3.853412628173828,5.057920060586184,10.329829216003418
3.8945155143737793,5.017049682326615,10.290064811706543
3.8020756244659424,5.00957283830004,10.327021598815918
3.7264907360076904,4.994602295802905,10.333335876464844
3.784224271774292,4.987657317525841,10.245183944702148
3.808915615081787,5.012242564033451,10.399928092956543
3.836876630783081,5.000527590912368,10.379701614379883
3.8076066970825195,5.006180038176743,10.253217697143555
3.846980333328247,4.9935154223348945,10.353656768798828
3.858767032623291,5.060302294624438,10.339619636535645
3.804032564163208,4.968946538865565,10.373006820678711
3.8369498252868652,4.986096245835402,10.350057601928711
3.77858304977417,4.945992565015331,10.368743896484375
3.841799736022949,5.025827283472088,10.339658737182617
3.8135478496551514,5.0426454767917415,10.311306953430176
3.849341630935669,5.048053305130452,10.288385391235352
3.859013795852661,5.02606123582726,10.344513893127441
3.7348086833953857,4.98453929750914,10.324773788452148
3.839212656021118,5.022649157127099,10.360673904418945
3.8060569763183594,4.985482334292361,10.329292297363281
3.864544630050659,5.004338804499379,10.31441879272461
3.8394556045532227,4.948833775540281,10.317509651184082
3.7945163249969482,4.961616565939039,10.28732967376709
3.7921364307403564,5.007924424750464,10.213129043579102
3.794694662094116,4.989933105817597,10.319561004638672
3.826143741607666,5.0395520765533925,10.305195808410645
3.7823095321655273,4.976933210356427,10.322494506835938
3.820944309234619,4.985762750796441,10.410226821899414
3.8424973487854004,5.018550847324409,10.35966968536377
3.8190622329711914,5.004768931473206,10.272371292114258
3.7684288024902344,5.024157102685422,10.276810646057129
3.796471357345581,5.050912122042583,10.358080863952637
3.7932043075561523,4.984709087127288,10.330387115478516
3.8209211826324463,5.005733203408973,10.307535171508789
3.814859390258789,4.985653908756961,10.246110916137695
3.7886228561401367,4.987354169533189,10.323934555053711
3.7696592807769775,4.92805264191702,10.403186798095703
3.8203563690185547,5.008895254560879,10.292505264282227
3.72918963432312,5.005341295385733,10.35781478881836
3.8088932037353516,4.968943961297295,10.405563354492188
3.8057703971862793,5.019794061081485,10.319700241088867
3.796550750732422,4.977615846919694,10.435134887695312
3.7688660621643066,4.9416944982949635,10.351613998413086
3.746148109436035,5.012024989750769,10.264716148376465
3.766235113143921,4.979732576524838,10.344578742980957
3.7727298736572266,4.9755303908272515,10.332261085510254
3.816694736480713,5.026168140050555,10.336705207824707
3.74924635887146,4.941444003987792,10.32479190826416
3.786715507507324,4.950122977706736,10.284224510192871
3.760647773742676,4.974733898915084,10.332656860351562
3.7712223529815674,4.982125842311818,10.288081169128418
3.756927490234375,5.019577643900578,10.344271659851074
3.7347044944763184,4.939942309366805,10.354938507080078
3.7317845821380615,4.921579399944416,10.334792137145996
3.818035364151001,4.972317619116178,10.365945816040039
3.778153657913208,4.911834338946002,10.30808162689209
3.7454323768615723,5.024866034775706,10.324975967407227
3.791567325592041,4.9680432605424105,10.29296875
3.7754952907562256,4.950994422592754,10.378352165222168
3.7947866916656494,4.919079761819115,10.417128562927246
3.7666196823120117,4.976898110671235,10.302003860473633
3.7795827388763428,5.02452339561257,10.266603469848633
3.83479380607605,4.9997115346070915,10.413818359375
3.74796199798584,5.012106022198818,10.301959991455078
3.724630355834961,4.951448035858838,10.262798309326172
3.759024143218994,4.938811273946028,10.349538803100586
3.7992966175079346,4.899048838099198,10.253129959106445
3.7080671787261963,4.9723232611015975,10.33432674407959
3.7732791900634766,5.026881129181545,10.377294540405273
3.7510695457458496,4.974019897636025,10.350796699523926
3.810572862625122,4.9753306546315015,10.31141471862793
3.7232229709625244,4.904827452331249,10.380300521850586
3.789334297180176,5.025094187618898,10.322044372558594
3.7957746982574463,4.975023561190548,10.301555633544922
3.799473524093628,4.973310525296256,10.402915954589844
3.7291202545166016,4.938644532546667,10.410691261291504
3.782787799835205,5.063497157068923,10.337873458862305
3.69966983795166,4.964486463161718,10.34249496459961
3.736330270767212,5.015681722600545,10.247349739074707
3.744533061981201,4.95911859581247,10.315485000610352
3.713836193084717,4.973625754239038,10.361047744750977
3.653026580810547,4.945893296306687,10.253687858581543
3.8106658458709717,4.913573994966491,10.34732723236084
3.7704508304595947,4.997736814764461,10.310359001159668
3.7172813415527344,4.927301631408876,10.387591361999512
3.743088960647583,4.97925880242006,10.327117919921875
3.703179359436035,4.9534315660462855,10.318559646606445
3.7499914169311523,4.951270355177778,10.360275268554688
3.742602825164795,4.945322422343972,10.326925277709961
3.7562859058380127,5.025783383553582,10.342659950256348
3.789628744125366,5.052977483919156,10.410419464111328
3.6875040531158447,4.9481741097489635,10.255337715148926
3.7286696434020996,4.92290527845866,10.29050350189209
3.7182235717773438,4.909384232080941,10.330910682678223
3.697874069213867,4.9407992550571045,10.32070541381836
3.703537702560425,4.963808094217842,10.349458694458008
3.7277612686157227,4.912525527511856,10.340423583984375
3.6722421646118164,4.92682292385559,10.278026580810547
3.708322763442993,4.950074626332414,10.404684066772461
3.637538194656372,4.964036153263546,10.375186920166016
3.7179763317108154,4.879719013714098,10.314343452453613
3.7106947898864746,4.945472630372803,10.351485252380371
3.690131664276123,4.937196639765586,10.398736953735352
3.711104154586792,4.960611111850344,10.352879524230957
3.626274585723877,4.936861579539254,10.329184532165527
3.712902784347534,4.955939036461392,10.364917755126953
3.724564790725708,4.98597572946788,10.207456588745117
3.7395944595336914,4.9279553772482485,10.369468688964844
3.7310380935668945,4.96612960625706,10.36996841430664
3.722733974456787,4.936342979615022,10.389880180358887
3.7029011249542236,4.987860356723623,10.334792137145996
3.728461265563965,4.923044400023563,10.361717224121094
3.723055601119995,4.994114144805021,10.331025123596191
3.6975810527801514,4.912807949951717,10.283003807067871
3.6582441329956055,4.944966480934194,10.349672317504883
3.7166316509246826,4.909094070716362,10.338529586791992
3.707301616668701,4.976758810425444,10.381665229797363
3.692356824874878,4.982686673058197,10.288213729858398
3.6198713779449463,4.927988409297541,10.371042251586914
3.719404458999634,4.943918388536466,10.33370590209961
3.7435173988342285,4.96024402536984,10.344728469848633
3.7592930793762207,4.995025344226244,10.28101921081543
3.7167303562164307,4.917124404937827,10.348121643066406
3.6532974243164062,4.843805483675428,10.381168365478516
3.6634950637817383,4.983110831119121,10.272265434265137
3.717576026916504,4.917038438442562,10.39533805847168
3.7310030460357666,4.935087267176382,10.427717208862305
3.629574775695801,4.930182915679844,10.308597564697266
3.747737169265747,4.969740980737177,10.292400360107422
3.63397216796875,4.928398801180135,10.320453643798828
3.727383613586426,4.929247746277334,10.31864070892334
3.6989693641662598,4.865624032914639,10.31889533996582
3.6923913955688477,4.90686155380016,10.373865127563477
3.7225024700164795,4.936830298176834,10.412720680236816
3.650167226791382,4.88722227117978,10.280314445495605
3.730607509613037,4.979792492164831,10.398770332336426
3.6855504512786865,4.961396198753002,10.301749229431152
3.710538387298584,4.905689562038917,10.325994491577148
3.5796706676483154,4.912517662525975,10.32539176940918
3.720797300338745,4.910502543373565,10.274540901184082
3.702518939971924,4.94774862079482,10.300114631652832
3.699465751647949,4.955042456409761,10.308561325073242
3.678553819656372,4.913751484659899,10.336284637451172
3.6981987953186035,5.00049349802014,10.415166854858398
3.655365467071533,4.960383022969056,10.373619079589844
3.6486446857452393,4.889671353556748,10.305118560791016
3.659816265106201,4.910072786933077,10.364157676696777
3.7273426055908203,4.829377593905,10.352723121643066
3.665032386779785,4.900046967601936,10.256278038024902
3.708420991897583,4.952200058282219,10.374031066894531
3.7045485973358154,4.954856946399169,10.37942123413086
3.6446402072906494,4.847523048187473,10.321648597717285
3.6399502754211426,4.930925522165905,10.356730461120605
3.7354726791381836,4.895147145991879,10.26938247680664
3.639549970626831,4.9039270196974805,10.36390495300293
3.618683338165283,4.922345457332475,10.359304428100586
3.5956764221191406,4.9013318036616385,10.238490104675293
3.6675920486450195,4.903401171954881,10.351908683776855
3.610616445541382,4.921665102709084,10.369563102722168
3.64587664604187,4.967316099209711,10.35900592803955
3.6906306743621826,4.891889536420682,10.286147117614746
3.6607577800750732,4.874519272807187,10.295592308044434
3.624781370162964,4.864365107246808,10.321552276611328
3.635444402694702,4.94189324389611,10.306985855102539
3.6531593799591064,4.868132974553322,10.298822402954102
3.6523609161376953,4.90517921895454,10.378942489624023
3.6141130924224854,4.841737617006791,10.27446174621582
3.679887533187866,4.965067518243035,10.368727684020996
3.6925172805786133,4.987868754326233,10.25580883026123
3.64166522026062,4.923335589169125,10.321887016296387
3.6290736198425293,4.902523741891075,10.332258224487305
3.633084297180176,4.82809045488414,10.253504753112793
3.6795523166656494,4.953585301392845,10.332805633544922
3.602145195007324,4.858889487305922,10.363090515136719
3.6089234352111816,4.89572483570581,10.342065811157227
3.610102653503418,4.928998152359521,10.291557312011719
3.671539545059204,4.8797707559673915,10.304279327392578
3.6795461177825928,4.931130975318541,10.311387062072754
3.5957577228546143,4.8984047386662235,10.290151596069336
3.596254587173462,4.8370513084145,10.361517906188965
3.5548830032348633,4.841261225087302,10.350946426391602
3.691438674926758,4.88584456848912,10.282414436340332
3.6698930263519287,5.010719183533054,10.350822448730469
3.660223960876465,4.853590248252398,10.336343765258789
3.66890549659729,4.925678632355162,10.344829559326172
3.6616759300231934,4.817952646674322,10.29624080657959
3.626894235610962,4.921868468268907,10.333828926086426
3.662760019302368,4.934945457515173,10.250728607177734
3.6366689205169678,4.843391523596698,10.38576602935791
3.685981273651123,4.894607348201265,10.313440322875977
3.6432650089263916,4.890639249168869,10.279684066772461
3.6587729454040527,4.947371386257665,10.360466957092285
3.593151092529297,4.874912413236286,10.346626281738281
3.652681350708008,4.8899431705940515,10.296722412109375
3.67657470703125,4.907228723434465,10.283647537231445
3.6063783168792725,4.883644654881209,10.326597213745117
3.6296932697296143,4.8300275897740255,10.29951286315918
3.669468641281128,4.885485730699396,10.273118019104004
3.598640203475952,4.904677266886989,10.366498947143555
3.6498663425445557,4.866375548997894,10.33533763885498
3.6592774391174316,4.925281053109627,10.359201431274414
3.6599512100219727,4.874309849792293,10.340017318725586
3.601757764816284,4.889259447909094,10.402599334716797
3.608036994934082,4.829264877397301,10.311936378479004
3.6336421966552734,4.909259999071115,10.404158592224121
3.65576434135437,4.882225364612948,10.334935188293457
3.688772439956665,4.845058150256851,10.287721633911133
3.5942893028259277,4.790214158328516,10.324455261230469
3.640054225921631,4.856518096190744,10.366474151611328
3.594726085662842,4.862907882713314,10.338218688964844
3.6366426944732666,4.876351045677439,10.39842700958252
3.693175792694092,4.949522942005259,10.287591934204102
3.5866074562072754,4.895628752153633,10.396084785461426
3.6694319248199463,4.876203199183302,10.265557289123535
3.616255044937134,4.9011589618665825,10.45562744140625
3.655789852142334,4.954126284657312,10.299904823303223
3.659275531768799,4.942769193157021,10.384984016418457
3.574143886566162,4.890115562992703,10.315825462341309
3.5654358863830566,4.837051985519272,10.391160011291504
3.6882073879241943,4.9756841757002155,10.313701629638672
3.677412748336792,4.943163152218664,10.358536720275879
3.6299917697906494,4.833155198820999,10.32400131225586
3.604085922241211,4.8644004696647505,10.33047103881836
3.639394760131836,4.9576482487110685,10.425199508666992
3.678375005722046,4.835599796281063,10.35045051574707
3.6638853549957275,4.926788538395028,10.31766128540039
3.6202967166900635,4.917835347687027,10.295674324035645
3.606931686401367,4.900311635773894,10.37777328491211
3.619549036026001,4.919964707689361,10.351028442382812
3.6828558444976807,4.890759240835905,10.350486755371094
3.665349006652832,4.903164335260434,10.333041191101074
3.6501379013061523,4.8630319947509895,10.354342460632324
3.5891809463500977,4.898072326921725,10.348567962646484
3.539515972137451,4.86149742138306,10.316410064697266
3.634984254837036,4.9280910278404395,10.32947826385498
3.6007754802703857,4.871816449732121,10.340316772460938
3.630795478820801,4.881566842153136,10.276063919067383
3.6363372802734375,4.825079816659646,10.325477600097656
3.6398446559906006,4.949352227750102,10.370687484741211
3.588829517364502,4.841564926285562,10.386537551879883
3.6345443725585938,4.8480224087501735,10.359689712524414
3.5962891578674316,4.90127737241398,10.252237319946289
3.682687282562256,4.880653186501668,10.340855598449707
3.610673189163208,4.828905011959641,10.277116775512695
3.605668783187866,4.830739052201222,10.391197204589844
3.636890172958374,4.86520671724741,10.259445190429688
3.6397171020507812,4.877874526827196,10.249017715454102
3.582919120788574,4.877012752428917,10.2794828414917
3.6089680194854736,4.915595078741068,10.351046562194824
3.59645938873291,4.866950570805264,10.402475357055664
3.554670572280884,4.9043538436692735,10.286497116088867
3.600828170776367,4.906162294692227,10.383735656738281
3.710010051727295,4.944544461356211,10.398417472839355
3.6464900970458984,4.91880902884129,10.252857208251953
3.635092258453369,4.897059105502974,10.301615715026855
3.6804358959198,4.937496426947681,10.31132698059082
3.612186908721924,4.917085698739227,10.38308334350586
3.584190845489502,4.840280146903492,10.344904899597168
3.6261544227600098,4.9083107075920065,10.270275115966797
3.647235155105591,4.908260475411745,10.322200775146484
3.5928354263305664,4.85981554657753,10.239246368408203
3.6550776958465576,4.903902929043397,10.349444389343262
3.59747052192688,4.898638329335621,10.309978485107422
3.6102733612060547,4.8571093835136185,10.371098518371582
3.6095364093780518,4.868853584198015,10.328958511352539
3.5834250450134277,4.805548063579148,10.316953659057617
3.5983786582946777,4.883991299429909,10.259666442871094
3.603990077972412,4.947389540428828,10.266471862792969
3.587350606918335,4.837034702001672,10.290253639221191
3.6351070404052734,4.950073052364003,10.423362731933594
3.614130973815918,4.923627627581091,10.346338272094727
3.605343818664551,4.893941736247923,10.370169639587402
3.646733045578003,4.8984412263546675,10.291570663452148
3.6098992824554443,4.932612697028422,10.322282791137695
3.6163885593414307,4.868030025058293,10.342226028442383
3.5769834518432617,4.843056535747435,10.410558700561523
3.584399461746216,4.8436485070269555,10.31534194946289
3.577646255493164,4.825666217366233,10.292070388793945
3.633222818374634,4.937442012031429,10.248388290405273
3.629354476928711,4.8769146886853765,10.337567329406738
3.5795836448669434,4.806947834789753,10.348624229431152
3.5940604209899902,4.855780890643862,10.408309936523438
3.6200077533721924,4.937273123434612,10.316431999206543
3.5820817947387695,4.884595049844522,10.336589813232422
3.628474712371826,4.868287510537941,10.378512382507324
3.585193634033203,4.89983700355515,10.330986022949219
3.6629979610443115,4.858043578686193,10.26822280883789
3.6024796962738037,4.863595802137362,10.242720603942871
3.6055006980895996,4.949557192789923,10.391246795654297
3.633514404296875,4.9101280784234405,10.284667015075684
3.563730001449585,4.845873609384788,10.333555221557617
3.5493690967559814,4.80276400150199,10.361407279968262
3.554286003112793,4.862298654059746,10.411115646362305
3.5820393562316895,4.889315902920706,10.343240737915039
3.594339370727539,4.890090929111466,10.312972068786621
3.622511386871338,4.833340747647786,10.313265800476074
3.591702461242676,4.862166391885174,10.322271347045898
3.5799896717071533,4.843399644197364,10.330732345581055
3.658632516860962,4.943854003512699,10.409138679504395
3.5871403217315674,4.813413492337401,10.308609008789062
3.5463523864746094,4.81218782659354,10.349145889282227
3.647383689880371,4.839001396970292,10.255145072937012
3.530949115753174,4.863283169089949,10.28110122680664
3.637298822402954,4.8577947190829684,10.391731262207031
3.593299627304077,4.851020396820138,10.414558410644531
3.6099843978881836,4.823568037112377,10.247858047485352
3.6084532737731934,4.86325346711757,10.308595657348633
3.6278984546661377,4.839341941322866,10.369921684265137
3.5487680435180664,4.83644800520103,10.284984588623047
3.5992541313171387,4.853349952060463,10.30931568145752
3.6026298999786377,4.931431818021727,10.296855926513672
3.5937106609344482,4.835498253715091,10.334695816040039
3.615823268890381,4.8631130439961066,10.336039543151855
3.556584596633911,4.810604706606163,10.384462356567383
3.582268238067627,4.844827370518553,10.30671501159668
3.6109697818756104,4.859502252623704,10.308770179748535
3.5907719135284424,4.86613415557492,10.325794219970703
3.605252265930176,4.919522558205895,10.374771118164062
3.5837504863739014,4.84934284065717,10.274374008178711
3.5545058250427246,4.84286662483854,10.368825912475586
3.5810842514038086,4.829610862170479,10.2900390625
3.5739405155181885,4.827651905993532,10.353827476501465
3.57047438621521,4.861321536291923,10.316441535949707
3.672884464263916,4.909217439292531,10.359538078308105
3.590810537338257,4.876425869862682,10.341837882995605
3.60653018951416,4.8389877200326215,10.357730865478516
3.5890493392944336,4.8464264463899385,10.362060546875
3.5934107303619385,4.859826755676685,10.345088005065918
3.621198892593384,4.8426284237232595,10.333427429199219
3.5478835105895996,4.883951249831755,10.421268463134766
3.600741386413574,4.847717051061668,10.359918594360352
3.511495590209961,4.853068895072544,10.41450309753418
3.626460552215576,4.888547970846828,10.340166091918945
3.565133571624756,4.883518211876175,10.291378021240234
3.600065231323242,4.846188381946247,10.428719520568848
3.599332809448242,4.846312527910673,10.352056503295898
3.574518918991089,4.872473061816501,10.403109550476074
3.5949416160583496,4.86562604852952,10.379033088684082
3.559931516647339,4.883465137598771,10.316778182983398
3.6222281455993652,4.8993478894699365,10.356608390808105
3.5987465381622314,4.898122330096417,10.306774139404297
3.578359603881836,4.785470039151343,10.333632469177246
3.540283441543579,4.7894204785781245,10.270745277404785
3.5781121253967285,4.857325520166862,10.381864547729492
3.5325303077697754,4.85522028311555,10.321023941040039
3.5433740615844727,4.847884432944868,10.41840648651123
3.650543689727783,4.881444328264998,10.426763534545898
3.5306761264801025,4.838803348929754,10.241706848144531
3.537224769592285,4.843587327648752,10.365267753601074
3.5609052181243896,4.854177355832819,10.26895523071289
3.5794570446014404,4.864382408027138,10.398336410522461
3.6094393730163574,4.819151045388676,10.282628059387207
3.559443950653076,4.919165304196733,10.366511344909668
3.5841143131256104,4.804974720447457,10.343765258789062
3.633479356765747,4.843138436587261,10.285911560058594
3.568415641784668,4.790423484452601,10.330303192138672
3.5071816444396973,4.8135721671860665,10.300793647766113
3.55094838142395,4.862776403282104,10.393603324890137
3.569432020187378,4.820472181009661,10.229723930358887
3.5951571464538574,4.876187200990638,10.292106628417969
3.635547399520874,4.905998694078465,10.283360481262207
3.5557773113250732,4.793425799680075,10.294544219970703
3.6095921993255615,4.808077253767156,10.352105140686035
3.5712780952453613,4.875710274891129,10.33967113494873
3.585116386413574,4.844864537240937,10.37285327911377
3.5884792804718018,4.918244166033609,10.363480567932129
3.5566048622131348,4.8285488309006075,10.338038444519043
3.6066691875457764,4.8855992322122415,10.377572059631348
3.568370819091797,4.873417313609805,10.376628875732422
3.5565950870513916,4.7739124145092715,10.310343742370605
3.5948071479797363,4.868790939782879,10.434209823608398
3.5442636013031006,4.822358104300553,10.387876510620117
3.568145275115967,4.755756076957499,10.342202186584473
3.619044780731201,4.887871443992481,10.33747673034668
3.5527684688568115,4.843356927158311,10.301462173461914
3.5886316299438477,4.921167159519557,10.343949317932129
3.5777788162231445,4.810030932272119,10.447977066040039
3.588529348373413,4.868214094346123,10.356216430664062
3.622619867324829,4.918579933665959,10.227224349975586
3.6066455841064453,4.784991153781967,10.313981056213379
3.5800600051879883,4.869277631032414,10.253959655761719
3.5771589279174805,4.838859505552267,10.271117210388184
3.564069986343384,4.860241551550903,10.232754707336426
3.5641555786132812,4.874503722613944,10.362586975097656
3.5601463317871094,4.812540423723736,10.321163177490234
3.60640287399292,4.864433087441804,10.296536445617676
3.5474634170532227,4.828886939312463,10.299102783203125
3.587397575378418,4.865992785231875,10.335488319396973
3.5821421146392822,4.916632977314293,10.348304748535156
3.5927364826202393,4.802548424107954,10.334049224853516
3.5447065830230713,4.759334376680532,10.384797096252441
3.5802812576293945,4.861437729958977,10.37588119506836
3.5865938663482666,4.795854992732139,10.28417682647705
3.5429131984710693,4.827578853849055,10.371028900146484
3.4877421855926514,4.837873721262441,10.40638256072998
3.5355958938598633,4.8433769948314875,10.351038932800293
3.564504861831665,4.8128164917829315,10.318815231323242
3.56113862991333,4.838741008425131,10.341877937316895
3.6092069149017334,4.830725501590807,10.272318840026855
3.5657083988189697,4.908569926861674,10.390335083007812
3.550679922103882,4.833785991483767,10.387063980102539
3.6008141040802,4.837489734403789,10.252202987670898
3.5202200412750244,4.787573924487722,10.235872268676758
3.513462781906128,4.77035768632777,10.434199333190918
3.5520734786987305,4.799875993414649,10.282049179077148
3.572451114654541,4.82742917358077,10.413875579833984
3.5702781677246094,4.854942565484504,10.323229789733887
3.587428569793701,4.887628746950733,10.415355682373047
3.539608955383301,4.840188280945378,10.293764114379883
3.5718510150909424,4.8551860913368206,10.309026718139648
3.5923826694488525,4.844945176837167,10.343262672424316
3.581700325012207,4.855230941137831,10.272350311279297
3.5602784156799316,4.8955871946777085,10.328327178955078
3.6102993488311768,4.889636616754745,10.360331535339355
3.564314126968384,4.8565829821662705,10.307753562927246
3.57682466506958,4.862753195488559,10.39902114868164
3.6274313926696777,4.800959705508181,10.371999740600586
3.5636541843414307,4.810659342112818,10.26569938659668
3.580855369567871,4.9081696156811505,10.298704147338867
3.585726261138916,4.832372451101297,10.328346252441406
3.567164897918701,4.839054008646469,10.43299674987793
3.577836751937866,4.825504081157435,10.24819564819336
3.5526976585388184,4.868740555930085,10.300317764282227
3.548354148864746,4.852889784877854,10.338254928588867
3.546865224838257,4.809273194588188,10.426270484924316
3.4801347255706787,4.710520652255842,10.331419944763184
3.5534448623657227,4.9051152240884095,10.306748390197754
3.5411689281463623,4.798289071169815,10.447001457214355
3.5954997539520264,4.837225190696439,10.314203262329102
3.5666258335113525,4.818840574140528,10.322851181030273
3.565728187561035,4.823878579939317,10.264654159545898
3.5171971321105957,4.764906011322247,10.354987144470215
3.5361688137054443,4.792576237448624,10.382810592651367
3.576573610305786,4.853831240940573,10.330991744995117
3.556760549545288,4.779969118003335,10.292425155639648
3.5758917331695557,4.79069912560018,10.259482383728027
3.5619583129882812,4.821605951824624,10.329497337341309
3.529507875442505,4.786941776318209,10.443771362304688
3.5459606647491455,4.827343813808901,10.305269241333008
3.6606576442718506,4.783904523987855,10.360760688781738
3.5841805934906006,4.8665512057819535,10.307930946350098
3.560136318206787,4.795725676064778,10.31578254699707
3.5564968585968018,4.823319819356714,10.380559921264648
3.558819532394409,4.7236961869722505,10.350391387939453
3.516557455062866,4.90551642335153,10.316612243652344
3.5435287952423096,4.844217035220936,10.416791915893555
3.480600595474243,4.807068448413962,10.343074798583984
3.491156578063965,4.839417400969459,10.348726272583008
3.5600829124450684,4.819582059380732,10.399124145507812
3.512178421020508,4.762410350276956,10.23452091217041
3.4954674243927,4.80508101122853,10.332117080688477
3.4914419651031494,4.772039467402335,10.306978225708008
3.5908868312835693,4.870132348134315,10.373486518859863
3.5159103870391846,4.870593501587532,10.351080894470215
3.5383384227752686,4.883975246921182,10.307095527648926
3.5905280113220215,4.808150040185345,10.347599983215332
3.5209426879882812,4.8092501454853585,10.346077919006348
3.5584118366241455,4.741805351572111,10.312557220458984
3.547074317932129,4.817196712496558,10.325159072875977
3.531468152999878,4.824238444478916,10.315678596496582
3.599322557449341,4.8582874078835765,10.238221168518066
3.5461068153381348,4.773100155039823,10.372779846191406
3.573667526245117,4.8278025858370315,10.293123245239258
3.5987508296966553,4.858703028809812,10.30534839630127
3.589540719985962,4.874310502782464,10.242570877075195
3.506408452987671,4.823829441763727,10.344008445739746
3.5154788494110107,4.855797072573165,10.29806900024414
3.5354490280151367,4.83870384768982,10.288534164428711
3.512725591659546,4.779344272666744,10.319441795349121
3.5244083404541016,4.882752588018776,10.395088195800781
3.5814316272735596,4.850729997668948,10.276040077209473
3.4885094165802,4.840794468764216,10.275732040405273
3.500884771347046,4.79856810788624,10.39250373840332
3.5810511112213135,4.790795386901923,10.350767135620117
3.6106836795806885,4.8990228367370685,10.351423263549805
3.5952234268188477,4.836145783974124,10.415762901306152
3.5849344730377197,4.7660691209935715,10.329197883605957
3.504378318786621,4.8369781924411654,10.289363861083984
3.5732622146606445,4.810521781411287,10.358688354492188
3.5434317588806152,4.850867036364175,10.27242374420166
3.5949151515960693,4.844813625960212,10.370157241821289
3.5788073539733887,4.830974089946332,10.432012557983398
3.503174304962158,4.748060195108077,10.278450965881348
3.514357089996338,4.809737579764,10.410266876220703
3.551358938217163,4.847314321835126,10.288007736206055
3.569042921066284,4.831597503307941,10.371981620788574
3.570347309112549,4.9244320354025275,10.381612777709961
3.5101475715637207,4.787643652376054,10.287071228027344
3.53072452545166,4.835388876264914,10.311351776123047
3.558885097503662,4.801155041404334,10.254362106323242
3.5218186378479004,4.899245619873649,10.351991653442383
3.4514548778533936,4.797665614202353,10.331387519836426
3.5746076107025146,4.8522698257584125,10.401299476623535
3.5256831645965576,4.758613632359942,10.3270902633667
3.529310464859009,4.795267240044528,10.399168968200684
3.5588600635528564,4.851067900591131,10.273042678833008
3.4923408031463623,4.824244421374585,10.342975616455078
3.549156665802002,4.776724023511633,10.312603950500488
3.5268783569335938,4.8745117814147045,10.333365440368652
3.6063761711120605,4.785935018311388,10.422161102294922
3.566580295562744,4.760996566087539,10.369407653808594
3.5333638191223145,4.805547740177385,10.32846450805664
3.5405077934265137,4.808833482043285,10.266129493713379
3.5083365440368652,4.849151890891204,10.338912963867188
3.485459566116333,4.801915080419608,10.286209106445312
3.5230026245117188,4.778325241724295,10.35193920135498
3.5995466709136963,4.78451254747675,10.42467212677002
3.4973397254943848,4.738433275704405,10.343135833740234
3.58052396774292,4.811494097180132,10.352561950683594
3.5240681171417236,4.767690224772585,10.475006103515625
3.524928331375122,4.815265880731333,10.34953498840332
3.5388436317443848,4.790984731866047,10.383363723754883
3.4260189533233643,4.730973516757201,10.309100151062012
3.5345752239227295,4.825266771983089,10.36487865447998
3.600079298019409,4.842980216656413,10.318720817565918
3.5211069583892822,4.81805720176947,10.255998611450195
3.594968318939209,4.833301459372576,10.30478572845459
3.558487892150879,4.831191125991089,10.339770317077637
3.4990782737731934,4.7949442417759975,10.411316871643066
3.511152744293213,4.809729464950838,10.33334732055664
3.58963942527771,4.859757650477279,10.353981018066406
3.529758930206299,4.826828427413212,10.411181449890137
3.548950433731079,4.823926915913555,10.30763053894043
3.5665082931518555,4.818876943218389,10.373404502868652
3.55586314201355,4.816971328408857,10.341507911682129
3.582890272140503,4.805030092796577,10.320265769958496
3.556729555130005,4.811798914934375,10.304248809814453
3.5396265983581543,4.8322350203525275,10.435129165649414
3.582533597946167,4.896094310430012,10.381745338439941
3.552631378173828,4.78074921933668,10.440082550048828
3.5624547004699707,4.7643940060266425,10.388575553894043
3.550062656402588,4.822046444851107,10.339066505432129
3.5433223247528076,4.854028750443831,10.403581619262695
3.5382139682769775,4.811813076259569,10.242030143737793
3.5293474197387695,4.824455723598866,10.400056838989258
3.5350193977355957,4.838831519441945,10.410004615783691
3.521369218826294,4.751532404217869,10.35887336730957
3.556443929672241,4.874021385230922,10.305678367614746
3.5541610717773438,4.81169361281874,10.338833808898926
3.5048203468322754,4.787813732766414,10.309309005737305
3.558612585067749,4.80402865314058,10.398975372314453
3.514098882675171,4.825436602346599,10.298710823059082
3.4880552291870117,4.811628700300519,10.34209156036377
3.507253408432007,4.814529944211245,10.396417617797852
3.5672075748443604,4.820976547165109,10.40107250213623
3.535799503326416,4.840409218433447,10.261804580688477
3.478524923324585,4.742766439016642,10.34610652923584
3.5130579471588135,4.844091270518089,10.3984375
3.5876076221466064,4.862779337813014,10.316600799560547
3.5435338020324707,4.834800506210221,10.364124298095703
3.545928478240967,4.738481274639656,10.290547370910645
3.611149787902832,4.8338242193484415,10.336278915405273
3.4913268089294434,4.736751366406678,10.411211013793945
3.5285305976867676,4.78299796574616,10.321759223937988
3.601754903793335,4.849870548683352,10.295357704162598
3.53470516204834,4.879436765032421,10.498343467712402
3.591322898864746,4.8279904617063165,10.27407455444336
3.5873661041259766,4.777640632087631,10.445981979370117
3.5474319458007812,4.871203676664404,10.356972694396973
3.5753490924835205,4.769484956615737,10.345123291015625
3.4831347465515137,4.835563095120181,10.28357982635498
3.5230538845062256,4.774569385485458,10.320597648620605
3.5217642784118652,4.8077588359758785,10.3702392578125
3.5426902770996094,4.832985611798773,10.345449447631836
3.539210081100464,4.832227897730523,10.354856491088867
3.563059091567993,4.883568225461723,10.268800735473633
3.478353500366211,4.775510492036119,10.34567642211914
3.609928846359253,4.810053680524495,10.262439727783203
3.5464203357696533,4.71807995115939,10.407846450805664
3.520477056503296,4.726998370739499,10.392029762268066
3.5448215007781982,4.850033410592005,10.347524642944336
3.491102695465088,4.783892497919234,10.36885929107666
3.5641794204711914,4.7799534728817115,10.336362838745117
3.5432820320129395,4.857867144513876,10.352106094360352
3.519084930419922,4.825447027870853,10.36165714263916
3.533831834793091,4.815805100736076,10.396324157714844
3.5926880836486816,4.787408605883164,10.368534088134766
3.4962592124938965,4.809067217699651,10.37784481048584
3.5310380458831787,4.827694668368037,10.395983695983887
3.4900381565093994,4.829470576485619,10.309347152709961
3.5553276538848877,4.770889628312683,10.376348495483398
3.544340133666992,4.821505023964814,10.428632736206055
3.4881598949432373,4.826134860316025,10.368614196777344
3.52549147605896,4.825431024190038,10.354984283447266
3.494737148284912,4.782254505902529,10.276979446411133
3.508840799331665,4.691300848831556,10.368078231811523
3.5338521003723145,4.8179793677824945,10.326834678649902
3.52276611328125,4.785459233847047,10.330103874206543
3.5076138973236084,4.816626397227603,10.371728897094727
3.4962406158447266,4.863609599814351,10.389209747314453
3.5052809715270996,4.803203294619119,10.294463157653809
3.5230534076690674,4.8465261388836165,10.296479225158691
3.550365686416626,4.866837916696178,10.294769287109375
3.547900676727295,4.816895550516035,10.319591522216797
3.5330798625946045,4.8020644047896255,10.481034278869629
3.524306297302246,4.877165848555576,10.249176025390625
3.465956687927246,4.857458865403065,10.299726486206055
3.515363931655884,4.840188310514868,10.30496883392334
3.517369031906128,4.834667488766302,10.257783889770508
3.4976768493652344,4.806172992003018,10.374320030212402
3.529287338256836,4.844013751085315,10.352128982543945
3.5121283531188965,4.8317109127528965,10.343896865844727
3.5566787719726562,4.71221797740353,10.416746139526367
3.5578954219818115,4.842193732603587,10.332723617553711
3.6334269046783447,4.810515074059367,10.312745094299316
3.569155216217041,4.833844479239945,10.358375549316406
3.5343291759490967,4.791453585594095,10.355728149414062
3.5042874813079834,4.7617258438507895,10.335798263549805
3.5311710834503174,4.824882293053503,10.347804069519043
3.5554311275482178,4.820305113880229,10.24996566772461
3.5417702198028564,4.8367920898100625,10.354412078857422
3.488760232925415,4.792776085669175,10.390119552612305
3.547173023223877,4.82484383069511,10.289379119873047
3.5428261756896973,4.8350853051191995,10.39035415649414
3.5168089866638184,4.806629866960326,10.370357513427734
3.4931271076202393,4.773842060539339,10.279261589050293
3.5381035804748535,4.840940424640263,10.438427925109863
3.489089250564575,4.7475931245301455,10.435314178466797
3.5710041522979736,4.795761546352878,10.359780311584473
3.4937222003936768,4.789078183272587,10.364204406738281
3.58005690574646,4.7653683808166525,10.407007217407227
3.478506326675415,4.808526753813826,10.384729385375977
3.47576904296875,4.773023679420086,10.306482315063477
3.4932749271392822,4.736893267304237,10.381603240966797
3.507579803466797,4.776681425582085,10.390228271484375
3.5421290397644043,4.793571535098764,10.323368072509766
3.520799398422241,4.803191133941126,10.440877914428711
3.4490082263946533,4.770711028549288,10.317723274230957
3.4734721183776855,4.754083594274042,10.282228469848633
3.549499750137329,4.827372770390607,10.354347229003906
3.4706239700317383,4.727196480313848,10.259190559387207
3.5066990852355957,4.825854762091435,10.364992141723633
3.5191941261291504,4.7715111042239835,10.339548110961914
3.5208001136779785,4.7887080267537385,10.301456451416016
3.509091854095459,4.8218318727532665,10.452685356140137
3.512357711791992,4.741417894838377,10.366684913635254
3.506514549255371,4.805289650602,10.361592292785645
3.5675930976867676,4.855960765121771,10.413152694702148
3.5189270973205566,4.795603269378521,10.439044952392578
3.5213098526000977,4.805059217282437,10.290266036987305
3.482306718826294,4.750270607748202,10.353691101074219
3.5493876934051514,4.748185055197349,10.331562042236328
3.490769624710083,4.761174765881152,10.280250549316406
3.5110392570495605,4.787125404258924,10.355049133300781
3.482924699783325,4.787748672833134,10.327276229858398
3.6025969982147217,4.818572555934744,10.33158016204834
3.5207512378692627,4.8200522365181575,10.378931045532227
3.5066704750061035,4.7658464397037665,10.366366386413574
3.476288318634033,4.71845038704175,10.373226165771484
3.55238676071167,4.851715570448765,10.241704940795898
3.5461130142211914,4.782819055153856,10.435354232788086
3.540123224258423,4.782696502116908,10.325623512268066
3.570066213607788,4.833900737542925,10.26627254486084
3.516977548599243,4.820737398994555,10.299494743347168
3.549304246902466,4.770196792104148,10.382638931274414
3.5074455738067627,4.818063434379708,10.3759126663208
3.463104009628296,4.773216537432745,10.276044845581055
3.583371877670288,4.814312636020726,10.323843002319336
3.49210262298584,4.783972339405279,10.318439483642578
3.5025711059570312,4.737730978389404,10.31945514678955
3.506462812423706,4.741424396068656,10.338116645812988
3.5135397911071777,4.763496492823054,10.280317306518555
3.512066602706909,4.78984021748017,10.333650588989258
3.4844486713409424,4.811044024968786,10.378036499023438
3.550588369369507,4.805249142826401,10.353538513183594
3.414283514022827,4.77504059219999,10.275440216064453
3.479710817337036,4.758203157988776,10.360596656799316
3.5581116676330566,4.8363013266186625,10.383647918701172
3.5503122806549072,4.80287171235042,10.362014770507812
3.547288179397583,4.7942352870013565,10.375517845153809
3.48467755317688,4.834798753527659,10.406073570251465
3.411367177963257,4.774227707547002,10.400626182556152
3.5151472091674805,4.800891603609281,10.365488052368164
3.526907444000244,4.836849582514593,10.26196002960205
3.5137226581573486,4.807098163557905,10.363347053527832
3.5110065937042236,4.726445282277252,10.297869682312012
3.593785047531128,4.7974286481538515,10.386664390563965
3.559748888015747,4.806650984134259,10.33000373840332
3.4905431270599365,4.726478896270106,10.335978507995605
3.553891181945801,4.743548929225653,10.402215957641602
3.408241033554077,4.800883716205135,10.463873863220215
3.532407522201538,4.800264257072869,10.359281539916992
3.4710917472839355,4.790994525088795,10.352680206298828
3.5014326572418213,4.713204804907686,10.344000816345215
3.5045533180236816,4.772158811035166,10.429473876953125
3.5108437538146973,4.74859101029246,10.341378211975098
3.5266621112823486,4.802229901642671,10.351053237915039
3.528670072555542,4.810789909779227,10.367622375488281
3.5512545108795166,4.8728265126701436,10.335393905639648
3.5591213703155518,4.799875071505085,10.398509979248047
3.5360472202301025,4.846862518295113,10.367321014404297
3.498894691467285,4.76162522073303,10.412619590759277
3.483142375946045,4.721165937670905,10.398859024047852
3.549248456954956,4.794645997429532,10.396575927734375
3.511526107788086,4.824764793905031,10.314990997314453
3.496030807495117,4.81229738219242,10.382791519165039
3.5245866775512695,4.754497484470319,10.361190795898438
3.521787643432617,4.783309754882274,10.306390762329102
3.445342540740967,4.81249931817209,10.292425155639648
3.5444536209106445,4.78885756190201,10.333276748657227
3.517146348953247,4.800614726629907,10.316272735595703
3.5300395488739014,4.734616609356766,10.363351821899414
3.54219651222229,4.798540122407888,10.3720703125
3.4941089153289795,4.74580294918269,10.365412712097168
3.4753589630126953,4.767409236203613,10.312575340270996
3.5402262210845947,4.803268121788278,10.372386932373047
3.534497022628784,4.803463192190975,10.305026054382324
3.4882452487945557,4.762522506560864,10.311959266662598
3.5298080444335938,4.785264838420387,10.321919441223145
3.4966611862182617,4.78196501565565,10.380542755126953
3.4996800422668457,4.749466550037531,10.329416275024414
3.4783647060394287,4.7771211656342665,10.36689567565918
3.51889705657959,4.776623075661649,10.279952049255371
3.4637045860290527,4.72754328983969,10.342704772949219
3.543126344680786,4.812374909208821,10.312508583068848
3.514134407043457,4.784279318160511,10.314364433288574
3.492957592010498,4.777569367849667,10.339363098144531
3.5252461433410645,4.842814007008981,10.357914924621582
3.544266939163208,4.769499267950389,10.308021545410156
3.541119337081909,4.78399181545579,10.277670860290527
3.5115468502044678,4.712722561887599,10.375185012817383
3.4877679347991943,4.774840934168814,10.415963172912598
3.4866631031036377,4.767497218712898,10.265912055969238
3.468094825744629,4.712838816456497,10.3289213180542
3.488185405731201,4.763183470116928,10.395174026489258
3.5278444290161133,4.777762236472752,10.39356803894043
3.4743399620056152,4.7797189517878,10.372384071350098
3.512669563293457,4.785962204349094,10.359037399291992
3.5157809257507324,4.7765910762162616,10.357474327087402
3.4946377277374268,4.762237787745627,10.342671394348145
3.5032286643981934,4.729678152993854,10.36630916595459
3.465872287750244,4.8575499337831785,10.383056640625
3.5298871994018555,4.787867946018065,10.339799880981445
3.562366485595703,4.713772832216429,10.400517463684082
3.477834939956665,4.767268712033651,10.500749588012695
3.4643311500549316,4.742095760801541,10.36289119720459
3.522913694381714,4.76882584602572,10.377880096435547
3.485344886779785,4.704941683914513,10.304874420166016
3.499635696411133,4.810121522251783,10.330421447753906
3.4917290210723877,4.767106982613249,10.287332534790039
3.4892237186431885,4.748676944357742,10.294743537902832
3.464956521987915,4.832623475331015,10.280868530273438
3.493001699447632,4.7236543489353995,10.33647346496582
3.486307382583618,4.743720626757879,10.35003662109375
3.437835931777954,4.701585891390486,10.36874008178711
3.550640344619751,4.75063321077531,10.37073802947998
3.4963037967681885,4.802193908386731,10.36066722869873
3.5245347023010254,4.845713036201362,10.400094985961914
3.452796697616577,4.791187656644199,10.341573715209961
3.4638428688049316,4.761297451398734,10.336913108825684
3.492549419403076,4.7979019623515855,10.370695114135742
3.5180001258850098,4.7947988619229625,10.347408294677734
3.487595319747925,4.7738749189302325,10.270891189575195
3.460369348526001,4.749919117129008,10.362543106079102
3.5153777599334717,4.80353308030005,10.305644035339355
3.4901745319366455,4.747750040576128,10.294697761535645
3.448253870010376,4.7219460063747,10.33885383605957
3.484135389328003,4.8426478347807596,10.375873565673828
3.440911054611206,4.752827587737037,10.240278244018555
3.4882965087890625,4.803423226045977,10.297334671020508
3.4982218742370605,4.7895239295238365,10.381332397460938
3.5503125190734863,4.73332866650474,10.24018669128418
3.501715898513794,4.799925161658653,10.29344654083252
3.4833691120147705,4.82090597233868,10.44057846069336
3.466348648071289,4.788116177111598,10.356280326843262
3.4894204139709473,4.77840179165027,10.326613426208496
3.465224504470825,4.774653077092288,10.37200927734375
3.4944238662719727,4.7880893512961595,10.356000900268555
3.457270860671997,4.800679061029639,10.37479305267334
3.517073631286621,4.813836605554181,10.350699424743652
3.4774222373962402,4.778961166473372,10.361100196838379
3.542503595352173,4.777261152264795,10.342803955078125
3.512392997741699,4.788621724516686,10.39987564086914
3.5343029499053955,4.810698425031401,10.354836463928223
3.527682304382324,4.7355374404162704,10.32320785522461
3.5033295154571533,4.736281206731552,10.390920639038086
3.550215721130371,4.79668265887137,10.281158447265625
3.46254563331604,4.808991434817601,10.293946266174316
3.53159236907959,4.766984826253195,10.3240385055542
3.5196101665496826,4.783046845712566,10.367966651916504
3.5133416652679443,4.70962083795374,10.3831787109375
3.532188892364502,4.787881487248732,10.296844482421875
3.5389814376831055,4.798241961215224,10.351468086242676
3.509739637374878,4.7956443324219435,10.392988204956055
3.491307020187378,4.75339033245109,10.312071800231934
3.5183098316192627,4.81032046432873,10.35074234008789
3.4966208934783936,4.81364007490421,10.370768547058105
3.482950448989868,4.816988171843279,10.369011878967285
3.5627551078796387,4.825381550838107,10.320711135864258
3.5049049854278564,4.817530712678231,10.260570526123047
3.4342195987701416,4.804532960057259,10.465398788452148
3.476062536239624,4.775333415084917,10.395685195922852
3.4535279273986816,4.777775872332443,10.28957748413086
3.4696433544158936,4.728468007075467,10.386725425720215
3.480070114135742,4.827579311461054,10.424667358398438
3.455263614654541,4.773041975152279,10.44944953918457
3.4433960914611816,4.731110601586157,10.241774559020996
3.517228364944458,4.793961030364568,10.311528205871582
3.4531946182250977,4.7800406805971365,10.27609920501709
3.4265658855438232,4.73882393958047,10.334999084472656
3.4918622970581055,4.750358243506136,10.398414611816406
3.492790937423706,4.761134946652289,10.348564147949219
3.519010305404663,4.773162031512974,10.38052749633789
3.5136959552764893,4.797863070420655,10.374664306640625
3.4762399196624756,4.833608820502247,10.261425971984863
3.4921531677246094,4.720189133891836,10.33224868774414
3.441396474838257,4.708739809658645,10.403070449829102
3.455965042114258,4.795304206199944,10.383156776428223
3.487450361251831,4.781583813850634,10.368780136108398
3.4513041973114014,4.6930267902623335,10.32943344116211
3.48431658744812,4.73260959982872,10.346468925476074
3.5234901905059814,4.754405760206282,10.323282241821289
3.448399782180786,4.73985882841849,10.310401916503906
3.402005195617676,4.726755433250219,10.421701431274414
3.445237636566162,4.765682502017755,10.333630561828613
3.5179169178009033,4.771072609416609,10.349553108215332
3.4854869842529297,4.7798218850179435,10.366870880126953
3.521376371383667,4.8092256787765235,10.314215660095215
3.4207143783569336,4.723853243415111,10.345548629760742
3.506725788116455,4.795396585150488,10.37397575378418
3.5054097175598145,4.772846133547968,10.41380786895752
3.520994186401367,4.739676622840176,10.302467346191406
3.5143160820007324,4.753305462421849,10.33089542388916
3.444553852081299,4.838605849471476,10.367273330688477
3.541625499725342,4.731781134548198,10.314329147338867
3.5020558834075928,4.779533886616784,10.248985290527344
3.4997334480285645,4.783854653626415,10.353899002075195
3.4962589740753174,4.823514167784847,10.342101097106934
3.5049593448638916,4.739159039321488,10.419498443603516
3.5292742252349854,4.803073541926486,10.38331413269043
3.5039303302764893,4.7126148419920355,10.34209156036377
3.4774463176727295,4.676685211415004,10.396109580993652
3.498354434967041,4.8175110981600096,10.281082153320312
3.4843058586120605,4.816801572950291,10.270196914672852
3.553095817565918,4.791859602555633,10.355293273925781
3.5198163986206055,4.748344427140961,10.347329139709473
3.5065722465515137,4.806101165911449,10.290849685668945
3.4990837574005127,4.742794474819675,10.42634391784668
3.4912006855010986,4.776250825895529,10.258899688720703
3.5553412437438965,4.850918058039887,10.36686897277832
3.4965755939483643,4.717189353059179,10.31983470916748
3.488266706466675,4.730343006684311,10.319570541381836
3.4825825691223145,4.828996545236025,10.36098575592041
3.519365072250366,4.807452481872002,10.418066024780273
3.4579012393951416,4.765330679914248,10.358794212341309
3.4992501735687256,4.793293132613013,10.261619567871094
3.425632953643799,4.783630169528936,10.321928024291992
3.4949374198913574,4.791869758728093,10.388908386230469
3.5058748722076416,4.722623019944877,10.342742919921875
3.499790668487549,4.722119905087831,10.366180419921875
3.447150230407715,4.772793723170512,10.40376091003418
3.469571113586426,4.735521324976746,10.338150024414062
3.4889657497406006,4.708114617204826,10.331141471862793
3.4601035118103027,4.689649578050843,10.410401344299316
3.445819616317749,4.740264396914946,10.388897895812988
3.450918674468994,4.734109949952524,10.338445663452148
3.4988536834716797,4.767155514963503,10.371397018432617
3.4580166339874268,4.7229344149984955,10.342352867126465
3.4903693199157715,4.760772334877402,10.300918579101562
3.4421634674072266,4.722464654561398,10.244135856628418
3.494920492172241,4.768639832535493,10.328218460083008
3.5025265216827393,4.816315496406917,10.360406875610352
3.486668586730957,4.72770677230853,10.344888687133789
3.468597888946533,4.784504166205547,10.29654312133789
3.4811012744903564,4.727701936781938,10.340566635131836
3.4897658824920654,4.774439773622102,10.421012878417969
3.4801430702209473,4.767055795261902,10.409223556518555
3.5063061714172363,4.736224078174148,10.332239151000977
3.4761745929718018,4.738252090423235,10.320880889892578
3.5117974281311035,4.735949348724846,10.167014122009277
3.434986114501953,4.713379917500009,10.341598510742188
3.4980199337005615,4.710028691450134,10.273489952087402
3.4860055446624756,4.755314808239096,10.302712440490723
3.5052590370178223,4.791094773315958,10.368179321289062
3.4843063354492188,4.735947985501428,10.350101470947266
3.470219850540161,4.706496331441616,10.416720390319824
3.4696338176727295,4.7809277987107635,10.338465690612793
3.5444016456604004,4.7426006040602395,10.322089195251465
3.500124216079712,4.787512836977839,10.368979454040527
3.436692237854004,4.787221235988129,10.368531227111816
3.5426130294799805,4.7594402470692465,10.350793838500977
3.515441656112671,4.801676288313631,10.41445255279541
3.4411470890045166,4.723019043216483,10.284287452697754
3.491807699203491,4.754791829967871,10.277878761291504
3.571211576461792,4.786956336548818,10.365142822265625
3.5003676414489746,4.742982849146106,10.415669441223145
3.476516008377075,4.71761154646187,10.299671173095703
3.463223695755005,4.767823116687525,10.31788444519043
3.49623441696167,4.7394572962408095,10.307402610778809
3.4979097843170166,4.752096265953566,10.293437004089355
3.482424259185791,4.725304239629103,10.396882057189941
3.526244878768921,4.785020408220589,10.25537109375
3.4341342449188232,4.737998749395566,10.328325271606445
3.483445644378662,4.734577722714415,10.33205509185791
3.4659507274627686,4.760667534811157,10.363380432128906
3.5190277099609375,4.739694221577208,10.337900161743164
3.4793953895568848,4.836969402785014,10.337660789489746
3.465871810913086,4.738338970745515,10.362648010253906
3.4786911010742188,4.765883123635182,10.32721996307373
3.4313812255859375,4.798478244371446,10.33138656616211
3.4757490158081055,4.7280551655816705,10.294600486755371
3.475045680999756,4.709725740864607,10.334529876708984
3.455507278442383,4.731258207300146,10.42509651184082
3.4754042625427246,4.768159436594162,10.398686408996582
3.4614481925964355,4.802383433062849,10.347387313842773
3.490108013153076,4.7786305773604125,10.386013984680176
3.438424825668335,4.726916316297969,10.266737937927246
3.4873604774475098,4.842359695483797,10.304734230041504
3.456958532333374,4.751861270517111,10.311253547668457
3.512284755706787,4.687893370632082,10.371983528137207
3.457829713821411,4.726932815841532,10.384632110595703
3.494837522506714,4.804394999751822,10.45011043548584
3.4947702884674072,4.738519751566596,10.354158401489258
3.3819639682769775,4.717674086136478,10.327934265136719
3.4740149974823,4.642338253258328,10.332906723022461
3.494184732437134,4.722057258111557,10.391212463378906
3.454833745956421,4.7796312134180745,10.264147758483887
3.5156750679016113,4.725340223039634,10.3240327835083
3.429090976715088,4.7753347767783065,10.407909393310547
3.462198495864868,4.783772800816222,10.318998336791992
3.478877544403076,4.776924643199891,10.379117012023926
3.5202865600585938,4.836258238846702,10.366426467895508
3.4777894020080566,4.789643869269639,10.28787612915039
3.487684726715088,4.725729211366602,10.345476150512695
3.4963715076446533,4.776385711905147,10.392888069152832
3.4857397079467773,4.728326026050906,10.302925109863281
3.512575387954712,4.764100844938573,10.403775215148926
3.414674758911133,4.730666520173794,10.302667617797852
3.5178096294403076,4.778797800852252,10.435235977172852
3.45469069480896,4.830341618907239,10.351221084594727
3.4935412406921387,4.744716791036938,10.292089462280273
3.5148658752441406,4.744106279652833,10.317911148071289
3.4427387714385986,4.797842650607761,10.25672435760498
3.393993377685547,4.661276515373695,10.332746505737305
3.4849495887756348,4.804525650838124,10.321857452392578
3.5305802822113037,4.739009728322604,10.325065612792969
3.505643606185913,4.729087422934494,10.305767059326172
3.4289562702178955,4.721583924256265,10.42725944519043
3.5243866443634033,4.764905916260821,10.33413314819336
3.4409236907958984,4.714801002792748,10.40329360961914
3.5404443740844727,4.745466478834194,10.292787551879883
3.4604954719543457,4.6656543012774945,10.379158020019531
3.451920509338379,4.723551008584245,10.349087715148926
3.4223034381866455,4.781176637126399,10.254779815673828
3.438699722290039,4.728518161523555,10.427145004272461
3.4284839630126953,4.719436287347759,10.394548416137695
3.4737586975097656,4.71878753063668,10.354187965393066
3.401048421859741,4.683734025274004,10.34376335144043
3.50752592086792,4.724006488021197,10.37899112701416
3.509117841720581,4.790930002628427,10.383403778076172
3.436985492706299,4.748750152232658,10.44264030456543
3.4665274620056152,4.768632547164868,10.383323669433594
3.5143802165985107,4.7954579046262165,10.305353164672852
3.507692575454712,4.7486590664235075,10.35858154296875
3.4339330196380615,4.691056360424097,10.320927619934082
3.489875555038452,4.777754317736254,10.270434379577637
3.4497809410095215,4.786612936195784,10.305357933044434
3.4190642833709717,4.758763364216844,10.289449691772461
3.505463123321533,4.7365778619090895,10.347572326660156
3.4280877113342285,4.674778589513153,10.379081726074219
3.4214999675750732,4.729738739152839,10.344476699829102
3.4920427799224854,4.746946318241368,10.324162483215332
3.39993953704834,4.751553115634514,10.363183975219727
3.491161584854126,4.7761980659062315,10.415572166442871
3.4117865562438965,4.751008546013119,10.33915901184082
3.4426021575927734,4.643270460888743,10.347719192504883
3.4980170726776123,4.744969817776499,10.292074203491211
3.4595038890838623,4.687045613902487,10.295675277709961
3.4309446811676025,4.731209491911743,10.315706253051758
3.379743814468384,4.702006514749622,10.360089302062988
3.472784996032715,4.7727097132841925,10.28464126586914
3.475506544113159,4.752246691778835,10.362152099609375
3.382819890975952,4.708267586638353,10.32310962677002
3.4976468086242676,4.725795443735218,10.360325813293457
3.4734365940093994,4.739742412198601,10.339982986450195
3.448829412460327,4.719256598369351,10.477733612060547
3.4744391441345215,4.804757580593495,10.275286674499512
3.48112154006958,4.770884875607277,10.364082336425781
3.4892287254333496,4.748601672106555,10.341740608215332
3.456404685974121,4.7502575464812775,10.338085174560547
3.4944937229156494,4.764752866766814,10.324413299560547
3.4358537197113037,4.773967029194215,10.354207992553711
3.416910409927368,4.750698886312811,10.350384712219238
3.476067066192627,4.746348693501205,10.341132164001465
3.46518874168396,4.68540725936847,10.354959487915039
3.461928606033325,4.715678863194106,10.417057991027832
3.506427764892578,4.711525649730383,10.275463104248047
3.479372024536133,4.737559841180752,10.34622573852539
3.4859530925750732,4.70776656529467,10.36866283416748
3.405355215072632,4.6611317532203556,10.276288986206055
3.481954574584961,4.727316541996385,10.36098861694336
3.414541721343994,4.750324170936697,10.326515197753906
3.4736387729644775,4.727996991581416,10.377284049987793
3.4468698501586914,4.761161639854046,10.405338287353516
3.404116153717041,4.759948831849865,10.315680503845215
3.479520320892334,4.787006008338981,10.35202407836914
3.467052936553955,4.777750465952392,10.337026596069336
3.523858070373535,4.766779878442841,10.310406684875488
3.487886428833008,4.75040222538103,10.352104187011719
3.444340705871582,4.744930896542169,10.382387161254883
3.420900344848633,4.714681846255969,10.381128311157227
3.526357650756836,4.758078651170114,10.343184471130371
3.4814348220825195,4.736317800557507,10.31513786315918
3.3989193439483643,4.724306076133092,10.310647010803223
3.469304323196411,4.716973650568565,10.277034759521484
3.5026795864105225,4.728618394084541,10.298312187194824
3.44722580909729,4.7199784425486415,10.240944862365723
3.4541332721710205,4.776589101246958,10.393146514892578
3.4952685832977295,4.697218084441764,10.360595703125
3.496588945388794,4.72202945317674,10.327449798583984
3.434816598892212,4.777830254918496,10.371602058410645
3.4471004009246826,4.7117615722652,10.344552993774414
3.411667823791504,4.7382012191893805,10.380868911743164
3.4351954460144043,4.728608693661434,10.310704231262207
3.396320343017578,4.7615228626610975,10.32729434967041
3.458179235458374,4.737148499482179,10.391098022460938
3.4859063625335693,4.745762956062598,10.33877182006836
3.5186514854431152,4.741461026681853,10.317834854125977
3.458404064178467,4.7055505007571945,10.381600379943848
3.4733335971832275,4.784732680335375,10.338361740112305
3.4780972003936768,4.718886601838416,10.372532844543457
3.4584240913391113,4.838494524459488,10.285002708435059
3.4345719814300537,4.7351212565387995,10.347575187683105
3.4740407466888428,4.714160502655432,10.408607482910156
3.421070098876953,4.703198813533943,10.272902488708496
3.393972158432007,4.745214465440117,10.443056106567383
3.4256062507629395,4.765119681334389,10.361448287963867
3.481182098388672,4.729958588124386,10.261773109436035
3.423707962036133,4.777474081576137,10.390417098999023
3.460312604904175,4.708825679595716,10.281049728393555
3.479111909866333,4.76797757314385,10.319726943969727
3.491582155227661,4.800736248859072,10.330392837524414
3.457141160964966,4.8117657060335794,10.374794006347656
3.4350714683532715,4.669315329320463,10.361734390258789
3.4123342037200928,4.687904369318857,10.315252304077148
3.452605724334717,4.719517772551625,10.3402681350708
3.3970601558685303,4.726001389524233,10.343172073364258
3.4413301944732666,4.782426187901624,10.282341957092285
3.4204225540161133,4.702142645239031,10.361183166503906
3.4842424392700195,4.73284052046282,10.239850044250488
3.478790283203125,4.722118279763631,10.29917049407959
3.4322991371154785,4.7867926930609555,10.297922134399414
3.450261354446411,4.761341967486909,10.350200653076172
3.4623634815216064,4.637042161642707,10.242825508117676
3.4273133277893066,4.6806064758316746,10.3343505859375
3.432140350341797,4.784194981379967,10.368547439575195
3.4533324241638184,4.772362265503035,10.310110092163086
3.4773762226104736,4.765106925973669,10.36755657196045
3.4426565170288086,4.77156954055785,10.252035140991211
3.424332618713379,4.698253924193392,10.27799129486084
3.4460232257843018,4.64447847071902,10.409649848937988
3.4528164863586426,4.715677147997277,10.395279884338379
3.488510847091675,4.7436772542007795,10.344582557678223
3.4504456520080566,4.737182544910216,10.415563583374023
3.5292041301727295,4.779311372100242,10.358997344970703
3.456866979598999,4.74620468262583,10.32685661315918
3.47788405418396,4.793652857154874,10.361811637878418
3.4833624362945557,4.743593058748437,10.291267395019531
3.436063051223755,4.717870096110605,10.41781997680664
3.500316858291626,4.714058385097554,10.371244430541992
3.4400410652160645,4.700372619953539,10.427813529968262
3.418361186981201,4.679949595925531,10.348661422729492
3.463758707046509,4.746664654929191,10.276388168334961
3.399923801422119,4.709984653063917,10.353439331054688
3.464247465133667,4.722671872071389,10.272791862487793
3.4647488594055176,4.674128345879061,10.427791595458984
3.429786443710327,4.725024264239307,10.358827590942383
3.41378116607666,4.7187584623960515,10.369346618652344
3.4628005027770996,4.701841007851597,10.31248664855957
3.438384771347046,4.636965694604442,10.253606796264648
3.3917341232299805,4.706159431154706,10.358261108398438
3.517857551574707,4.7011345653861225,10.263321876525879
3.422381639480591,4.752877936166311,10.337453842163086
3.474520444869995,4.748686112995658,10.31595230102539
3.3929219245910645,4.669205522197964,10.282764434814453
3.388730525970459,4.816484084652204,10.307491302490234
3.4927115440368652,4.752907619379195,10.351865768432617
3.4407694339752197,4.7586929754221,10.382593154907227
3.4556236267089844,4.701285871677101,10.346237182617188
3.419642210006714,4.743630728817412,10.362964630126953
3.450000762939453,4.678680903145246,10.356032371520996
3.390528917312622,4.758008347391816,10.330856323242188
3.436739683151245,4.702468764735387,10.42862319946289
3.3891072273254395,4.733031237863802,10.359640121459961
3.4942686557769775,4.712171319739094,10.290329933166504
3.475310802459717,4.723961948749742,10.376070976257324
3.441408634185791,4.739981248276308,10.289717674255371
3.4998936653137207,4.750137409561181,10.227041244506836
3.467540740966797,4.699647646663444,10.333992958068848
3.38604998588562,4.692845335296755,10.350857734680176
3.4091603755950928,4.66005410546703,10.264704704284668
3.3806822299957275,4.758937255013734,10.321789741516113
3.4829986095428467,4.72808128176257,10.335153579711914
3.43878436088562,4.700245896786718,10.305870056152344
3.3855395317077637,4.7188234689778525,10.375782012939453
3.4268105030059814,4.69822131582935,10.288290023803711
3.4258809089660645,4.6968407281674445,10.343155860900879
3.3881731033325195,4.7665509935468435,10.404258728027344
3.393338918685913,4.694141419704206,10.347777366638184
3.419403314590454,4.685579874685833,10.30272388458252
3.472203254699707,4.714137172958415,10.271161079406738
3.497910261154175,4.712346413106259,10.366598129272461
3.4556219577789307,4.753153604821169,10.273499488830566
3.5089614391326904,4.721690052321979,10.26181697845459
3.402229070663452,4.6947510142677595,10.440757751464844
3.470609426498413,4.747068185059885,10.414329528808594
3.4742326736450195,4.722736712478634,10.375906944274902
3.4833316802978516,4.726581884614592,10.258883476257324
3.43957257270813,4.6986204229760915,10.392364501953125
3.4267513751983643,4.73673895344005,10.346050262451172
3.469385862350464,4.664787797124258,10.298307418823242
3.432358503341675,4.754943991146449,10.291097640991211
3.4803225994110107,4.674995420833251,10.34504508972168
3.4427177906036377,4.680782139567392,10.400389671325684
3.3719074726104736,4.7175472000879894,10.32575511932373
3.440582275390625,4.772763802304065,10.381917953491211
3.380281925201416,4.69490488961206,10.308582305908203
3.4924814701080322,4.735188856853971,10.34608268737793
3.380072593688965,4.707157013438907,10.33879280090332
3.401668071746826,4.66785107526396,10.349481582641602
3.440685749053955,4.765839803198885,10.356477737426758
3.4472908973693848,4.772924437453705,10.3056001663208
3.4486782550811768,4.6756568055799494,10.334142684936523
3.381824016571045,4.630222985155083,10.221343994140625
3.475088119506836,4.682258222917361,10.222146987915039
3.540508508682251,4.798158425970801,10.296382904052734
3.4138729572296143,4.738432292759951,10.329269409179688
3.359950304031372,4.694977837315361,10.360483169555664
3.428243398666382,4.724968724185602,10.350281715393066
3.449888229370117,4.6707268773711155,10.395566940307617
3.4300990104675293,4.735082998638972,10.256378173828125
3.434839963912964,4.690394841068025,10.309582710266113
3.357530355453491,4.759976757058342,10.283470153808594
3.4371564388275146,4.707092757868979,10.355420112609863
3.425408124923706,4.702495554761429,10.310861587524414
3.444075107574463,4.741417601272198,10.398839950561523
3.413445472717285,4.731696901876213,10.25403881072998
3.379025936126709,4.671040467452258,10.35403823852539
3.447781801223755,4.763804869460208,10.300127029418945
3.4581563472747803,4.700956328006995,10.299578666687012
3.460190773010254,4.767659543048857,10.371307373046875
3.493999719619751,4.74778320936353,10.30936050415039
3.4533755779266357,4.712695400430156,10.360523223876953
3.4400172233581543,4.761954830194424,10.329899787902832
3.465780019760132,4.810936656680757,10.298694610595703
3.4095842838287354,4.721435646060855,10.293622970581055
3.3544156551361084,4.676489486259276,10.234931945800781
3.472553014755249,4.701488356505122,10.38785171508789
3.4803922176361084,4.739593487000093,10.276028633117676
3.415062427520752,4.718350148194336,10.298847198486328
3.4659831523895264,4.723612907775013,10.301122665405273
3.4946889877319336,4.786944075421031,10.377111434936523
3.4518630504608154,4.66018392677818,10.391219139099121
3.3936967849731445,4.712592501991562,10.36644172668457
3.421825408935547,4.777886201394722,10.346151351928711
3.4659500122070312,4.680773061334288,10.359123229980469
3.4080111980438232,4.666225936995554,10.352322578430176
3.4610729217529297,4.660008908848145,10.334521293640137
3.4151079654693604,4.701521381769064,10.248615264892578
3.4348556995391846,4.715899398650175,10.426955223083496
3.414311170578003,4.681904033325346,10.310602188110352
3.430213212966919,4.708445864796106,10.365816116333008
3.372760772705078,4.708973373020334,10.320147514343262
3.443692922592163,4.770274698135577,10.352631568908691
3.4285995960235596,4.744237100140058,10.295759201049805
3.4392199516296387,4.753739745921588,10.326668739318848
3.4222683906555176,4.6756928286049515,10.34251880645752
3.3934860229492188,4.628157767999385,10.325923919677734
3.420534133911133,4.703158866580842,10.313426971435547
3.447456121444702,4.750516786971795,10.332992553710938
3.467024803161621,4.8145432898641705,10.249772071838379
3.460489273071289,4.758175438203449,10.284929275512695
3.4761838912963867,4.698552719982606,10.321139335632324
3.4098052978515625,4.695981259091891,10.338640213012695
3.449248790740967,4.603661023246657,10.311963081359863
3.472491979598999,4.706491801821228,10.415042877197266
3.4097604751586914,4.682188856648281,10.28255558013916
3.435610055923462,4.777317256533674,10.345297813415527
3.4677560329437256,4.750595138674336,10.336111068725586
3.4740548133850098,4.638542221992144,10.460280418395996
3.482485771179199,4.687623936782725,10.348958015441895
3.4301228523254395,4.665258010782834,10.295920372009277
3.448720932006836,4.666412413718977,10.354633331298828
3.4296932220458984,4.796397526016725,10.342497825622559
3.4745240211486816,4.760629945002231,10.286346435546875
3.3742053508758545,4.648668635104384,10.300004959106445
3.39020037651062,4.744805659566607,10.397666931152344
3.4087862968444824,4.701862797240859,10.333324432373047
3.476634979248047,4.708535758346053,10.407068252563477
3.4110310077667236,4.7081968481319825,10.344382286071777
3.461575508117676,4.710652484392215,10.30343246459961
3.45015811920166,4.699804926191324,10.371749877929688
3.4305784702301025,4.715095330861264,10.399682998657227
3.4140031337738037,4.713458820079852,10.391691207885742
3.3873536586761475,4.662639121258898,10.405086517333984
3.4142260551452637,4.750395736690345,10.271618843078613
3.4687864780426025,4.73382971735139,10.279425621032715
3.4471120834350586,4.6369726232785204,10.272451400756836
3.470071315765381,4.721907524658101,10.335657119750977
3.4929051399230957,4.688135286926159,10.314014434814453
3.368826150894165,4.662422798008525,10.371153831481934
3.4314217567443848,4.680158380718369,10.398550987243652
3.3689932823181152,4.716637263407133,10.387929916381836
3.4480819702148438,4.705818253136906,10.398411750793457
3.426245927810669,4.738202333317272,10.391562461853027
3.4015543460845947,4.683927865732195,10.383674621582031
3.38120174407959,4.7425300911667625,10.38223648071289
3.4202544689178467,4.703236685300778,10.3207368850708
3.413296937942505,4.703379123172324,10.347176551818848
3.4142069816589355,4.697865554364398,10.37303352355957
3.4477031230926514,4.684919284590121,10.30770492553711
3.439880609512329,4.650282205681183,10.319476127624512
3.4040043354034424,4.693620346952229,10.392961502075195
3.3743433952331543,4.67807012294153,10.379717826843262
3.4437336921691895,4.743592566344887,10.341714859008789
3.4443185329437256,4.7026392135968695,10.356078147888184
3.4403879642486572,4.6940486980602145,10.367547988891602
3.4343984127044678,4.667095084375303,10.36284065246582
3.411060094833374,4.67341020250959,10.337221145629883
3.4205942153930664,4.680708912567103,10.27739143371582
3.468594551086426,4.684001014068989,10.261001586914062
3.445502281188965,4.720511672353106,10.360950469970703
3.4444873332977295,4.703155900318443,10.297694206237793
3.434896469116211,4.631361223491176,10.396708488464355
3.47699236869812,4.7677515077604244,10.33175277709961
3.3887178897857666,4.665637039579452,10.375639915466309
3.4340155124664307,4.753216694375234,10.413936614990234
3.4543352127075195,4.692940833412909,10.27276611328125
3.395460605621338,4.683716163338561,10.324670791625977
3.4433271884918213,4.767629150899926,10.334701538085938
3.4382636547088623,4.719618689268827,10.341777801513672
3.424607038497925,4.681721729259672,10.392824172973633
3.433711290359497,4.69034138857387,10.382579803466797
3.4040274620056152,4.736617133719847,10.391311645507812
3.4694972038269043,4.752896852558479,10.397478103637695
3.4502460956573486,4.670616194506043,10.336739540100098
3.4519436359405518,4.6981439315048705,10.309831619262695
3.415553331375122,4.687060790701902,10.406073570251465
3.407376289367676,4.719830849540553,10.24135684967041
3.426894426345825,4.674396758200601,10.330349922180176
3.441336154937744,4.699796425344955,10.340690612792969
3.3648502826690674,4.616179017882262,10.374963760375977
3.371234655380249,4.686743940492825,10.261006355285645
3.482140302658081,4.708554522101102,10.327388763427734
3.401902675628662,4.61951181162814,10.4385986328125
3.320049285888672,4.687285465853554,10.340203285217285
3.4226620197296143,4.682376740832946,10.323606491088867
3.4317924976348877,4.652805989441861,10.341556549072266
3.4588069915771484,4.714301147398406,10.326395034790039
3.4790046215057373,4.6824612309158375,10.352031707763672
3.4123146533966064,4.696568048259775,10.357278823852539
3.4117391109466553,4.629101938135656,10.356821060180664
3.4267706871032715,4.6484976551894635,10.294928550720215
3.4121763706207275,4.6796900175644875,10.37424373626709
3.423173666000366,4.731695564064596,10.349183082580566
3.4711859226226807,4.68445039949646,10.390981674194336
3.450629711151123,4.727285587727757,10.363286018371582
3.376591920852661,4.662346928047814,10.336294174194336
3.451277256011963,4.69415844388173,10.241964340209961
3.420600175857544,4.759062690893188,10.310393333435059
3.431953191757202,4.745783857568832,10.297513008117676
3.4173221588134766,4.698524068741659,10.285923957824707
3.3645572662353516,4.659708965403427,10.307258605957031
3.5017998218536377,4.761490426658254,10.323980331420898
3.359548330307007,4.684955107081416,10.375712394714355
3.435056686401367,4.688339360257877,10.24345874786377
3.4272050857543945,4.699063455453143,10.368513107299805
3.420381784439087,4.705691970685231,10.286409378051758
3.4099137783050537,4.727467266742939,10.319408416748047
3.3579728603363037,4.679203148132988,10.421545028686523
3.44885516166687,4.697356714201824,10.353799819946289
3.4394962787628174,4.71623898510422,10.409832000732422
3.3233158588409424,4.7256692249460945,10.32199478149414
3.446078300476074,4.6665076327709745,10.337170600891113
3.436537981033325,4.693231895665771,10.3517427444458
3.451629877090454,4.7783462321718355,10.371679306030273
3.4707422256469727,4.67968309677339,10.336787223815918
3.4979000091552734,4.589430272379625,10.382604598999023
3.3758585453033447,4.676081150803449,10.313138008117676
3.3683090209960938,4.685699936767507,10.340973854064941
3.3358638286590576,4.701444692710148,10.284335136413574
3.4281506538391113,4.673215886311871,10.381896018981934
3.4413774013519287,4.712932286285129,10.34933853149414
3.3841118812561035,4.64710722554342,10.307044982910156
3.390326738357544,4.611662633317922,10.289052963256836
3.388361692428589,4.676470547182752,10.332720756530762
3.401630163192749,4.6560685357877185,10.427743911743164
3.404512405395508,4.727397301600182,10.32203483581543
3.376476526260376,4.712100476192843,10.431886672973633
3.384288787841797,4.684112930071673,10.32908821105957
3.3498148918151855,4.706903737903173,10.403897285461426
3.4238312244415283,4.660451451050384,10.340641975402832
3.3674869537353516,4.660917495410623,10.410886764526367
3.403325080871582,4.718043412946697,10.391929626464844
3.38828706741333,4.668404021134068,10.345337867736816
3.4526591300964355,4.649724272445642,10.295515060424805
3.4659810066223145,4.716366363323427,10.304952621459961
3.427036762237549,4.720623063588781,10.24500846862793
3.4246654510498047,4.661369951042746,10.293733596801758
3.4079878330230713,4.655977704728554,10.285829544067383
3.460073947906494,4.744192579794409,10.296470642089844
3.428300619125366,4.6455554769574,10.394615173339844
3.417121410369873,4.740938071361078,10.393104553222656
3.4276492595672607,4.6764226935005615,10.302084922790527
3.410194158554077,4.741208713368646,10.343576431274414
3.421015977859497,4.692054167522915,10.345029830932617
3.3941335678100586,4.655712451187095,10.285804748535156
3.4043691158294678,4.73302183350149,10.381414413452148
3.362928867340088,4.695799323331033,10.367581367492676
3.4007582664489746,4.661232543976179,10.343576431274414
3.426456928253174,4.742980956432542,10.272991180419922
3.410106658935547,4.690932293123166,10.340319633483887
3.3639516830444336,4.67028579714575,10.387462615966797
3.477832078933716,4.719703072083315,10.302453994750977
3.4464714527130127,4.739226193832499,10.45785903930664
3.424604654312134,4.702180962776765,10.345057487487793
3.4202206134796143,4.730299192746835,10.315740585327148
3.386690616607666,4.6901747896003405,10.393692970275879
3.3702354431152344,4.713122840704663,10.26630973815918
3.3868579864501953,4.653174140922991,10.359996795654297
3.306183099746704,4.660864663443395,10.328105926513672
3.461090326309204,4.687331242353788,10.300936698913574
3.413947582244873,4.68840490328148,10.346688270568848
3.4030165672302246,4.684997404725957,10.308113098144531
3.364840269088745,4.635634392001,10.339422225952148
3.4072928428649902,4.705755822925961,10.371966361999512
3.370208978652954,4.674681618842961,10.383333206176758
3.4101343154907227,4.724897811987571,10.319677352905273
3.436018705368042,4.708015939852754,10.438505172729492
3.3292806148529053,4.625309891599629,10.406700134277344
3.3908374309539795,4.673739115009084,10.344034194946289
3.3814432621002197,4.65598714218608,10.414390563964844
3.411060094833374,4.711380975952904,10.329532623291016
3.4466216564178467,4.701494260491537,10.311369895935059
3.3487234115600586,4.643532770785637,10.390033721923828
3.4070959091186523,4.669858938881329,10.308280944824219
3.3516950607299805,4.693466065085627,10.386592864990234
3.4280359745025635,4.704734181120459,10.388505935668945
3.4004762172698975,4.696528548108679,10.321821212768555
3.4240052700042725,4.572566289986883,10.287393569946289
3.374377727508545,4.629131915147549,10.348947525024414
3.4149911403656006,4.665097891519379,10.34805965423584
3.399620771408081,4.723524456411334,10.330613136291504
3.4675512313842773,4.670005268284253,10.340047836303711
3.346829652786255,4.606449627517057,10.371213912963867
3.4520342350006104,4.686076097822348,10.307153701782227
3.399060010910034,4.625075288216717,10.284812927246094
3.37386417388916,4.654166769003496,10.287972450256348
3.4169774055480957,4.650820662334029,10.339027404785156
3.3952019214630127,4.726606132961543,10.389920234680176
3.397371292114258,4.750473300893126,10.365766525268555
3.431087017059326,4.730143272484254,10.322175979614258
3.392554521560669,4.641807222306462,10.33438491821289
3.3938167095184326,4.695104308892041,10.430882453918457
3.3863143920898438,4.665118161755215,10.417316436767578
3.362180233001709,4.6675698254590055,10.298395156860352
3.481478691101074,4.610011534366224,10.371481895446777
3.383012056350708,4.664067555252196,10.273063659667969
3.3255867958068848,4.675518382673285,10.273962020874023
3.377897024154663,4.704972347178097,10.359079360961914
3.406754493713379,4.717359294549429,10.38471794128418
3.3992879390716553,4.693181044422091,10.291240692138672
3.386247158050537,4.612802969990298,10.38697338104248
3.4656155109405518,4.689183069126947,10.41272258758545
3.4553072452545166,4.704500755527988,10.326805114746094
3.4173686504364014,4.655205665821476,10.304292678833008
3.4816830158233643,4.680016182263248,10.431396484375
3.415527105331421,4.634120853617787,10.300227165222168
3.432112693786621,4.6800522574423145,10.320755004882812
3.420323610305786,4.646976005818162,10.471391677856445
3.3899545669555664,4.600891021412931,10.351757049560547
3.3788092136383057,4.702727348610226,10.278484344482422
3.372004985809326,4.650242446988289,10.423398971557617
3.4516043663024902,4.775632497056254,10.33027172088623
3.393810510635376,4.703934406462525,10.322212219238281
3.419743537902832,4.739287110112076,10.324911117553711
3.3390958309173584,4.666052730088787,10.402713775634766
3.412113666534424,4.643144062454146,10.240082740783691
3.3981850147247314,4.665891630042876,10.365494728088379
3.390777587890625,4.683985577763191,10.366003036499023
3.351668357849121,4.678226064059085,10.347862243652344
3.3882975578308105,4.712247135716358,10.294881820678711
3.420266628265381,4.708468588601266,10.31652545928955
3.3770992755889893,4.63404823633443,10.375259399414062
3.382721185684204,4.620948684102457,10.353447914123535
3.403045415878296,4.661038910837046,10.42331600189209
3.3947532176971436,4.621175679411472,10.390809059143066
3.3709914684295654,4.701709750906698,10.382854461669922
3.418665885925293,4.651488340559548,10.351014137268066
3.403256893157959,4.70383921854331,10.39175033569336
3.4133174419403076,4.617295819334686,10.325996398925781
3.454784393310547,4.701738845058052,10.363493919372559
3.389390230178833,4.6570912071703265,10.367021560668945
3.34222412109375,4.6293464605363885,10.34183120727539
3.45658540725708,4.710603675938078,10.32276439666748
3.4654104709625244,4.67901330800461,10.359321594238281
3.4218719005584717,4.749733158753121,10.22002124786377
3.4378817081451416,4.731977237854154,10.334856986999512
3.371107339859009,4.675529625965283,10.38038444519043
3.4107885360717773,4.65041871980897,10.255024909973145
3.3344991207122803,4.6098984830480605,10.334783554077148
3.344108819961548,4.673661658540368,10.293326377868652
3.4184367656707764,4.693034459570689,10.261435508728027
3.435742139816284,4.68004857795313,10.337852478027344
3.4471495151519775,4.707871847120778,10.32373332977295
3.3938100337982178,4.688571081130898,10.372424125671387
3.431786298751831,4.6927522410904725,10.349950790405273
3.3909847736358643,4.623782217868471,10.317327499389648
3.446805477142334,4.6955370358524045,10.413909912109375
3.4326064586639404,4.730904318059661,10.346086502075195
3.4459385871887207,4.708872798397871,10.360828399658203
3.405205011367798,4.609756863842319,10.336328506469727
3.341326951980591,4.599335715740121,10.385847091674805
3.4945642948150635,4.699432715673798,10.359429359436035
3.39003324508667,4.651612106976764,10.34799861907959
3.4228601455688477,4.691910939756782,10.423728942871094
3.466582775115967,4.643934157710256,10.451815605163574
3.38594388961792,4.711823983117939,10.334552764892578
3.436192750930786,4.702566502649071,10.328669548034668
3.362110137939453,4.695500998924087,10.311715126037598
3.4106693267822266,4.582100936677306,10.4024076461792
3.4546353816986084,4.713441562506238,10.331808090209961
3.398483991622925,4.652310963720082,10.29611873626709
3.368990182876587,4.64506776075411,10.328714370727539
3.3631458282470703,4.664905306849895,10.394386291503906
3.3945770263671875,4.649949551992384,10.315362930297852
3.4437146186828613,4.691479934545765,10.372588157653809
3.3914785385131836,4.677149117658182,10.256028175354004
3.388046979904175,4.7189718582334805,10.367396354675293
3.434271812438965,4.675572217442095,10.266287803649902
3.3875679969787598,4.638019011721814,10.27592658996582
3.4048585891723633,4.658964579326233,10.311516761779785
3.3954596519470215,4.675703902562548,10.3579683303833
3.4108529090881348,4.692726023062797,10.297571182250977
3.3469958305358887,4.598169384956627,10.32903003692627
3.385601282119751,4.718713048280083,10.367055892944336
3.3556435108184814,4.663197075582243,10.288249969482422
3.3923540115356445,4.630779485949981,10.373482704162598
3.370342969894409,4.654221562934773,10.371344566345215
3.406358242034912,4.676901245855594,10.347553253173828
3.3137924671173096,4.603845101847713,10.324089050292969
3.433615207672119,4.733388479399894,10.42548942565918
3.3692257404327393,4.632107928295487,10.408777236938477
3.4364895820617676,4.692850259298991,10.349876403808594
3.453994035720825,4.713955315594961,10.413991928100586
3.4240992069244385,4.6917152675866545,10.376731872558594
3.400613307952881,4.666303510943959,10.354217529296875
3.419527530670166,4.62982492035787,10.255529403686523
3.461397886276245,4.679070491543306,10.302606582641602
3.4170117378234863,4.6737244286507895,10.400655746459961
3.3539607524871826,4.645337648124301,10.402728080749512
3.424727201461792,4.642952390480787,10.388472557067871
3.3873627185821533,4.721368583784039,10.410030364990234
3.3515541553497314,4.682783582414101,10.429149627685547
3.356260061264038,4.596936951690752,10.33771800994873
3.394380569458008,4.7069320516394715,10.384227752685547
3.347463369369507,4.66895162191109,10.368735313415527
3.3411760330200195,4.628288869546459,10.287196159362793
3.4027793407440186,4.636066422332077,10.423526763916016
3.431363344192505,4.685150168603286,10.334413528442383
3.389824628829956,4.633598536086668,10.36589241027832
3.3054676055908203,4.62439962805781,10.333966255187988
3.527101516723633,4.684111771572915,10.377500534057617
3.4110107421875,4.659881777861821,10.359865188598633
3.407989740371704,4.618015039845237,10.367626190185547
3.3745038509368896,4.63954573101364,10.317033767700195
3.3858554363250732,4.622552500538794,10.372978210449219
3.333070755004883,4.6048773881047955,10.311232566833496
3.4342281818389893,4.670639690643708,10.373907089233398
3.3776135444641113,4.671050653094426,10.326692581176758
3.401313304901123,4.611809904753629,10.289728164672852
3.337693929672241,4.641230625200219,10.431915283203125
3.3758480548858643,4.639917028701997,10.37555980682373
3.374547004699707,4.6976491695136895,10.29560375213623
3.37665057182312,4.605001987490271,10.383462905883789
3.4144375324249268,4.5733111776810675,10.387046813964844
3.3545780181884766,4.5891635877945065,10.275215148925781
3.398083209991455,4.7098900163546205,10.376447677612305
3.399195671081543,4.598819637504804,10.400557518005371
3.403259754180908,4.646959328125896,10.322924613952637
3.44358229637146,4.627921367496518,10.406341552734375
3.4265711307525635,4.709188002261467,10.279474258422852
3.3722872734069824,4.73896588930594,10.293889999389648
3.4229624271392822,4.682707215526275,10.307943344116211
3.3993847370147705,4.610587510546403,10.358497619628906
3.3433423042297363,4.657625776748838,10.416144371032715
3.386249542236328,4.674710379880187,10.370779991149902
3.3838207721710205,4.657204064041642,10.371161460876465
3.3963165283203125,4.63019373440849,10.388949394226074
3.4245429039001465,4.67891916429757,10.263729095458984
3.372553825378418,4.634232321820621,10.3483304977417
3.417992115020752,4.6700599984199345,10.317716598510742
3.3997480869293213,4.639628816994706,10.338228225708008
3.4510152339935303,4.6286681688257625,10.366470336914062
3.3709464073181152,4.6958210974532575,10.28447437286377
3.3724782466888428,4.708536811405792,10.311960220336914
3.38742733001709,4.566667571364503,10.312938690185547
3.383441925048828,4.622677892812394,10.381339073181152
3.425595283508301,4.706250691586839,10.351053237915039
3.3941993713378906,4.717167630858187,10.36774730682373
3.434129476547241,4.746066346997396,10.30689525604248
3.4291114807128906,4.6354033407821715,10.374776840209961
3.4023890495300293,4.648436012544803,10.302346229553223
3.343017339706421,4.659627602103033,10.40207290649414
3.3607170581817627,4.637328842421994,10.374549865722656
3.3776891231536865,4.688660371716002,10.394433975219727
3.426492691040039,4.685933099427659,10.33006477355957
3.3676936626434326,4.591118138416537,10.332904815673828
3.3446314334869385,4.657002503717584,10.26965045928955
3.3538103103637695,4.626502464858016,10.39217758178711
3.3850231170654297,4.657024647608133,10.270965576171875
3.387647867202759,4.59674336099332,10.408843994140625
3.386812448501587,4.591996992006897,10.345666885375977
3.3334336280822754,4.645265661313066,10.446983337402344
3.380052328109741,4.602010718180931,10.346237182617188
3.3681745529174805,4.673785992598693,10.377986907958984
3.409646511077881,4.706432383241398,10.365399360656738
3.3852100372314453,4.652692309347913,10.311607360839844
3.3532938957214355,4.689614182304857,10.352962493896484
3.349368095397949,4.682274828997574,10.397878646850586
3.420184373855591,4.676726964003008,10.309233665466309
3.3632171154022217,4.655803038904976,10.402929306030273
3.3610336780548096,4.66700618883728,10.32177734375
3.3873867988586426,4.669647307035381,10.344132423400879
3.3958353996276855,4.6089372229762375,10.308673858642578
3.3565075397491455,4.645043772212895,10.31546401977539
3.3820254802703857,4.596759235519649,10.322242736816406
3.425293445587158,4.714372068310955,10.291378021240234
3.4463095664978027,4.665590699762106,10.391105651855469
3.3765909671783447,4.70022648030759,10.36130428314209
3.4263486862182617,4.717409328723858,10.410247802734375
3.426239013671875,4.61917629734879,10.349742889404297
3.398690938949585,4.71007831384694,10.347333908081055
3.402707576751709,4.670762652930405,10.377211570739746
3.4009783267974854,4.676432437928659,10.317336082458496
3.3561787605285645,4.655568384631936,10.297578811645508
3.3545963764190674,4.655318390278678,10.26236343383789
3.4064888954162598,4.698475343773939,10.270822525024414
3.385528087615967,4.669203875553129,10.336746215820312
3.3886401653289795,4.6142146186570505,10.38511848449707
3.389200448989868,4.668747492500447,10.366317749023438
3.391249179840088,4.6862900541496595,10.36694049835205
3.3274550437927246,4.646299577517701,10.345746040344238
3.3268673419952393,4.674381527451,10.299274444580078
3.4116358757019043,4.716558815113136,10.347504615783691
3.418248176574707,4.704521289993344,10.382463455200195
3.394423484802246,4.686787213731025,10.358997344970703
3.3818655014038086,4.604300608692158,10.42364501953125
3.350802421569824,4.642785918433219,10.357266426086426
3.4060850143432617,4.738002910178953,10.347843170166016
3.399061679840088,4.632923440009889,10.267531394958496
3.354818820953369,4.697466732268887,10.243745803833008
3.3749256134033203,4.672673811437562,10.347113609313965
3.4131312370300293,4.66610092706313,10.345800399780273
3.331841230392456,4.640704312727653,10.31484317779541
3.4110655784606934,4.680346168112009,10.290897369384766
3.370182991027832,4.640560686455241,10.325435638427734
3.367917060852051,4.66985893452407,10.323812484741211
3.3550989627838135,4.606441258685663,10.392997741699219
3.4365227222442627,4.616935676994867,10.331926345825195
3.3599541187286377,4.6029124979062805,10.342231750488281
3.3911755084991455,4.663881959327098,10.308826446533203
3.3908913135528564,4.630570364118154,10.389891624450684
3.31313419342041,4.725767699668983,10.355884552001953
3.398900270462036,4.633885866929112,10.357007026672363
3.3975653648376465,4.649657998167511,10.293832778930664
3.3993544578552246,4.637627585591482,10.333675384521484
3.3651390075683594,4.657802346229021,10.316651344299316
3.4365391731262207,4.713397755853033,10.345541000366211
3.3493804931640625,4.642011351018612,10.320178985595703
3.3295717239379883,4.614275679225102,10.28211784362793
3.3933026790618896,4.583809310736666,10.223488807678223
3.381476640701294,4.595820025175011,10.283641815185547
3.387117385864258,4.645946337907975,10.334105491638184
3.35886549949646,4.652035102447761,10.350326538085938
3.39839768409729,4.562881237927026,10.33938980102539
3.3895344734191895,4.633637805436073,10.271734237670898
3.37302565574646,4.662981767806092,10.288747787475586
3.307901620864868,4.702336737486933,10.315352439880371
3.409919500350952,4.634157875120374,10.400522232055664
3.376985549926758,4.6197586775025625,10.447836875915527
3.354825735092163,4.630375470267609,10.375887870788574
3.441868543624878,4.672438906871581,10.252872467041016
3.3677070140838623,4.6756856227626225,10.370589256286621
3.440678596496582,4.66928996095833,10.39093017578125
3.3795886039733887,4.608944545533243,10.366573333740234
3.3837594985961914,4.65056181795496,10.39576244354248
3.350576400756836,4.655429902719334,10.362939834594727
3.3662185668945312,4.640545270671803,10.370061874389648
3.4095962047576904,4.635316991679637,10.375251770019531
3.336564779281616,4.624827688593152,10.370869636535645
3.3812649250030518,4.552769584148856,10.29764175415039
3.3762969970703125,4.688078805238806,10.366537094116211
3.410379648208618,4.701774967335431,10.28618049621582
3.3430607318878174,4.664059072400311,10.320014953613281
3.4173996448516846,4.790062332426065,10.340398788452148
3.3423237800598145,4.682381155900656,10.354480743408203
3.3903982639312744,4.65389543252864,10.379173278808594
3.3552420139312744,4.685616398496287,10.256495475769043
3.3947768211364746,4.678390990876193,10.36738395690918
3.4069480895996094,4.645841473813301,10.389172554016113
3.4274842739105225,4.657628475056429,10.341650009155273
3.32947039604187,4.608897022570351,10.399160385131836
3.385186195373535,4.66224698665818,10.332036018371582
3.378541946411133,4.621377659595704,10.30276107788086
3.3844246864318848,4.612816088134422,10.341864585876465
3.4213738441467285,4.660941069180678,10.397043228149414
3.347168445587158,4.654332098318264,10.338340759277344
3.3489198684692383,4.657610282967133,10.348896026611328
3.417908191680908,4.7366843429460594,10.334527969360352
3.3684630393981934,4.634351749937714,10.361738204956055
3.3913729190826416,4.704607828952638,10.259852409362793
3.357740879058838,4.625301414468725,10.374152183532715
3.3320767879486084,4.642663382958355,10.367393493652344
3.3675811290740967,4.696881058326523,10.314436912536621
3.4192442893981934,4.691348094127273,10.360060691833496
3.40924072265625,4.6199292489660095,10.426433563232422
3.379892110824585,4.676460673001462,10.350781440734863
3.3813064098358154,4.6561262941520125,10.329473495483398
3.42507004737854,4.710406342820663,10.326493263244629
3.411633014678955,4.532802458087515,10.340439796447754
3.400991439819336,4.701171957488571,10.323827743530273
3.3487160205841064,4.675662944492484,10.374279022216797
3.306569814682007,4.638016768298777,10.393660545349121
3.3624913692474365,4.5828031528009365,10.364151000976562
3.3999366760253906,4.661655413519059,10.422934532165527
3.4114155769348145,4.632361642118277,10.34814453125
3.3657710552215576,4.635204743726978,10.268973350524902
3.334290027618408,4.6134594953618935,10.443769454956055
3.390160322189331,4.714243220198633,10.33875560760498
3.39166522026062,4.6463106892603845,10.294853210449219
3.3470094203948975,4.6376156392507255,10.397201538085938
3.3822124004364014,4.649902375681059,10.306953430175781
3.3465001583099365,4.666285667535183,10.401885986328125
3.309868574142456,4.678323546823647,10.381628036499023
3.3964343070983887,4.626002301195903,10.424400329589844
3.3678019046783447,4.583713126102729,10.384218215942383
3.349648952484131,4.619711854428585,10.394104957580566
3.3205230236053467,4.626651871151158,10.47149658203125
3.367497205734253,4.630272971033784,10.39277172088623
3.3547444343566895,4.659772178956441,10.33957576751709
3.3783724308013916,4.6673701453754415,10.248950958251953
3.3637027740478516,4.664407267966974,10.316776275634766
3.369724988937378,4.639990892061698,10.342925071716309
3.2992632389068604,4.630102669354528,10.339067459106445
3.4114394187927246,4.712144846728604,10.347939491271973
3.4421277046203613,4.619146553267326,10.327032089233398
3.3410532474517822,4.663306719224368,10.41115665435791
3.364741086959839,4.585216761067776,10.333093643188477
3.3364596366882324,4.650110024326879,10.407079696655273
3.3922204971313477,4.643331417614328,10.379185676574707
3.33145809173584,4.650694698195107,10.343633651733398
3.3513424396514893,4.604097695189662,10.350613594055176
3.3279500007629395,4.583422944481884,10.338990211486816
3.357694387435913,4.603145679492237,10.32819938659668
3.4017856121063232,4.646947588605274,10.295576095581055
3.3610942363739014,4.643479558539444,10.343345642089844
3.375678300857544,4.624453691166959,10.375267028808594
3.376011371612549,4.649854960751586,10.351234436035156
3.420875072479248,4.626873601527352,10.35845947265625
3.3667945861816406,4.629877349062425,10.374625205993652
3.285522699356079,4.6877919572538564,10.370969772338867
3.313894033432007,4.673734469971221,10.302236557006836
3.3248214721679688,4.608025161183573,10.374919891357422
3.411527156829834,4.682689359511382,10.448009490966797
3.4257352352142334,4.622661575209349,10.333914756774902
3.323953866958618,4.600625270312386,10.285115242004395
3.3563671112060547,4.6386247884947815,10.383964538574219
3.416548490524292,4.610421455864396,10.318713188171387
3.3774116039276123,4.647705443602588,10.317790031433105
3.3336570262908936,4.646599489363974,10.316951751708984
3.385584831237793,4.6656570390665095,10.38979721069336
3.321535110473633,4.590527642418498,10.290946960449219
3.322446346282959,4.6683371084343115,10.304791450500488
3.376784563064575,4.661984421146502,10.374439239501953
3.3446836471557617,4.605492532386311,10.274904251098633
3.3649582862854004,4.59792277057256,10.257293701171875
3.3929102420806885,4.633213149549971,10.314041137695312
3.393988609313965,4.664465940590682,10.300800323486328
3.345184087753296,4.651571649791939,10.241598129272461
3.3586182594299316,4.653905898498904,10.43135929107666
3.3764710426330566,4.665400551997923,10.426403045654297
3.3938047885894775,4.585164768155663,10.36795425415039
3.3657634258270264,4.686610431443634,10.366827011108398
3.3681206703186035,4.623980973714164,10.301819801330566
3.2949440479278564,4.600743116311994,10.300690650939941
3.355034589767456,4.601795201588955,10.305356979370117
3.4318292140960693,4.634038250161602,10.36212158203125
3.414527177810669,4.694691628151174,10.394732475280762
3.3669700622558594,4.673127133299464,10.338732719421387
3.3617653846740723,4.594284248006131,10.291154861450195
3.319167375564575,4.621692421713045,10.362380981445312
3.3411388397216797,4.59745347622915,10.376330375671387
3.3780384063720703,4.645117912142139,10.390951156616211
3.3423702716827393,4.552657059792961,10.29323959350586
3.350599527359009,4.648432157867188,10.357510566711426
3.335092067718506,4.608968633626189,10.277717590332031
3.3953449726104736,4.645294428703242,10.343741416931152
3.3252992630004883,4.572441900381819,10.34764289855957
3.3334782123565674,4.616799149728779,10.415763854980469
3.3173725605010986,4.597121628333947,10.356884002685547
3.3720450401306152,4.639104655611196,10.26865005493164
3.2573771476745605,4.579852765492563,10.263089179992676
3.320955753326416,4.696431935498757,10.417726516723633
3.369701623916626,4.685508029502151,10.361504554748535
3.4289281368255615,4.675009151887415,10.366569519042969
3.288013458251953,4.575609857083431,10.359153747558594
3.3317971229553223,4.613850954088515,10.346989631652832
3.382723093032837,4.633352921876524,10.443572044372559
3.351435661315918,4.628379974913384,10.241681098937988
3.416456699371338,4.631952386050085,10.25894546508789
3.3467822074890137,4.600910518517984,10.254090309143066
3.356058120727539,4.631113631883636,10.331047058105469
3.3678245544433594,4.582102154015697,10.365169525146484
3.3931658267974854,4.560368821157941,10.345595359802246
3.359079599380493,4.630556231497654,10.272109985351562
3.3653388023376465,4.636887644949768,10.310486793518066
3.4324159622192383,4.631450800524492,10.347277641296387
3.4004576206207275,4.6312189237214625,10.320245742797852
3.3346714973449707,4.5886580700586945,10.419931411743164
3.3569416999816895,4.522160347018924,10.298490524291992
3.3954484462738037,4.6208684682579975,10.37277603149414
3.3608145713806152,4.604728578257241,10.305532455444336
3.3619167804718018,4.614025732269511,10.36376953125
3.309356927871704,4.572071384039841,10.319300651550293
3.3608336448669434,4.661203468484538,10.267810821533203
3.3645451068878174,4.636460344074294,10.247785568237305
3.3452813625335693,4.575872695339577,10.336617469787598
3.3534114360809326,4.646573685176138,10.398246765136719
3.3651278018951416,4.660452040577573,10.329176902770996
3.332051992416382,4.593383238218458,10.323814392089844
3.3561553955078125,4.610352658533624,10.38446044921875
3.3284459114074707,4.601574254721137,10.234718322753906
3.3906335830688477,4.659235163259187,10.237940788269043
3.322669744491577,4.632680567280788,10.402183532714844
3.3605728149414062,4.716312828373963,10.27911376953125
3.378082752227783,4.6380509601772895,10.368306159973145
3.356139659881592,4.575570799876005,10.243858337402344
3.3570780754089355,4.663625023627122,10.365427017211914
3.3646233081817627,4.594269140823079,10.366936683654785
3.404125452041626,4.626336762548557,10.317532539367676
3.4078617095947266,4.635251639277807,10.415178298950195
3.3753387928009033,4.646233958092385,10.356791496276855
3.3321704864501953,4.616096384291138,10.34013843536377
3.3765809535980225,4.595553110852571,10.311701774597168
3.3703677654266357,4.610373477684334,10.309368133544922
3.3891947269439697,4.579366849535811,10.354639053344727
3.381927728652954,4.5861378995967765,10.401601791381836
3.3334801197052,4.637089393334463,10.335708618164062
3.4067790508270264,4.5676105949429,10.320571899414062
3.333294630050659,4.597695512297962,10.41711139678955
3.28025484085083,4.643609307872664,10.264174461364746
3.266890525817871,4.585766387670966,10.368002891540527
3.3740952014923096,4.676068865860413,10.361424446105957
3.348442554473877,4.599859065176653,10.361818313598633
3.3933751583099365,4.607660453799845,10.316320419311523
3.3110415935516357,4.625594399869442,10.301984786987305
3.417668581008911,4.642772419045546,10.4124174118042
3.354598045349121,4.59772688699221,10.306221008300781
3.394554615020752,4.6301732051651925,10.314844131469727
3.3695125579833984,4.555593247558655,10.369522094726562
3.38146710395813,4.698679947759956,10.378799438476562
3.339954376220703,4.542123089943614,10.329573631286621
3.4404304027557373,4.672706511936018,10.3764009475708
3.3651199340820312,4.612496602881167,10.32917594909668
3.38509202003479,4.586676767328754,10.300922393798828
3.3338265419006348,4.6104109681078365,10.299385070800781
3.328031539916992,4.591760615385803,10.262870788574219
3.315882444381714,4.615327879121261,10.392919540405273
3.3085951805114746,4.664503518625029,10.342533111572266
3.365464448928833,4.535528303124011,10.400276184082031
3.3812005519866943,4.57992368374419,10.415868759155273
3.342297077178955,4.68791942072234,10.297765731811523
3.34258770942688,4.576986411852497,10.351091384887695
3.356145143508911,4.6411732481459955,10.291823387145996
3.3562660217285156,4.523180391805778,10.266827583312988
3.3329505920410156,4.587719429517166,10.34548568725586
3.4204812049865723,4.740746080808874,10.370063781738281
3.382497549057007,4.594394255928429,10.394203186035156
3.3508942127227783,4.641936060074451,10.326008796691895
3.407872200012207,4.5946284448727965,10.311604499816895
3.4103944301605225,4.678357536638422,10.352426528930664
3.355682373046875,4.630341395769002,10.298269271850586
3.306232452392578,4.571026451752654,10.276991844177246
3.349522829055786,4.61488915208195,10.295485496520996
3.3436872959136963,4.5659634076458,10.396265029907227
3.352905511856079,4.6500192439582735,10.398698806762695
3.367119073867798,4.641661170903327,10.345659255981445
3.3191888332366943,4.506411368858867,10.333150863647461
3.28678822517395,4.618548850861511,10.287785530090332
3.3429923057556152,4.609067816120971,10.408236503601074
3.3733882904052734,4.619330452355956,10.312464714050293
3.3836209774017334,4.640780452272988,10.412124633789062
3.3703675270080566,4.529520669120496,10.413228988647461
3.377380609512329,4.5715252251164715,10.298316955566406
3.3256161212921143,4.592570899054408,10.378503799438477
3.3694210052490234,4.68089289584064,10.351953506469727
3.3141467571258545,4.609585304312142,10.31888484954834
3.413604497909546,4.611399190633425,10.325307846069336
3.342176675796509,4.6194583020572155,10.365986824035645
3.394904136657715,4.630645002970206,10.260387420654297
3.327484130859375,4.58549217962926,10.408020973205566
3.3472814559936523,4.611567193110075,10.30086898803711
3.3883190155029297,4.6282574351810455,10.362127304077148
3.3058552742004395,4.591956152547416,10.353109359741211
3.3594202995300293,4.653030076496569,10.336515426635742
3.347104549407959,4.673677560474192,10.420181274414062
3.3426225185394287,4.579495449317619,10.320865631103516
3.331937551498413,4.663171722354101,10.339255332946777
3.36560320854187,4.597108986228704,10.36056900024414
3.411200761795044,4.62867372789021,10.48006534576416
3.3572938442230225,4.613570958409192,10.363746643066406
3.364956855773926,4.651868463394099,10.362056732177734
3.320812225341797,4.600463958989297,10.327653884887695
3.354434013366699,4.648111450120009,10.35442066192627
3.326648235321045,4.625087535175095,10.440729141235352
3.3184127807617188,4.551904398149678,10.408795356750488
3.3149478435516357,4.6131357699632645,10.276253700256348
3.3748040199279785,4.619379075210808,10.332140922546387
3.3596725463867188,4.581533535383641,10.381171226501465
3.4316468238830566,4.664693556160533,10.462514877319336
3.319643259048462,4.57744017675785,10.400253295898438
3.3722901344299316,4.655379194866068,10.262716293334961
3.3495306968688965,4.597097305248359,10.339062690734863
3.3183557987213135,4.604286898060568,10.36713695526123
3.3581864833831787,4.6529299880577515,10.309347152709961
3.342991828918457,4.619762207048812,10.32414436340332
3.253429412841797,4.535238767841032,10.291236877441406
3.3997886180877686,4.583744811792193,10.302210807800293
3.4302597045898438,4.647276230489037,10.341212272644043
3.317469358444214,4.645229329554631,10.299267768859863
3.356041669845581,4.655512661772914,10.301687240600586
3.349726676940918,4.535071660664731,10.345940589904785
3.378412961959839,4.650941693922506,10.259657859802246
3.367264747619629,4.66501573163883,10.3668212890625
3.298342227935791,4.589765758087326,10.251232147216797
3.3276190757751465,4.586530663538723,10.428131103515625
3.327521800994873,4.706062299465494,10.347540855407715
3.279994249343872,4.506427378260664,10.317585945129395
3.339694023132324,4.5873379041440785,10.403634071350098
3.3793094158172607,4.587815852802513,10.32099723815918
3.3340988159179688,4.661340494340818,10.380943298339844
3.300879955291748,4.581518025603146,10.385961532592773
3.349261522293091,4.607715124863066,10.297306060791016
3.356531858444214,4.624567074501621,10.318696975708008
3.3362863063812256,4.64524194248952,10.374441146850586
3.36151123046875,4.596592086699925,10.330100059509277
3.344313383102417,4.550646626091163,10.397079467773438
3.358008623123169,4.650752180355735,10.437026977539062
3.3726420402526855,4.598394047768254,10.30897331237793
3.377269983291626,4.632254409703559,10.381447792053223
3.2818379402160645,4.6497780306464325,10.393178939819336
3.3795394897460938,4.53998672702749,10.287115097045898
3.2837319374084473,4.623708102951891,10.358210563659668
3.3011460304260254,4.617915988168013,10.440441131591797
3.37178111076355,4.674925822565066,10.369483947753906
3.2910547256469727,4.620346288063697,10.404836654663086
3.340113401412964,4.594805482808234,10.379987716674805
3.360421657562256,4.63780545499841,10.345057487487793
3.3511762619018555,4.592986551113427,10.343884468078613
3.366328001022339,4.573533476895786,10.355142593383789
3.3379359245300293,4.581276100228673,10.368024826049805
3.2968976497650146,4.637758234183171,10.350099563598633
3.3275387287139893,4.597444950104026,10.283967971801758
3.3830087184906006,4.622231520645853,10.351213455200195
3.382194995880127,4.595156220053988,10.263132095336914
3.379009485244751,4.600967394387615,10.290213584899902
3.3321638107299805,4.5892051527210125,10.301156997680664
3.3777859210968018,4.583667028096637,10.453704833984375
3.341261863708496,4.662681555641549,10.342876434326172
3.300511360168457,4.652868340556909,10.300250053405762
3.3460705280303955,4.608814905896517,10.32917594909668
3.3708789348602295,4.640396470337042,10.41638469696045
3.2552452087402344,4.539227208588272,10.443408966064453
3.389064073562622,4.586596244613507,10.26360034942627
3.325106143951416,4.556877903241132,10.34986400604248
3.2976644039154053,4.6234761194791645,10.344569206237793
3.3075015544891357,4.572465599148668,10.313218116760254
3.3387584686279297,4.532713254481288,10.29459285736084
3.3516416549682617,4.589897358025025,10.359827041625977
3.3662936687469482,4.639058451899993,10.371212005615234
3.3616697788238525,4.688758339100916,10.382854461669922
3.3740012645721436,4.627213038936524,10.38874340057373
3.3063790798187256,4.629587052157148,10.421902656555176
3.3772618770599365,4.601235003110819,10.353436470031738
3.311265468597412,4.603053641605324,10.474199295043945
3.308974504470825,4.549588793389765,10.398748397827148
3.405888557434082,4.607929138633024,10.447530746459961
3.353954792022705,4.602251068522621,10.369665145874023
3.3719162940979004,4.480491621619356,10.302000045776367
3.4252302646636963,4.595177900711341,10.337636947631836
3.319398880004883,4.54293343381557,10.358808517456055
3.390422821044922,4.641565625655598,10.343477249145508
3.338305711746216,4.625185129432274,10.28746223449707
3.3437163829803467,4.611267198509138,10.369865417480469
3.3688137531280518,4.557542299419374,10.32278823852539
3.372443199157715,4.629138348890202,10.33506965637207
3.365501880645752,4.5806512329062175,10.298849105834961
3.3746016025543213,4.674361083955903,10.39854907989502
3.3902132511138916,4.668130552728794,10.37395191192627
3.369277000427246,4.503265499203865,10.393768310546875
3.3330159187316895,4.548770345614425,10.39673900604248
3.3120174407958984,4.607007804127144,10.26482105255127
3.3230783939361572,4.543548575436164,10.384843826293945
3.287562131881714,4.640974593880985,10.311138153076172
3.349520683288574,4.6344122500158855,10.435138702392578
3.34617280960083,4.5766735368275215,10.400788307189941
3.3632473945617676,4.616442386194,10.342193603515625
3.3623859882354736,4.638388702180236,10.34642505645752
3.445333957672119,4.643684459018654,10.327981948852539
3.391188621520996,4.656593719829938,10.350013732910156
3.3242902755737305,4.531693696277216,10.281267166137695
3.33768367767334,4.625797595063757,10.443258285522461
3.3574280738830566,4.602912172974486,10.36525821685791
3.3482372760772705,4.652069886314816,10.359371185302734
3.347567081451416,4.576667483463617,10.341071128845215
3.3349521160125732,4.59674748618688,10.366050720214844
3.3314216136932373,4.555192547284865,10.257516860961914
3.3409790992736816,4.611118718981743,10.459214210510254
3.295201539993286,4.523384462177222,10.350714683532715
3.3621885776519775,4.635895818804523,10.325443267822266
3.2685225009918213,4.535446107088188,10.335693359375
3.33168625831604,4.633713429727192,10.403404235839844
3.3322179317474365,4.609822773906801,10.424729347229004
3.3602192401885986,4.622671498983566,10.328774452209473
3.2990400791168213,4.585716615564057,10.395705223083496
3.316683292388916,4.609121266685958,10.366353988647461
3.3410212993621826,4.594300724233367,10.319395065307617
3.3749988079071045,4.564311137855319,10.348581314086914
3.3418238162994385,4.5460431426763535,10.304265022277832
3.3324851989746094,4.611075839160808,10.315773010253906
3.3178365230560303,4.626757523044944,10.305551528930664
3.322202205657959,4.573960063214015,10.35288143157959
3.3952765464782715,4.583824310717838,10.360973358154297
3.3185677528381348,4.567251137125172,10.352224349975586
3.3513715267181396,4.53454952400976,10.227031707763672
3.2956995964050293,4.573510246950069,10.389095306396484
3.2903385162353516,4.6247402254957715,10.260878562927246
3.341743230819702,4.567792524583637,10.372718811035156
3.3216893672943115,4.52607048545698,10.410138130187988
3.303391456604004,4.631341735266947,10.31363296508789
3.4032182693481445,4.630336602916941,10.360250473022461
3.3506219387054443,4.6267651645466685,10.328351974487305
3.344512462615967,4.619783389448587,10.36490249633789
3.3195059299468994,4.5989199766357025,10.33187198638916
3.3623392581939697,4.664119945074032,10.342211723327637
3.3282124996185303,4.601486266890008,10.372767448425293
3.359889507293701,4.57912161909709,10.268830299377441
3.3071017265319824,4.574685644624489,10.323915481567383
3.3096566200256348,4.578108557666252,10.326483726501465
3.283661127090454,4.577498906524852,10.406885147094727
3.317206621170044,4.561149420848648,10.36686897277832
3.2461254596710205,4.5631887032983025,10.403870582580566
3.372175931930542,4.583936768384384,10.318742752075195
3.324380874633789,4.620929826682966,10.33655834197998
3.359393358230591,4.611963258324457,10.41351318359375
3.3199164867401123,4.582443686368476,10.34780216217041
3.3543894290924072,4.600219079093741,10.392382621765137
3.272397041320801,4.5499427526124885,10.302593231201172
3.361417770385742,4.6140304094712645,10.217486381530762
3.3195345401763916,4.574598206972171,10.377704620361328
3.3420839309692383,4.571823855795498,10.33482551574707
3.274224281311035,4.605105840135366,10.300025939941406
3.3431200981140137,4.641534412213201,10.337907791137695
3.299354076385498,4.551200461341068,10.39826488494873
3.366851329803467,4.57898576817076,10.27066421508789
3.314462900161743,4.582297971039743,10.423491477966309
3.2859292030334473,4.558528969396971,10.32352352142334
3.3497979640960693,4.538873787536951,10.29472541809082
3.3592135906219482,4.596009917324409,10.381464958190918
3.3697996139526367,4.597049579290407,10.398632049560547
3.3497509956359863,4.564219710483615,10.291058540344238
3.345128297805786,4.602955867037443,10.38036060333252
3.313478469848633,4.623272571513163,10.34718132019043
3.3010034561157227,4.560538492464859,10.362726211547852
3.3856360912323,4.640444928946506,10.272781372070312
3.404515504837036,4.5459777426107655,10.309757232666016
3.356567859649658,4.637604629055464,10.370384216308594
3.3697092533111572,4.547556990790846,10.394214630126953
3.322749376296997,4.563223200584096,10.375859260559082
3.2818081378936768,4.495740631761561,10.259872436523438
3.3401896953582764,4.606567463571471,10.262786865234375
3.358530282974243,4.587923084452216,10.237531661987305
3.3283815383911133,4.577742713204185,10.319693565368652
3.344672441482544,4.6070640369850615,10.342802047729492
3.3492252826690674,4.6052061728800515,10.36110782623291
3.367863893508911,4.545821220148355,10.398359298706055
3.285994529724121,4.585575324616262,10.281193733215332
3.319025993347168,4.605078328367588,10.311921119689941
3.382643938064575,4.594325527216175,10.417163848876953
3.3401246070861816,4.5974380667654,10.382759094238281
3.26336669921875,4.6171192557085305,10.343661308288574
3.3689846992492676,4.5901168129140775,10.333510398864746
3.308673143386841,4.590361441951246,10.297314643859863
3.3003885746002197,4.580768560857646,10.353652954101562
3.281461238861084,4.604655685335664,10.370551109313965
3.2697203159332275,4.55256000141214,10.321237564086914
3.3923158645629883,4.617620365893734,10.311209678649902
3.3088371753692627,4.59666013534713,10.322530746459961
3.3149056434631348,4.5468312917343745,10.302425384521484
3.304119110107422,4.556070970936811,10.402444839477539
3.3120312690734863,4.5938023121561855,10.341197967529297
3.271782636642456,4.504566369046058,10.364002227783203
3.348767042160034,4.640925126682435,10.338964462280273
3.2984421253204346,4.493195820001087,10.262441635131836
3.298605442047119,4.580522257568581,10.383861541748047
3.312743902206421,4.547176818163799,10.30971908569336
3.3181638717651367,4.585681411271383,10.382770538330078
3.3649258613586426,4.577358148692708,10.351643562316895
3.276981830596924,4.51164679655007,10.441184043884277
3.378857374191284,4.546705156165575,10.489439010620117
3.3604848384857178,4.661913818746273,10.328235626220703
3.218223810195923,4.54120330805225,10.359195709228516
3.3514227867126465,4.605744147540203,10.399995803833008
3.3599491119384766,4.582735677549083,10.379423141479492
3.3418805599212646,4.616835514582427,10.372950553894043
3.325456380844116,4.640751825479259,10.376219749450684
3.3483169078826904,4.570587818743661,10.394981384277344
3.370262622833252,4.624889365064778,10.312501907348633
3.2966415882110596,4.579132704097512,10.343437194824219
3.3217415809631348,4.591009758712191,10.349377632141113
3.3481063842773438,4.583204310387373,10.335506439208984
3.3825066089630127,4.5758930782654454,10.346518516540527
3.3167717456817627,4.612442926670026,10.294242858886719
3.3139166831970215,4.575323327544279,10.290904998779297
3.3282573223114014,4.6126069508027285,10.372154235839844
3.34833025932312,4.573936626780778,10.317296981811523
3.3570072650909424,4.6131350178205,10.320189476013184
3.292058229446411,4.583900963987357,10.323098182678223
3.3104007244110107,4.603551216323727,10.382650375366211
3.347898244857788,4.548969543106588,10.320423126220703
3.2282512187957764,4.580889894061588,10.414579391479492
3.3394596576690674,4.520328405845379,10.389226913452148
3.3326711654663086,4.612935111924474,10.30754280090332
3.353276014328003,4.615717981609383,10.294727325439453
3.3381595611572266,4.563087561566914,10.34442138671875
3.3142669200897217,4.527572860508891,10.293986320495605
3.217958688735962,4.549858513321461,10.368587493896484
3.357208251953125,4.647373871545175,10.392762184143066
3.312091588973999,4.540399016712659,10.405970573425293
3.2565786838531494,4.578286377047854,10.36752700805664
3.3312699794769287,4.587184831400269,10.300468444824219
3.3001809120178223,4.62347691233403,10.355854034423828
3.346006393432617,4.5733406773236185,10.331875801086426
3.340794563293457,4.662295645867873,10.312095642089844
3.3871800899505615,4.632557399005496,10.359370231628418
3.237140417098999,4.594600297244532,10.293160438537598
3.2652530670166016,4.5402163493979195,10.307966232299805
3.3034186363220215,4.5379246505576045,10.412672996520996
3.332385778427124,4.537142883387528,10.308392524719238
3.281919002532959,4.554446412882368,10.38115406036377
3.323523998260498,4.584028582654095,10.321914672851562
3.3154549598693848,4.568237018804731,10.34926986694336
3.3667867183685303,4.556634101983426,10.296049118041992
3.3161849975585938,4.540061192420711,10.253755569458008
3.3468284606933594,4.553933155456824,10.34960651397705
3.332340717315674,4.554383702177022,10.351381301879883
3.30519700050354,4.528868577443063,10.353480339050293
3.2637975215911865,4.566163719199332,10.354761123657227
3.3204240798950195,4.619208299488361,10.379069328308105
3.242858648300171,4.593824102443509,10.376967430114746
3.302069664001465,4.640889022565845,10.334213256835938
3.3275535106658936,4.559525347281514,10.41482162475586
3.2727508544921875,4.573070930549875,10.37424373626709
3.326348304748535,4.5267122589450866,10.42186164855957
3.2814440727233887,4.568529841756182,10.316977500915527
3.29919695854187,4.581836916306721,10.338294982910156
3.368846893310547,4.550262863315376,10.410562515258789
3.2885100841522217,4.576847734761292,10.371247291564941
3.3498833179473877,4.630267109023408,10.373952865600586
3.372128963470459,4.557505463349766,10.37589168548584
3.288834571838379,4.579384244845381,10.411252975463867
3.2667253017425537,4.514905302818599,10.326071739196777
3.318108081817627,4.573017819185874,10.3345365524292
3.3064229488372803,4.522680678205299,10.323601722717285
3.2991137504577637,4.578311615557011,10.308429718017578
3.3709425926208496,4.6543499919519356,10.39228630065918
3.276907205581665,4.552794610283204,10.295572280883789
3.3867838382720947,4.584205528920783,10.305773735046387
3.34321928024292,4.562411470870887,10.277799606323242
3.3907954692840576,4.571888156800664,10.43957805633545
3.3524796962738037,4.527515720309955,10.388858795166016
3.320751428604126,4.546845677308738,10.315500259399414
3.2978854179382324,4.562489035871944,10.385513305664062
3.3329691886901855,4.589464690602783,10.243521690368652
3.2783443927764893,4.5115088020517895,10.355871200561523
3.308785915374756,4.552517858932593,10.374305725097656
3.3513917922973633,4.625912731180765,10.361867904663086
3.3608946800231934,4.613452644785867,10.327432632446289
3.3007256984710693,4.546351036056876,10.332244873046875
3.329054832458496,4.544640770847244,10.299358367919922
3.355813980102539,4.622138312286032,10.40381908416748
3.3165321350097656,4.565927837542924,10.303083419799805
3.3157355785369873,4.59196849802642,10.464980125427246
3.3670880794525146,4.531551348843744,10.3782320022583
3.2780351638793945,4.556483193699803,10.319110870361328
3.341385841369629,4.483327311530177,10.338600158691406
3.328873634338379,4.5732222051758855,10.391502380371094
3.2964248657226562,4.535336296074092,10.307550430297852
3.3447518348693848,4.6126108192506114,10.273561477661133
3.299704074859619,4.5688738237534245,10.413167953491211
3.3292293548583984,4.580927235406955,10.350788116455078
3.3032891750335693,4.6064154998998035,10.295950889587402
3.3573625087738037,4.565037724229374,10.29622745513916
3.343751907348633,4.602451937439453,10.310806274414062
3.317709445953369,4.540324915000903,10.298190116882324
3.3208494186401367,4.595795433303075,10.365180969238281
3.2659335136413574,4.532021938224456,10.402776718139648
3.2938272953033447,4.563945655278596,10.453812599182129
3.2650325298309326,4.575830446223596,10.311832427978516
3.354443073272705,4.652576081488015,10.390377044677734
3.2736117839813232,4.552146957954392,10.300036430358887
3.3752341270446777,4.597622175900531,10.30726146697998
3.2986199855804443,4.555410849961585,10.275558471679688
3.3323616981506348,4.591202600426706,10.333818435668945
3.339440107345581,4.5547215128317475,10.319989204406738
3.315598964691162,4.599992312989863,10.37784194946289
3.3399500846862793,4.574555226501875,10.387374877929688
3.2604691982269287,4.494243928331083,10.351781845092773
3.2921743392944336,4.512915596731806,10.29910659790039
3.269331216812134,4.538582573545032,10.342741012573242
3.304749011993408,4.652413376607001,10.372464179992676
3.276019811630249,4.542387133697048,10.288110733032227
3.346858024597168,4.598949167212205,10.332881927490234
3.3215935230255127,4.559119321971333,10.326164245605469
3.2826087474823,4.6166038436682095,10.310619354248047
3.374046802520752,4.636618485507954,10.309920310974121
3.3120357990264893,4.551046046361859,10.42765998840332
3.3074119091033936,4.557910667499527,10.361639022827148
3.2694849967956543,4.584178897252838,10.379950523376465
3.3033149242401123,4.595031624726419,10.449605941772461
3.2860004901885986,4.560046559232953,10.303889274597168
3.3365159034729004,4.590324298013002,10.377313613891602
3.304666042327881,4.629365636867338,10.301451683044434
3.2814557552337646,4.545926184027589,10.350726127624512
3.335949659347534,4.5717583641942054,10.395620346069336
3.3154399394989014,4.544986190141312,10.388936996459961
3.3512940406799316,4.6555067105884005,10.394550323486328
3.2828927040100098,4.542910264439083,10.372496604919434
3.2483105659484863,4.545402492030656,10.275354385375977
3.286194086074829,4.557044237452958,10.329530715942383
3.3293676376342773,4.555609580994185,10.216045379638672
3.261240005493164,4.571209286705457,10.349935531616211
3.309441328048706,4.583653882345451,10.307951927185059
3.3130686283111572,4.625735685029733,10.395757675170898
3.3454017639160156,4.549527612880671,10.328773498535156
3.3030667304992676,4.5163372804942945,10.40850830078125
3.3104336261749268,4.529427307990513,10.293874740600586
3.261566162109375,4.54233671608381,10.324655532836914
3.335481882095337,4.627058052091992,10.387917518615723
3.349931001663208,4.545222145372204,10.328203201293945
3.246339797973633,4.5545549682408035,10.235886573791504
3.3085110187530518,4.525432477006689,10.3347806930542
3.2886998653411865,4.565763041776206,10.349075317382812
3.2465295791625977,4.510135376559837,10.409589767456055
3.2851755619049072,4.540312107020457,10.294615745544434
3.3145484924316406,4.507570500219507,10.379016876220703
3.3033664226531982,4.5693751728893925,10.386255264282227
3.353402614593506,4.600089508108795,10.334354400634766
3.3647372722625732,4.611864351467895,10.357358932495117
3.38938307762146,4.576125266629138,10.31021785736084
3.327889919281006,4.618980584799179,10.296954154968262
3.284960985183716,4.596759765874595,10.28776741027832
3.2601161003112793,4.476458632220914,10.367706298828125
3.3431224822998047,4.577539464425561,10.325376510620117
3.2881579399108887,4.555692954554356,10.318772315979004
3.351898193359375,4.579851120710373,10.327667236328125
3.2726693153381348,4.577282392286828,10.366130828857422
3.3472487926483154,4.617370239325933,10.310104370117188
3.2967264652252197,4.579271311173215,10.338038444519043
3.332975149154663,4.574452575262902,10.344268798828125
3.2907724380493164,4.58932141474049,10.335162162780762
3.2247555255889893,4.618846608724977,10.294684410095215
3.283993721008301,4.5792650637283385,10.387886047363281
3.2622392177581787,4.556574898273019,10.39986801147461
3.3795690536499023,4.550945747510663,10.277959823608398
3.3359158039093018,4.5619006577679615,10.303180694580078
3.3027408123016357,4.6040537909804184,10.308492660522461
3.248290777206421,4.519846531994907,10.319730758666992
3.2691056728363037,4.501926873777328,10.35064697265625
3.3479435443878174,4.560649541073611,10.43781566619873
3.31390643119812,4.583984170874049,10.280401229858398
3.364177703857422,4.600151850542586,10.291773796081543
3.3151538372039795,4.509831399424002,10.317317962646484
3.3442909717559814,4.579248544726787,10.376163482666016
3.346353530883789,4.665638849305521,10.302048683166504
3.3136699199676514,4.617149244129125,10.312265396118164
3.2543070316314697,4.562175930910079,10.320599555969238
3.339773416519165,4.644377444704463,10.379556655883789
3.3356411457061768,4.564794721713822,10.372183799743652
3.2943408489227295,4.547824068660184,10.378540992736816
3.284557342529297,4.567822033572676,10.361943244934082
3.2554891109466553,4.5698515934470505,10.246512413024902
3.31231427192688,4.5805240267155956,10.513422012329102
3.274679660797119,4.580539137391106,10.353468894958496
3.3506717681884766,4.5988364050364385,10.297513961791992
3.2992687225341797,4.515829589483992,10.353628158569336
3.329864978790283,4.606714825811131,10.478963851928711
3.317694902420044,4.552218898565376,10.357505798339844
3.3615291118621826,4.622717954318172,10.412223815917969
3.29440975189209,4.607496610809383,10.372377395629883
3.2965128421783447,4.5871991330890785,10.320003509521484
3.3094377517700195,4.574023958594937,10.387557983398438
3.3310463428497314,4.500177288960133,10.297877311706543
3.3210043907165527,4.566172591976023,10.422003746032715
3.3282527923583984,4.613813290605322,10.397994041442871
3.282531499862671,4.541404619081212,10.32956314086914
3.3267855644226074,4.586049298456471,10.3068208694458
3.292506456375122,4.5255883452815135,10.429252624511719
3.2708303928375244,4.594822603377646,10.380203247070312
3.304258108139038,4.667871118889058,10.299148559570312
3.298394203186035,4.548703097272664,10.285067558288574
3.3089897632598877,4.563109459288951,10.414793968200684
3.260190486907959,4.572592480806634,10.391873359680176
3.303148031234741,4.5625404067270985,10.34382152557373
3.3049302101135254,4.514968574446227,10.244908332824707
3.3086023330688477,4.634430459534218,10.373939514160156
3.2956855297088623,4.539842625946871,10.308345794677734
3.326918363571167,4.606101112872628,10.301528930664062
3.2719571590423584,4.544313605874777,10.486709594726562
3.3601431846618652,4.5621089185920685,10.275260925292969
3.259000062942505,4.493907754741875,10.32425308227539
3.262796401977539,4.562505254954366,10.396257400512695
3.221686363220215,4.466522522769602,10.40338134765625
3.3071537017822266,4.610266167570704,10.372461318969727
3.291041135787964,4.61443819890597,10.338125228881836
3.282893419265747,4.457132732861543,10.2779541015625
3.302385091781616,4.593631449454864,10.392236709594727
3.3342528343200684,4.519424611702561,10.346879005432129
3.3454957008361816,4.521842602939744,10.463178634643555
3.2370336055755615,4.569783889854858,10.316169738769531
3.3221492767333984,4.528316018038563,10.320745468139648
3.266740322113037,4.537443536666355,10.27638053894043
3.2848961353302,4.556723596761002,10.338467597961426
3.2674551010131836,4.497434615257329,10.367301940917969
3.3071491718292236,4.578129588526541,10.327651023864746
3.321094274520874,4.600808300876191,10.313054084777832
3.287348985671997,4.571695980815482,10.318656921386719
3.312208414077759,4.60793785554623,10.439528465270996
3.269852638244629,4.557956946647859,10.383577346801758
3.300449848175049,4.561767211782613,10.35792350769043
3.2966678142547607,4.5050665648055395,10.408247947692871
3.243863105773926,4.543270751767393,10.342057228088379
3.297589063644409,4.524987562459761,10.306510925292969
3.3666136264801025,4.597114325268194,10.320704460144043
3.3526718616485596,4.52917412764925,10.267412185668945
3.2758965492248535,4.538529844156334,10.33326530456543
3.314823865890503,4.526798770131012,10.333309173583984
3.331441879272461,4.604850829080014,10.37010383605957
3.2893905639648438,4.636441265000031,10.291542053222656
3.3278403282165527,4.462318444424975,10.353971481323242
3.3614110946655273,4.543638502513724,10.403203964233398
3.330303192138672,4.566574823543696,10.476524353027344
3.2959139347076416,4.536297275219112,10.220300674438477
3.2883286476135254,4.6036218680175285,10.357250213623047
3.2705020904541016,4.552680249392454,10.29586410522461
3.2466299533843994,4.536798919950213,10.346853256225586
3.3169119358062744,4.540037644794211,10.26252555847168
3.32863450050354,4.522494650279571,10.339578628540039
3.282899856567383,4.5624861130158285,10.348174095153809
3.26102876663208,4.5491027165802995,10.322904586791992
3.2957117557525635,4.467223785551531,10.394325256347656
3.3037269115448,4.5918033303293795,10.323798179626465
3.352534294128418,4.594454851633469,10.397218704223633
3.2941946983337402,4.522523084289528,10.420543670654297
3.314340114593506,4.573775268991344,10.403757095336914
3.3191182613372803,4.525809266238607,10.317956924438477
3.2146096229553223,4.5613493424108515,10.381659507751465
3.299797773361206,4.538349321544437,10.36976432800293
3.296874523162842,4.544549836943458,10.402871131896973
3.3187758922576904,4.513185509181182,10.314476013183594
3.261983871459961,4.562638258129093,10.396368980407715
3.256331443786621,4.540438128136364,10.362863540649414
3.282824993133545,4.539059299576496,10.326032638549805
3.362185478210449,4.595774732729685,10.336925506591797
3.2531566619873047,4.573937135715304,10.253140449523926
3.3009567260742188,4.550331193355046,10.35091495513916
3.2870705127716064,4.493322228447401,10.365168571472168
3.272244691848755,4.5002916993772875,10.402887344360352
3.357362747192383,4.532343243681161,10.345696449279785
3.280543565750122,4.559666606198465,10.352200508117676
3.2814383506774902,4.574160372904902,10.320693016052246
3.3119847774505615,4.594520073783184,10.294181823730469
3.30622935295105,4.604289558416764,10.352218627929688
3.210272789001465,4.49978961326581,10.340221405029297
3.2397396564483643,4.537684508765649,10.42062759399414
3.315906286239624,4.578162690624595,10.369413375854492
3.2976839542388916,4.527082671876998,10.363336563110352
3.3061177730560303,4.536309568178175,10.37706184387207
3.2192656993865967,4.468287027008565,10.350713729858398
3.3417279720306396,4.55059870428938,10.296205520629883
3.3200650215148926,4.557107146496752,10.364287376403809
3.301492214202881,4.5619795327074835,10.368087768554688
3.3060927391052246,4.4385402210921585,10.302375793457031
3.2182838916778564,4.497008465230465,10.309821128845215
3.259018659591675,4.585638125493591,10.429133415222168
3.28269362449646,4.5942591231515895,10.31397819519043
3.3278591632843018,4.553370546250204,10.285168647766113
3.272113084793091,4.577207133639603,10.373435974121094
3.2338438034057617,4.56054410957066,10.354354858398438
3.3235840797424316,4.518403215965788,10.403636932373047
3.2820870876312256,4.663963629232187,10.273049354553223
3.331209421157837,4.540450672552521,10.387651443481445
3.2785181999206543,4.5527303071160405,10.367277145385742
3.239118814468384,4.4737677382238745,10.301874160766602
3.286283254623413,4.57171487116388,10.318467140197754
3.2863426208496094,4.509126470457496,10.395751953125
3.3038322925567627,4.590519384979936,10.351999282836914
3.348120927810669,4.584286455696981,10.371685028076172
3.301874876022339,4.531259911866593,10.3719482421875
3.3189151287078857,4.500780538190155,10.268239974975586
3.2972192764282227,4.53703340246076,10.329894065856934
3.240583896636963,4.536964415871936,10.388274192810059
3.315521240234375,4.503796984973763,10.381969451904297
3.2611610889434814,4.529101024315294,10.473954200744629
3.2421584129333496,4.537870985821688,10.195184707641602
3.2856671810150146,4.464853737137414,10.305785179138184
3.271014928817749,4.482252542661238,10.299580574035645
3.2875568866729736,4.527544107620737,10.349553108215332
3.275843858718872,4.516133886662179,10.31029987335205
3.2895395755767822,4.514815229157518,10.3980712890625
3.289184808731079,4.531123325860659,10.328834533691406
3.3291330337524414,4.53654802467541,10.446813583374023
3.3223938941955566,4.557544694647992,10.340300559997559
3.3618853092193604,4.501342444115186,10.430648803710938
3.2650158405303955,4.5260281164664775,10.413885116577148
3.2719063758850098,4.537912121109132,10.319608688354492
3.318239450454712,4.516999251774645,10.340744018554688
3.2953507900238037,4.541834738338366,10.297216415405273
3.223668098449707,4.485613184349079,10.352906227111816
3.2418153285980225,4.53421193374587,10.401500701904297
3.317389726638794,4.477490787959791,10.26732063293457
3.2724506855010986,4.510167980234006,10.294900894165039
3.313817024230957,4.609992308342563,10.320039749145508
3.3103408813476562,4.527540725123669,10.414809226989746
3.2410380840301514,4.562854888649391,10.379339218139648
3.2399981021881104,4.529464143927076,10.407615661621094
3.316096782684326,4.531553286526885,10.279159545898438
3.3304390907287598,4.569137983689351,10.289615631103516
3.277421712875366,4.525201711604106,10.346879959106445
3.280564546585083,4.581549123262189,10.355250358581543
3.250115394592285,4.569947042801816,10.42271900177002
3.2832179069519043,4.545088983839379,10.342718124389648
3.2381296157836914,4.492460516115118,10.438393592834473
3.3300065994262695,4.52827469904774,10.340509414672852
3.297283172607422,4.474506720468136,10.305177688598633
3.2944657802581787,4.533919474875022,10.430822372436523
3.3041555881500244,4.560588829385649,10.409708023071289
3.2760202884674072,4.5056671521493366,10.33069133758545
3.277165174484253,4.500776839542336,10.47758674621582
3.2549352645874023,4.519158069643059,10.340269088745117
3.246936798095703,4.482516200381464,10.368365287780762
3.2626473903656006,4.481804674823901,10.400368690490723
3.2391035556793213,4.61394778219983,10.335779190063477
3.249528646469116,4.510534749166774,10.292113304138184
3.2610929012298584,4.5415527953300625,10.287677764892578
3.328545093536377,4.5942896399647,10.354372024536133
3.2290546894073486,4.574954629210489,10.25855541229248
3.3112924098968506,4.540582953885729,10.385049819946289
3.2573511600494385,4.5037060657383075,10.383020401000977
3.2924089431762695,4.536696601392967,10.355368614196777
3.2575888633728027,4.5345479373354465,10.426225662231445
3.323817014694214,4.521165175596252,10.391326904296875
3.2496469020843506,4.5784132231159935,10.350255012512207
3.268200635910034,4.6069559723338385,10.369876861572266
3.2705888748168945,4.521247440816036,10.436880111694336
3.2538459300994873,4.510609878493207,10.363363265991211
3.2692296504974365,4.496913892150458,10.376579284667969
3.306056261062622,4.549611971480772,10.331094741821289
3.2633304595947266,4.6025957613185575,10.382843017578125
3.275155544281006,4.535306702933407,10.27143669128418
3.296499729156494,4.535870149764897,10.365832328796387
3.293238639831543,4.524341535621455,10.307735443115234
3.262017011642456,4.586653964560745,10.295083045959473
3.280935525894165,4.523600652614342,10.313127517700195
3.2621147632598877,4.532591390157385,10.339459419250488
3.337135076522827,4.560414329670103,10.28842544555664
3.241826057434082,4.508889522070864,10.29715347290039
3.260406494140625,4.563427157766585,10.328706741333008
3.208163261413574,4.563850241380611,10.34964370727539
3.245314836502075,4.517418613590832,10.325376510620117
3.279738187789917,4.575713317375629,10.380985260009766
3.296940565109253,4.546633675894035,10.334320068359375
3.3628737926483154,4.540333208195599,10.31551456451416
3.3396055698394775,4.536325387789735,10.251264572143555
3.294271230697632,4.575146362152217,10.434505462646484
3.2754220962524414,4.496792440169624,10.428850173950195
3.2832489013671875,4.560570647441116,10.331450462341309
3.3163952827453613,4.536701505870692,10.296965599060059
3.316843032836914,4.586727361161528,10.377742767333984
3.306546926498413,4.585345401029502,10.323485374450684
3.279103994369507,4.509512406740604,10.2698974609375
3.341555595397949,4.58903544110113,10.328072547912598
3.292929172515869,4.55256230746662,10.376765251159668
3.244443416595459,4.449927306501194,10.287721633911133
3.28039288520813,4.590679544955492,10.387514114379883
3.352348566055298,4.602348165885945,10.35580062866211
3.2562475204467773,4.486182595769476,10.399938583374023
3.2816874980926514,4.550526368365223,10.418207168579102
3.3599839210510254,4.640327561147777,10.26655101776123
3.2947192192077637,4.512971136153542,10.359554290771484
3.266305923461914,4.501944397010707,10.352165222167969
3.3133668899536133,4.553292454952108,10.321577072143555
3.296501874923706,4.525694365014456,10.322305679321289
3.257780075073242,4.542817081457803,10.403307914733887
3.2427046298980713,4.475904552199478,10.383569717407227
3.2798333168029785,4.519574257146035,10.347347259521484
3.3526225090026855,4.599660906042637,10.390037536621094
3.2600841522216797,4.518116490649326,10.37983512878418
3.3066296577453613,4.533210470507454,10.325658798217773
3.3318514823913574,4.558505873195827,10.432279586791992
3.27207350730896,4.565412494021334,10.301560401916504
3.304825782775879,4.555403925179105,10.323518753051758
3.277712106704712,4.543641699976953,10.328452110290527
3.2844390869140625,4.5234338197458,10.344563484191895
3.2144012451171875,4.5526031880040785,10.3885498046875
3.259038209915161,4.600804889940524,10.359384536743164
3.279381513595581,4.507460604687886,10.30951976776123
3.2477667331695557,4.491822263026344,10.327083587646484
3.266913414001465,4.546586331046585,10.426502227783203
3.290954351425171,4.537876230498244,10.392319679260254
3.28524112701416,4.559359461534769,10.362659454345703
3.2891640663146973,4.582061082091449,10.486761093139648
3.343208074569702,4.535628781188279,10.301421165466309
3.290560245513916,4.554255341711853,10.313997268676758
3.260326385498047,4.477194866864011,10.383119583129883
3.2967441082000732,4.562628949526697,10.285650253295898
3.2508087158203125,4.50773919796172,10.335185050964355
3.295252561569214,4.543241428543946,10.411495208740234
3.32914662361145,4.5287389308879415,10.329174995422363
3.2428786754608154,4.4785133029467294,10.432158470153809
3.3149993419647217,4.529074627972607,10.430183410644531
3.2888851165771484,4.514515328387331,10.280935287475586
3.2682271003723145,4.509488435661686,10.377420425415039
3.2761237621307373,4.480183237365313,10.35525131225586
3.3609578609466553,4.5490919414774655,10.364547729492188
3.2239480018615723,4.477078560606709,10.307515144348145
3.305701732635498,4.565632301249674,10.401909828186035
3.254486083984375,4.48811768946637,10.40652084350586
3.266732931137085,4.526669960369223,10.376005172729492
3.2513537406921387,4.493976046597318,10.281984329223633
3.2746164798736572,4.543291325381557,10.441844940185547
3.2542366981506348,4.498995841048393,10.385913848876953
3.303743839263916,4.515253345016391,10.377882957458496
3.2419521808624268,4.534832012174385,10.33605670928955
3.3403513431549072,4.557537169495065,10.298425674438477
3.3227200508117676,4.529125474958813,10.383590698242188
3.2990574836730957,4.559111971707482,10.281290054321289
3.230797529220581,4.492605560459197,10.364080429077148
3.2236080169677734,4.514761036494747,10.282488822937012
3.2293338775634766,4.516527083303248,10.328105926513672
3.311612367630005,4.542274721798354,10.364699363708496
3.213107109069824,4.539128371780472,10.365191459655762
3.208531618118286,4.520647035412756,10.363795280456543
3.3007946014404297,4.568762396362477,10.396496772766113
3.335801362991333,4.553883433375241,10.36961555480957
3.2542331218719482,4.500124373938888,10.377132415771484
3.244752883911133,4.5498385126369865,10.394662857055664
3.21565318107605,4.458965561884855,10.372480392456055
3.252065658569336,4.585167204096381,10.384575843811035
3.3214616775512695,4.596168097674049,10.328010559082031
3.247169256210327,4.493397355545312,10.381245613098145
3.263864040374756,4.549956396222115,10.367770195007324
3.2936630249023438,4.542569094171215,10.358207702636719
3.317030906677246,4.504469349148816,10.376813888549805
3.2877824306488037,4.49881233983407,10.381510734558105
3.2858240604400635,4.530066698889381,10.303802490234375
3.3042311668395996,4.530178159076188,10.458796501159668
3.2795610427856445,4.445240464460637,10.336474418640137
3.2594406604766846,4.537082372299794,10.309808731079102
3.252957582473755,4.51201125683396,10.404754638671875
3.2599825859069824,4.507776044841324,10.29037094116211
3.2924532890319824,4.4835579039063305,10.35622787475586
3.3457820415496826,4.543929894621085,10.264907836914062
3.288032293319702,4.551886447705329,10.36332893371582
3.2934987545013428,4.54211851535365,10.262317657470703
3.241877794265747,4.483124571519771,10.342389106750488
3.3083572387695312,4.471286838608129,10.379586219787598
3.2661349773406982,4.571446716685647,10.298614501953125
3.2199008464813232,4.525713576136956,10.331317901611328
3.31158709526062,4.4566576509803,10.41032600402832
3.241854667663574,4.498820618792837,10.382274627685547
3.233530282974243,4.5563559970552365,10.369156837463379
3.304366111755371,4.573467676095398,10.336915016174316
3.229299783706665,4.488059000078855,10.35474681854248
3.3306021690368652,4.564885812578722,10.373230934143066
3.251152992248535,4.459521554277411,10.30595588684082
3.266396999359131,4.500477933291612,10.319497108459473
3.2946386337280273,4.504643599835357,10.337100982666016
3.300354242324829,4.505374529132886,10.428625106811523
3.239780902862549,4.540161782243688,10.413177490234375
3.2673451900482178,4.49682776217482,10.24061393737793
3.2594947814941406,4.522389176168612,10.344610214233398
3.2782814502716064,4.483608187009979,10.28139877319336
3.2848827838897705,4.5081058582956235,10.373520851135254
3.2692832946777344,4.538163731240534,10.380447387695312
3.227031946182251,4.461189694968717,10.355171203613281
3.3125622272491455,4.496338325253288,10.391751289367676
3.297636032104492,4.558336519203815,10.360199928283691
3.2753713130950928,4.427531524494823,10.362105369567871
3.2586419582366943,4.517688606765919,10.486627578735352
3.2615272998809814,4.487851459167099,10.370368957519531
3.2659912109375,4.525369108787604,10.29276180267334
3.2276782989501953,4.535449461579057,10.41275405883789
3.2524354457855225,4.474219186231494,10.421131134033203
3.2760612964630127,4.501880921822573,10.41592788696289
3.2924180030822754,4.592366544729365,10.27419662475586
3.2484920024871826,4.481681410821953,10.266953468322754
3.2739477157592773,4.568134731546577,10.315324783325195
3.3226537704467773,4.544451011511099,10.347900390625
3.29646897315979,4.483546557171004,10.4608736038208
3.260382652282715,4.535624370178474,10.308133125305176
3.2256581783294678,4.4947707360676885,10.310461044311523
3.282930612564087,4.521391890111513,10.399476051330566
3.375682830810547,4.533370646215709,10.320500373840332
3.230304002761841,4.463451715618637,10.367828369140625
3.271367073059082,4.566978515624734,10.26831340789795
3.2635550498962402,4.488807031119775,10.325387954711914
3.3201091289520264,4.517102718486317,10.377613067626953
3.291837453842163,4.5517125067833275,10.332538604736328
3.282055139541626,4.515999398061207,10.334288597106934
3.2074265480041504,4.49301133670711,10.32456111907959
3.2891948223114014,4.509649869786309,10.395214080810547
3.2697105407714844,4.510436446372686,10.388540267944336
3.2662508487701416,4.530989647610113,10.386999130249023
3.2425625324249268,4.50079452891701,10.348505973815918
3.294025421142578,4.535635801763939,10.35971736907959
3.2495851516723633,4.504545619977372,10.404474258422852
3.2920167446136475,4.5020174886033475,10.27206039428711
3.291649103164673,4.522725811394464,10.426180839538574
3.2914507389068604,4.571174431326134,10.320594787597656
3.3030965328216553,4.5078664346864175,10.353002548217773
3.3277359008789062,4.501781479322484,10.406947135925293
3.3024842739105225,4.545860067409064,10.398932456970215
3.2853546142578125,4.4801101988580605,10.264330863952637
3.2841603755950928,4.573115343527336,10.354702949523926
3.334120512008667,4.497804723114574,10.375767707824707
3.254847526550293,4.476424210605079,10.377608299255371
3.300908088684082,4.5582470809375595,10.34322738647461
3.2660884857177734,4.472498437689086,10.289823532104492
3.189605951309204,4.516952736702349,10.39832878112793
3.2871909141540527,4.487043860734308,10.398676872253418
3.259495735168457,4.559396549893011,10.275775909423828
3.2570555210113525,4.5047123938732385,10.326393127441406
3.258578300476074,4.541985512079139,10.293227195739746
3.230849266052246,4.478663770481944,10.394173622131348
3.248579502105713,4.527050598424726,10.31331729888916
3.245339870452881,4.501677203690633,10.399774551391602
3.2923340797424316,4.520617307197036,10.395057678222656
3.3228251934051514,4.5018177479172925,10.322754859924316
3.2278215885162354,4.515474960640339,10.344924926757812
3.253608465194702,4.497564056721916,10.373052597045898
3.3222620487213135,4.463392904627003,10.357731819152832
3.223341941833496,4.555961007551689,10.28392219543457
3.2472493648529053,4.561553933824014,10.416196823120117
3.2877252101898193,4.522204943599978,10.282732963562012
3.2243142127990723,4.540245479504978,10.345955848693848
3.3040099143981934,4.51375380960027,10.33459758758545
3.262000560760498,4.534261735721624,10.357963562011719
3.28322434425354,4.525119687230991,10.315633773803711
3.284864664077759,4.556477392258655,10.4000825881958
3.273864507675171,4.554549954565508,10.353876113891602
3.303389072418213,4.5366331380126725,10.384716987609863
3.293386697769165,4.4598214142689745,10.398698806762695
3.2347843647003174,4.503914287080987,10.269838333129883
3.270904541015625,4.542006674788094,10.400789260864258
3.3199462890625,4.5032625982005685,10.353734016418457
3.284670352935791,4.530999582793031,10.255254745483398
3.306417942047119,4.527789757121354,10.351387977600098
3.2704248428344727,4.5221139418759515,10.42643928527832
3.2621772289276123,4.5027425568550825,10.276861190795898
3.335632085800171,4.508208474676524,10.374615669250488
3.2510719299316406,4.515669872186013,10.324848175048828
3.303598403930664,4.582445801934228,10.294025421142578
3.272677421569824,4.540541443940518,10.420429229736328
3.3190431594848633,4.555229865247384,10.37677001953125
3.2673487663269043,4.518269222396026,10.388115882873535
3.2639546394348145,4.479382559590574,10.317900657653809
3.289849042892456,4.536548213334753,10.338547706604004
3.255364179611206,4.500698141121705,10.339906692504883
3.2962725162506104,4.569689770262422,10.286185264587402
3.310349225997925,4.564339482358524,10.311782836914062
3.231403350830078,4.4985087669920185,10.36812686920166
3.333287239074707,4.504457538581586,10.345651626586914
3.1995325088500977,4.470710141118616,10.362970352172852
3.2315263748168945,4.493867361485692,10.399589538574219
3.2293167114257812,4.494352836195113,10.365347862243652
3.268131971359253,4.6688183371775915,10.363814353942871
3.306453227996826,4.52740591411878,10.359424591064453
3.261042594909668,4.49291099311917,10.30938720703125
3.224703550338745,4.479569296918012,10.290528297424316
3.320232391357422,4.472380578484652,10.383600234985352
3.365177631378174,4.507882153615356,10.516115188598633
3.280050039291382,4.527556053562356,10.350875854492188
3.2397210597991943,4.496641260305687,10.379013061523438
3.247420072555542,4.502822878138561,10.373735427856445
3.2935571670532227,4.5648681641489794,10.298678398132324
3.2706215381622314,4.474912157149188,10.338963508605957
3.267254590988159,4.477777031383344,10.302125930786133
3.2430944442749023,4.520336864083738,10.310916900634766
3.2170662879943848,4.50314559681075,10.404219627380371
3.2696433067321777,4.4669249014529795,10.470279693603516
3.2890753746032715,4.529992097988725,10.368614196777344
3.276402235031128,4.484947420224281,10.448041915893555
3.336862564086914,4.496280403076006,10.357762336730957
3.251641273498535,4.503848507235359,10.300833702087402
3.297555685043335,4.474723286993268,10.409421920776367
3.16426157951355,4.458083653323619,10.299823760986328
3.2109975814819336,4.4827262231348355,10.321451187133789
3.2226386070251465,4.500514465118093,10.319823265075684
3.2919576168060303,4.541146726014891,10.367298126220703
3.171809673309326,4.465593711439786,10.363935470581055
3.226938486099243,4.460983787696542,10.363580703735352
3.2289535999298096,4.499005808694554,10.320001602172852
3.2272143363952637,4.499092026247776,10.375314712524414
3.219758987426758,4.501024274720944,10.396475791931152
3.2443788051605225,4.533628691852624,10.254266738891602
3.2413105964660645,4.491064888325387,10.335188865661621
3.2283592224121094,4.516493799863383,10.308720588684082
3.288093090057373,4.505106993185889,10.318492889404297
3.193547010421753,4.420354979644928,10.368451118469238
3.3199851512908936,4.511049996329738,10.359256744384766
3.29338002204895,4.451818826475313,10.288416862487793
3.25909423828125,4.523471937015919,10.413196563720703
3.250638246536255,4.485072869940527,10.412049293518066
3.2928123474121094,4.576560870212103,10.36302375793457
3.2612342834472656,4.453532072815246,10.276205062866211
3.2875030040740967,4.5293589554327935,10.283525466918945
3.290987014770508,4.570229542175574,10.353769302368164
3.232282876968384,4.459238280375887,10.411758422851562
3.202526330947876,4.532148013623164,10.402095794677734
3.270470380783081,4.498672900355554,10.387519836425781
3.273097038269043,4.533409512801361,10.401998519897461
3.3046557903289795,4.508417645402785,10.324617385864258
3.3028104305267334,4.549356606156964,10.298422813415527
3.2711236476898193,4.535115034053369,10.352645874023438
3.293419361114502,4.4699292489593585,10.34000015258789
3.233865261077881,4.401101346393782,10.424006462097168
3.276841640472412,4.480037401796185,10.298343658447266
3.327256917953491,4.546773789051388,10.322154998779297
3.268558979034424,4.511830325371453,10.337350845336914
3.254295587539673,4.5260783341447155,10.410839080810547
3.2667999267578125,4.506546616288169,10.384405136108398
3.321714162826538,4.554970775032416,10.41505241394043
3.2654523849487305,4.50730078966756,10.322270393371582
3.300222635269165,4.569964283412057,10.374114990234375
3.2625041007995605,4.523180343377005,10.346463203430176
3.265169858932495,4.500413618183562,10.379446029663086
3.3121182918548584,4.597543056355789,10.396448135375977
3.2339229583740234,4.5169543462605874,10.409923553466797
3.268817901611328,4.5146595176442395,10.421627044677734
3.2408647537231445,4.5224789616518795,10.408060073852539
3.278620958328247,4.459805073615696,10.19471549987793
3.259124279022217,4.458595194055565,10.391973495483398
3.2014105319976807,4.462925178131886,10.384323120117188
3.241067409515381,4.5772975377206295,10.292693138122559
3.2725512981414795,4.517441497949352,10.386423110961914
3.1945595741271973,4.539557119864704,10.443975448608398
3.217081308364868,4.48882758111826,10.291930198669434
3.271635055541992,4.5501042652343004,10.4225492477417
3.221229314804077,4.483742980785403,10.344470024108887
3.258680820465088,4.477839066646993,10.351953506469727
3.3004627227783203,4.50241417005392,10.348862648010254
3.2805886268615723,4.511124935832673,10.3403902053833
3.2575058937072754,4.513034554264907,10.33279800415039
3.317721128463745,4.505933467897453,10.404451370239258
3.263340950012207,4.549129028139371,10.385181427001953
3.296984910964966,4.530355544661038,10.361154556274414
3.242755651473999,4.510309776091683,10.358449935913086
3.271524429321289,4.520282276473673,10.413718223571777
3.3019320964813232,4.512342216546781,10.342113494873047
3.2427475452423096,4.501419746383493,10.290579795837402
3.2102138996124268,4.51789553965708,10.310050010681152
3.289811134338379,4.511070248737399,10.359841346740723
3.243088483810425,4.532884869957343,10.381952285766602
3.252581834793091,4.540040357603824,10.350982666015625
3.3378536701202393,4.480271949798667,10.267716407775879
3.3083279132843018,4.528959748168876,10.356225967407227
3.305551052093506,4.459679422500942,10.350378036499023
3.2071316242218018,4.513955096015707,10.351689338684082
3.2694554328918457,4.554495582556618,10.358649253845215
3.291628837585449,4.507366746797093,10.394705772399902
3.175912618637085,4.451983083338876,10.380757331848145
3.2494919300079346,4.4509547334496995,10.344451904296875
3.2602992057800293,4.522363633516112,10.38403606414795
3.2329485416412354,4.483467155468784,10.329397201538086
3.25272536277771,4.464499443170747,10.352179527282715
3.298215866088867,4.5029146685265005,10.336371421813965
3.220019817352295,4.5612693374444335,10.354863166809082
3.2927868366241455,4.432532549203773,10.323324203491211
3.266742706298828,4.472299032112849,10.385379791259766
3.2812387943267822,4.470614001021854,10.314590454101562
3.261204481124878,4.501975708574588,10.395930290222168
3.2416253089904785,4.482319253064425,10.285958290100098
3.2389729022979736,4.5015069935138206,10.351646423339844
3.2668187618255615,4.548656744549849,10.321234703063965
3.259514331817627,4.53188301217077,10.336091995239258
3.2521796226501465,4.503869791980833,10.378276824951172
3.296063184738159,4.485877844072611,10.367825508117676
3.274624824523926,4.5281228293066045,10.25624942779541
3.3043203353881836,4.534938921453431,10.320816993713379
3.3288915157318115,4.519270999822766,10.317354202270508
3.271458864212036,4.536223213953365,10.3442964553833
3.2643823623657227,4.529538334380569,10.447861671447754
3.2238526344299316,4.48830663096825,10.320241928100586
3.280297040939331,4.558847454110427,10.384410858154297
3.2806332111358643,4.434078269338769,10.367094993591309
3.257343053817749,4.48096757328936,10.378326416015625
3.2321248054504395,4.485592733237094,10.372610092163086
3.2569828033447266,4.4702076130280535,10.389129638671875
3.297175645828247,4.455112293096525,10.292617797851562
3.251613140106201,4.48722616017663,10.315208435058594
3.300690174102783,4.488887401364212,10.39610481262207
3.2137277126312256,4.46220136373969,10.369390487670898
3.3062334060668945,4.504804464556011,10.334051132202148
3.202707290649414,4.458279834395008,10.283588409423828
3.2722952365875244,4.4740050226516495,10.272652626037598
3.280505657196045,4.451715644515518,10.367696762084961
3.2460670471191406,4.491375761705317,10.372007369995117
3.222372055053711,4.5097470351694415,10.45815372467041
3.3264706134796143,4.498187604559851,10.328065872192383
3.2625210285186768,4.460919205465221,10.302929878234863
3.2130002975463867,4.456683047115803,10.36761474609375
3.307874917984009,4.5605964360293,10.407027244567871
3.286412000656128,4.4784910638284465,10.382219314575195
3.2250418663024902,4.530076929135248,10.373757362365723
3.3185977935791016,4.516992665328352,10.358662605285645
3.200965166091919,4.484514017988528,10.387643814086914
3.2258832454681396,4.506341707460316,10.30630874633789
3.263474941253662,4.479406139613793,10.364750862121582
3.2615749835968018,4.456476776162162,10.31419563293457
3.276219606399536,4.478193358351875,10.406600952148438
3.240154981613159,4.472783275281213,10.296318054199219
3.319650173187256,4.504671096602189,10.34793472290039
3.317690134048462,4.520226542172688,10.35429859161377
3.2341744899749756,4.4437273507605175,10.391252517700195
3.25814151763916,4.553338753059506,10.370615005493164
3.22440505027771,4.491744377949674,10.352831840515137
3.319265842437744,4.535538630726348,10.362794876098633
3.26667857170105,4.564770316472277,10.325933456420898
3.1792335510253906,4.476636230247095,10.404333114624023
3.237537145614624,4.490028625819832,10.333805084228516
3.259303092956543,4.507453280035406,10.33796501159668
3.245164155960083,4.503648461208546,10.226531982421875
3.177917957305908,4.522764433108803,10.323799133300781
3.2870965003967285,4.504663798126525,10.338094711303711
3.2141191959381104,4.442588315544917,10.389684677124023
3.2352356910705566,4.499414159417419,10.375971794128418
3.2318804264068604,4.535897391249559,10.314104080200195
3.2442452907562256,4.525559280799436,10.39470100402832
3.2830357551574707,4.590312162979639,10.381364822387695
3.2399356365203857,4.5372841447990915,10.366132736206055
3.250182628631592,4.466158379567787,10.318283081054688
3.186293840408325,4.4614767406268845,10.43583869934082
3.260058879852295,4.4129977236901015,10.336774826049805
3.2515130043029785,4.508616881478312,10.412994384765625
3.285676956176758,4.483983654329287,10.342491149902344
3.243159294128418,4.525394102491971,10.276958465576172
3.266878366470337,4.506796873440701,10.396953582763672
3.2343552112579346,4.464280854145597,10.412997245788574
3.2850840091705322,4.5592480940478195,10.405619621276855
3.2533771991729736,4.491284070869109,10.340666770935059
3.2872657775878906,4.449775491209169,10.274954795837402
3.2709667682647705,4.4923631835595845,10.428064346313477
3.241454839706421,4.496666553297214,10.361745834350586
3.18687105178833,4.534553185005539,10.277660369873047
3.2268459796905518,4.485367488614949,10.335564613342285
3.203326463699341,4.477869211696088,10.371967315673828
3.2828102111816406,4.47451701101714,10.309967041015625
3.2837412357330322,4.50886640900613,10.35623836517334
3.263561487197876,4.468126960630928,10.40329360961914
3.314288854598999,4.451478566442217,10.34838581085205
3.2387521266937256,4.496006231089788,10.404718399047852
3.2905185222625732,4.497159003280103,10.389667510986328
3.2424776554107666,4.476269053062424,10.359567642211914
3.254870891571045,4.495564676654924,10.325095176696777
3.284252405166626,4.5071429561357945,10.36502456665039
3.2983081340789795,4.4449925176865825,10.253686904907227
3.2106435298919678,4.473813921479242,10.326207160949707
3.2760348320007324,4.49545956838743,10.261358261108398
3.3212597370147705,4.516202520778669,10.325658798217773
3.1935572624206543,4.492898083225425,10.381978988647461
3.2289505004882812,4.501621388597413,10.441810607910156
3.2685914039611816,4.505675686855933,10.355175018310547
3.267606019973755,4.519019991525315,10.408863067626953
3.2083561420440674,4.490458927150549,10.38106632232666
3.303058385848999,4.436879645001942,10.352058410644531
3.2726383209228516,4.516469451000116,10.371044158935547
3.2634437084198,4.528693774382451,10.334236145019531
3.259288787841797,4.520192467308204,10.3679780960083
3.2523865699768066,4.509385700803251,10.420585632324219
3.296520471572876,4.505019097522433,10.335915565490723
3.2882137298583984,4.601557816711387,10.342150688171387
3.2619521617889404,4.533422661146948,10.287696838378906
3.2332425117492676,4.462190992731069,10.373948097229004
3.2276456356048584,4.506525609010298,10.282388687133789
3.278665542602539,4.5400294394099285,10.385825157165527
3.2644851207733154,4.484637601001721,10.418935775756836
3.250304698944092,4.412432268960401,10.408868789672852
3.260845422744751,4.443980052601546,10.446374893188477
3.28126859664917,4.480127676955557,10.343283653259277
3.2728610038757324,4.4368047596820235,10.374427795410156
3.2653932571411133,4.468624232469924,10.35798168182373
3.250227689743042,4.471260315505788,10.382217407226562
3.165526866912842,4.532297368726826,10.377581596374512
3.2623820304870605,4.476361078742359,10.324731826782227
3.2425806522369385,4.496692319566916,10.426606178283691
3.2346408367156982,4.447990009660965,10.342000007629395
3.267806053161621,4.534195637762813,10.317548751831055
3.2197139263153076,4.457857374634061,10.340487480163574
3.2672624588012695,4.512820385961926,10.280088424682617
3.2889957427978516,4.474833431321064,10.362714767456055
3.252119541168213,4.524973695931424,10.368035316467285
3.236846923828125,4.522392681433953,10.284850120544434
3.2985498905181885,4.545861332843613,10.37861442565918
3.270886182785034,4.44034846888722,10.35439682006836
3.261277914047241,4.460418464682464,10.252921104431152
3.2575180530548096,4.41193105230507,10.446206092834473
3.227022409439087,4.457335950839999,10.29073429107666
3.2585747241973877,4.4795723641623875,10.418113708496094
3.23679518699646,4.446364584478683,10.269109725952148
3.277759313583374,4.499982899487286,10.336917877197266
3.251204252243042,4.398714241338894,10.373849868774414
3.228827476501465,4.487970970171903,10.321386337280273
3.336615800857544,4.516138218210212,10.268502235412598
3.278917074203491,4.4916748816280485,10.29813003540039
3.198660373687744,4.4554257202960015,10.341052055358887
3.228980302810669,4.460002584216584,10.237076759338379
3.2772440910339355,4.54967478656077,10.399299621582031
3.3153860569000244,4.497823629528283,10.400224685668945
3.3261969089508057,4.485458091267252,10.322183609008789
3.285325288772583,4.459208224733759,10.40047836303711
3.270440101623535,4.479138628513153,10.317914962768555
3.282813549041748,4.546975726261735,10.322010040283203
3.2442398071289062,4.454456040303089,10.349150657653809
3.2199485301971436,4.434238379255736,10.39133071899414
3.200599193572998,4.464133596480159,10.34329891204834
3.299211025238037,4.484124444159013,10.32458782196045
3.214589834213257,4.439061834909288,10.351936340332031
3.258241653442383,4.492287665572283,10.380191802978516
3.307647943496704,4.5159515373940975,10.295610427856445
3.2272469997406006,4.467587791316743,10.353104591369629
3.266608476638794,4.440304193346362,10.388315200805664
3.257721424102783,4.5039119274089385,10.349567413330078
3.2701549530029297,4.49816248210014,10.358006477355957
3.2382354736328125,4.5402384099018365,10.339912414550781
3.259165048599243,4.499911284506587,10.335597038269043
3.181448459625244,4.48969313116478,10.399679183959961
3.286257743835449,4.554578932467848,10.350812911987305
3.2667019367218018,4.432330505589822,10.28976058959961
3.231203556060791,4.45644537575676,10.347829818725586
3.254448175430298,4.48053937781203,10.274614334106445
3.295799732208252,4.529519513116351,10.359659194946289
3.2474286556243896,4.493788059035848,10.39195442199707
3.253453254699707,4.452368215657771,10.332408905029297
3.1851749420166016,4.433072059714634,10.372617721557617
3.3066487312316895,4.4937464906834075,10.438718795776367
3.199259042739868,4.448141594982839,10.414365768432617
3.223071336746216,4.512643149122596,10.29836654663086
3.2421717643737793,4.509294301670577,10.258644104003906
3.279366970062256,4.50790062829453,10.34187126159668
3.270921230316162,4.507679857779294,10.405908584594727
3.240548610687256,4.48204991091708,10.432668685913086
3.238795280456543,4.463777638206791,10.346501350402832
3.2770612239837646,4.516814685925575,10.302033424377441
3.260570764541626,4.444779142171942,10.355208396911621
3.18503999710083,4.451618738439201,10.443843841552734
3.219282388687134,4.4535294755894155,10.38814926147461
3.266195058822632,4.534454118161063,10.310219764709473
3.2147655487060547,4.532907751156017,10.353721618652344
3.2471718788146973,4.461143086897209,10.365020751953125
3.1908700466156006,4.480264445068315,10.322251319885254
3.2554280757904053,4.526426478189283,10.390972137451172
3.2303829193115234,4.456956140697002,10.32166576385498
3.2293601036071777,4.425423063038449,10.347050666809082
3.2859785556793213,4.52787011815235,10.307758331298828
3.25545334815979,4.473532796671082,10.400347709655762
3.2383644580841064,4.538121587430526,10.225641250610352
3.271942377090454,4.424661237480385,10.36081600189209
3.2768142223358154,4.461698924357604,10.279754638671875
3.221208095550537,4.482593999743195,10.344637870788574
3.2345030307769775,4.524589607658397,10.337453842163086
3.2226297855377197,4.421598144441045,10.418220520019531
3.2317051887512207,4.509098010536816,10.35460376739502
3.244370460510254,4.53136284888855,10.374229431152344
3.2605884075164795,4.50476966219555,10.337736129760742
3.2402055263519287,4.533437012894345,10.334095001220703
3.2016496658325195,4.459235269576312,10.422542572021484
3.231908082962036,4.410586289562551,10.298860549926758
3.2756106853485107,4.492356179448376,10.325822830200195
3.299826145172119,4.471298398217187,10.275854110717773
3.2006900310516357,4.523762796872429,10.328307151794434
3.2288713455200195,4.504772062147302,10.362875938415527
3.249434232711792,4.452163528351646,10.333260536193848
3.31847882270813,4.510566986066156,10.388309478759766
3.245814085006714,4.494913275386872,10.471818923950195
3.2803866863250732,4.502462255968047,10.351256370544434
3.2223026752471924,4.4676276060553,10.320270538330078
3.2473392486572266,4.45464898253392,10.363702774047852
3.1892266273498535,4.51730749736141,10.288501739501953
3.188338279724121,4.429944196250291,10.335675239562988
3.2633111476898193,4.50508723391353,10.3927583694458
3.2735671997070312,4.464979829765589,10.357306480407715
3.287614107131958,4.4831953479442745,10.380392074584961
3.218529224395752,4.4698235326380065,10.327482223510742
3.174997568130493,4.496114278079143,10.308222770690918
3.2970693111419678,4.504039870641594,10.322823524475098
3.243072032928467,4.49699141680529,10.315452575683594
3.227803945541382,4.475659898315955,10.39996337890625
3.255311965942383,4.531593010361705,10.345720291137695
3.275294780731201,4.441285510846813,10.337945938110352
3.263474464416504,4.462573118308292,10.313332557678223
3.2569961547851562,4.460063489220504,10.41234016418457
3.2593419551849365,4.484908100051274,10.365849494934082
3.1930551528930664,4.48387522493223,10.30609130859375
3.158574104309082,4.449398585628452,10.333020210266113
3.3146395683288574,4.522357107339692,10.322032928466797
3.2613112926483154,4.4301713298939704,10.280776023864746
3.2669191360473633,4.488523055034291,10.35896110534668
3.2536399364471436,4.52204832714051,10.242725372314453
3.3447470664978027,4.533822888275608,10.391663551330566
3.228487491607666,4.558020043852074,10.36831283569336
3.299860715866089,4.460623775276222,10.319936752319336
3.2129464149475098,4.413276864448562,10.446075439453125
3.2440121173858643,4.464979127847722,10.322720527648926
3.2401154041290283,4.3898052126169205,10.410184860229492
3.2184455394744873,4.458598468153339,10.28274917602539
3.2492353916168213,4.396761870311041,10.342016220092773
3.336873769760132,4.499240906742801,10.331794738769531
3.2175583839416504,4.412673017675324,10.356832504272461
3.2525861263275146,4.459578108109001,10.320646286010742
3.2168567180633545,4.453220363506781,10.348224639892578
3.286810874938965,4.486960456041353,10.312678337097168
3.2436776161193848,4.465655749198049,10.383222579956055
3.2795329093933105,4.415045555714251,10.406481742858887
3.21464204788208,4.488952538331173,10.307412147521973
3.223724842071533,4.516134336790336,10.37745475769043
3.2772111892700195,4.573988211341203,10.365925788879395
3.276003837585449,4.503351611550897,10.405257225036621
3.314284563064575,4.52883012602771,10.4068603515625
3.2887837886810303,4.480720242485404,10.394670486450195
3.1935150623321533,4.402579368457996,10.322613716125488
3.236470937728882,4.4734683824437,10.343218803405762
3.2279858589172363,4.481086976626622,10.451693534851074
3.2342283725738525,4.455882483228509,10.392578125
3.2458536624908447,4.5086057472841015,10.362600326538086
3.2470345497131348,4.477650604476886,10.380966186523438
3.230221748352051,4.446312259550073,10.411481857299805
3.242424964904785,4.50858987974269,10.332355499267578
3.2486159801483154,4.485980022399287,10.402422904968262
3.2314329147338867,4.485580754067217,10.37645149230957
3.2856483459472656,4.492492503985496,10.237915992736816
3.2531397342681885,4.494268853749548,10.30384349822998
3.250887155532837,4.370514278965338,10.360954284667969
3.278984785079956,4.470935777395165,10.30832290649414
3.1733782291412354,4.498704652268706,10.361732482910156
3.245666742324829,4.5294130650082876,10.334835052490234
3.241253137588501,4.447718362157633,10.323026657104492
3.281986951828003,4.491536843357608,10.358013153076172
3.1967053413391113,4.450031662359834,10.393267631530762
3.211444854736328,4.4330864995718,10.329859733581543
3.2671782970428467,4.532052426499182,10.321918487548828
3.2627112865448,4.477369792958987,10.375127792358398
3.2615089416503906,4.514406994384315,10.328548431396484
3.2328200340270996,4.50031138238098,10.354597091674805
3.215710163116455,4.48625120440764,10.426557540893555
3.23746919631958,4.540470366266423,10.364171981811523
3.330220937728882,4.560025361832231,10.34945011138916
3.2132954597473145,4.520876595850236,10.337897300720215
3.239900827407837,4.536012145158435,10.32315444946289
3.190427303314209,4.428950617189653,10.364412307739258
3.2443084716796875,4.517927722839106,10.334768295288086
3.2945902347564697,4.536747795829017,10.385711669921875
3.230865240097046,4.537810133869892,10.324132919311523
3.2613120079040527,4.550436418270692,10.368243217468262
3.29441237449646,4.47642876394093,10.340059280395508
3.226402759552002,4.455725052460496,10.242945671081543
3.2865099906921387,4.528486696637368,10.373763084411621
3.241481065750122,4.492746753717905,10.337316513061523
3.2088470458984375,4.485825791389548,10.362074851989746
3.192594289779663,4.508647125546954,10.366283416748047
3.2594611644744873,4.548229684787137,10.400822639465332
3.232335090637207,4.414463755641399,10.281473159790039
3.216874122619629,4.513673958834261,10.34307861328125
3.223566770553589,4.515946707255873,10.331125259399414
3.2779154777526855,4.501083879465503,10.388933181762695
3.2864749431610107,4.585860897786915,10.31757640838623
3.1993484497070312,4.47554565520425,10.33477783203125
3.29244327545166,4.543581521970087,10.361238479614258
3.21504807472229,4.5152354909306665,10.411981582641602
3.1982529163360596,4.447151906455734,10.313760757446289
3.2286155223846436,4.5036416155219605,10.354330062866211
3.2286362648010254,4.474286113599581,10.294785499572754
3.225083351135254,4.383149041927287,10.309821128845215
3.284700632095337,4.448870878832947,10.377388000488281
3.2835006713867188,4.493090041048293,10.31299114227295
3.185455322265625,4.4818653986855805,10.278084754943848
3.214568614959717,4.452202506928838,10.34330940246582
3.2226481437683105,4.5618929325802515,10.331649780273438
3.2123806476593018,4.492602970783731,10.285849571228027
3.195159912109375,4.410949480753126,10.357002258300781
3.258049964904785,4.4546692996352375,10.335708618164062
3.266263008117676,4.510987488819021,10.368291854858398
3.253431797027588,4.467233720834233,10.350560188293457
3.2409989833831787,4.500223300020609,10.294022560119629
3.2634713649749756,4.479790822802377,10.366363525390625
3.2306742668151855,4.471664531821651,10.350435256958008
3.2242023944854736,4.507866152861555,10.333959579467773
3.1962337493896484,4.375405985296571,10.399260520935059
3.26835298538208,4.456000704384808,10.368865966796875
3.255448341369629,4.484596060489171,10.306154251098633
3.2451930046081543,4.499670150456951,10.345582008361816
3.213618278503418,4.476353619846382,10.370429992675781
3.2287180423736572,4.449102375689628,10.36108112335205
3.3171234130859375,4.467039680174951,10.352675437927246
3.24200439453125,4.506011413243999,10.414690017700195
3.2085423469543457,4.423519455960819,10.37346076965332
3.2866485118865967,4.469119361768077,10.402023315429688
3.215505599975586,4.4733561643598865,10.30168342590332
3.251359462738037,4.497666249583874,10.352954864501953
3.23783278465271,4.495913717030947,10.377315521240234
3.2295877933502197,4.399058463018653,10.362478256225586
3.2635750770568848,4.478178312137191,10.309560775756836
3.283177614212036,4.481954781471619,10.40503215789795
3.260423421859741,4.4819301604958515,10.367843627929688
3.2105443477630615,4.423266939087106,10.412403106689453
3.1542789936065674,4.409562428614923,10.408662796020508
3.2303640842437744,4.406268601671659,10.348387718200684
3.1774823665618896,4.484165401098186,10.312443733215332
3.2766618728637695,4.489969662889573,10.324174880981445
3.261349678039551,4.500426147931388,10.431253433227539
3.198389768600464,4.435630443173327,10.391138076782227
3.244426727294922,4.461383722389915,10.360397338867188
3.295969247817993,4.5401458542993565,10.405835151672363
3.2101874351501465,4.476396039993102,10.305195808410645
3.217409133911133,4.45164731427628,10.410721778869629
3.2303037643432617,4.484261726661186,10.341445922851562
3.2710442543029785,4.509789929691968,10.37860107421875
3.2596893310546875,4.452795958479069,10.354479789733887
3.244891881942749,4.5129983001055995,10.286717414855957
3.2118916511535645,4.487253060996799,10.315073013305664
3.242558002471924,4.511523620824197,10.386307716369629
3.2020840644836426,4.47495974337549,10.433279037475586
3.2648773193359375,4.466110709256359,10.365233421325684
3.254181385040283,4.421399360223275,10.341440200805664
3.2423484325408936,4.39340467461651,10.360738754272461
3.2239692211151123,4.456311145930418,10.346376419067383
3.2118875980377197,4.485331908400569,10.37548828125
3.2473199367523193,4.470293448107051,10.321898460388184
3.178481101989746,4.454983333358541,10.289860725402832
3.2513303756713867,4.493737630313262,10.330520629882812
3.268624782562256,4.514512198178895,10.305154800415039
3.269251585006714,4.497927888363067,10.376962661743164
3.2279200553894043,4.448281950284062,10.329591751098633
3.247342109680176,4.507106788755794,10.326333045959473
3.2028157711029053,4.482362214808486,10.36670970916748
3.2557127475738525,4.384807380847633,10.352340698242188
3.207286834716797,4.478951967587429,10.350303649902344
3.2530040740966797,4.5373231169900725,10.402496337890625
3.2422916889190674,4.4153061218426695,10.362648010253906
3.216294527053833,4.490063398311446,10.478568077087402
3.273352861404419,4.467412738229281,10.43918514251709
3.2697062492370605,4.5152776639775505,10.438432693481445
3.252270460128784,4.57251581735909,10.401756286621094
3.1933159828186035,4.4461725109722465,10.302072525024414
3.2763750553131104,4.462220073877169,10.320584297180176
3.2057220935821533,4.512537471251562,10.441282272338867
3.2346105575561523,4.512339278024488,10.30778694152832
3.241102695465088,4.453598346627717,10.35886001586914
3.2068257331848145,4.488686668586785,10.438064575195312
3.2547781467437744,4.465517414534198,10.378849029541016
3.2785582542419434,4.461287933335241,10.33612060546875
3.256382465362549,4.491886873895835,10.382068634033203
3.225861072540283,4.469312649652628,10.436537742614746
3.289773464202881,4.504091497543933,10.377138137817383
3.294875144958496,4.474936064099894,10.372118949890137
3.267988443374634,4.515403526801882,10.414989471435547
3.234793186187744,4.500072436107855,10.361226081848145
3.209338426589966,4.4759540308399925,10.306482315063477
3.3378055095672607,4.479847705124745,10.317511558532715
3.200885057449341,4.387862941616082,10.311125755310059
3.184918165206909,4.47024758965043,10.388854026794434
3.2789909839630127,4.531139231918912,10.339866638183594
3.229921817779541,4.4717069054355045,10.34531021118164
3.2404837608337402,4.464939811699359,10.410018920898438
3.2739601135253906,4.459656366845592,10.370492935180664
3.2083544731140137,4.363094567820164,10.328903198242188
3.2150096893310547,4.457766718264403,10.346796989440918
3.2100555896759033,4.411629720657532,10.341066360473633
3.2917377948760986,4.4831782260444015,10.278240203857422
3.246251106262207,4.469029160815158,10.374181747436523
3.2669289112091064,4.545633482613734,10.343345642089844
3.2953274250030518,4.527831383282319,10.368349075317383
3.1870276927948,4.427098332871018,10.306346893310547
3.2352943420410156,4.473392071069351,10.314393997192383
3.2541768550872803,4.4984372724512856,10.355968475341797
3.270698308944702,4.501954995794222,10.33086109161377
3.2170193195343018,4.39426262483799,10.360172271728516
3.2891628742218018,4.470653676494424,10.28306770324707
3.235445737838745,4.457271289279951,10.384783744812012
3.2887043952941895,4.455263612326235,10.307257652282715
3.234398365020752,4.476645148758377,10.295994758605957
3.234151601791382,4.4666375428039045,10.241498947143555
3.2259719371795654,4.485002183388652,10.329398155212402
3.219360828399658,4.47375517900634,10.377349853515625
3.1974494457244873,4.501251947367564,10.283638000488281
3.239960193634033,4.376515826110595,10.374006271362305
3.2595672607421875,4.4559767479409595,10.410158157348633
3.2076425552368164,4.461428379906076,10.419929504394531
3.2385830879211426,4.486432444803151,10.332889556884766
3.224215030670166,4.444435239702995,10.342011451721191
3.2537882328033447,4.444619400992192,10.272880554199219
3.2634477615356445,4.484500981501437,10.368107795715332
3.27292799949646,4.5108097184649,10.433269500732422
3.225158929824829,4.4052957621003905,10.33401107788086
3.218129873275757,4.45420648583344,10.369414329528809
3.29934024810791,4.469414542362626,10.323863983154297
3.3166141510009766,4.427064697158389,10.276150703430176
3.214785575866699,4.4347014976998,10.35444450378418
3.243401050567627,4.4080262743269225,10.300337791442871
3.2559165954589844,4.4617465461737345,10.306070327758789
3.209825038909912,4.454635399526784,10.42512321472168
3.1660172939300537,4.445266691468922,10.368351936340332
3.2747581005096436,4.488114743892635,10.37760066986084
3.2454166412353516,4.572310176611479,10.369521141052246
3.1915605068206787,4.430494834203273,10.323809623718262
3.2181954383850098,4.439508242000427,10.328163146972656
3.223135471343994,4.448417479205611,10.357599258422852
3.1957130432128906,4.41490146833738,10.366729736328125
3.2308552265167236,4.464067007015858,10.295806884765625
3.2410290241241455,4.494729296670162,10.439421653747559
3.229705572128296,4.421031042567587,10.38305377960205
3.263597249984741,4.402469282637218,10.379013061523438
3.2939651012420654,4.501021833657953,10.412359237670898
3.204589605331421,4.4444214838024765,10.38093090057373
3.2701416015625,4.50566619039247,10.286399841308594
3.195805788040161,4.398296770573194,10.306812286376953
3.167926549911499,4.4376629660172116,10.342891693115234
3.225769281387329,4.510173988195935,10.36693000793457
3.1514992713928223,4.486602358154155,10.322474479675293
3.190816640853882,4.421315798003759,10.363763809204102
3.239292860031128,4.47673814301379,10.41208553314209
3.245530128479004,4.398609009804205,10.420404434204102
3.1632354259490967,4.456400538761434,10.362205505371094
3.2491064071655273,4.433071601803282,10.356281280517578
3.249302864074707,4.403690248594753,10.327268600463867
3.3234286308288574,4.522382159950212,10.329005241394043
3.2392899990081787,4.462340014221678,10.3153715133667
3.271014928817749,4.51881173462607,10.435169219970703
3.2548718452453613,4.494735787655892,10.370306968688965
3.197046995162964,4.462011663542529,10.285061836242676
3.2150192260742188,4.490660394641703,10.369260787963867
3.2294583320617676,4.445746949740818,10.366957664489746
3.243100166320801,4.451280069404414,10.365628242492676
3.1973233222961426,4.399714559017281,10.393684387207031
3.218585968017578,4.390825822849624,10.364958763122559
3.2691776752471924,4.453116738137656,10.290303230285645
3.2693703174591064,4.4638328057314665,10.237078666687012
3.1813971996307373,4.444926591124386,10.384854316711426
3.2110378742218018,4.393671144831127,10.363489151000977
3.2605068683624268,4.485465847587745,10.370826721191406
3.21317720413208,4.485146291853328,10.349662780761719
3.201432943344116,4.422472494820665,10.470488548278809
3.260408878326416,4.46941915284177,10.415581703186035
3.238790273666382,4.440476281235792,10.346524238586426
3.2419886589050293,4.4630460613407195,10.323335647583008
3.275927782058716,4.446355905350563,10.320222854614258
3.2680740356445312,4.431778244275067,10.390005111694336
3.284456729888916,4.4343112509232006,10.406661987304688
3.24752140045166,4.440118379026119,10.358353614807129
3.2429230213165283,4.4250541550905576,10.364831924438477
3.2469828128814697,4.47602915830378,10.347851753234863
3.1898651123046875,4.4789953928973,10.377717971801758
3.2879698276519775,4.491168480931914,10.311055183410645
3.2069544792175293,4.442336216302855,10.30069351196289
3.227891683578491,4.447182638903281,10.327502250671387
3.2415997982025146,4.455417335232986,10.365835189819336
3.245455026626587,4.466573336727119,10.295970916748047
3.178335428237915,4.457809799151229,10.383894920349121
3.1987504959106445,4.4134149812494545,10.315181732177734
3.297393560409546,4.506094174526099,10.409893035888672
3.197564125061035,4.446027776492493,10.34951400756836
3.1562440395355225,4.475097949084427,10.32904052734375
3.170954465866089,4.42616153162505,10.340582847595215
3.2012546062469482,4.446707108324127,10.38875961303711
3.2462961673736572,4.532283197456439,10.44044017791748
3.2347946166992188,4.459790731248047,10.401388168334961
3.240859031677246,4.401556778300021,10.391956329345703
3.240743637084961,4.471716080958555,10.27945327758789
3.222503900527954,4.3972232337109745,10.334640502929688
3.157306432723999,4.420197497088729,10.376533508300781
3.211918592453003,4.4541458026506,10.294315338134766
3.2694480419158936,4.459754146036825,10.315489768981934
3.2531912326812744,4.480987474056226,10.330045700073242
3.240182638168335,4.524664531528417,10.366540908813477
3.1796982288360596,4.432292968300835,10.322799682617188
3.1659352779388428,4.447735127527267,10.396390914916992
3.277019500732422,4.471986519538665,10.308571815490723
3.2109930515289307,4.517338760496517,10.39523983001709
3.20801043510437,4.404412961531697,10.329456329345703
3.296570301055908,4.422002283823012,10.340417861938477
3.229332208633423,4.511958074356828,10.357996940612793
3.167419195175171,4.439752072860887,10.329170227050781
3.221745729446411,4.526015878788063,10.315376281738281
3.2155821323394775,4.467610713826225,10.310507774353027
3.225745677947998,4.429875060150931,10.356490135192871
3.2746737003326416,4.516176556137257,10.328771591186523
3.241988182067871,4.453921345029292,10.425994873046875
3.178680658340454,4.4322397641371944,10.28238296508789
3.2200496196746826,4.495567050596167,10.418397903442383
3.2403385639190674,4.452346539291153,10.398202896118164
3.222614049911499,4.450438017125375,10.334372520446777
3.2410547733306885,4.448660146611343,10.309853553771973
3.275238513946533,4.499951532842325,10.370991706848145
3.2111477851867676,4.511503743939102,10.360671997070312
3.2123169898986816,4.411594651140538,10.282018661499023
3.1957085132598877,4.494621913813587,10.419425964355469
3.180415391921997,4.418963792966679,10.293632507324219
3.230502128601074,4.475107850074502,10.344625473022461
3.295435667037964,4.511075784651829,10.284479141235352
3.1861732006073,4.41499771270901,10.334892272949219
3.2469992637634277,4.437620757546808,10.397510528564453
3.223815441131592,4.421781354317708,10.387063980102539
3.247692584991455,4.445083713657889,10.376781463623047
3.18002986907959,4.43367277784273,10.297810554504395
3.292660713195801,4.446536145971289,10.390535354614258
3.2495410442352295,4.422837891848758,10.408342361450195
3.2834274768829346,4.535656710388138,10.272568702697754
3.226325273513794,4.418999904833202,10.349902153015137
3.22196102142334,4.4627388972522954,10.41616439819336
3.1846134662628174,4.450966855577592,10.330655097961426
3.2868733406066895,4.494692407947566,10.363164901733398
3.2247748374938965,4.465717506894309,10.350347518920898
3.21405029296875,4.479232356617493,10.28506851196289
3.221945285797119,4.487177593001563,10.326173782348633
3.267542600631714,4.413437235368682,10.273669242858887
3.278815507888794,4.463981007159289,10.360086441040039
3.1791024208068848,4.427620580586206,10.42048168182373
3.167781114578247,4.517097330452608,10.34320068359375
3.230780839920044,4.4560983275129855,10.280346870422363
3.2053699493408203,4.4833602248025795,10.281513214111328
3.2099814414978027,4.450305678515829,10.301041603088379
3.20949125289917,4.390441363544336,10.30928897857666
3.2407386302948,4.417801432311535,10.307724952697754
3.1941614151000977,4.445113356092147,10.37175464630127
3.2095844745635986,4.424691164333906,10.38580322265625
3.2539055347442627,4.481545501687963,10.360091209411621
3.240684986114502,4.456506007484028,10.319023132324219
3.2292964458465576,4.422574772166887,10.34542179107666
3.2755961418151855,4.503965158813767,10.347213745117188
3.2164230346679688,4.480506334553605,10.383709907531738
3.2037649154663086,4.408850534619497,10.266905784606934
3.223658323287964,4.491800432193226,10.395833969116211
3.174076795578003,4.454905946073788,10.289482116699219
3.2055814266204834,4.5234594844680815,10.32802677154541
3.2384541034698486,4.455181103831689,10.376374244689941
3.2580645084381104,4.506712156015315,10.351277351379395
3.2237062454223633,4.4497164672772795,10.336507797241211
3.1857616901397705,4.471383623279897,10.324259757995605
3.2175581455230713,4.448664999134572,10.381434440612793
3.231440544128418,4.513234373082274,10.38835620880127
3.2549195289611816,4.491177880471307,10.284036636352539
3.2022364139556885,4.439965745001766,10.354646682739258
3.231724977493286,4.429577078304387,10.307804107666016
3.2688562870025635,4.4931107597159485,10.383977890014648
3.1937575340270996,4.422293909126893,10.394251823425293
3.2205636501312256,4.496009112901187,10.388851165771484
3.193950891494751,4.371289718563535,10.343603134155273
3.206017017364502,4.461643163480662,10.361690521240234
3.252802848815918,4.4933467218319745,10.271954536437988
3.2096590995788574,4.4518567633016835,10.342666625976562
3.204270601272583,4.453092307218217,10.31637954711914
3.2221884727478027,4.447746632853523,10.412908554077148
3.26043963432312,4.451772359299606,10.395448684692383
3.1995978355407715,4.445635767021615,10.272838592529297
3.2683069705963135,4.491748965112492,10.308818817138672
3.198885440826416,4.411159417691774,10.380597114562988
3.252737045288086,4.489636322716251,10.378824234008789
3.1919984817504883,4.429175156667562,10.359001159667969
3.2054574489593506,4.412122791533225,10.346805572509766
3.239194393157959,4.44017171503843,10.385151863098145
3.191516876220703,4.496416034010639,10.342706680297852
3.226656198501587,4.482583378874032,10.41135311126709
3.2507970333099365,4.453118532629949,10.349052429199219
3.1943519115448,4.512995550442221,10.376489639282227
3.2203145027160645,4.492034386178212,10.324881553649902
3.294588804244995,4.519869916473648,10.394639015197754
3.2362074851989746,4.466471656159099,10.318631172180176
3.176130771636963,4.40875547831612,10.432111740112305
3.2149393558502197,4.456710318203218,10.400829315185547
3.2341153621673584,4.509548294856879,10.431697845458984
3.2174880504608154,4.48254605692013,10.316444396972656
3.214505434036255,4.427860224719292,10.345492362976074
3.301398754119873,4.478323318795966,10.32675552368164
3.2331149578094482,4.420153989090718,10.410110473632812
3.2211039066314697,4.480060914830704,10.369638442993164
3.183410406112671,4.4962792750115375,10.406075477600098
3.200446128845215,4.3832063585785885,10.355618476867676
3.203096389770508,4.536227096337825,10.240948677062988
3.2207534313201904,4.5044467133203785,10.295969009399414
3.239557981491089,4.51424986915663,10.37425708770752
3.1845974922180176,4.403789133166096,10.39870548248291
3.248361110687256,4.45448142652666,10.319192886352539
3.1895337104797363,4.4544268199575265,10.393743515014648
3.237046241760254,4.494050480425358,10.380270004272461
3.252617359161377,4.476935835122797,10.433900833129883
3.2467074394226074,4.411557117377275,10.377754211425781
3.2507004737854004,4.438632401670995,10.32227611541748
3.158031702041626,4.37908138550951,10.318177223205566
3.238039016723633,4.453125573062737,10.337240219116211
3.16076397895813,4.45308918263098,10.348987579345703
3.240502119064331,4.522210772282311,10.298795700073242
3.2945737838745117,4.40094487096316,10.294513702392578
3.2379910945892334,4.49353757600433,10.473184585571289
3.178591728210449,4.3699163790858755,10.336471557617188
3.2497684955596924,4.492192978072646,10.36900520324707
3.2007315158843994,4.439750175324402,10.297615051269531
3.242704153060913,4.478353687927925,10.344686508178711
3.218528985977173,4.464528256528346,10.422154426574707
3.215505361557007,4.485366855149291,10.329036712646484
3.2322871685028076,4.470238120195323,10.480374336242676
3.2669858932495117,4.492145087902567,10.347968101501465
3.2388129234313965,4.48337313655897,10.379091262817383
3.1536927223205566,4.426632735645398,10.289454460144043
3.229933738708496,4.4240264782482495,10.360191345214844
3.306757926940918,4.446275934976127,10.258591651916504
3.249103307723999,4.3521726774051785,10.258055686950684
3.2200708389282227,4.449630973095607,10.415695190429688
3.2267906665802,4.479108449570568,10.361761093139648
3.27008318901062,4.4779412177657445,10.250713348388672
3.1754372119903564,4.333000864035316,10.362915992736816
3.164442539215088,4.461765079825584,10.354382514953613
3.2421298027038574,4.5004940586098074,10.364983558654785
3.283334255218506,4.466628677111918,10.319212913513184
3.19061541557312,4.472822570774172,10.294239044189453
3.219501256942749,4.505041435926355,10.426107406616211
3.2101690769195557,4.366243867037286,10.406265258789062
3.2246365547180176,4.459444194766028,10.342065811157227
3.2032296657562256,4.414374478626995,10.261474609375
3.21164608001709,4.418189840258232,10.350471496582031
3.186697483062744,4.476709268454995,10.357975006103516
3.193010091781616,4.435531903523952,10.354889869689941
3.2782034873962402,4.484583920267011,10.357524871826172
3.1737332344055176,4.439447266149468,10.369224548339844
3.1866390705108643,4.4404460648074755,10.372398376464844
3.2766573429107666,4.461813854984939,10.245763778686523
3.272531270980835,4.380045356029378,10.379430770874023
3.1685662269592285,4.47593288612552,10.348360061645508
3.2477402687072754,4.379534382805494,10.360493659973145
3.2198915481567383,4.492309933727873,10.412266731262207
3.312340259552002,4.485293905749651,10.332930564880371
3.1833174228668213,4.4438963129983415,10.373187065124512
3.2375130653381348,4.507847662981866,10.371986389160156
3.192308187484741,4.477965340284364,10.330583572387695
3.3049724102020264,4.458302841555061,10.328563690185547
3.197730541229248,4.353626504972843,10.338385581970215
3.2210609912872314,4.501060523824501,10.344552993774414
3.2551121711730957,4.452407647589489,10.392145156860352
3.2208406925201416,4.472997417374114,10.263965606689453
3.2015016078948975,4.417824663055528,10.33640193939209
3.218317747116089,4.548945674140538,10.383932113647461
3.1887893676757812,4.481798421026075,10.304977416992188
3.217552423477173,4.479337367528517,10.431619644165039
3.2344675064086914,4.482529138780332,10.349661827087402
3.2732126712799072,4.403352383490917,10.374774932861328
3.258174180984497,4.491296227888338,10.400765419006348
3.1914377212524414,4.410446558779638,10.27444076538086
3.2285854816436768,4.4473276355836004,10.372664451599121
3.2757136821746826,4.4989046730832865,10.32882308959961
3.2184176445007324,4.468358125737203,10.345476150512695
3.247774600982666,4.515130899247847,10.342405319213867
3.256850242614746,4.456657776342971,10.342345237731934
3.2958545684814453,4.467281322460622,10.37545108795166
3.2667672634124756,4.530122870679147,10.30053424835205
3.205376625061035,4.4575502051905325,10.392754554748535
3.240676164627075,4.46038215198288,10.28725814819336
3.2154242992401123,4.444393637190973,10.356059074401855
3.225424289703369,4.487468087546794,10.339409828186035
3.2433934211730957,4.441158739217957,10.237783432006836
3.2016403675079346,4.4655553739118785,10.360006332397461
3.2010998725891113,4.392295907850244,10.381235122680664
3.273780584335327,4.484910105887268,10.321840286254883
3.251802921295166,4.485031829880817,10.320611000061035
3.26033353805542,4.480406523349562,10.364755630493164
3.207310438156128,4.406535071221048,10.415081024169922
3.2273523807525635,4.477171037346124,10.256464958190918
3.2340829372406006,4.427420959907717,10.282487869262695
3.1674883365631104,4.394998149513932,10.350412368774414
3.2296805381774902,4.439717452108328,10.40279769897461
3.191382646560669,4.425210809900558,10.321891784667969
3.2079901695251465,4.4335080458716085,10.35802173614502
3.205717086791992,4.3999917606956185,10.368715286254883
3.304025888442993,4.417479514975899,10.318536758422852
3.276320219039917,4.493356111093557,10.351054191589355
3.2064082622528076,4.4636049135255496,10.386042594909668
3.193101167678833,4.377837355281892,10.415298461914062
3.1668128967285156,4.439939267002046,10.255023002624512
3.19771146774292,4.455274899656485,10.37626838684082
3.218064546585083,4.471618769191472,10.256734848022461
3.2317421436309814,4.4772517738331645,10.243803024291992
3.2957684993743896,4.417256446754827,10.331901550292969
3.211803436279297,4.483369108356003,10.37982177734375
3.1385045051574707,4.369947807630524,10.346628189086914
3.2412092685699463,4.433173894848941,10.343849182128906
3.25437068939209,4.495953628094867,10.308533668518066
3.22479248046875,4.471819630059015,10.326226234436035
3.208702325820923,4.46153086031388,10.335943222045898
3.2934041023254395,4.529365087959117,10.330047607421875
3.173919677734375,4.483814882181052,10.321318626403809
3.2368836402893066,4.386653634553244,10.461065292358398
3.155205726623535,4.456790197341304,10.324925422668457
3.2638726234436035,4.445050336487059,10.271578788757324
3.252037525177002,4.426970832848124,10.415746688842773
3.1684718132019043,4.415693368197286,10.340105056762695
3.1987929344177246,4.433548507446956,10.29385757446289
3.2477471828460693,4.4748883217107505,10.389381408691406
3.200448751449585,4.4179551958306025,10.328088760375977
3.1631853580474854,4.381493793866996,10.401147842407227
3.206840991973877,4.477571789374841,10.428577423095703
3.209359884262085,4.457418423744717,10.464568138122559
3.243784189224243,4.453513843206955,10.294188499450684
3.219241142272949,4.5024420756381005,10.35942268371582
3.2670953273773193,4.469982386666483,10.300192832946777
3.1749300956726074,4.437592871753233,10.36733341217041
3.160586357116699,4.404165228496172,10.38680362701416
3.2430431842803955,4.51131296683369,10.34437370300293
3.2355291843414307,4.418311569141223,10.31045150756836
3.2455670833587646,4.439642814021292,10.323286056518555
3.2547996044158936,4.468531988594415,10.44389533996582
3.144871950149536,4.405399390795668,10.442912101745605
3.2159972190856934,4.418912889169795,10.40384292602539
3.2689576148986816,4.433900883055425,10.334921836853027
3.2080588340759277,4.446224894141779,10.401237487792969
3.2062723636627197,4.49746090340029,10.407628059387207
3.2502615451812744,4.413580566478361,10.370756149291992
3.2039010524749756,4.480360343187515,10.343879699707031
3.269165277481079,4.514674774703702,10.326273918151855
3.2177462577819824,4.413786021127764,10.352455139160156
3.194413900375366,4.468790630244516,10.37303352355957
3.2418007850646973,4.429329448446099,10.315231323242188
3.2388761043548584,4.449821040799309,10.359589576721191
3.1720354557037354,4.399477066239342,10.320916175842285
3.1848692893981934,4.339905359582709,10.365861892700195
3.2141730785369873,4.435336055500167,10.369863510131836
3.218956232070923,4.454696492192202,10.243057250976562
3.209590196609497,4.512039307904031,10.37641429901123
3.230489492416382,4.440306899071271,10.39798641204834
3.224684953689575,4.448739698622377,10.405923843383789
3.280111789703369,4.440626592142507,10.369165420532227
3.2208964824676514,4.525525563695867,10.28191089630127
3.209650754928589,4.438129276103739,10.403148651123047
3.2333922386169434,4.456140464870259,10.32738971710205
3.211052179336548,4.466272277557955,10.332850456237793
3.2025675773620605,4.461569107104359,10.314309120178223
3.2392687797546387,4.456222396709823,10.347219467163086
3.185544013977051,4.450058996178476,10.305822372436523
3.223689556121826,4.454431331051247,10.34341812133789
3.283392906188965,4.460161542220573,10.42222785949707
3.2399098873138428,4.4805961630440185,10.33345890045166
3.147855758666992,4.476582088940112,10.319488525390625
3.21634840965271,4.4725237452824205,10.385759353637695
3.208353281021118,4.3941776646035065,10.305206298828125
3.186018228530884,4.470963611733168,10.331905364990234
3.2257306575775146,4.474783849603098,10.347689628601074
3.1954689025878906,4.483396826611299,10.294025421142578
3.213239908218384,4.405793443555012,10.357308387756348
3.2363338470458984,4.467278771734397,10.341350555419922
3.249056816101074,4.475104650981458,10.30958080291748
3.2031219005584717,4.434132652822882,10.303138732910156
3.188400983810425,4.423976007050701,10.347715377807617
3.2033097743988037,4.463413974868932,10.413593292236328
3.207190990447998,4.50852776591533,10.362512588500977
3.1941514015197754,4.428804781886616,10.405593872070312
3.2195160388946533,4.447940285417384,10.4031982421875
3.1451258659362793,4.4304850937998195,10.283387184143066
3.2787985801696777,4.4588428824873905,10.313661575317383
3.2297472953796387,4.4331014211223065,10.303518295288086
3.2381386756896973,4.4441054303066005,10.426294326782227
3.23539662361145,4.475472677499057,10.413721084594727
3.167935609817505,4.448519539021488,10.285050392150879
3.2484421730041504,4.416865337673309,10.476727485656738
3.1732091903686523,4.395619051664004,10.42020034790039
3.1959924697875977,4.354273237354522,10.250289916992188
3.1591949462890625,4.39311681385152,10.381705284118652
3.22194766998291,4.481815841115479,10.38990592956543
3.2039248943328857,4.428774620639161,10.428701400756836
3.188917875289917,4.4102875529788435,10.355791091918945
3.2120110988616943,4.470139196774523,10.389690399169922
3.2550599575042725,4.484304293258382,10.36314582824707
3.228853464126587,4.433927074074745,10.351747512817383
3.1932547092437744,4.5089594827233155,10.295051574707031
3.168480157852173,4.404901764521908,10.331690788269043
3.240532875061035,4.4761258574269185,10.420522689819336
3.2784132957458496,4.493039053997823,10.382359504699707
3.2318923473358154,4.486652731130431,10.352981567382812
3.2608907222747803,4.475859888230583,10.330678939819336
3.1830906867980957,4.402936206930982,10.261852264404297
3.22847318649292,4.41259662264825,10.399900436401367
3.2857234477996826,4.501812871013368,10.352826118469238
3.251669406890869,4.432962106574061,10.412342071533203
3.250361680984497,4.473488302003326,10.395303726196289
3.2015371322631836,4.455878888123801,10.349067687988281
3.334977626800537,4.47595118811088,10.339460372924805
3.154881000518799,4.405296655371786,10.366992950439453
3.214432954788208,4.470535854143756,10.40774917602539
3.2111525535583496,4.439372262318751,10.387275695800781
3.177833080291748,4.448753159692776,10.362618446350098
3.1524407863616943,4.437773965997621,10.3711576461792
3.14154314994812,4.4534115386528095,10.282684326171875
3.2149248123168945,4.468663070018271,10.344392776489258
3.221954584121704,4.467218754979383,10.300883293151855
3.195317506790161,4.517193170430671,10.337796211242676
3.153998613357544,4.405135395936668,10.328213691711426
3.1770710945129395,4.436235811261993,10.343807220458984
3.1895010471343994,4.450962513851533,10.384632110595703
3.286742687225342,4.483723947844867,10.338028907775879
3.302494764328003,4.498964563078646,10.322099685668945
3.1958072185516357,4.452662305407492,10.294793128967285
3.2009434700012207,4.40703699511609,10.352651596069336
3.217376947402954,4.4542619822812926,10.358526229858398
3.2318291664123535,4.52640153311326,10.417874336242676
3.280606269836426,4.528469674222704,10.363277435302734
3.176877498626709,4.480436868832579,10.39258861541748
3.2259621620178223,4.434198178683541,10.330217361450195
3.20345401763916,4.458444232486986,10.223968505859375
3.238646984100342,4.3928098674930105,10.347040176391602
3.173773765563965,4.349310868552752,10.33018684387207
3.2505056858062744,4.479784786368588,10.392799377441406
3.245839834213257,4.4146248519287585,10.377023696899414
3.2324368953704834,4.436335305583531,10.361047744750977
3.1824076175689697,4.429199740756303,10.426855087280273
3.2761919498443604,4.458639737118833,10.354874610900879
3.185107469558716,4.363320151177634,10.316975593566895
3.3041129112243652,4.418941599682771,10.417561531066895
3.2618281841278076,4.463708896422758,10.32349967956543
3.2289068698883057,4.516068485964621,10.319611549377441
3.1981289386749268,4.41850746442963,10.388153076171875
3.187894821166992,4.450951254959884,10.375699043273926
3.2281644344329834,4.493049255272905,10.388030052185059
3.225332498550415,4.457434368220024,10.379375457763672
3.2652053833007812,4.444066347388018,10.254364967346191
3.153740882873535,4.40088885064636,10.375238418579102
3.2678377628326416,4.428477557309503,10.374110221862793
3.2187395095825195,4.494477996802223,10.313369750976562
3.177302837371826,4.431730305942307,10.359855651855469
3.1917977333068848,4.413433376633163,10.313151359558105
3.2526330947875977,4.449639428041078,10.36837387084961
3.2193140983581543,4.454817179124802,10.35769271850586
3.2308695316314697,4.432351229978458,10.365893363952637
3.189779281616211,4.3620953064611445,10.345251083374023
3.276599407196045,4.480390546510794,10.339468002319336
3.1778383255004883,4.410439131648413,10.406011581420898
3.2309577465057373,4.465561287477612,10.342103958129883
3.1963493824005127,4.419663845927322,10.366358757019043
3.163208484649658,4.401602120670889,10.353532791137695
3.1379246711730957,4.479773314902559,10.263975143432617
3.232889413833618,4.460889981161537,10.287696838378906
3.237879753112793,4.472020429259699,10.432771682739258
3.230788230895996,4.457214030171079,10.345176696777344
3.244495391845703,4.450653933720397,10.335354804992676
3.2050724029541016,4.503156680746802,10.388312339782715
3.259481191635132,4.504161491491167,10.40149974822998
3.227820873260498,4.450521640346519,10.437288284301758
3.22845721244812,4.417977121026655,10.346807479858398
3.2131192684173584,4.4891360609659126,10.392229080200195
3.2238504886627197,4.4614424087506315,10.431653022766113
3.218534231185913,4.46479156726439,10.317794799804688
3.1996006965637207,4.497885350104688,10.343867301940918
3.180647134780884,4.41599170221681,10.303901672363281
3.2557504177093506,4.366153685010172,10.244987487792969
3.2410659790039062,4.412927807907441,10.315185546875
3.245271682739258,4.378347594989464,10.38121223449707
3.2021138668060303,4.490730472374708,10.321105003356934
3.213731527328491,4.478626723933433,10.360280990600586
3.2315642833709717,4.387755176883989,10.35262393951416
3.158916711807251,4.4052371239688775,10.392477035522461
3.2265522480010986,4.399677324075519,10.410085678100586
3.208411931991577,4.462749111366326,10.321390151977539
3.157582998275757,4.433574079668948,10.362885475158691
3.206040143966675,4.4613467962813695,10.422073364257812
3.2090771198272705,4.3939335333915155,10.300029754638672
3.2593624591827393,4.465459683244783,10.386420249938965
3.205590009689331,4.423048151291108,10.332401275634766
3.1893928050994873,4.411885706774358,10.306745529174805
3.235565662384033,4.461927863869017,10.40656566619873
3.2792418003082275,4.391903070167505,10.324637413024902
3.1549909114837646,4.437363549135625,10.454671859741211
3.2280073165893555,4.426860628084147,10.388520240783691
3.1945858001708984,4.434377914660478,10.300588607788086
3.1873912811279297,4.419508339072179,10.317373275756836
3.12753963470459,4.407716861227527,10.309978485107422
3.2459933757781982,4.43830149916799,10.340511322021484
3.260519504547119,4.422673255537769,10.271220207214355
3.205761432647705,4.510434442964781,10.36012077331543
3.1986005306243896,4.416279680195397,10.36414623260498
3.2101926803588867,4.420939346209967,10.291528701782227
3.2009737491607666,4.455731835116499,10.379261016845703
3.2187421321868896,4.39499203318597,10.302248001098633
3.218153476715088,4.418908711123679,10.408404350280762
3.2181556224823,4.479649153172172,10.398347854614258
3.22066593170166,4.4595639547665735,10.399282455444336
3.2100298404693604,4.44523289137786,10.290529251098633
3.191769599914551,4.498726035069143,10.358772277832031
3.2228810787200928,4.479149036009663,10.406529426574707
3.1916139125823975,4.487021393175902,10.372995376586914
3.204935073852539,4.369489914105673,10.466653823852539
3.169857978820801,4.463900152261236,10.381958961486816
3.1611950397491455,4.474299100660054,10.300792694091797
3.1155567169189453,4.374075278107609,10.318077087402344
3.213540554046631,4.483257982580524,10.34748649597168
3.2386841773986816,4.426933779248169,10.369938850402832
3.2148942947387695,4.394554223565917,10.411053657531738
3.201801061630249,4.497987647507605,10.352907180786133
3.1848738193511963,4.377245673643691,10.419811248779297
3.2025387287139893,4.438293964036607,10.35965633392334
3.2408766746520996,4.48566829117148,10.424057006835938
3.141263246536255,4.387403866775067,10.296745300292969
3.203970193862915,4.455705915145311,10.353787422180176
3.226454496383667,4.465705725331126,10.379792213439941
3.269503355026245,4.485825531949688,10.340133666992188
3.293536424636841,4.489390625352306,10.357983589172363
3.221902847290039,4.4024951805892805,10.360231399536133
3.2389333248138428,4.497806528682953,10.34970474243164
3.1472978591918945,4.38329635547208,10.376707077026367
3.1923789978027344,4.437323877887268,10.393608093261719
3.278113842010498,4.4810161565297415,10.439077377319336
3.201864719390869,4.451914700479913,10.285713195800781
3.164898157119751,4.43614462280779,10.42273998260498
3.1649281978607178,4.449423325015232,10.406182289123535
3.160259485244751,4.436013856969241,10.41877555847168
3.2114107608795166,4.472240393382629,10.338305473327637
3.2101845741271973,4.407288459661816,10.407299995422363
3.1898152828216553,4.420557114561753,10.265146255493164
3.2786099910736084,4.561534612106958,10.431087493896484
3.276487112045288,4.382713509956375,10.347846031188965
3.2467727661132812,4.481854916650003,10.36460018157959
3.2594547271728516,4.428852992930582,10.303335189819336
3.232109546661377,4.495555674856794,10.401233673095703
3.158445358276367,4.426933151536755,10.375244140625
3.1682448387145996,4.415520376958219,10.361812591552734
3.185992956161499,4.474517025352855,10.346468925476074
3.207977533340454,4.46846605441533,10.410218238830566
3.14884090423584,4.444131537806243,10.320219993591309
3.219733238220215,4.4283017684772075,10.368976593017578
3.206597089767456,4.411608644860928,10.254438400268555
3.2119922637939453,4.40571434809161,10.403692245483398
3.2536895275115967,4.485650975756082,10.318465232849121
3.2113394737243652,4.46259637100489,10.393211364746094
3.2561895847320557,4.46043203415216,10.282220840454102
3.1345787048339844,4.458187262926783,10.27900218963623
3.2261245250701904,4.396123666216487,10.357337951660156
3.2271230220794678,4.424248092441952,10.396872520446777
3.208448886871338,4.484366390887382,10.349400520324707
3.2382426261901855,4.442418258570666,10.232229232788086
3.2192487716674805,4.41547333442473,10.357986450195312
3.2552852630615234,4.444358213771401,10.315350532531738
3.2121667861938477,4.4143008494283995,10.338997840881348
3.1763010025024414,4.450114114542624,10.384743690490723
3.2493364810943604,4.382313234066325,10.458290100097656
3.1889867782592773,4.458554628172091,10.311668395996094
3.190554141998291,4.326903028713006,10.317405700683594
3.2145071029663086,4.420831162249669,10.39091682434082
3.2063021659851074,4.384661820783679,10.404324531555176
3.213388681411743,4.422524230388392,10.334607124328613
3.236924171447754,4.465248927507282,10.345584869384766
3.216242551803589,4.407624656001905,10.333597183227539
3.2198777198791504,4.497160793548184,10.344629287719727
3.202630043029785,4.537140591369409,10.410073280334473
3.2325758934020996,4.514844775865121,10.316378593444824
3.202146053314209,4.474590589225825,10.258012771606445
3.241804838180542,4.388062721484208,10.378127098083496
3.2100374698638916,4.445052143585469,10.407458305358887
3.2595720291137695,4.439541525839429,10.305511474609375
3.1975128650665283,4.411353819970308,10.333544731140137
3.2549426555633545,4.438628449903003,10.321321487426758
3.2542335987091064,4.404592121186267,10.355316162109375
3.2171452045440674,4.453143719350919,10.271533012390137
3.20385479927063,4.384792502736673,10.430112838745117
3.20825457572937,4.471212566198249,10.375164031982422
3.1701011657714844,4.537194773355233,10.313255310058594
3.2406136989593506,4.439846053253859,10.333724021911621
3.2559638023376465,4.512884028289201,10.355596542358398
3.2458081245422363,4.477895903866738,10.28244400024414
3.220792770385742,4.385853428027726,10.355825424194336
3.1293251514434814,4.333967342307526,10.355152130126953
3.2281057834625244,4.470235436988462,10.410505294799805
3.2005386352539062,4.43458811662692,10.385247230529785
3.2295217514038086,4.386899162316695,10.337491035461426
3.2057807445526123,4.457698303673948,10.380399703979492
3.201366424560547,4.414912349810558,10.336892127990723
3.196398973464966,4.419536310613953,10.317230224609375
3.246854543685913,4.4368164904548655,10.307513236999512
3.205268383026123,4.499557816257169,10.391814231872559
3.2200891971588135,4.378580696847556,10.470499992370605
3.1839821338653564,4.425040035275743,10.436267852783203
3.1903817653656006,4.452592714057703,10.314828872680664
3.2155416011810303,4.435930475925228,10.238958358764648
3.2341740131378174,4.5016662239296625,10.333812713623047
3.203463315963745,4.4147509130915354,10.377830505371094
3.15531849861145,4.372495929244906,10.452363967895508
3.198432683944702,4.335926273205717,10.309989929199219
3.237234354019165,4.47480461520276,10.361000061035156
3.2289512157440186,4.414493930027156,10.438776969909668
3.187703847885132,4.374794196004847,10.365266799926758
3.2170028686523438,4.477619276880953,10.297061920166016
3.202066659927368,4.417012634653864,10.371808052062988
3.2585244178771973,4.4082739648542235,10.343406677246094
3.2169294357299805,4.406050967751071,10.350303649902344
3.156468152999878,4.459492026096476,10.411849021911621
3.1395444869995117,4.37516786424177,10.352137565612793
3.196155548095703,4.368455740789484,10.370973587036133
3.2000114917755127,4.4526895863735785,10.368480682373047
3.2502505779266357,4.495355918537825,10.281192779541016
3.232607126235962,4.398505471713309,10.39742660522461
3.1922147274017334,4.389316272788814,10.32888126373291
3.1842994689941406,4.437746552484376,10.384797096252441
3.189865827560425,4.31543058632607,10.341625213623047
3.2365262508392334,4.464471284865535,10.38237190246582
3.224036931991577,4.4845853735958885,10.415580749511719
3.2026896476745605,4.404303369810805,10.391624450683594
3.2208306789398193,4.408356603800452,10.391363143920898
3.179658889770508,4.49507931912584,10.276092529296875
3.323782205581665,4.446775559103116,10.4321870803833
3.214012622833252,4.4931223977556725,10.326384544372559
3.212923526763916,4.461899856404801,10.362981796264648
3.242004156112671,4.439746266097894,10.339577674865723
3.1877238750457764,4.438116538371625,10.418304443359375
3.177297830581665,4.390269236871973,10.331459045410156
3.1514806747436523,4.417955501437453,10.397046089172363
3.2392163276672363,4.455121800602813,10.32967758178711
3.170717239379883,4.4481708814855665,10.303422927856445
3.1565513610839844,4.3779682168138345,10.269502639770508
3.250131368637085,4.392704724833103,10.274620056152344
3.207085609436035,4.441245984818255,10.28012466430664
3.264296293258667,4.468270391259076,10.329797744750977
3.213470458984375,4.404178043062399,10.308334350585938
3.2400426864624023,4.421624585121338,10.367225646972656
3.2517123222351074,4.41861010422664,10.318302154541016
3.1634867191314697,4.426992838337486,10.333995819091797
3.226757287979126,4.474340551898682,10.284341812133789
3.219615936279297,4.437513448331239,10.386927604675293
3.2197186946868896,4.471840784319543,10.253619194030762
3.209162950515747,4.419679887559531,10.361733436584473
3.2961933612823486,4.435105646394991,10.327245712280273
3.2347214221954346,4.47547841783879,10.285110473632812
3.175316095352173,4.466259931679815,10.324706077575684
3.2616171836853027,4.502855028990389,10.353985786437988
3.249725818634033,4.497172162967867,10.303487777709961
3.216251850128174,4.40801030307609,10.358063697814941
3.237126588821411,4.401645574020223,10.381855010986328
3.2006118297576904,4.452774315573541,10.35684585571289
3.144636392593384,4.392160060782252,10.443940162658691
3.152794122695923,4.410016985111204,10.387114524841309
3.2605068683624268,4.462937491180908,10.405213356018066
3.2024152278900146,4.388442319618272,10.378042221069336
3.2022159099578857,4.371142368896732,10.3009672164917
3.211784601211548,4.439090719712632,10.25870418548584
3.2305386066436768,4.446843999936911,10.281261444091797
3.209437847137451,4.4342665668643475,10.360963821411133
3.2598798274993896,4.414302291282053,10.378205299377441
3.231652021408081,4.410843722023336,10.396434783935547
3.236534595489502,4.422990259780948,10.333002090454102
3.2308833599090576,4.409539731951163,10.346709251403809
3.186994791030884,4.397044318462057,10.316239356994629
3.2093307971954346,4.393752733345276,10.394550323486328
3.159708023071289,4.457165445267622,10.298391342163086
3.2094902992248535,4.41242147968816,10.29593563079834
3.214883804321289,4.465387662107657,10.306846618652344
3.193357467651367,4.39836466827962,10.32136344909668
3.219264268875122,4.472241045308433,10.370335578918457
3.2424912452697754,4.4417848426050375,10.494930267333984
3.2028648853302,4.504946073816557,10.367778778076172
3.16540265083313,4.39096207597426,10.377985954284668
3.246351718902588,4.429862217345674,10.361230850219727
3.161627769470215,4.472947267316548,10.272873878479004
3.1851255893707275,4.4115069398789535,10.465370178222656
3.1612980365753174,4.447435161897114,10.339635848999023
3.164652109146118,4.411805912752502,10.36883544921875
3.1964402198791504,4.4899315205735295,10.41726303100586
3.1893362998962402,4.4570069399196655,10.41495132446289
3.202195167541504,4.4068217591183,10.377778053283691
3.21329665184021,4.437653345388494,10.314252853393555
3.185616970062256,4.423265747659441,10.331035614013672
3.222641706466675,4.446575367889767,10.328815460205078
3.176081895828247,4.407398806519008,10.317965507507324
3.150540828704834,4.332007239472919,10.362110137939453
3.196817636489868,4.367277088109404,10.394079208374023
3.162259101867676,4.378130681180794,10.356447219848633
3.198542356491089,4.446423339358131,10.407740592956543
3.212158679962158,4.433215933053622,10.417524337768555
3.1990010738372803,4.451998075636637,10.319071769714355
3.154170036315918,4.45637383751039,10.425073623657227
3.219095468521118,4.464112499595753,10.44095230102539
3.1794679164886475,4.430118096160836,10.386356353759766
3.2617249488830566,4.474111363225217,10.315340042114258
3.232675552368164,4.464620857133664,10.414769172668457
3.161160469055176,4.42405113890501,10.36098575592041
3.1752753257751465,4.453072220985113,10.335161209106445
3.2284700870513916,4.404170747214396,10.321549415588379
3.1457247734069824,4.380663494878848,10.387855529785156
3.158339500427246,4.451981199539399,10.292681694030762
3.2737791538238525,4.466028238846254,10.367149353027344
3.313274383544922,4.455524665702667,10.333050727844238
3.1777029037475586,4.418178434250876,10.355629920959473
3.1433072090148926,4.400849742049883,10.407601356506348
3.1963346004486084,4.3937781101225735,10.352466583251953
3.1930463314056396,4.407669412371304,10.363037109375
3.2443904876708984,4.468098639211218,10.28853988647461
3.18984317779541,4.449417666665146,10.307238578796387
3.213867425918579,4.470202149923092,10.364977836608887
3.2574031352996826,4.477613561254527,10.311034202575684
3.1679725646972656,4.35884949461823,10.411344528198242
3.2313334941864014,4.417126724895621,10.371877670288086
3.197659492492676,4.436380967730657,10.347319602966309
3.1979849338531494,4.424215016520716,10.367246627807617
3.2386980056762695,4.462502290993663,10.386479377746582
3.2112951278686523,4.42795492775206,10.365788459777832
3.2116169929504395,4.441586603077927,10.349466323852539
3.1563243865966797,4.404265540119794,10.239770889282227
3.2879798412323,4.389452328473064,10.289584159851074
3.204578399658203,4.450840980213667,10.278044700622559
3.130789041519165,4.424055404362401,10.320301055908203
3.17995548248291,4.41390993738813,10.341179847717285
3.2113287448883057,4.331871020075465,10.361448287963867
3.1796445846557617,4.333677375988502,10.306982040405273
3.2767813205718994,4.446939286809148,10.345311164855957
3.155808448791504,4.401589986934726,10.406885147094727
3.176678419113159,4.4304883048004875,10.308863639831543
3.1804044246673584,4.43421756216724,10.34495735168457
3.1279282569885254,4.461625402327627,10.280384063720703
3.1554176807403564,4.345758222475914,10.34993839263916
3.2715260982513428,4.451816928406646,10.38719367980957
3.2525413036346436,4.468256034855066,10.399131774902344
3.1860616207122803,4.446635713135557,10.306132316589355
3.2592082023620605,4.42059609736316,10.341952323913574
3.1781625747680664,4.39014528305935,10.399612426757812
3.1801624298095703,4.3660063456877,10.362174987792969
3.23897123336792,4.413386920267449,10.313430786132812
3.216275930404663,4.412458527001685,10.389915466308594
3.1789634227752686,4.4273430679459125,10.307241439819336
3.2060675621032715,4.400295338992561,10.388923645019531
3.2012524604797363,4.4158826791348735,10.337419509887695
3.217296600341797,4.4738089827421526,10.297215461730957
3.2584824562072754,4.421382822229394,10.376911163330078
3.2058942317962646,4.431638081458264,10.3321533203125
3.1484737396240234,4.413201926442395,10.45663833618164
3.1666464805603027,4.45522031972983,10.311582565307617
3.1411123275756836,4.42381745806363,10.339031219482422
3.103105068206787,4.419321839165475,10.311728477478027
3.1563801765441895,4.390406098582649,10.313443183898926
3.230966567993164,4.52160399989225,10.394323348999023
3.1973395347595215,4.450495947052591,10.312189102172852
3.1923928260803223,4.385902448224703,10.375574111938477
3.2868025302886963,4.472091934577163,10.34931468963623
3.21929931640625,4.44528399634042,10.334501266479492
3.2499840259552,4.422666051857439,10.37917709350586
3.2288272380828857,4.420152155482875,10.348791122436523
3.2209861278533936,4.471234743882504,10.382831573486328
3.1952054500579834,4.435680036732395,10.310206413269043
3.1803090572357178,4.476588283233078,10.391705513000488
3.2104196548461914,4.490117314903597,10.377301216125488
3.1845877170562744,4.443191451585984,10.461986541748047
3.1840381622314453,4.429574648284221,10.34858226776123
3.2073912620544434,4.4563274250831455,10.281498908996582
3.196063756942749,4.3637734786607325,10.30292797088623
3.2595081329345703,4.419168061244169,10.45789909362793
3.176912307739258,4.364724702301569,10.284639358520508
3.187758684158325,4.428936253135491,10.37784481048584
3.179689407348633,4.417923561896064,10.385459899902344
3.2005441188812256,4.425171737226525,10.36030387878418
3.2146899700164795,4.431449819688818,10.359489440917969
3.1627914905548096,4.412965178589469,10.330729484558105
3.0895917415618896,4.40819384230833,10.325906753540039
3.209916830062866,4.386056047930781,10.306998252868652
3.133366107940674,4.423684330324509,10.199877738952637
3.2124600410461426,4.392657936251323,10.337322235107422
3.1848442554473877,4.354018584259653,10.361663818359375
3.1210808753967285,4.372018605271089,10.374894142150879
3.21248197555542,4.375842845898919,10.347151756286621
3.2169952392578125,4.409170460454853,10.338493347167969
3.218883991241455,4.422353401813391,10.316934585571289
3.217170238494873,4.4808050357803175,10.354833602905273
3.2268216609954834,4.481820176022925,10.408857345581055
3.2347288131713867,4.434390625683591,10.337336540222168
3.2363474369049072,4.3946576471373975,10.333041191101074
3.2366018295288086,4.391135238909295,10.420044898986816
3.1469905376434326,4.365008280146867,10.417570114135742
3.258547782897949,4.464340235472524,10.366488456726074
3.1412761211395264,4.312110069440678,10.345937728881836
3.233135461807251,4.438318052129554,10.373743057250977
3.184589385986328,4.397736900851929,10.342294692993164
3.2200820446014404,4.442549031893057,10.394417762756348
3.230149745941162,4.391696410619521,10.349838256835938
3.1999990940093994,4.439210751093924,10.356459617614746
3.2448039054870605,4.419026733342824,10.345342636108398
3.213202953338623,4.499043749977967,10.360628128051758
3.180987596511841,4.3704584743162345,10.358108520507812
3.189898729324341,4.478480091883934,10.343013763427734
3.1973209381103516,4.379812885175593,10.233259201049805
3.205770969390869,4.388027211651207,10.364521026611328
3.2511608600616455,4.470460658327544,10.323330879211426
3.173067092895508,4.477126869805423,10.320745468139648
3.22770619392395,4.417937190671052,10.358722686767578
3.236727476119995,4.485390908417425,10.295400619506836
3.2285468578338623,4.42913475948652,10.397492408752441
3.2432305812835693,4.497818414554265,10.345491409301758
3.2221758365631104,4.467601962520607,10.290586471557617
3.214439868927002,4.454154051075291,10.314358711242676
3.149639368057251,4.378361214684056,10.323464393615723
3.2306718826293945,4.418427529312405,10.375965118408203
3.1896889209747314,4.413766004876899,10.358643531799316
3.1808998584747314,4.4001234172444255,10.310877799987793
3.1681714057922363,4.439886892580294,10.361044883728027
3.180406332015991,4.4388908083949765,10.264378547668457
3.2261500358581543,4.419262595707551,10.283788681030273
3.2577760219573975,4.429026096028143,10.327327728271484
3.164486885070801,4.457362066555237,10.335444450378418
3.1807942390441895,4.381257754384673,10.449607849121094
3.181248188018799,4.445203902698788,10.34139633178711
3.1915719509124756,4.364961143150659,10.382742881774902
3.2246501445770264,4.471145045743989,10.354122161865234
3.22025728225708,4.431330929144418,10.316810607910156
3.26009464263916,4.4276985947508365,10.301168441772461
3.2426671981811523,4.38662446649479,10.29340648651123
3.2273144721984863,4.411175727478362,10.442065238952637
3.194646120071411,4.456048536114394,10.394599914550781
3.185934543609619,4.434513710705297,10.382465362548828
3.230158805847168,4.436008131264576,10.33566951751709
3.2082161903381348,4.434013895856749,10.338838577270508
3.18660831451416,4.459617133684723,10.277215957641602
3.2103400230407715,4.420555812639317,10.26706600189209
3.150291919708252,4.381129775628714,10.350655555725098
3.2045340538024902,4.439702808956749,10.384574890136719
3.1569104194641113,4.399660916367013,10.394943237304688
3.1712565422058105,4.454444802100104,10.436727523803711
3.224912405014038,4.424572870567707,10.32534408569336
3.2228024005889893,4.47712862914029,10.376123428344727
3.220297336578369,4.394121308478393,10.302659034729004
3.2127678394317627,4.420305244425045,10.397041320800781
3.1773200035095215,4.427565803917656,10.297811508178711
3.240328311920166,4.384531482023054,10.326480865478516
3.1692965030670166,4.402504150423089,10.280996322631836
3.2530453205108643,4.51473998903696,10.429291725158691
3.236558198928833,4.418716557623286,10.369743347167969
3.146615982055664,4.385271285394473,10.257516860961914
3.211211919784546,4.460895369295031,10.306707382202148
3.163757562637329,4.415827977271484,10.276947975158691
3.2259020805358887,4.410336769551837,10.359146118164062
3.1769838333129883,4.444277853704989,10.344388961791992
3.20292329788208,4.377704827913217,10.399068832397461
3.1938118934631348,4.429713191930204,10.395323753356934
3.2109992504119873,4.410354888166434,10.379136085510254
3.1501855850219727,4.405354198667088,10.397271156311035
3.224296808242798,4.409913109748491,10.337574005126953
3.25536847114563,4.365933467500976,10.395284652709961
3.249495506286621,4.437322933127039,10.366780281066895
3.2125611305236816,4.367752936136509,10.265660285949707
3.210418462753296,4.385992699602087,10.381293296813965
3.2587997913360596,4.4405572445331405,10.404600143432617
3.2741146087646484,4.440355210165892,10.349966049194336
3.183652877807617,4.462884571469789,10.370340347290039
3.1963980197906494,4.412347462294357,10.333797454833984
3.212054967880249,4.462007561498987,10.304422378540039
3.2102887630462646,4.458423560585028,10.367576599121094
3.1573355197906494,4.419750876824505,10.254423141479492
3.1432301998138428,4.370542870435331,10.33255386352539
3.14318585395813,4.455708128998855,10.372392654418945
3.1583938598632812,4.4096218489908745,10.322941780090332
3.175718069076538,4.390139565104619,10.360045433044434
3.1923828125,4.396745241845825,10.327157974243164
3.137136220932007,4.392630111891776,10.354366302490234
3.25608229637146,4.379637113007318,10.362405776977539
3.2654106616973877,4.404637600494815,10.319283485412598
3.228177547454834,4.427121135905119,10.386297225952148
3.1880085468292236,4.4362017081917395,10.333948135375977
3.1709375381469727,4.433240742655471,10.401201248168945
3.16735577583313,4.383868239886526,10.323841094970703
3.1597113609313965,4.4128573706839225,10.351198196411133
3.1646459102630615,4.406066769567717,10.397854804992676
3.1515698432922363,4.408605653060866,10.376582145690918
3.2402443885803223,4.398337755019644,10.357894897460938
3.2462286949157715,4.37554150503794,10.427726745605469
3.1695752143859863,4.444688340349655,10.387910842895508
3.202641725540161,4.415806575112843,10.392513275146484
3.1660237312316895,4.395447573458244,10.29660415649414
3.20261549949646,4.408585249246763,10.361297607421875
3.167400598526001,4.354246644436249,10.369791030883789
3.166407346725464,4.407835512322241,10.390008926391602
3.179495334625244,4.362001381282296,10.367073059082031
3.214245319366455,4.43314684019424,10.301740646362305
3.1393885612487793,4.450963596946426,10.313793182373047
3.1588809490203857,4.397982031639133,10.34996223449707
3.193387031555176,4.373291116540453,10.370610237121582
3.195223331451416,4.483173625610236,10.329145431518555
3.1517140865325928,4.438173627281295,10.432625770568848
3.1836724281311035,4.368015589392079,10.414960861206055
3.219040870666504,4.397195434896275,10.297386169433594
3.156648635864258,4.409485606509925,10.327947616577148
3.242121696472168,4.426844058491822,10.346037864685059
3.2126786708831787,4.463951794031476,10.304937362670898
3.1503920555114746,4.3946300211162965,10.362919807434082
3.2438013553619385,4.472718759240316,10.345501899719238
3.2584784030914307,4.480409257413288,10.38505744934082
3.196815013885498,4.372267241589725,10.370048522949219
3.1415042877197266,4.441879391503919,10.298785209655762
3.17826247215271,4.44318389889252,10.434056282043457
3.2200100421905518,4.446095291392079,10.39156723022461
3.196065664291382,4.431786614902584,10.279352188110352
3.134303331375122,4.3819573453760565,10.505393028259277
3.209770917892456,4.440220078952344,10.29727840423584
3.174312114715576,4.404714085660609,10.446584701538086
3.2178080081939697,4.429863476227703,10.353363037109375
3.187588691711426,4.474369247310928,10.353565216064453
3.1882717609405518,4.415953921486756,10.405694961547852
3.166757345199585,4.428104446901542,10.435296058654785
3.216864824295044,4.426331893241565,10.280938148498535
3.2584898471832275,4.408398611071918,10.286794662475586
3.24192214012146,4.437874911785392,10.294891357421875
3.2460880279541016,4.416488647826814,10.487378120422363
3.271270751953125,4.403083550677236,10.361471176147461
3.190715789794922,4.421411735005677,10.305744171142578
3.21978759765625,4.454306353482284,10.435836791992188
3.2649617195129395,4.395072963521151,10.38172435760498
3.1601357460021973,4.425682879685025,10.371442794799805
3.2032663822174072,4.35768602825036,10.407883644104004
3.2056729793548584,4.395178306781288,10.388004302978516
3.0939781665802,4.376766336915482,10.351716041564941
3.189297676086426,4.415389705016943,10.350286483764648
3.176614761352539,4.424719472947929,10.353914260864258
3.197786808013916,4.472150716631274,10.409041404724121
3.181145429611206,4.395802643748798,10.37413215637207
3.1458425521850586,4.377986217150465,10.2822904586792
3.1643900871276855,4.3892169351290375,10.380924224853516
3.173241138458252,4.390179393447137,10.35798168182373
3.190448045730591,4.391076630380537,10.36711311340332
3.183809757232666,4.401983605065782,10.376825332641602
3.1484224796295166,4.412730479446639,10.427078247070312
3.220597743988037,4.448649318423122,10.38802719116211
3.229750633239746,4.409046909272936,10.419689178466797
3.15667724609375,4.348427566932514,10.36390209197998
3.226379156112671,4.395983650714959,10.359642028808594
3.2042031288146973,4.395291615144482,10.396040916442871
3.2429025173187256,4.426487233589536,10.339557647705078
3.1219658851623535,4.4531251233337175,10.363243103027344
3.1979475021362305,4.442337357039963,10.375457763671875
3.2077009677886963,4.433599219424651,10.478322982788086
3.2400176525115967,4.371027390505853,10.38077163696289
3.1498708724975586,4.372320435841434,10.323408126831055
3.198084592819214,4.402821086313842,10.36274528503418
3.2531187534332275,4.438355018218448,10.308064460754395
3.1851320266723633,4.409159649462839,10.328100204467773
3.2715187072753906,4.505456552807507,10.330403327941895
3.142655611038208,4.358013647708244,10.324420928955078
3.1971330642700195,4.426426498851339,10.341127395629883
3.204998731613159,4.436826343115952,10.380935668945312
3.1460094451904297,4.413194035811881,10.426933288574219
3.2160732746124268,4.3790539625499925,10.374706268310547
3.2563555240631104,4.426552990850594,10.402771949768066
3.233696222305298,4.42689365577618,10.375864028930664
3.18648099899292,4.444336648398478,10.35565185546875
3.208552122116089,4.387366809982008,10.530435562133789
3.1940555572509766,4.488348278183756,10.412069320678711
3.2359206676483154,4.397865095541679,10.317279815673828
3.2102162837982178,4.430832763069442,10.353069305419922
3.2539446353912354,4.44947988799374,10.311388969421387
3.2069902420043945,4.437744408746116,10.41906452178955
3.1999473571777344,4.376601774378547,10.33749008178711
3.1656172275543213,4.428200368603159,10.364059448242188
3.1608383655548096,4.4421278103254735,10.315225601196289
3.2401723861694336,4.42039140277276,10.31290054321289
3.246077537536621,4.38866579239922,10.3336181640625
3.192603588104248,4.4013687715133925,10.40132999420166
3.173858642578125,4.353915143691536,10.365657806396484
3.205994129180908,4.350795443269557,10.328556060791016
3.1944260597229004,4.369655025923359,10.377693176269531
3.1558852195739746,4.458668414869213,10.365559577941895
3.199101686477661,4.436290432200103,10.451549530029297
3.176281452178955,4.360258458814185,10.47490406036377
3.1639363765716553,4.3959761041083505,10.336908340454102
3.2134573459625244,4.394088221281501,10.279989242553711
3.2187864780426025,4.433959964097345,10.353262901306152
3.1762149333953857,4.335079905410696,10.433552742004395
3.191699743270874,4.399557577213273,10.352396011352539
3.163459300994873,4.427969692873636,10.340536117553711
3.2382495403289795,4.448834590979718,10.377013206481934
3.1959657669067383,4.400708366817395,10.391575813293457
3.1766598224639893,4.427262315493343,10.219935417175293
3.229910135269165,4.4122541984543195,10.302160263061523
3.259931802749634,4.4253878837917,10.45245361328125
3.1862118244171143,4.36578496648664,10.467988014221191
3.2224111557006836,4.414927364825936,10.33303451538086
3.1515743732452393,4.38430213585629,10.35600757598877
3.217604637145996,4.429162042015897,10.451112747192383
3.2088582515716553,4.4458522043257425,10.367147445678711
3.1296589374542236,4.41954445090544,10.348272323608398
3.1174206733703613,4.384836803789117,10.319696426391602
3.1981797218322754,4.418898674559646,10.442244529724121
3.1739983558654785,4.382491112354079,10.372416496276855
3.1864352226257324,4.414766071962991,10.3812837600708
3.1739869117736816,4.374057402801035,10.323697090148926
3.1592040061950684,4.326583795382508,10.30682373046875
3.2151267528533936,4.42521276820584,10.35694408416748
3.106520175933838,4.361957050094913,10.393179893493652
3.1707117557525635,4.382063974992239,10.341524124145508
3.152350902557373,4.405392483708316,10.386171340942383
3.2556562423706055,4.43857889472773,10.36499309539795
3.1495416164398193,4.402409596069316,10.431529998779297
3.223029851913452,4.415813312433394,10.365585327148438
3.184044122695923,4.454728500485154,10.328841209411621
3.2198257446289062,4.385240891615727,10.313375473022461
3.220696210861206,4.426463625992515,10.351698875427246
3.167633533477783,4.406285272312483,10.360904693603516
3.2162511348724365,4.380580512008497,10.298271179199219
3.2440543174743652,4.343130588731063,10.351134300231934
3.1839349269866943,4.3680570807441,10.306459426879883
3.212135076522827,4.419209046422371,10.37874698638916
3.231722354888916,4.373500520962157,10.364537239074707
3.185621738433838,4.416235288804664,10.265695571899414
3.199697971343994,4.4036776718483965,10.391106605529785
3.192091464996338,4.420410051409688,10.396798133850098
3.220808982849121,4.44981658947654,10.325109481811523
3.183157205581665,4.391697861353999,10.37813949584961
3.202613592147827,4.349501907260024,10.331356048583984
3.173584222793579,4.3306308455898295,10.33828353881836
3.173923969268799,4.398163714213298,10.300775527954102
3.1870651245117188,4.338147064637658,10.344537734985352
3.200052261352539,4.427812758600338,10.395404815673828
3.115159034729004,4.4097160610836,10.331319808959961
3.2561914920806885,4.424732692207077,10.345624923706055
3.1396560668945312,4.367000656601573,10.336718559265137
3.1630818843841553,4.40959496639802,10.389554977416992
3.2461302280426025,4.424140560174626,10.403238296508789
3.2537965774536133,4.426558625152601,10.418261528015137
3.1465187072753906,4.389969590485895,10.319732666015625
3.168423891067505,4.398681052594579,10.452254295349121
3.1887786388397217,4.407059220563886,10.307080268859863
3.235222816467285,4.416711933744539,10.215871810913086
3.2039527893066406,4.39347660554839,10.298556327819824
3.209831953048706,4.481977192485439,10.369725227355957
3.1400349140167236,4.37550643578704,10.370301246643066
3.16225528717041,4.401322777249984,10.388261795043945
3.1329872608184814,4.43419653190566,10.389358520507812
3.2006237506866455,4.397421502840839,10.264527320861816
3.244023323059082,4.406107935222931,10.369345664978027
3.175241470336914,4.408857507730968,10.385387420654297
3.1674954891204834,4.393301146670377,10.426422119140625
3.1949994564056396,4.353481298611898,10.357270240783691
3.1850745677948,4.379244770655142,10.370768547058105
3.1832945346832275,4.4199825387913725,10.294656753540039
3.229685068130493,4.454415090082745,10.352736473083496
3.2443583011627197,4.440297719390531,10.318278312683105
3.1792356967926025,4.439544083849927,10.333786010742188
3.171003580093384,4.436726759320924,10.305832862854004
3.268871545791626,4.455637047732515,10.33725357055664
3.160283088684082,4.37773493707313,10.35421085357666
3.2115631103515625,4.450191786412947,10.279348373413086
3.170100212097168,4.380609769706747,10.349190711975098
3.212294101715088,4.413747472023324,10.416947364807129
3.225318670272827,4.466290073702112,10.359090805053711
3.1183135509490967,4.367157110744821,10.390178680419922
3.14174222946167,4.387608174500721,10.379322052001953
3.245244264602661,4.398121175023594,10.321365356445312
3.201033592224121,4.449745836867287,10.38809585571289
3.199092388153076,4.4596591398252965,10.435983657836914
3.1504225730895996,4.433584181458822,10.392204284667969
3.141010046005249,4.401101277176557,10.386422157287598
3.182039737701416,4.371305421859559,10.2409086227417
3.2115535736083984,4.410474273941612,10.338441848754883
3.202542543411255,4.383750608623294,10.375258445739746
3.151340961456299,4.373113938374445,10.355531692504883
3.188154697418213,4.455445254720481,10.391355514526367
3.1978437900543213,4.435228303473974,10.307743072509766
3.2277634143829346,4.36612934153527,10.4783935546875
3.15657901763916,4.3838004523089955,10.334874153137207
3.1618056297302246,4.386594871857336,10.28589153289795
3.222191095352173,4.367220016528985,10.339555740356445
3.187471628189087,4.3011284764590005,10.43231201171875
3.182873010635376,4.444299723620394,10.315116882324219
3.201768159866333,4.428981295021783,10.397313117980957
3.1570582389831543,4.471563975725855,10.348108291625977
3.2216532230377197,4.380478076503745,10.389272689819336
3.234175682067871,4.459751214133576,10.403566360473633
3.254086971282959,4.458457036609096,10.297194480895996
3.2022078037261963,4.379702074852373,10.305610656738281
3.163665533065796,4.388309338163318,10.34660530090332
3.198871612548828,4.455512495844491,10.326177597045898
3.22810697555542,4.42949499984804,10.371570587158203
3.1440842151641846,4.400929749444393,10.388628959655762
3.2290964126586914,4.411039370843874,10.361175537109375
3.1498429775238037,4.37418380449526,10.37481689453125
3.1625049114227295,4.396013160535533,10.434959411621094
3.218017816543579,4.447765905709405,10.295358657836914
3.217717409133911,4.3964375324347715,10.36398983001709
3.1691250801086426,4.343097496445158,10.264122009277344
3.1847188472747803,4.420990334757205,10.379524230957031
3.152592897415161,4.379749371071479,10.367446899414062
3.159547805786133,4.44871913462079,10.367497444152832
3.2007789611816406,4.427928883016908,10.350486755371094
3.1886935234069824,4.35648333597263,10.31843376159668
3.2150957584381104,4.355519855162129,10.437996864318848
3.1878278255462646,4.4362920314472705,10.33430290222168
3.180544853210449,4.430966067094622,10.324519157409668
3.1482574939727783,4.400160948579599,10.385324478149414
3.1476330757141113,4.434647710927362,10.356800079345703
3.1784403324127197,4.37118885642849,10.412206649780273
3.1752679347991943,4.402685076264398,10.258008003234863
3.1617631912231445,4.365169676486403,10.393678665161133
3.240927219390869,4.425093238275231,10.31094741821289
3.142416477203369,4.426453411845224,10.355818748474121
3.2470476627349854,4.433047360640818,10.304466247558594
3.187317132949829,4.36232452753133,10.374303817749023
3.171110153198242,4.40423460497654,10.341928482055664
3.1585490703582764,4.433096050484373,10.269692420959473
3.153862237930298,4.394852169356975,10.289356231689453
3.1680288314819336,4.368487816437015,10.346410751342773
3.230990409851074,4.45932880143768,10.430736541748047
3.192042350769043,4.321890348003112,10.252019882202148
3.155971050262451,4.419726960394265,10.431559562683105
3.1685922145843506,4.391954841225275,10.38011646270752
3.1852781772613525,4.445249134209007,10.462727546691895
3.1316800117492676,4.395970416720956,10.450699806213379
3.168238401412964,4.427139881698947,10.382770538330078
3.1329054832458496,4.378730309162555,10.343186378479004
3.1021270751953125,4.387078269285017,10.36018180847168
3.159064769744873,4.42692410786237,10.311969757080078
3.1529598236083984,4.374378071598974,10.368185043334961
3.1953628063201904,4.392082170250692,10.336212158203125
3.181392192840576,4.364893540440659,10.324328422546387
3.1705329418182373,4.304638105278302,10.369565963745117
3.1798415184020996,4.394665434756982,10.340378761291504
3.2140917778015137,4.437642049609816,10.41334342956543
3.129181146621704,4.329978853264557,10.365798950195312
3.178953170776367,4.379656169197656,10.392837524414062
3.192495584487915,4.382786182786471,10.325421333312988
3.226203680038452,4.399611604266933,10.422491073608398
3.186405897140503,4.373034572927281,10.369525909423828
3.2086052894592285,4.476552376523614,10.36940860748291
3.2205007076263428,4.325700831599534,10.403825759887695
3.1885626316070557,4.423764512807662,10.34280776977539
3.1990623474121094,4.386546903755516,10.330039978027344
3.1983604431152344,4.414492631597179,10.3444242477417
3.179877519607544,4.402311280901943,10.407204627990723
3.1553635597229004,4.388886413270873,10.402331352233887
3.126396894454956,4.38444617224325,10.260822296142578
3.159632921218872,4.3990663340248695,10.352027893066406
3.2012884616851807,4.397936041167538,10.422191619873047
3.1870028972625732,4.386086865195206,10.265106201171875
3.1882245540618896,4.379113235810239,10.370376586914062
3.182316780090332,4.33402438075947,10.398877143859863
3.1900722980499268,4.363829065746229,10.351546287536621
3.2306106090545654,4.382693760230072,10.413039207458496
3.2282087802886963,4.465088664088398,10.340204238891602
3.1468753814697266,4.419644136414198,10.332054138183594
3.178025007247925,4.3763158463074685,10.367551803588867
3.174597978591919,4.438009570419256,10.398637771606445
3.2203288078308105,4.44620459323882,10.361411094665527
3.156403064727783,4.372701227199286,10.394523620605469
3.242971897125244,4.408412128620381,10.421354293823242
3.187897205352783,4.404932136348049,10.287866592407227
3.1989524364471436,4.3813294702143,10.379791259765625
3.17938494682312,4.37208710577605,10.335460662841797
3.2380120754241943,4.486292895528354,10.374835014343262
3.273434638977051,4.406602943748502,10.361637115478516
3.209634780883789,4.409710302616337,10.342658996582031
3.2180237770080566,4.430519273803969,10.319344520568848
3.1552083492279053,4.414205299257966,10.263936042785645
3.1394636631011963,4.405047306325287,10.375707626342773
3.2224104404449463,4.361318826176492,10.421833038330078
3.159355640411377,4.427556061917649,10.346696853637695
3.222402334213257,4.426992785152314,10.329699516296387
3.1561412811279297,4.434413773140737,10.419476509094238
3.232814311981201,4.445199689528505,10.382190704345703
3.143420457839966,4.425516685703769,10.444883346557617
3.1202354431152344,4.366911637164386,10.312810897827148
3.190783977508545,4.363414936499404,10.373003005981445
3.193603038787842,4.40079212740862,10.333544731140137
3.180314779281616,4.341690752588745,10.401660919189453
3.1892073154449463,4.4373035212712635,10.374473571777344
3.202847480773926,4.427641555933016,10.410806655883789
3.191680431365967,4.366420036381377,10.370052337646484
3.194584846496582,4.416313894292606,10.362919807434082
3.156085729598999,4.460790177807212,10.354909896850586
3.2299208641052246,4.359402280201071,10.309139251708984
3.1603505611419678,4.297204674587452,10.410102844238281
3.223250150680542,4.407634078990668,10.359877586364746
3.1493470668792725,4.408777163430516,10.32614517211914
3.1354410648345947,4.4653762377399415,10.335882186889648
3.2392497062683105,4.400932251841628,10.314428329467773
3.2404818534851074,4.365755100601486,10.347040176391602
3.1822075843811035,4.332643152646987,10.289000511169434
3.1803295612335205,4.3905645901935975,10.398813247680664
3.249077558517456,4.37098238733597,10.33959674835205
3.2377185821533203,4.368481873700928,10.33966064453125
3.1923162937164307,4.435020541672461,10.312824249267578
3.168140172958374,4.369453666033223,10.311670303344727
3.1632325649261475,4.357467279736219,10.353312492370605
3.143848419189453,4.357794922277598,10.337150573730469
3.17132830619812,4.3490179245958895,10.359556198120117
3.2424190044403076,4.419038496079987,10.371403694152832
3.2045376300811768,4.341908512770066,10.321416854858398
3.189486503601074,4.434610285896009,10.409728050231934
3.123239755630493,4.34802434570156,10.251813888549805
3.18379807472229,4.4398375993727575,10.365397453308105
3.1384570598602295,4.3722470280647805,10.346834182739258
3.233083724975586,4.423018249782867,10.313697814941406
3.219841241836548,4.3498859358618835,10.296356201171875
3.2232213020324707,4.3730004426823665,10.415484428405762
3.1922125816345215,4.334721629175225,10.29039192199707
3.1622605323791504,4.368648640179474,10.30839729309082
3.186931610107422,4.346226289569001,10.316537857055664
3.1935548782348633,4.398540780413895,10.37285041809082
3.156714916229248,4.386717327936952,10.307668685913086
3.195976734161377,4.4316908056581665,10.32466983795166
3.193434715270996,4.336415257171861,10.332270622253418
3.128302812576294,4.393354256570872,10.355113983154297
3.183640956878662,4.430182480419587,10.350751876831055
3.165637254714966,4.380510062877355,10.358504295349121
3.1978859901428223,4.434974467448359,10.307870864868164
3.1850087642669678,4.412242605683526,10.467897415161133
3.230539560317993,4.437391808090199,10.369667053222656
3.223695755004883,4.396173534050052,10.348329544067383
3.2294528484344482,4.352356705348939,10.34262752532959
3.1626358032226562,4.3929525802045,10.344970703125
3.1651229858398438,4.401279947155023,10.39141845703125
3.2669084072113037,4.439579242441271,10.304473876953125
3.1443960666656494,4.412358290981502,10.290825843811035
3.1809046268463135,4.363275734341836,10.44337272644043
3.1278679370880127,4.303364992075201,10.318704605102539
3.1392855644226074,4.344862540385552,10.267234802246094
3.1995747089385986,4.420129262742454,10.342544555664062
3.189680337905884,4.471848992531054,10.32754898071289
3.1920695304870605,4.463988501778139,10.344496726989746
3.216825246810913,4.385518373289544,10.391619682312012
3.1755242347717285,4.407452765120459,10.391036033630371
3.2189085483551025,4.398845121297719,10.288374900817871
3.205554962158203,4.4173713235982826,10.383491516113281
3.2063724994659424,4.371650695933828,10.3484525680542
3.1872098445892334,4.38660324614362,10.426315307617188
3.2028896808624268,4.410679691238329,10.360239028930664
3.1826860904693604,4.373980869539082,10.326560974121094
3.1384055614471436,4.339302128779568,10.402583122253418
3.2383177280426025,4.4028999485142,10.290824890136719
3.1962480545043945,4.480569104264889,10.291385650634766
3.272488594055176,4.425123452475027,10.340839385986328
3.178054094314575,4.388753564995048,10.431985855102539
3.201338052749634,4.418211934722161,10.251265525817871
3.2459328174591064,4.433272357464634,10.339479446411133
3.2253780364990234,4.386451755217942,10.362650871276855
3.190659999847412,4.364221459287885,10.294366836547852
3.1772210597991943,4.38968665871237,10.374744415283203
3.1833455562591553,4.36764127332052,10.347368240356445
3.1596295833587646,4.312023157486692,10.331575393676758
3.2274880409240723,4.41521462302522,10.361977577209473
3.1231842041015625,4.336916285799817,10.346567153930664
3.1766750812530518,4.444387653310383,10.37719440460205
3.1717638969421387,4.398193269868249,10.340007781982422
3.2588796615600586,4.429147259066148,10.362773895263672
3.193930149078369,4.342728634963611,10.325424194335938
3.1644585132598877,4.404803526388215,10.281984329223633
3.1783900260925293,4.3668803258333355,10.332950592041016
3.18473744392395,4.450304095101143,10.453004837036133
3.1733720302581787,4.4634351864058,10.321599006652832
3.1564600467681885,4.428156877901139,10.303442001342773
3.1287057399749756,4.353989571465977,10.370495796203613
3.142592191696167,4.43530478145528,10.371573448181152
3.192659616470337,4.413260625043352,10.406547546386719
3.2232677936553955,4.41529260788645,10.366321563720703
3.1661107540130615,4.392138717962162,10.394927978515625
3.180279493331909,4.366387866071559,10.280388832092285
3.175628900527954,4.408166642101216,10.313497543334961
3.2451236248016357,4.42590487212874,10.363121032714844
3.191331148147583,4.427997783657962,10.283849716186523
3.1916308403015137,4.409578807219598,10.423246383666992
3.140826463699341,4.41858030666065,10.338263511657715
3.2313084602355957,4.3517310659600685,10.371984481811523
3.178523540496826,4.414607734419405,10.34022045135498
3.181196451187134,4.381205126809489,10.359930038452148
3.2040586471557617,4.3276638460146,10.393584251403809
3.209379196166992,4.406795529282785,10.29882526397705
3.176837205886841,4.350719490787014,10.437749862670898
3.1907870769500732,4.502517771774104,10.386879920959473
3.209973096847534,4.423698518225658,10.331094741821289
3.122182846069336,4.358388008316979,10.383749008178711
3.2107691764831543,4.356924114682313,10.394499778747559
3.1673669815063477,4.482855825052996,10.296941757202148
3.177978277206421,4.383868741636563,10.347372055053711
3.102235794067383,4.342172815930098,10.350948333740234
3.2324271202087402,4.386122795719919,10.360555648803711
3.182325601577759,4.41291405699615,10.307613372802734
3.1596059799194336,4.396434576749535,10.34063720703125
3.2279536724090576,4.42641419258767,10.296564102172852
3.1774520874023438,4.408238642316844,10.328895568847656
3.2277204990386963,4.414559570174398,10.289688110351562
3.1954846382141113,4.3756024563418965,10.302777290344238
3.195563316345215,4.346983801008069,10.395729064941406
3.181610107421875,4.463472887541034,10.369665145874023
3.1573293209075928,4.406918379777511,10.372770309448242
3.1699986457824707,4.389196579111739,10.323835372924805
3.120926856994629,4.369670561049133,10.41193962097168
3.1509618759155273,4.44250858299035,10.319414138793945
3.1540708541870117,4.360182511221086,10.33464527130127
3.2024831771850586,4.4235158011184215,10.349288940429688
3.2255451679229736,4.405228572132597,10.33464241027832
3.180856227874756,4.342479818932979,10.31013298034668
3.132810354232788,4.362716437783092,10.320733070373535
3.187547206878662,4.338888686915327,10.32348346710205
3.1727776527404785,4.345042123825156,10.332110404968262
3.17537784576416,4.31696516451692,10.264745712280273
3.2046291828155518,4.414948621465426,10.322741508483887
3.1497390270233154,4.395588959933126,10.364751815795898
3.128767967224121,4.421448165317997,10.390403747558594
3.158043384552002,4.322525882827384,10.306035995483398
3.1072804927825928,4.370496237184852,10.319469451904297
3.1494791507720947,4.416884780129683,10.243476867675781
3.1714272499084473,4.381106339760923,10.41006851196289
3.169342041015625,4.379328038310632,10.358728408813477
3.156148672103882,4.371907528689397,10.365082740783691
3.196794271469116,4.482213508304476,10.389165878295898
3.2129008769989014,4.456275955008875,10.246941566467285
3.177724838256836,4.354432576469013,10.297990798950195
3.209334373474121,4.460918156596433,10.238273620605469
3.128774881362915,4.381361478207899,10.404991149902344
3.1392157077789307,4.458837749902159,10.400629997253418
3.1992027759552,4.4640619096545775,10.330487251281738
3.171759843826294,4.420476169225627,10.41231632232666
3.1632771492004395,4.437345445821327,10.366567611694336
3.198066234588623,4.407219164472606,10.360069274902344
3.1845059394836426,4.3240786140585055,10.405405044555664
3.1721909046173096,4.338546960548099,10.321758270263672
3.1471097469329834,4.356895052162665,10.321356773376465
3.155181884765625,4.397912303817326,10.375496864318848
3.169471025466919,4.449298628539379,10.284873008728027
3.2047548294067383,4.3527624235555,10.364439010620117
3.1856350898742676,4.410280934967367,10.400546073913574
3.1518399715423584,4.392855950065755,10.358285903930664
3.237855911254883,4.367587901252721,10.340187072753906
3.235466957092285,4.370516272793923,10.297127723693848
3.1482748985290527,4.379358313445534,10.33253288269043
3.225597858428955,4.415465377504006,10.370283126831055
3.1753242015838623,4.396869868339438,10.297941207885742
3.1737489700317383,4.39171301706561,10.336713790893555
3.1828701496124268,4.390019889488549,10.36549186706543
3.1401000022888184,4.357942796445319,10.337913513183594
3.1805081367492676,4.330149505719808,10.334552764892578
3.1515443325042725,4.387324177660048,10.311363220214844
3.190706729888916,4.3368347293830345,10.409391403198242
3.146153211593628,4.389357655342402,10.281354904174805
3.254347324371338,4.4071621719548215,10.297609329223633
3.1811888217926025,4.415749083539206,10.28610897064209
3.154589891433716,4.383523602337975,10.36808967590332
3.197598695755005,4.380866116544763,10.345995903015137
3.222886562347412,4.442161242311288,10.368732452392578
3.2249271869659424,4.411814020314653,10.450607299804688
3.1717841625213623,4.337317082964415,10.415752410888672
3.2008776664733887,4.409156901861674,10.436600685119629
3.151151418685913,4.331683431020273,10.3392333984375
3.211195945739746,4.4028350311065365,10.344342231750488
3.18281626701355,4.388753773012597,10.288623809814453
3.1570887565612793,4.413516508082726,10.299139022827148
3.209843397140503,4.356775373752627,10.404873847961426
3.1723101139068604,4.332195200425174,10.417397499084473
3.1714322566986084,4.397577269634764,10.39297866821289
3.1891019344329834,4.447396045850057,10.329419136047363
3.146526575088501,4.4017989667731205,10.375384330749512
3.1106374263763428,4.382315787320424,10.404109001159668
3.1694443225860596,4.438850045170901,10.433237075805664
3.206672191619873,4.452844287867524,10.373357772827148
3.178450584411621,4.36985098630456,10.44583797454834
3.1519434452056885,4.348269317698266,10.274258613586426
3.16263747215271,4.356569939026875,10.396468162536621
3.206397294998169,4.409638573881239,10.426681518554688
3.2393991947174072,4.366660766868985,10.354706764221191
3.129485845565796,4.407392550226566,10.404974937438965
3.1762166023254395,4.442395584358435,10.276927947998047
3.1195878982543945,4.341151964451585,10.3279390335083
3.2499115467071533,4.372811823384835,10.419881820678711
3.204679489135742,4.416491030349529,10.394007682800293
3.1554958820343018,4.332662597664498,10.338678359985352
3.1563565731048584,4.350691245303356,10.39150619506836
3.1992123126983643,4.3948872626559545,10.409017562866211
3.1427223682403564,4.37898949294218,10.291116714477539
3.1704297065734863,4.358606053715838,10.324714660644531
3.139136791229248,4.338333275135873,10.351821899414062
3.1706976890563965,4.3611997082895995,10.305648803710938
3.185657501220703,4.441312532506085,10.361126899719238
3.139061689376831,4.393274026058083,10.271757125854492
3.165728807449341,4.397125870621363,10.350320816040039
3.189932346343994,4.42840047014345,10.413253784179688
3.180297613143921,4.387467185234917,10.32996654510498
3.1780264377593994,4.3768643891837975,10.345277786254883
3.2022793292999268,4.393800010804885,10.351285934448242
3.232983350753784,4.429301530289064,10.32711410522461
3.203444719314575,4.359633305376129,10.346519470214844
3.130056619644165,4.357393951055461,10.396812438964844
3.2364561557769775,4.468350721090766,10.289689064025879
3.278902769088745,4.365894535057513,10.359786987304688
3.156674385070801,4.419684442225844,10.340277671813965
3.206787347793579,4.4755324898287645,10.38496208190918
3.2391417026519775,4.455501326991777,10.350472450256348
3.2296292781829834,4.3740007959505816,10.343019485473633
3.2424092292785645,4.418446939771196,10.324779510498047
3.1542723178863525,4.313664809567854,10.304301261901855
3.17448353767395,4.409824757770235,10.337515830993652
3.150585651397705,4.354377430664109,10.36029052734375
3.192201614379883,4.424989570730499,10.416646957397461
3.179617404937744,4.409951364322166,10.394932746887207
3.1784231662750244,4.435228614635499,10.45413589477539
3.133531093597412,4.345956936478615,10.408281326293945
3.1986846923828125,4.346201218631385,10.396245956420898
3.166839599609375,4.3542750317802925,10.324348449707031
3.2680256366729736,4.357146523793094,10.291728973388672
3.1628239154815674,4.398418170133871,10.431020736694336
3.1687090396881104,4.332965886652736,10.37474250793457
3.1483347415924072,4.4109138394040714,10.32040786743164
3.142256259918213,4.337575233341861,10.261434555053711
3.2494583129882812,4.358873399606506,10.354839324951172
3.1849446296691895,4.397862754329774,10.322120666503906
3.2319693565368652,4.394199921549964,10.344246864318848
3.2066497802734375,4.358997379595946,10.30497932434082
3.168055295944214,4.3913491925091614,10.355062484741211
3.2223410606384277,4.411422980450361,10.455120086669922
3.108633518218994,4.362095125784566,10.295841217041016
3.228076696395874,4.422966096383918,10.373701095581055
3.2129368782043457,4.391584944744994,10.375900268554688
3.171285390853882,4.354788814105891,10.351977348327637
3.2121505737304688,4.405424592051921,10.321978569030762
3.1199135780334473,4.38112015403541,10.340291976928711
3.1658661365509033,4.307398517050648,10.288031578063965
3.09977126121521,4.373197052494756,10.332757949829102
3.1583199501037598,4.350272227211722,10.31808090209961
3.1669459342956543,4.3614578486885875,10.309316635131836
3.190385103225708,4.422307361915175,10.383272171020508
3.1454527378082275,4.3597160668245385,10.490147590637207
3.1738061904907227,4.306891432065251,10.329204559326172
3.1312310695648193,4.329682802049709,10.379369735717773
3.182495355606079,4.39438514291708,10.378705024719238
3.1881206035614014,4.319362027969744,10.319625854492188
3.1895751953125,4.349793385082323,10.369427680969238
3.1972341537475586,4.378592370909505,10.403271675109863
3.1308236122131348,4.388161655781524,10.34074878692627
3.118330478668213,4.367563743676459,10.289505958557129
3.135396957397461,4.392729441635311,10.308099746704102
3.242675304412842,4.401400775149732,10.365996360778809
3.1840412616729736,4.422045103507116,10.33180046081543
3.1085734367370605,4.331099004019052,10.381593704223633
3.2253682613372803,4.421577931148931,10.3578462600708
3.227365016937256,4.411492889580717,10.276128768920898
3.214951753616333,4.357917238292949,10.428065299987793
3.157398223876953,4.420156582624518,10.355031967163086
3.1733222007751465,4.327377816263054,10.424577713012695
3.1754848957061768,4.38129070996573,10.312938690185547
3.2762858867645264,4.379245417325624,10.39956283569336
3.222733736038208,4.435144071799836,10.358708381652832
3.194741725921631,4.410876388960917,10.306124687194824
3.1412458419799805,4.404937764662983,10.332731246948242
3.1708686351776123,4.4164580278032055,10.26048755645752
3.1665403842926025,4.386389656391527,10.30336856842041
3.137113571166992,4.337359848299197,10.306878089904785
3.1609082221984863,4.367680503088716,10.408285140991211
3.2101821899414062,4.38119560220678,10.328396797180176
3.215325355529785,4.407284940958822,10.390273094177246
3.125814199447632,4.387175131156775,10.3169584274292
3.0965778827667236,4.416999386490456,10.347711563110352
3.1571428775787354,4.406134830222332,10.322612762451172
3.156886100769043,4.39339521627075,10.207377433776855
3.117629289627075,4.335729587523799,10.38599967956543
3.1516973972320557,4.346356200619733,10.390909194946289
3.167811632156372,4.345630249174844,10.301815032958984
3.1870815753936768,4.402709040391658,10.37058162689209
3.1597728729248047,4.377017163671552,10.391767501831055
3.2050940990448,4.457818925114615,10.38987922668457
3.2168121337890625,4.348998226192115,10.380729675292969
3.239046812057495,4.377335190839533,10.365737915039062
3.141615390777588,4.417687467864847,10.383795738220215
3.12178373336792,4.358866411926492,10.344499588012695
3.216296672821045,4.419194335450551,10.446893692016602
3.2602527141571045,4.4026383880658875,10.371392250061035
3.1888556480407715,4.422319171617606,10.443663597106934
3.177828073501587,4.45006004345071,10.341778755187988
3.169335126876831,4.429892291248377,10.386258125305176
3.1733908653259277,4.320804357927825,10.31873893737793
3.2223238945007324,4.430484718543344,10.340306282043457
3.2370762825012207,4.391568408746805,10.396574020385742
3.215888023376465,4.452848860727889,10.24644660949707
3.138813018798828,4.319076699703665,10.308359146118164
3.199324131011963,4.312820911972916,10.3389310836792
3.1370604038238525,4.380202266553948,10.303749084472656
3.178570508956909,4.411633079439135,10.383602142333984
3.1839377880096436,4.36808220337012,10.387232780456543
3.2142844200134277,4.2936494226700495,10.42141342163086
3.167715549468994,4.480275707385902,10.385146141052246
3.179171323776245,4.39042439624401,10.347890853881836
3.1827661991119385,4.400067995202594,10.35124397277832
3.195075035095215,4.437523787009663,10.405391693115234
3.2096197605133057,4.417423340059551,10.329451560974121
3.218735694885254,4.306661463043254,10.34721565246582
3.1250593662261963,4.3240576959215105,10.322548866271973
3.1961214542388916,4.339459596800484,10.28464126586914
3.133746862411499,4.375893779331818,10.344687461853027
3.1805739402770996,4.384199219190383,10.356247901916504
3.178457736968994,4.437270147892247,10.43463134765625
3.189424753189087,4.391609445413841,10.424844741821289
3.19714093208313,4.357505719643087,10.392897605895996
3.1233394145965576,4.322373836899974,10.371112823486328
3.208282470703125,4.428433851338923,10.252660751342773
3.1716601848602295,4.367535907974733,10.408477783203125
3.164442777633667,4.402836834878793,10.298280715942383
3.1981520652770996,4.3539473164627065,10.449502944946289
3.2644660472869873,4.359581069954272,10.313009262084961
3.209014654159546,4.355587202323867,10.371350288391113
3.1952056884765625,4.372906337026507,10.416648864746094
3.191906690597534,4.3584501899645804,10.360016822814941
3.2074105739593506,4.425420883776886,10.321176528930664
3.179844856262207,4.435167977353558,10.352946281433105
3.1894423961639404,4.33682922769471,10.298633575439453
3.2254414558410645,4.392636954085901,10.318439483642578
3.1291708946228027,4.338995203774955,10.391276359558105
3.1522347927093506,4.4025675213030935,10.394609451293945
3.1998841762542725,4.387186243464904,10.412115097045898
3.149724006652832,4.35450357281869,10.330857276916504
3.192110061645508,4.3771173702552915,10.29272174835205
3.197247266769409,4.308206782376925,10.390829086303711
3.1778299808502197,4.353994044508519,10.425483703613281
3.097635269165039,4.3498896257951865,10.348134994506836
3.1635098457336426,4.336243015348113,10.444371223449707
3.161783218383789,4.337911053660458,10.363369941711426
3.1518096923828125,4.314881956238033,10.348636627197266
3.2003514766693115,4.406414928879323,10.42654037475586
3.1937434673309326,4.378088924900761,10.41404914855957
3.204946994781494,4.395498789580805,10.341111183166504
3.1415507793426514,4.3617495421120624,10.246420860290527
3.1807146072387695,4.452726020644019,10.279292106628418
3.2732787132263184,4.435282483896506,10.378021240234375
3.180464744567871,4.312103635232363,10.366253852844238
3.1374013423919678,4.36652099208108,10.341923713684082
3.1760787963867188,4.358358888155116,10.339692115783691
3.224273443222046,4.3537041126484315,10.374728202819824
3.2540054321289062,4.404854170545669,10.294233322143555
3.149672031402588,4.365732284928007,10.388328552246094
3.199007987976074,4.400750302942469,10.33584976196289
3.1623432636260986,4.377428902978344,10.353864669799805
3.1901907920837402,4.4052980309019665,10.467769622802734
3.1541290283203125,4.326124994416855,10.344337463378906
3.1811840534210205,4.37751920318364,10.374903678894043
3.2624802589416504,4.424810995946505,10.313405990600586
3.1885900497436523,4.4327731640743355,10.424281120300293
3.116184711456299,4.3371562545986055,10.362607955932617
3.1848936080932617,4.320910388104884,10.360381126403809
3.198425769805908,4.3491377773628175,10.431734085083008
3.1693074703216553,4.35692441257249,10.415825843811035
3.1735479831695557,4.3882511633315255,10.338724136352539
3.225825786590576,4.400333708385006,10.488851547241211
3.1800153255462646,4.398434740125334,10.247312545776367
3.158855676651001,4.409229881296467,10.370513916015625
3.1980996131896973,4.2858655249833,10.25421142578125
3.0628654956817627,4.290146664150857,10.350454330444336
3.213038682937622,4.406701331825129,10.363302230834961
3.208402156829834,4.416924643762676,10.323683738708496
3.200241804122925,4.431007828929329,10.261383056640625
3.159471035003662,4.423043440229126,10.39316463470459
3.181868553161621,4.430766806172739,10.307761192321777
3.1730897426605225,4.376733996206894,10.332086563110352
3.196629047393799,4.351087984562452,10.365073204040527
3.2055840492248535,4.356299370394222,10.361542701721191
3.187777519226074,4.347378087496119,10.293770790100098
3.14764404296875,4.383875474167456,10.313122749328613
3.1729044914245605,4.33941764161656,10.428901672363281
3.2115070819854736,4.346073660700182,10.300101280212402
3.256744384765625,4.410756093682721,10.345491409301758
3.14562726020813,4.3677629301923195,10.368135452270508
3.1857364177703857,4.414005719723978,10.30854606628418
3.1651031970977783,4.3520126437568765,10.333870887756348
3.2257566452026367,4.411672819738409,10.33112621307373
3.1297850608825684,4.39042605785653,10.35819149017334
3.1818466186523438,4.479286741132714,10.21092700958252
3.1514368057250977,4.3422544749919325,10.353654861450195
3.1871063709259033,4.352729017114534,10.40163516998291
3.2100350856781006,4.403765772502603,10.318099021911621
3.115527391433716,4.361061619761,10.263671875
3.1892850399017334,4.400333478381591,10.391739845275879
3.1756954193115234,4.434815976702209,10.315900802612305
3.204493999481201,4.439121467360694,10.310696601867676
3.2086541652679443,4.3515531606307,10.242452621459961
3.2256810665130615,4.353829050336832,10.36929702758789
3.193732976913452,4.332404941852604,10.301689147949219
3.143827438354492,4.36656451973665,10.375679969787598
3.241811752319336,4.394645422164883,10.31652545928955
3.1475720405578613,4.315728666327361,10.22830867767334
3.1125152111053467,4.3389754453341345,10.268726348876953
3.1987149715423584,4.341337674729792,10.36220932006836
3.1910715103149414,4.453818147935506,10.413357734680176
3.2131433486938477,4.385591090058109,10.292898178100586
3.135439872741699,4.375154338311405,10.325587272644043
3.232879638671875,4.383166500999193,10.399650573730469
3.146355390548706,4.347719647123345,10.356287002563477
3.224815607070923,4.396536035562998,10.333657264709473
3.215524196624756,4.416247840804448,10.258642196655273
3.147181272506714,4.390136051889774,10.302663803100586
3.16241717338562,4.378145166373412,10.42463207244873
3.1984479427337646,4.287994463329336,10.386356353759766
3.1717493534088135,4.399510989963476,10.393287658691406
3.0978081226348877,4.340092746607427,10.375693321228027
3.17214035987854,4.3658374679674,10.432318687438965
3.2222344875335693,4.398575671316524,10.38524341583252
3.1522388458251953,4.3951033400704285,10.399306297302246
3.0905444622039795,4.357892640367416,10.343550682067871
3.2113661766052246,4.419545678288809,10.433120727539062
3.218221426010132,4.37393540785914,10.252405166625977
3.128563165664673,4.32006808396961,10.362814903259277
3.144437551498413,4.414353011774699,10.375900268554688
3.150975227355957,4.429955354026918,10.384819030761719
3.2696430683135986,4.465786091883533,10.454095840454102
3.199047565460205,4.394574424518006,10.347855567932129
3.233039379119873,4.310417792926144,10.296577453613281
3.2297475337982178,4.37310731098322,10.272687911987305
3.1895558834075928,4.355996629688889,10.330446243286133
3.2117462158203125,4.320305341056415,10.362876892089844
3.22198486328125,4.395091994998178,10.39259147644043
3.1853933334350586,4.363966109098068,10.313994407653809
3.2318835258483887,4.4433837053366,10.319889068603516
3.2080862522125244,4.355182279267216,10.321418762207031
3.163037061691284,4.465545336649355,10.344472885131836
3.1666109561920166,4.427785108364852,10.340944290161133
3.1627254486083984,4.366469322437687,10.29193115234375
3.179241418838501,4.3326048577270875,10.351454734802246
3.163647174835205,4.366443285352683,10.32398796081543
3.279543161392212,4.385344302015644,10.434179306030273
3.134848117828369,4.312206714081444,10.342081069946289
3.1595869064331055,4.348829434253275,10.354655265808105
3.202507495880127,4.418247685435095,10.389349937438965
3.173781633377075,4.366039836546406,10.403257369995117
3.119788646697998,4.395563117594325,10.337916374206543
3.1458580493927,4.3888583458028725,10.315502166748047
3.1779990196228027,4.360445314619158,10.400522232055664
3.188901662826538,4.3982921749619495,10.262880325317383
3.1772878170013428,4.421027771762706,10.352128982543945
3.183976173400879,4.414144091540948,10.38129997253418
3.167074203491211,4.347947596838432,10.300525665283203
3.2278401851654053,4.319478186313063,10.39118480682373
3.149735689163208,4.37267925749932,10.413069725036621
3.2174415588378906,4.401272043286424,10.318253517150879
3.165154218673706,4.372509222544197,10.423467636108398
3.1993985176086426,4.32659806607158,10.389440536499023
3.209787368774414,4.349290969781578,10.36283016204834
3.2336466312408447,4.395507300971075,10.345404624938965
3.1321327686309814,4.338677703136844,10.343040466308594
3.1824951171875,4.3527251043955655,10.419458389282227
3.1709630489349365,4.323472559352272,10.330224990844727
3.219092845916748,4.3521283990038295,10.389493942260742
3.1961636543273926,4.3762879275517275,10.374685287475586
3.1665756702423096,4.341370287584141,10.379273414611816
3.15339994430542,4.397367497573474,10.328909873962402
3.1420257091522217,4.393345824309757,10.41629409790039
3.1641652584075928,4.366180620754935,10.34009838104248
3.1848838329315186,4.358809562499768,10.377179145812988
3.246894359588623,4.419266491064003,10.342354774475098
3.235356569290161,4.390020688762889,10.368244171142578
3.1856729984283447,4.301329547439569,10.324106216430664
3.2092390060424805,4.341196029879419,10.289770126342773
3.1422863006591797,4.342279703755464,10.334173202514648
3.160745143890381,4.374929737266419,10.459114074707031
3.1700751781463623,4.410336032276973,10.383590698242188
3.1209218502044678,4.397827930349324,10.331454277038574
3.1364057064056396,4.396263115008229,10.35939884185791
3.154327392578125,4.374496867946748,10.357645988464355
3.183948040008545,4.406461241488744,10.320696830749512
3.197850227355957,4.352527862547763,10.285313606262207
3.158207416534424,4.391173451540193,10.399147033691406
3.1270015239715576,4.36533594510651,10.36673355102539
3.1673755645751953,4.3990464773295175,10.424210548400879
3.232372760772705,4.431397078392495,10.322912216186523
3.1828696727752686,4.393715527241251,10.422857284545898
3.241492748260498,4.420059435934361,10.389670372009277
3.2230851650238037,4.4490309995931705,10.324064254760742
3.166264057159424,4.329879269635837,10.43035888671875
3.2302398681640625,4.341668308113835,10.398545265197754
3.1336944103240967,4.339403613969418,10.417411804199219
3.2022671699523926,4.397105217113027,10.397003173828125
3.1904940605163574,4.375635172306959,10.36855697631836
3.176164388656616,4.425803656889392,10.303958892822266
3.1860623359680176,4.441800103023914,10.345507621765137
3.1401309967041016,4.31700670855519,10.40418815612793
3.196239948272705,4.3462420244302065,10.291788101196289
3.1838669776916504,4.418971039853724,10.374329566955566
3.2542734146118164,4.380053598466994,10.31956672668457
3.130506992340088,4.380250147543848,10.340127944946289
3.171332836151123,4.338689471561728,10.35094165802002
3.1431455612182617,4.330135961429082,10.35847282409668
3.1850709915161133,4.319352994074247,10.35986042022705
3.128513813018799,4.331742591557226,10.302641868591309
3.1875970363616943,4.3059226190671325,10.3218412399292
3.1857545375823975,4.3396890598814934,10.383960723876953
3.1157257556915283,4.413888949235635,10.377063751220703
3.1823604106903076,4.414945443693016,10.375093460083008
3.2185232639312744,4.337754026454474,10.345011711120605
3.152247190475464,4.4073142565986405,10.335014343261719
3.1613409519195557,4.344081572489813,10.470748901367188
3.222543954849243,4.342099345156125,10.437426567077637
3.167807102203369,4.383556333204199,10.33972454071045
3.1788792610168457,4.386063837279965,10.315515518188477
3.1435511112213135,4.381088687206751,10.393049240112305
3.1671993732452393,4.372503574305613,10.39008903503418
3.2081491947174072,4.395549323043919,10.339643478393555
3.154296875,4.35076719585673,10.29746150970459
3.198272466659546,4.416915345271784,10.315532684326172
3.2116096019744873,4.348140329322113,10.285196304321289
3.1384363174438477,4.311506811762229,10.454385757446289
3.0826804637908936,4.3389503448602875,10.337743759155273
3.2144289016723633,4.377114853389295,10.258504867553711
3.1873879432678223,4.322233770907458,10.408029556274414
3.180793285369873,4.411581407467436,10.421849250793457
3.1786673069000244,4.375758459192833,10.420135498046875
3.243513822555542,4.377548440825194,10.305484771728516
3.1480162143707275,4.4165629232967545,10.389275550842285
3.2134954929351807,4.4629853233428936,10.424247741699219
3.1518542766571045,4.3728277698890965,10.381345748901367
3.18945574760437,4.388129598394569,10.301414489746094
3.214066743850708,4.463117939619613,10.34744930267334
3.2036283016204834,4.355678165497791,10.411358833312988
3.109699010848999,4.428818930905046,10.363630294799805
3.1967620849609375,4.333701378998479,10.374164581298828
3.139492988586426,4.374996797015358,10.334619522094727
3.2268762588500977,4.369210972783288,10.341118812561035
3.127838611602783,4.388391064014286,10.3660249710083
3.142186164855957,4.389214758727966,10.304425239562988
3.1630852222442627,4.368655689925488,10.34762954711914
3.159174680709839,4.422206573354614,10.395849227905273
3.1544158458709717,4.428039334514843,10.370037078857422
3.1771435737609863,4.348800771736673,10.361552238464355
3.1764402389526367,4.340574062462631,10.343328475952148
3.176433563232422,4.345053540077061,10.361204147338867
3.164238691329956,4.3671329005488335,10.333273887634277
3.2203471660614014,4.40327939364527,10.37875747680664
3.1904244422912598,4.33049996227159,10.375675201416016
3.153902292251587,4.373390357010066,10.301281929016113
3.201139450073242,4.409263454743527,10.350722312927246
3.1160271167755127,4.376843200264764,10.352913856506348
3.1207690238952637,4.362539546896835,10.364748001098633
3.24764347076416,4.396378153003752,10.356315612792969
3.220344305038452,4.385943183675408,10.299521446228027
3.1903700828552246,4.370381234147186,10.299857139587402
3.1891071796417236,4.370233828368197,10.345134735107422
3.161886215209961,4.333212853775227,10.298940658569336
3.1193687915802,4.315105740247028,10.346505165100098
3.1428256034851074,4.318224100894959,10.367137908935547
3.1873762607574463,4.309725373451199,10.385393142700195
3.123774528503418,4.359346425293811,10.3994779586792
3.184002637863159,4.367872734554113,10.350135803222656
3.225846767425537,4.347995330446532,10.40805435180664
3.1848342418670654,4.358282411604056,10.368850708007812
3.180891513824463,4.367566350947267,10.432372093200684
3.1921398639678955,4.358678863217521,10.353854179382324
3.1446444988250732,4.349267972965857,10.357320785522461
3.178185224533081,4.3439778204940795,10.314809799194336
3.1802637577056885,4.399200319678389,10.36176872253418
3.191283941268921,4.29076650189901,10.353349685668945
3.162393093109131,4.363280629306765,10.362228393554688
3.1954801082611084,4.347810361767187,10.26485538482666
3.1904430389404297,4.425769800719405,10.397993087768555
3.1416265964508057,4.381541644888265,10.380705833435059
3.190690517425537,4.352643870415965,10.348424911499023
3.199594259262085,4.353700136765838,10.411291122436523
3.2094902992248535,4.329871500443135,10.37840461730957
3.1563546657562256,4.320917082817427,10.40718936920166
3.166646718978882,4.424219884444028,10.320055961608887
3.187960147857666,4.373304529980357,10.369491577148438
3.1524553298950195,4.3366255763186405,10.338415145874023
3.0990023612976074,4.376211914267126,10.261303901672363
3.1762280464172363,4.365810613846406,10.438568115234375
3.117816925048828,4.330476066064355,10.366329193115234
3.1316721439361572,4.345849102662343,10.358956336975098
3.128704786300659,4.342615654326177,10.367172241210938
3.144954204559326,4.38027514510655,10.397565841674805
3.1491847038269043,4.3312607302796104,10.42460823059082
3.130373477935791,4.314864995922628,10.395748138427734
3.207263708114624,4.354791690063263,10.37739372253418
3.22622013092041,4.393202029368175,10.375635147094727
3.2012553215026855,4.38075508300348,10.308317184448242
3.1668994426727295,4.329623412440664,10.385407447814941
3.174567222595215,4.29760449652427,10.247566223144531
3.181281805038452,4.348384964745492,10.414789199829102
3.1739680767059326,4.317716950251322,10.333440780639648
3.1702287197113037,4.397882494077619,10.343316078186035
3.1847033500671387,4.38933051467341,10.418246269226074
3.1424031257629395,4.346133716204869,10.39373779296875
3.1482126712799072,4.370368511648849,10.34350299835205
3.1889524459838867,4.350642437181834,10.355672836303711
3.154811143875122,4.3655401999130845,10.33371353149414
3.139336585998535,4.378510635346174,10.442410469055176
3.202737808227539,4.361460598385228,10.294801712036133
3.1654064655303955,4.310533508558624,10.431413650512695
3.1203877925872803,4.279080325404981,10.42261028289795
3.1485283374786377,4.341364095752527,10.408588409423828
3.1759660243988037,4.358639219542965,10.342700004577637
3.1559815406799316,4.394454863321569,10.380067825317383
3.1133244037628174,4.35687473033821,10.327920913696289
3.1676316261291504,4.363193868260298,10.419015884399414
3.1561930179595947,4.340261389667701,10.348215103149414
3.2537808418273926,4.366959003265947,10.301722526550293
3.2302350997924805,4.342752703565306,10.321678161621094
3.1815671920776367,4.324978593304487,10.34424877166748
3.142130136489868,4.334023528599314,10.319099426269531
3.1856260299682617,4.421726518743007,10.310007095336914
3.1504030227661133,4.3752929058724215,10.372376441955566
3.208381414413452,4.320820760680363,10.35525131225586
3.1537907123565674,4.360232553644372,10.339029312133789
3.132746696472168,4.39811312666695,10.333610534667969
3.1634464263916016,4.2651419657216,10.33089542388916
3.2052080631256104,4.321915350288951,10.3662109375
3.2064707279205322,4.4055770734058965,10.300773620605469
3.2224652767181396,4.3437285167497715,10.346305847167969
3.159691095352173,4.330816035691116,10.40831470489502
3.1175882816314697,4.3360269647756855,10.258920669555664
3.194246768951416,4.371144666303215,10.295573234558105
3.1668150424957275,4.370602202634992,10.299139022827148
3.1448919773101807,4.294105067915682,10.295455932617188
3.1850287914276123,4.401752863478448,10.324498176574707
3.105862617492676,4.3929656108043025,10.394449234008789
3.108490467071533,4.303187010543687,10.36138916015625
3.1634321212768555,4.289336237856853,10.327140808105469
3.1250956058502197,4.3299972501117745,10.405975341796875
3.2088983058929443,4.42167898759778,10.294058799743652
3.132028102874756,4.39005320828541,10.304609298706055
3.187451124191284,4.31662915015061,10.366235733032227
3.2385401725769043,4.386391074995377,10.34681224822998
3.0727944374084473,4.299363287797729,10.394266128540039
3.185147523880005,4.360077384626493,10.323339462280273
3.125335216522217,4.308709351379158,10.33454418182373
3.1857869625091553,4.348773795080238,10.352590560913086
3.169145107269287,4.35362183019918,10.348905563354492
3.1267096996307373,4.368484529101157,10.29632568359375
3.1734070777893066,4.41207557344543,10.350899696350098
3.0919113159179688,4.321885699772143,10.427586555480957
3.141787528991699,4.358995231966089,10.321639060974121
3.1922402381896973,4.400659364947517,10.33142375946045
3.1479029655456543,4.36909483326599,10.292072296142578
3.2332427501678467,4.396164178382605,10.326190948486328
3.159428358078003,4.34783260657319,10.348630905151367
3.1623544692993164,4.391041124971317,10.400714874267578
3.170562744140625,4.32541362325927,10.38195514678955
3.180997133255005,4.305961428343185,10.373434066772461
3.1805756092071533,4.3943592344543765,10.394914627075195
3.2044951915740967,4.377007379462676,10.331692695617676
3.163203716278076,4.440101652106803,10.462432861328125
3.123661518096924,4.359496156086347,10.392396926879883
3.2544305324554443,4.369400747719087,10.346355438232422
3.251842737197876,4.3661022557810485,10.411221504211426
3.2112810611724854,4.372118680505082,10.389392852783203
3.1658661365509033,4.330131357635505,10.28000259399414
3.145731210708618,4.2982772123401185,10.367241859436035
3.1076385974884033,4.3298548935646455,10.358415603637695
3.1737489700317383,4.3636919925920665,10.37539291381836
3.130765914916992,4.297354264517447,10.356683731079102
3.2253262996673584,4.384504003683105,10.355366706848145
3.2142186164855957,4.313069252463589,10.358474731445312
3.1850483417510986,4.330738979558061,10.494782447814941
3.151515007019043,4.315373639675921,10.308245658874512
3.1338086128234863,4.343300468953593,10.411992073059082
3.227586269378662,4.429823570884764,10.351724624633789
3.1954238414764404,4.425846039117979,10.295421600341797
3.184921979904175,4.350898558140866,10.424935340881348
3.1744682788848877,4.324540690219562,10.36155891418457
3.2095420360565186,4.406527645353759,10.441652297973633
3.215412139892578,4.342963828272851,10.417806625366211
3.196415424346924,4.3264860758624435,10.38304328918457
3.149794101715088,4.321241313624861,10.409993171691895
3.1637606620788574,4.353217943937385,10.427468299865723
3.1775553226470947,4.3274575231729875,10.354866981506348
3.157411575317383,4.391509684334909,10.358414649963379
3.2014224529266357,4.316026205596114,10.36825942993164
3.1927273273468018,4.385709944713328,10.309608459472656
3.197359561920166,4.3798632985313555,10.375544548034668
3.2229089736938477,4.36116261737022,10.336019515991211
3.154731035232544,4.341354079710851,10.324492454528809
3.1620678901672363,4.330501411742132,10.4016695022583
3.152892827987671,4.363906603871977,10.373100280761719
3.164747476577759,4.358168832126207,10.378451347351074
3.0587942600250244,4.311039566095652,10.39733600616455
3.2218735218048096,4.334332830538707,10.259771347045898
3.2150673866271973,4.323796533513814,10.354434967041016
3.1504483222961426,4.336855321424082,10.40807056427002
3.1277270317077637,4.39373183616304,10.409303665161133
3.1941564083099365,4.3685897238818665,10.336029052734375
3.1162285804748535,4.305241464437651,10.378664016723633
3.1691746711730957,4.334750274828235,10.401436805725098
3.213578939437866,4.353879608313687,10.434876441955566
3.112462282180786,4.355729617677363,10.31911849975586
3.198153495788574,4.321032645846053,10.335113525390625
3.130744218826294,4.334865063961064,10.412996292114258
3.1988468170166016,4.376827070755619,10.358467102050781
3.15110445022583,4.3480860950491795,10.274444580078125
3.1610193252563477,4.362456876950871,10.392107009887695
3.184788703918457,4.352470585610717,10.34809684753418
3.2339532375335693,4.313759633639294,10.382359504699707
3.143557548522949,4.353690776275472,10.388001441955566
3.1605374813079834,4.3901969919846,10.47344970703125
3.173336982727051,4.345867685042322,10.266192436218262
3.1357200145721436,4.273399676761723,10.439898490905762
3.1852598190307617,4.298129256282533,10.46037483215332
3.1685266494750977,4.3935773324088325,10.387849807739258
3.187417984008789,4.371647385880351,10.517683029174805
3.1943676471710205,4.40520802689051,10.269729614257812
3.1576313972473145,4.326031284506566,10.317651748657227
3.188504695892334,4.366677961012882,10.370898246765137
3.2408342361450195,4.382133125094698,10.414849281311035
3.156675338745117,4.374843164280589,10.344198226928711
3.1860196590423584,4.37178713166421,10.426507949829102
3.207204580307007,4.3848239271568925,10.34864330291748
3.1595091819763184,4.329426274834467,10.43667984008789
3.1966826915740967,4.368963005420353,10.452201843261719
3.156566858291626,4.3598115725575814,10.414709091186523
3.223904848098755,4.372140471790252,10.351716995239258
3.1558237075805664,4.324685818648764,10.321393966674805
3.171574831008911,4.334557192267051,10.305120468139648
3.0836904048919678,4.288820084284193,10.296311378479004
3.1897530555725098,4.368733572507543,10.401187896728516
3.203566789627075,4.328556579737259,10.339820861816406
3.235867500305176,4.348504741376797,10.385071754455566
3.1371259689331055,4.327814286474937,10.35341739654541
3.231964349746704,4.322096559717986,10.397231101989746
3.1479594707489014,4.422723004128785,10.387996673583984
3.1813344955444336,4.367640769907406,10.359901428222656
3.14945387840271,4.293964512779244,10.367484092712402
3.1878232955932617,4.4087079759088486,10.421648025512695
3.193100690841675,4.427781439486092,10.305705070495605
3.1833536624908447,4.357021822194967,10.362909317016602
3.251443386077881,4.3657521074970385,10.322357177734375
3.1867101192474365,4.3132557835030765,10.467575073242188
3.18107533454895,4.38462507222513,10.324024200439453
3.193650722503662,4.3169255253326675,10.441802024841309
3.1848816871643066,4.375855930515431,10.377155303955078
3.1670851707458496,4.329089672936659,10.411059379577637
3.1591885089874268,4.337438931988021,10.437911987304688
3.1882400512695312,4.384924662698593,10.32748031616211
3.1845428943634033,4.307408638165465,10.320801734924316
3.235645055770874,4.414278879894742,10.358365058898926
3.2043612003326416,4.335241742365594,10.291533470153809
3.1567461490631104,4.378298783475267,10.461140632629395
3.1321558952331543,4.357837652787566,10.447389602661133
3.1935322284698486,4.35415780607478,10.442755699157715
3.177018404006958,4.3863812005812575,10.319820404052734
3.2673842906951904,4.45459940969678,10.335195541381836
3.205209255218506,4.357695934728587,10.477943420410156
3.1530439853668213,4.350883038914097,10.309484481811523
3.156812906265259,4.353709105768108,10.285109519958496
3.127511978149414,4.3370245759308865,10.416879653930664
3.186406373977661,4.349099484571655,10.325288772583008
3.141556739807129,4.293123425416914,10.30941390991211
3.209371566772461,4.362816922100527,10.370230674743652
3.2016215324401855,4.350977763267499,10.340766906738281
3.1826589107513428,4.373375105871154,10.39055061340332
3.1497952938079834,4.322758891985619,10.29389762878418
3.1348488330841064,4.324044588620642,10.430954933166504
3.1391818523406982,4.410333817691676,10.41789436340332
3.2029805183410645,4.341122247278691,10.396932601928711
3.1181702613830566,4.342995949222573,10.468435287475586
3.135341167449951,4.3563495025238295,10.439462661743164
3.120398759841919,4.369497469493321,10.311586380004883
3.1427557468414307,4.339468143747321,10.36341667175293
3.207730531692505,4.36641948759955,10.400744438171387
3.2198832035064697,4.376566756483434,10.405202865600586
3.1874217987060547,4.418167246006695,10.376108169555664
3.1238439083099365,4.345043368404731,10.349041938781738
3.200038433074951,4.414058671765295,10.378334045410156
3.1525614261627197,4.378632069332525,10.383401870727539
3.168286085128784,4.349380470479706,10.356189727783203
3.137950897216797,4.312354437774046,10.403547286987305
3.185290813446045,4.337059772939288,10.445602416992188
3.18178129196167,4.365143652074039,10.386161804199219
3.1521642208099365,4.361062614712863,10.361631393432617
3.2546403408050537,4.409683888445476,10.381552696228027
3.1745223999023438,4.340665001854567,10.393949508666992
3.1796679496765137,4.378197413070926,10.275142669677734
3.2194323539733887,4.390689007039847,10.337223052978516
3.1838173866271973,4.321342864905351,10.386092185974121
3.1814279556274414,4.3482228239798655,10.306906700134277
3.1286535263061523,4.354424550763465,10.404241561889648
3.2302792072296143,4.368660886073485,10.37195873260498
3.2037322521209717,4.328518758594457,10.38058853149414
3.1887786388397217,4.364875899461497,10.402804374694824
3.162153959274292,4.385132444756373,10.336750984191895
3.1244592666625977,4.259092136984691,10.372690200805664
3.132568597793579,4.348225870136438,10.412436485290527
3.1418967247009277,4.375494626650055,10.351875305175781
3.1667323112487793,4.3006393365961095,10.347564697265625
3.147502899169922,4.362924356179844,10.334749221801758
3.210362195968628,4.338975402692865,10.384052276611328
3.1664750576019287,4.316449073276349,10.35606861114502
3.1372976303100586,4.365822695129152,10.367185592651367
3.200108766555786,4.343489982653409,10.407876014709473
3.175126075744629,4.3570290631614625,10.377860069274902
3.2581064701080322,4.4338719725076645,10.357223510742188
3.1908013820648193,4.354696976719424,10.359970092773438
3.14829158782959,4.40516530223457,10.291881561279297
3.1567158699035645,4.334739236260897,10.388683319091797
3.1835572719573975,4.323177175829187,10.372329711914062
3.1836183071136475,4.254935798567853,10.381053924560547
3.1438498497009277,4.3078414600209465,10.385185241699219
3.1877269744873047,4.346994072232129,10.365281105041504
3.1750807762145996,4.345361262792721,10.3436279296875
3.1548984050750732,4.339810662337446,10.415382385253906
3.1962339878082275,4.2761933462295145,10.40883731842041
3.1929140090942383,4.375582644416551,10.302844047546387
3.1571173667907715,4.321546730718442,10.33648681640625
3.149635076522827,4.2988403005791564,10.353437423706055
3.1995937824249268,4.375051668878379,10.309057235717773
3.2270214557647705,4.3861003620550045,10.3784818649292
3.1419990062713623,4.339236355020798,10.344160079956055
3.178633451461792,4.386386520794726,10.38761043548584
3.154815435409546,4.3265869960721055,10.3438081741333
3.166351079940796,4.361229304756438,10.348833084106445
3.1091082096099854,4.299023455906926,10.323180198669434
3.1733975410461426,4.3556164048745165,10.395915985107422
3.133934736251831,4.30050092998759,10.368345260620117
3.1670637130737305,4.372537268092856,10.391876220703125
3.1581180095672607,4.35794511763379,10.371825218200684
3.158663272857666,4.362325658356505,10.391519546508789
3.1903955936431885,4.335559567868976,10.385863304138184
3.2461092472076416,4.461401890031993,10.348180770874023
3.174485206604004,4.373213634493628,10.341062545776367
3.1270463466644287,4.330676800671167,10.328826904296875
3.1948397159576416,4.372897210364629,10.410667419433594
3.162555694580078,4.308501443825662,10.28187370300293
3.1617660522460938,4.329949852544814,10.384328842163086
3.1788883209228516,4.347634199674108,10.361167907714844
3.2061867713928223,4.3307481204891305,10.393813133239746
3.099942207336426,4.341592883591407,10.362333297729492
3.1967008113861084,4.354074210427436,10.354134559631348
3.131842851638794,4.344448780774005,10.339128494262695
3.1367015838623047,4.316461495456419,10.447866439819336
3.172875165939331,4.3783692959696054,10.374650001525879
3.1769909858703613,4.358068179971139,10.285050392150879
3.1422080993652344,4.307453334664127,10.360014915466309
3.193607807159424,4.3827750780952295,10.41576862335205
3.14945912361145,4.305194867142875,10.323664665222168
3.1756203174591064,4.350728254233087,10.405073165893555
3.1976404190063477,4.3729439077100585,10.421422958374023
3.1172311305999756,4.328057601249643,10.38503360748291
3.107177734375,4.358839545831351,10.289100646972656
3.1947970390319824,4.402847310860775,10.37713623046875
3.0959393978118896,4.297490008275157,10.272225379943848
3.148488759994507,4.356237458397766,10.351362228393555
3.1575448513031006,4.265494889646235,10.367633819580078
3.1329545974731445,4.350778938969596,10.399455070495605
3.0600998401641846,4.362743776923578,10.347610473632812
3.1525092124938965,4.369998861403603,10.42117691040039
3.212947368621826,4.333946569722944,10.405673027038574
3.214643716812134,4.342907019591491,10.399832725524902
3.1851937770843506,4.329811497258821,10.407655715942383
3.180398464202881,4.323648436493906,10.42149829864502
3.1969876289367676,4.384413085478757,10.382184982299805
3.1971848011016846,4.327354253036901,10.38829231262207
3.151506185531616,4.296157531340473,10.317352294921875
3.1777946949005127,4.392713904513845,10.484292030334473
3.216134548187256,4.4010999572928995,10.293867111206055
3.137617349624634,4.35727363708429,10.514854431152344
3.232645034790039,4.385690019133368,10.378483772277832
3.189925193786621,4.411919391215114,10.337875366210938
3.1246654987335205,4.362572789558077,10.343379974365234
3.147020101547241,4.352402503568944,10.255395889282227
3.2563743591308594,4.388895344521318,10.458568572998047
3.189268112182617,4.430476469386901,10.355539321899414
3.1075541973114014,4.294256624832217,10.374279022216797
3.2100884914398193,4.374514825575585,10.350116729736328
3.1646780967712402,4.308780670731462,10.361299514770508
3.1779024600982666,4.353719975533229,10.395435333251953
3.150629758834839,4.348316267531898,10.421468734741211
3.2318642139434814,4.369130395652195,10.284984588623047
3.1836791038513184,4.352155553942014,10.278400421142578
3.2633111476898193,4.347045899202516,10.451379776000977
3.112703800201416,4.366710796553109,10.393404960632324
3.2070021629333496,4.357839623333088,10.345479965209961
3.1008059978485107,4.298991832183674,10.351973533630371
3.176189422607422,4.375633726328877,10.329985618591309
3.155888319015503,4.350820708554239,10.430808067321777
3.1579976081848145,4.451125851034053,10.42134952545166
3.1884613037109375,4.4320525316455,10.366046905517578
3.1563026905059814,4.361219307574045,10.408594131469727
3.2553813457489014,4.409534186224586,10.367194175720215
3.1760079860687256,4.338160879011931,10.365826606750488
3.1205780506134033,4.368427002237045,10.431072235107422
3.1722989082336426,4.318977793479072,10.455227851867676
3.1830387115478516,4.287957939618667,10.364358901977539
3.1691901683807373,4.405058715126611,10.376916885375977
3.1073453426361084,4.352223211101123,10.377601623535156
3.169548988342285,4.416628857974761,10.368525505065918
3.1074399948120117,4.349433049093932,10.326957702636719
3.155161142349243,4.349894665181637,10.299749374389648
3.1669530868530273,4.3738214305069825,10.402636528015137
3.137178897857666,4.368367072128292,10.29280948638916
3.1400067806243896,4.386623065818899,10.363752365112305
3.1679117679595947,4.3851622331754445,10.31331729888916
3.2092702388763428,4.382956732563409,10.371844291687012
3.2332534790039062,4.397003135677161,10.402471542358398
3.163557529449463,4.363620066283538,10.358268737792969
3.1714117527008057,4.375617528334259,10.342358589172363
3.1627438068389893,4.343895214011094,10.381433486938477
3.0836942195892334,4.384502062906644,10.323196411132812
3.169618844985962,4.418147162401251,10.34337329864502
3.1711387634277344,4.375238005337971,10.408477783203125
3.1301956176757812,4.340252453860428,10.384878158569336
3.2855732440948486,4.346132291381115,10.384069442749023
3.214782953262329,4.292676178938044,10.33167552947998
3.16644287109375,4.347875565290451,10.418985366821289
3.127837657928467,4.3897088886172115,10.354873657226562
3.068530559539795,4.2965999129228285,10.388799667358398
3.138803482055664,4.360058918229437,10.421059608459473
3.159872531890869,4.376224476744287,10.402517318725586
3.169691562652588,4.336115786007472,10.32613754272461
3.126138210296631,4.3729034285393675,10.416053771972656
3.1679720878601074,4.331973341592986,10.34407901763916
3.2050392627716064,4.347486624959856,10.32847785949707
3.1622350215911865,4.359833038944219,10.314577102661133
3.2331173419952393,4.360286645691043,10.49113655090332
3.1695096492767334,4.359296563347535,10.347797393798828
3.1944448947906494,4.3834048394845535,10.315262794494629
3.2275094985961914,4.382005507492327,10.45798110961914
3.138489246368408,4.322844597078594,10.378700256347656
3.134493350982666,4.2794587707612655,10.363109588623047
3.1916723251342773,4.31029808175351,10.31029987335205
3.240363836288452,4.356578363305224,10.380390167236328
3.173227071762085,4.372060944459268,10.381534576416016
3.144664764404297,4.326154472406155,10.38218879699707
3.163543462753296,4.4049317167539686,10.34981918334961
3.103555202484131,4.310844943958468,10.349905967712402
3.1954948902130127,4.350765054845917,10.317167282104492
3.1325061321258545,4.408014653949066,10.310786247253418
3.154097557067871,4.317857750092767,10.375802040100098
3.2005345821380615,4.351917549668412,10.375045776367188
3.1027634143829346,4.2599761296462795,10.353873252868652
3.1515018939971924,4.38866195684698,10.378572463989258
3.1289608478546143,4.257825344734426,10.424429893493652
3.203922748565674,4.345932141511835,10.361709594726562
3.1824300289154053,4.355055249229605,10.420997619628906
3.1882834434509277,4.410925084292622,10.330032348632812
3.0775668621063232,4.3020308721544485,10.422348976135254
3.2102622985839844,4.452515591102253,10.404760360717773
3.1152470111846924,4.359181774746893,10.403928756713867
3.2209486961364746,4.3830611477273385,10.427253723144531
3.146130084991455,4.363841337118564,10.362001419067383
3.1825103759765625,4.3324829742112865,10.337302207946777
3.1849517822265625,4.324331198719197,10.382450103759766
3.184868812561035,4.37542826306474,10.286103248596191
3.1395862102508545,4.359188374896933,10.436378479003906
3.130782127380371,4.377290491380596,10.345799446105957
3.1470534801483154,4.338142350881493,10.403095245361328
3.155273675918579,4.332314364212964,10.431004524230957
3.181070566177368,4.372094161209784,10.374093055725098
3.168450117111206,4.406717127554917,10.322117805480957
3.1903505325317383,4.410502109111154,10.38292407989502
3.1792726516723633,4.326426672483129,10.316986083984375
3.1018996238708496,4.3054999105100125,10.36767864227295
3.1896939277648926,4.395114288033386,10.340168952941895
3.145627975463867,4.2880252798620075,10.38871955871582
3.103339433670044,4.312095126103875,10.335044860839844
3.1186635494232178,4.325250887278734,10.315937042236328
3.156160831451416,4.315997482975945,10.367919921875
3.157686233520508,4.366080352637385,10.310758590698242
3.1930007934570312,4.346689946217729,10.39797306060791
3.119006395339966,4.3454196297430565,10.381582260131836
3.126035213470459,4.361920445425702,10.407062530517578
3.15557861328125,4.365465801508565,10.358870506286621
3.1961700916290283,4.321017811374206,10.381733894348145
3.165178060531616,4.353450260823593,10.322815895080566
3.15997576713562,4.343999273808939,10.376554489135742
3.183833360671997,4.3132902593684515,10.261744499206543
3.2120206356048584,4.34544457308948,10.416422843933105
3.1612136363983154,4.3621034666430205,10.271265983581543
3.1681737899780273,4.374022343861205,10.370767593383789
3.229212999343872,4.351593341944473,10.443467140197754
3.17879056930542,4.34216108479138,10.387834548950195
3.1361773014068604,4.296445005806164,10.384647369384766
3.1882236003875732,4.3031964274455925,10.328141212463379
3.1721315383911133,4.331666162104479,10.344610214233398
3.154057264328003,4.314333786589226,10.382874488830566
3.1562108993530273,4.382500049258981,10.314995765686035
3.1476287841796875,4.318105373298749,10.30746841430664
3.108950138092041,4.323171630036086,10.476975440979004
3.2188148498535156,4.345870617111879,10.383049964904785
3.2016825675964355,4.3666874696167985,10.459867477416992
3.1960368156433105,4.382145907031372,10.311304092407227
3.2601609230041504,4.351442647698734,10.414895057678223
3.114861011505127,4.382201356181342,10.350590705871582
3.2012829780578613,4.313825722251619,10.384180068969727
3.150808334350586,4.344430132236864,10.445871353149414
3.120293378829956,4.344528165945251,10.431131362915039
3.061140775680542,4.316121129152764,10.44362735748291
3.187166213989258,4.377352526311629,10.381004333496094
3.14551043510437,4.355933100118168,10.375032424926758
3.174982786178589,4.327656890032813,10.454896926879883
3.164623260498047,4.353652713886862,10.350271224975586
3.1962928771972656,4.36411630508623,10.359729766845703
3.1182708740234375,4.30545691347548,10.309709548950195
3.1863949298858643,4.313687993446364,10.373845100402832
3.1571297645568848,4.320790225074493,10.374971389770508
3.1339378356933594,4.29638188631673,10.468294143676758
3.2618210315704346,4.359235781078626,10.376108169555664
3.1317780017852783,4.351374496273431,10.345755577087402
3.13978910446167,4.411825072951615,10.373340606689453
3.1655285358428955,4.36328507530769,10.301485061645508
3.1547343730926514,4.309040408880849,10.337125778198242
3.1564083099365234,4.3218377970624715,10.329087257385254
3.178715467453003,4.362048261200211,10.355634689331055
3.1690051555633545,4.338945616602099,10.35235595703125
3.171710729598999,4.334886837983504,10.387675285339355
3.159454345703125,4.3574394377480665,10.413458824157715
3.145461320877075,4.308256440030943,10.413166046142578
3.1592702865600586,4.313109017775527,10.35897445678711
3.1419010162353516,4.379654472061832,10.379480361938477
3.159545421600342,4.350404761764887,10.340291976928711
3.114147186279297,4.26538781016799,10.41120719909668
3.146277904510498,4.3290582207763295,10.375338554382324
3.167375087738037,4.264572005419593,10.400362014770508
3.1294991970062256,4.337356877912368,10.294917106628418
3.1689624786376953,4.392098110268957,10.382038116455078
3.154188394546509,4.3688799393962,10.495994567871094
3.1146345138549805,4.322977792438386,10.38655948638916
3.2126519680023193,4.324509268260694,10.2999849319458
3.1313507556915283,4.337575133424252,10.359808921813965
3.20831298828125,4.348093448872013,10.42119312286377
3.1142895221710205,4.3972213140223175,10.377077102661133
3.1767165660858154,4.297772210457229,10.336538314819336
3.1872167587280273,4.396393410296047,10.32011890411377
3.14957594871521,4.390572870316516,10.328400611877441
3.181899070739746,4.328768110734277,10.371881484985352
3.161987066268921,4.377568310791893,10.354449272155762
3.167548894882202,4.408587654819712,10.426932334899902
3.1372036933898926,4.370190409278231,10.395284652709961
3.151015281677246,4.3587168212314795,10.360976219177246
3.166752815246582,4.343945532238909,10.391663551330566
3.1193525791168213,4.301822327676096,10.305951118469238
3.0840811729431152,4.39268881348627,10.39382553100586
3.1842994689941406,4.3788953974310845,10.426630973815918
3.154587984085083,4.418550330613341,10.348121643066406
3.2324934005737305,4.382241654509146,10.463565826416016
3.1366689205169678,4.322572277725807,10.432144165039062
3.199697494506836,4.316746061002569,10.361234664916992
3.1669089794158936,4.3197519010531575,10.316445350646973
3.119114875793457,4.346626132926239,10.344533920288086
3.1365697383880615,4.4534424723658175,10.329540252685547
3.168361186981201,4.332779947568529,10.451026916503906
3.1034536361694336,4.313093912488382,10.329769134521484
3.130645990371704,4.338291791068124,10.292506217956543
3.155470132827759,4.337223144347913,10.286248207092285
3.2061030864715576,4.332146175438537,10.35589599609375
3.2079250812530518,4.384118645185871,10.381220817565918
3.1940226554870605,4.350660005151959,10.420434951782227
3.1846227645874023,4.353419272362121,10.384422302246094
3.1053884029388428,4.4167637505369,10.472369194030762
3.1450138092041016,4.357716765321259,10.329451560974121
3.2073802947998047,4.299078365521772,10.362836837768555
3.1940884590148926,4.339765058264934,10.372020721435547
3.1636815071105957,4.339058938669041,10.376596450805664
3.1689300537109375,4.369137076261852,10.32692813873291
3.194179058074951,4.4211198159027845,10.411117553710938
3.1499602794647217,4.348054703624387,10.374103546142578
3.1483521461486816,4.3952824849568835,10.453632354736328
3.195255994796753,4.357851141897429,10.244454383850098
3.2051970958709717,4.35662135734622,10.399628639221191
3.1035332679748535,4.312463277285652,10.451248168945312
3.093672037124634,4.313926989046325,10.39705753326416
3.1884782314300537,4.345771632556405,10.45213508605957
3.225252628326416,4.373310690679188,10.407146453857422
3.2191061973571777,4.300859085816358,10.410372734069824
3.1803479194641113,4.331488099281809,10.352651596069336
3.0972607135772705,4.361180739510538,10.396970748901367
3.1028103828430176,4.347206225385889,10.351813316345215
3.1519501209259033,4.328431565114963,10.376755714416504
3.1390066146850586,4.355868945064555,10.403399467468262
3.1783130168914795,4.396364603790321,10.383293151855469
3.174471378326416,4.357120429930677,10.364877700805664
3.1465251445770264,4.34270577375511,10.422844886779785
3.1464343070983887,4.36933345327686,10.37854290008545
3.1693673133850098,4.365695299580692,10.325671195983887
3.1349053382873535,4.3506325984573255,10.380544662475586
3.1550283432006836,4.364274646022491,10.422595977783203
3.13321590423584,4.2607235516022355,10.396072387695312
3.1516830921173096,4.289032715439264,10.385586738586426
3.1956064701080322,4.3324193332809955,10.421006202697754
3.0586676597595215,4.326063146581873,10.374319076538086
3.1705257892608643,4.361149311032412,10.31574535369873
3.0933613777160645,4.35249566719202,10.37452220916748
3.151637554168701,4.299554240923109,10.342266082763672
3.219104051589966,4.416812539200431,10.368103981018066
3.18929386138916,4.391212679977928,10.3923978805542
3.2078397274017334,4.345066450636035,10.372465133666992
3.136230707168579,4.409585625764781,10.433911323547363
3.147042751312256,4.328963292296976,10.237631797790527
3.2238001823425293,4.326460811542348,10.402166366577148
3.1054720878601074,4.264847416962897,10.304546356201172
3.177063226699829,4.364716131306652,10.517168998718262
3.1838791370391846,4.317711616799769,10.324150085449219
3.175906181335449,4.3422779140860905,10.326776504516602
3.1442439556121826,4.346819654772324,10.366830825805664
3.125035285949707,4.341708521624761,10.334625244140625
3.174372673034668,4.406822737805279,10.403434753417969
3.1656887531280518,4.329933458806148,10.424474716186523
3.1408610343933105,4.288222482627524,10.292799949645996
3.135511636734009,4.360157418796526,10.403608322143555
3.185241460800171,4.3843854475500335,10.461889266967773
3.1804051399230957,4.386687846787805,10.3286771774292
3.1474738121032715,4.2590906347946405,10.418136596679688
3.182736396789551,4.379189114019807,10.377401351928711
3.1907622814178467,4.389768865957325,10.356454849243164
3.167546033859253,4.357783042958804,10.343171119689941
3.1571285724639893,4.310799513012171,10.29281997680664
3.182404041290283,4.363595307072891,10.440908432006836
3.1788132190704346,4.354332374142749,10.331308364868164
3.109872817993164,4.368624697006973,10.30654239654541
3.209080696105957,4.3536292371074,10.362203598022461
3.0567097663879395,4.275726246813845,10.34042739868164
3.1911110877990723,4.314500612672418,10.334417343139648
3.13942551612854,4.368953146173486,10.381290435791016
3.1677327156066895,4.344468041223341,10.336015701293945
3.147566556930542,4.342502164787479,10.402606964111328
3.180220127105713,4.355586983529585,10.373250961303711
3.1804378032684326,4.317014105518215,10.436960220336914
3.117814540863037,4.31633424579299,10.448468208312988
3.2505102157592773,4.360761648975313,10.37059497833252
3.160417318344116,4.393162626008103,10.45406723022461
3.1681430339813232,4.331474078519802,10.439262390136719
3.1066784858703613,4.318137404941289,10.271456718444824
3.1912732124328613,4.274709353655843,10.326126098632812
3.165503740310669,4.371985393143924,10.409109115600586
3.107240915298462,4.366956621009325,10.383294105529785
3.157701253890991,4.337273893744818,10.33364486694336
3.180835247039795,4.336077923620386,10.4193115234375
3.17950439453125,4.358812809921801,10.395837783813477
3.120337963104248,4.347679401515052,10.360977172851562
3.166416645050049,4.3827571333386,10.453736305236816
3.1450753211975098,4.29877766314894,10.424798011779785
3.142324924468994,4.324237517247508,10.418502807617188
3.1005725860595703,4.274355148597221,10.420666694641113
3.1703941822052,4.32284363319299,10.31707763671875
3.1793534755706787,4.367718284384215,10.32534408569336
3.2163002490997314,4.350589268973895,10.38565444946289
3.1222879886627197,4.3488390165314605,10.378458023071289
3.110246419906616,4.354064140468835,10.393685340881348
3.1408145427703857,4.376057839520009,10.412614822387695
3.140547752380371,4.367847897378462,10.388339042663574
3.1386899948120117,4.340359409472772,10.395528793334961
3.1825978755950928,4.319651557565001,10.402078628540039
3.2015981674194336,4.287807579684469,10.410698890686035
3.1737146377563477,4.37165131286851,10.527994155883789
3.1027653217315674,4.3384846635495435,10.282092094421387
3.139723777770996,4.229293147101999,10.33441162109375
3.139385461807251,4.313970495713875,10.408586502075195
3.130768299102783,4.320106929400936,10.361488342285156
3.142503499984741,4.375622061646677,10.435365676879883
3.1587438583374023,4.400662339791388,10.439051628112793
3.2272818088531494,4.378873248717615,10.387107849121094
3.1604530811309814,4.303132360002825,10.342692375183105
3.126509666442871,4.331316545638921,10.356459617614746
3.1951820850372314,4.336386660280239,10.385000228881836
3.156651258468628,4.290196712561218,10.380088806152344
3.1370670795440674,4.289669891719574,10.430658340454102
3.1938798427581787,4.283910574225176,10.384342193603516
3.1358230113983154,4.29445206220927,10.365653038024902
3.160243034362793,4.410517839980976,10.398983001708984
3.178701639175415,4.344344963286338,10.384634017944336
3.1260757446289062,4.3143445150594095,10.372905731201172
3.13016939163208,4.35594406261641,10.336445808410645
3.1117429733276367,4.324659365728232,10.367727279663086
3.159971237182617,4.304476754673357,10.418234825134277
3.1687753200531006,4.365876912305664,10.333599090576172
3.1001131534576416,4.359269717242569,10.35953426361084
3.1063239574432373,4.3638994392739345,10.394975662231445
3.1630091667175293,4.320431713912902,10.397089958190918
3.179689407348633,4.342831701838544,10.370746612548828
3.137341022491455,4.3812421016129,10.38119125366211
3.125703811645508,4.289538131927008,10.378341674804688
3.168412208557129,4.369075664385621,10.480022430419922
3.083585500717163,4.3021700884149014,10.406702041625977
3.162311553955078,4.278575176439648,10.40577507019043
3.1038355827331543,4.325851093678336,10.433370590209961
3.187269926071167,4.358789785565543,10.311369895935059
3.2042717933654785,4.3910536559830815,10.375654220581055
3.1322362422943115,4.352272072407817,10.35921859741211
3.171475410461426,4.379996932344511,10.33770751953125
3.140103816986084,4.304861662610036,10.349790573120117
3.0929372310638428,4.279106545661177,10.366598129272461
3.1712803840637207,4.38925802375057,10.408546447753906
3.156909704208374,4.405780517895308,10.368432998657227
3.1949877738952637,4.384547269337677,10.355696678161621
3.1338448524475098,4.319406733182924,10.468914031982422
3.18514347076416,4.316330736569528,10.318653106689453
3.1693336963653564,4.2797380238438825,10.368741989135742
3.196535110473633,4.367437599625971,10.449686050415039
3.094113826751709,4.355990793921851,10.306647300720215
3.16928768157959,4.3312848768463095,10.32480239868164
3.0754902362823486,4.32879317897771,10.382936477661133
3.163073778152466,4.292179628242073,10.361227035522461
3.181863784790039,4.391071861044371,10.354625701904297
3.1663873195648193,4.320443558839283,10.352310180664062
3.173466444015503,4.330989477357694,10.38284683227539
3.150087594985962,4.34090583395612,10.326835632324219
3.177870035171509,4.3385101208197225,10.358938217163086
3.18465518951416,4.315613128876846,10.42014217376709
3.1563780307769775,4.366760947176123,10.362960815429688
3.114799737930298,4.316436339369309,10.406919479370117
3.1525168418884277,4.325185613606924,10.39676284790039
3.2247798442840576,4.349112900805527,10.468507766723633
3.1513869762420654,4.326953692661066,10.364328384399414
3.194922685623169,4.369876493699848,10.473894119262695
3.114278554916382,4.401312847189339,10.408620834350586
3.1656880378723145,4.326490181365183,10.39677619934082
3.2005951404571533,4.368028229235538,10.383331298828125
3.134554624557495,4.285513703545023,10.361348152160645
3.2110748291015625,4.365903723918434,10.39445686340332
3.0956311225891113,4.309026066413416,10.317963600158691
3.1109330654144287,4.307840272518141,10.340585708618164
3.1687967777252197,4.343127128468561,10.324925422668457
3.194249153137207,4.400105004198849,10.317309379577637
3.0813071727752686,4.343082767977778,10.375873565673828
3.1397321224212646,4.354127179997575,10.318716049194336
3.162909746170044,4.245763397609283,10.295004844665527
3.1351544857025146,4.277794103171411,10.330353736877441
3.1339340209960938,4.40527190557415,10.348368644714355
3.1380672454833984,4.342786401776331,10.349717140197754
3.2349350452423096,4.3334914667731415,10.415332794189453
3.1947762966156006,4.356003533815966,10.329368591308594
3.1777844429016113,4.39808076906151,10.402538299560547
3.1367013454437256,4.382767811617149,10.441110610961914
3.10241436958313,4.294202586735732,10.411810874938965
3.1363377571105957,4.346260943782649,10.331781387329102
3.1313207149505615,4.360447793134621,10.333972930908203
3.1835927963256836,4.356969250964799,10.392481803894043
3.1529877185821533,4.309966966576343,10.313141822814941
3.1698379516601562,4.344944873325793,10.334894180297852
3.1673808097839355,4.36507703267437,10.378125190734863
3.1998562812805176,4.4196543537213335,10.446388244628906
3.0786585807800293,4.3475680719462355,10.368698120117188
3.145583152770996,4.374271639822317,10.452831268310547
3.171374797821045,4.286765329872391,10.447097778320312
3.1152658462524414,4.409405073350562,10.441211700439453
3.0794079303741455,4.284385860631509,10.313685417175293
3.121647357940674,4.443846251981865,10.386499404907227
3.139065742492676,4.354813488200306,10.40110969543457
3.1656877994537354,4.358622851216102,10.420351028442383
3.1293861865997314,4.326724663310285,10.33912467956543
3.1723806858062744,4.36351352208294,10.42640495300293
3.2025933265686035,4.296196132366147,10.344263076782227
3.1444051265716553,4.355681449474235,10.338861465454102
3.1930205821990967,4.2996571309798,10.27603816986084
3.1236252784729004,4.356802780746616,10.410104751586914
3.0990207195281982,4.324541884973379,10.322511672973633
3.173985004425049,4.36457893368788,10.370124816894531
3.138727903366089,4.325506960973144,10.440616607666016
3.0739028453826904,4.2830280558472245,10.345788955688477
3.15584135055542,4.385659043144967,10.439061164855957
3.1712889671325684,4.341768592562794,10.464471817016602
3.1943938732147217,4.372983852035499,10.450578689575195
3.0692827701568604,4.340113032243347,10.289688110351562
3.1334385871887207,4.400943489711998,10.39284610748291
3.1188814640045166,4.333328092603811,10.370312690734863
3.1213457584381104,4.329151002889765,10.472709655761719
3.2299349308013916,4.317312812632216,10.405537605285645
3.113887310028076,4.304198527475819,10.362236022949219
3.1743593215942383,4.339130469098953,10.412561416625977
3.1158604621887207,4.344823315340493,10.457887649536133
3.196230173110962,4.324138085191537,10.36194896697998
3.169396162033081,4.319269316137901,10.31668472290039
3.1252331733703613,4.366909925692848,10.304996490478516
3.128556251525879,4.32640443692383,10.337865829467773
3.194840669631958,4.373753968592999,10.306488037109375
3.1268537044525146,4.35767603309692,10.379188537597656
3.1270973682403564,4.312004195160365,10.424494743347168
3.120954751968384,4.318142980902588,10.376026153564453
3.117997407913208,4.277824833723051,10.457056045532227
3.1230976581573486,4.29883957331601,10.366052627563477
3.2303237915039062,4.299645201203281,10.495640754699707
3.2097725868225098,4.381888423048492,10.337575912475586
3.196296215057373,4.342752497676495,10.447651863098145
3.1703097820281982,4.280418078115742,10.332803726196289
3.1314809322357178,4.282350099479248,10.297368049621582
3.117499351501465,4.355523540405557,10.424446105957031
3.1827776432037354,4.352682896856485,10.479867935180664
3.2005863189697266,4.361836136285481,10.362585067749023
3.0852999687194824,4.2589715356672455,10.317675590515137
3.1692559719085693,4.4178087006522615,10.413664817810059
3.212399959564209,4.35536225276467,10.411073684692383
3.1141483783721924,4.335563934707482,10.340620040893555
3.1715710163116455,4.309168306112822,10.406492233276367
3.175189733505249,4.361268253298476,10.439205169677734
3.0986196994781494,4.323830748808437,10.308528900146484
3.142899751663208,4.323396792369229,10.364564895629883
3.17109751701355,4.347208952764049,10.352264404296875
3.138157367706299,4.354431712800371,10.448617935180664
3.1774890422821045,4.313308871018568,10.290587425231934
3.141315460205078,4.369025850269411,10.395599365234375
3.127683162689209,4.264355961699039,10.43365478515625
3.190281867980957,4.30522133696026,10.357732772827148
3.1710686683654785,4.313804177534101,10.308954238891602
3.1699092388153076,4.377815634511145,10.319838523864746
3.176267623901367,4.338879340328276,10.347979545593262
3.159040927886963,4.399146134233368,10.347991943359375
3.1126890182495117,4.3535140938391645,10.333230972290039
3.1097004413604736,4.322173079209668,10.418206214904785
3.120687961578369,4.32731953575941,10.43293285369873
3.137303113937378,4.339226066035085,10.420064926147461
3.140305757522583,4.309075766276303,10.370445251464844
3.166426658630371,4.374919166555628,10.398998260498047
3.1797728538513184,4.329461357888898,10.371637344360352
3.1976776123046875,4.362425911207018,10.418912887573242
3.1101953983306885,4.3148932277358005,10.332697868347168
3.1335413455963135,4.374139933148399,10.39006519317627
3.1486313343048096,4.250639872492425,10.365684509277344
3.1860244274139404,4.381280919403902,10.366434097290039
3.117455244064331,4.347886138994779,10.495722770690918
3.0779528617858887,4.350584348231288,10.414097785949707
3.1648948192596436,4.291961544925081,10.391358375549316
3.166360855102539,4.360661219373079,10.396900177001953
3.1820268630981445,4.3370802023315,10.378073692321777
3.112161636352539,4.31886322846237,10.329635620117188
3.132550001144409,4.294680086330378,10.368276596069336
3.0923080444335938,4.249362710464213,10.303913116455078
3.1898839473724365,4.320110845712147,10.253080368041992
3.1621646881103516,4.313310376867386,10.334025382995605
3.1537106037139893,4.305701561338667,10.322476387023926
3.1649465560913086,4.381101584328072,10.370010375976562
3.1843342781066895,4.288502619435479,10.441309928894043
3.181826591491699,4.405437684817506,10.434507369995117
3.1006011962890625,4.341733195253515,10.414016723632812
3.1869306564331055,4.308934968097933,10.336670875549316
3.1968817710876465,4.302815928024107,10.381060600280762
3.1848819255828857,4.3327226678375155,10.312715530395508
3.1595754623413086,4.313553192120578,10.473709106445312
3.16949725151062,4.33211245594014,10.357576370239258
3.1472597122192383,4.3487899673637,10.397851943969727
3.170738458633423,4.378181945166683,10.41307258605957
3.1896450519561768,4.30219153318155,10.462261199951172
3.198986291885376,4.384816331057144,10.368766784667969
3.0879619121551514,4.358769929269329,10.441707611083984
3.1488285064697266,4.290512934327126,10.369672775268555
3.1290643215179443,4.291861175659245,10.334493637084961
3.1298611164093018,4.243308154566745,10.293095588684082
3.1378731727600098,4.2853393452907245,10.346453666687012
3.162339925765991,4.358693045364427,10.293487548828125
3.132697343826294,4.300469045061618,10.387199401855469
3.1914403438568115,4.332726803974115,10.449084281921387
3.111821174621582,4.304650502844846,10.39897346496582
3.146022319793701,4.325554795230606,10.41195297241211
3.130124807357788,4.382175345838602,10.444435119628906
3.1054983139038086,4.375446266960353,10.386750221252441
3.168773651123047,4.341856595627697,10.384658813476562
3.219025135040283,4.310854975366965,10.371583938598633
3.1570918560028076,4.307377038224201,10.320547103881836
3.1498377323150635,4.414405006715762,10.399699211120605
3.1428685188293457,4.393267128915925,10.40619945526123
3.090636730194092,4.360852998415274,10.360590934753418
3.16135573387146,4.277224484165865,10.326772689819336
3.1253244876861572,4.3098723304324915,10.40471076965332
3.1707401275634766,4.349873084175799,10.305351257324219
3.1112303733825684,4.2785579650995444,10.471270561218262
3.161146640777588,4.353920836733388,10.454148292541504
3.1300055980682373,4.282093315850943,10.397276878356934
3.1593499183654785,4.357658164974834,10.357248306274414
3.083273410797119,4.322873354955975,10.451250076293945
3.2394003868103027,4.365569511129122,10.32378101348877
3.1517059803009033,4.311324067314023,10.382488250732422
3.1658637523651123,4.3268232703142395,10.300729751586914
3.1702072620391846,4.3834831895905415,10.318336486816406
3.1229915618896484,4.298230998351106,10.378698348999023
3.1704134941101074,4.301129951175036,10.451645851135254
3.1252615451812744,4.299563514201768,10.331107139587402
3.137960910797119,4.3044834489535,10.31378173828125
3.1515493392944336,4.295537068907704,10.365166664123535
3.1124846935272217,4.271648987761832,10.329038619995117
3.1356420516967773,4.317689852290122,10.385717391967773
3.1284892559051514,4.339105851915,10.340633392333984
3.1333415508270264,4.248534432113437,10.327024459838867
3.1161065101623535,4.343081825678902,10.364089012145996
3.1687750816345215,4.302102660361146,10.352147102355957
3.1568832397460938,4.343686341673934,10.384357452392578
3.1369171142578125,4.274801685308505,10.434200286865234
3.145993947982788,4.339973965692999,10.392122268676758
3.2046260833740234,4.333527921399634,10.418084144592285
3.1676864624023438,4.343324929242954,10.393132209777832
3.1064250469207764,4.335969560447016,10.35629653930664
3.185494899749756,4.333889442728832,10.384170532226562
3.180492877960205,4.3215174068297655,10.360418319702148
3.15842866897583,4.345395102464994,10.364704132080078
3.114405870437622,4.344258525142712,10.384416580200195
3.186871290206909,4.393946227284947,10.385416984558105
3.1463632583618164,4.413614420752441,10.371105194091797
3.131326913833618,4.299158755390505,10.382336616516113
3.080481767654419,4.400432272348553,10.339372634887695
3.1093554496765137,4.306775786082393,10.412324905395508
3.105910539627075,4.2794807309817,10.382946968078613
3.0940818786621094,4.233272771217994,10.379867553710938
3.1756598949432373,4.309741172473878,10.303553581237793
3.0725157260894775,4.410635816897931,10.365212440490723
3.151926040649414,4.360728462625827,10.374549865722656
3.1532745361328125,4.297456910168486,10.436834335327148
3.1115543842315674,4.3478213147526334,10.534977912902832
3.182831048965454,4.34458541623982,10.416634559631348
3.1651008129119873,4.276984576967411,10.40768814086914
3.159456729888916,4.325524043291807,10.382803916931152
3.1066131591796875,4.399704980597432,10.330845832824707
3.169705867767334,4.343524596354524,10.351558685302734
3.125267505645752,4.298050369269081,10.36137580871582
3.1460137367248535,4.337768087462921,10.372559547424316
3.141026735305786,4.2740136543954055,10.444402694702148
3.139275074005127,4.2908803388875505,10.308370590209961
3.183363914489746,4.339027018053456,10.340099334716797
3.1370205879211426,4.329362912369625,10.28451156616211
3.1573777198791504,4.284193079918623,10.403663635253906
3.1408917903900146,4.364712244797765,10.354321479797363
3.1372687816619873,4.372928114275315,10.421163558959961
3.115523338317871,4.307086025896881,10.387733459472656
3.1292641162872314,4.364692909144131,10.382707595825195
3.162862539291382,4.35189941781573,10.421985626220703
3.1976888179779053,4.305154517492546,10.370849609375
3.1903626918792725,4.361488866187367,10.412035942077637
3.1503331661224365,4.285089130879246,10.354585647583008
3.146803855895996,4.31666811316141,10.407262802124023
3.1834611892700195,4.353736882098019,10.37944221496582
3.157562732696533,4.34345303545706,10.356043815612793
3.054826021194458,4.258462681235479,10.408683776855469
3.114494800567627,4.339603941388694,10.35931396484375
3.131249189376831,4.333159676187539,10.402751922607422
3.1443753242492676,4.295668395069828,10.340066909790039
3.132956027984619,4.3344057367316315,10.278181076049805
3.1522104740142822,4.39661657324593,10.439083099365234
3.1459362506866455,4.257497384013342,10.373579025268555
3.1020419597625732,4.306077937662069,10.412519454956055
3.1377463340759277,4.2991783294959784,10.398611068725586
3.22631573677063,4.336736609627093,10.407516479492188
3.11631441116333,4.273497177420983,10.394725799560547
3.1926381587982178,4.400038208080722,10.4348783493042
3.175572633743286,4.378310166565434,10.358885765075684
3.1223816871643066,4.27697000725727,10.4373140335083
3.1454226970672607,4.345524276141077,10.434318542480469
3.1957058906555176,4.298169449304363,10.447471618652344
3.1466927528381348,4.341029854192,10.352519989013672
3.1191422939300537,4.359060785799686,10.299216270446777
3.156116008758545,4.3056149803700725,10.311334609985352
3.1499106884002686,4.259812121645415,10.406322479248047
3.1633360385894775,4.341178886026943,10.420382499694824
3.1149189472198486,4.3125967776203264,10.38278579711914
3.0560107231140137,4.279279556458017,10.344014167785645
3.109288454055786,4.276679231352838,10.34506607055664
3.09755539894104,4.317731410963461,10.368158340454102
3.1598751544952393,4.354940261159625,10.321676254272461
3.19934344291687,4.365624091887315,10.362065315246582
3.11853289604187,4.327005457931332,10.379191398620605
3.095086097717285,4.339397431883428,10.360093116760254
3.1534154415130615,4.326598076016776,10.347931861877441
3.1749937534332275,4.398782793133121,10.406466484069824
3.151021718978882,4.302308684614088,10.319402694702148
3.141981601715088,4.300620861451274,10.326838493347168
3.1788816452026367,4.3059507479359,10.467256546020508
3.1158621311187744,4.208200369994822,10.441644668579102
3.1315994262695312,4.30338175491696,10.400917053222656
3.1465070247650146,4.372561298277494,10.392595291137695
3.1299736499786377,4.391029922790559,10.354641914367676
3.1422290802001953,4.275544212698671,10.341239929199219
3.1854677200317383,4.326205938821658,10.411964416503906
3.16215181350708,4.379570119382282,10.3735933303833
3.093740224838257,4.351291284064894,10.45469856262207
3.135436534881592,4.2988431306688915,10.339640617370605
3.1867761611938477,4.305477495005887,10.430512428283691
3.104621171951294,4.241751038036974,10.397857666015625
3.1741302013397217,4.291332442812355,10.342178344726562
3.138709783554077,4.272100793164489,10.339237213134766
3.1487181186676025,4.284974642862965,10.308300971984863
3.1478912830352783,4.363570223994818,10.324462890625
3.1326096057891846,4.369829175627924,10.371566772460938
3.112355947494507,4.3170834812003065,10.346651077270508
3.0875039100646973,4.343545555735806,10.377632141113281
3.156928062438965,4.2780585444998,10.394574165344238
3.1100518703460693,4.328726045188628,10.475358009338379
3.210911512374878,4.299472133961639,10.42426872253418
3.1230270862579346,4.365087893392358,10.356697082519531
3.1162538528442383,4.351237313921696,10.34067153930664
3.2006680965423584,4.404643996086504,10.4072904586792
3.1359636783599854,4.309746244889019,10.425373077392578
3.109471321105957,4.325661950378811,10.320670127868652
3.1581871509552,4.285529383990381,10.350757598876953
3.1863389015197754,4.298097370558286,10.43546199798584
3.1804683208465576,4.3024057544368715,10.42210578918457
3.1695261001586914,4.381677270068654,10.341907501220703
3.1582348346710205,4.34376752542864,10.467487335205078
3.118985176086426,4.298382804329906,10.37061595916748
3.164684295654297,4.330067714410169,10.351909637451172
3.1512677669525146,4.314866931310722,10.455835342407227
3.1608712673187256,4.305126273405871,10.391773223876953
3.116562604904175,4.360897018873532,10.419072151184082
3.1386375427246094,4.285273702349514,10.405333518981934
3.1384847164154053,4.3152443850412965,10.329922676086426
3.116502046585083,4.315442122851631,10.359061241149902
3.132200002670288,4.324549628721019,10.35446548461914
3.1866085529327393,4.2815827808808535,10.387130737304688
3.1049203872680664,4.313436643253745,10.374724388122559
3.1190011501312256,4.278291605945144,10.377645492553711
3.144873857498169,4.3741859846548845,10.482529640197754
3.082315444946289,4.307462914214868,10.364272117614746
3.138230562210083,4.286108264134132,10.407462120056152
3.1555683612823486,4.259482085372189,10.347700119018555
3.1427769660949707,4.336230671232833,10.372854232788086
3.1694676876068115,4.368169269557776,10.36585521697998
3.1605849266052246,4.33722110268926,10.404867172241211
3.0883636474609375,4.34217167539256,10.428810119628906
3.132963180541992,4.296633610634932,10.424561500549316
3.076488494873047,4.248668187031788,10.394577026367188
3.1267261505126953,4.285732667394249,10.339276313781738
3.154827356338501,4.345432081858494,10.42087173461914
3.1015877723693848,4.3090295077168514,10.417938232421875
3.13612699508667,4.318284238854956,10.370307922363281
3.101280450820923,4.2974703548742195,10.403609275817871
3.1263341903686523,4.302184620639308,10.446359634399414
3.0990512371063232,4.20320993651902,10.458019256591797
3.1694464683532715,4.332407238527335,10.380236625671387
3.13861346244812,4.310111022221722,10.396421432495117
3.1860382556915283,4.366231615255986,10.37105941772461
3.0839109420776367,4.322544241423851,10.415214538574219
3.11796498298645,4.274300780147314,10.519214630126953
3.167969226837158,4.317853662285155,10.31616497039795
3.1814019680023193,4.397582541020321,10.366641998291016
3.163581132888794,4.329994322964921,10.415217399597168
3.129683256149292,4.27402422540555,10.412933349609375
3.2066407203674316,4.305860827743475,10.45043659210205
3.152132272720337,4.3242395889080525,10.367605209350586
3.1335339546203613,4.248527353995346,10.302048683166504
3.1632773876190186,4.262416539148294,10.454117774963379
3.1292293071746826,4.363704857915374,10.310665130615234
3.114783525466919,4.256411436745632,10.440094947814941
3.1646616458892822,4.292300477690462,10.385551452636719
3.1618728637695312,4.279203641195116,10.373088836669922
3.1599371433258057,4.282495055713557,10.395561218261719
3.13690447807312,4.344724147514041,10.411312103271484
3.151402711868286,4.35763765482365,10.362104415893555
3.113987922668457,4.364076789867665,10.352100372314453
3.16100811958313,4.383110756985843,10.332454681396484
3.1418042182922363,4.29090116415838,10.33527946472168
3.1032536029815674,4.250525056584072,10.475038528442383
3.139031171798706,4.301101359538733,10.429128646850586
3.1304686069488525,4.314749442473319,10.44891357421875
3.1451597213745117,4.297059801739773,10.330687522888184
3.164146900177002,4.3138771936896125,10.333028793334961
3.086779832839966,4.30789626063779,10.385551452636719
3.1532626152038574,4.303040644819183,10.421480178833008
3.143451452255249,4.342031115433201,10.404461860656738
3.112771987915039,4.294865439878776,10.435493469238281
3.114929437637329,4.299760680945059,10.413664817810059
3.1110641956329346,4.293429436029068,10.426030158996582
3.135068893432617,4.295244303964345,10.35643482208252
3.1361746788024902,4.246686958208946,10.321272850036621
3.1277451515197754,4.298814182834965,10.348624229431152
3.1476919651031494,4.323398431630007,10.357874870300293
3.110173463821411,4.280763260554522,10.41312313079834
3.110869884490967,4.309705240718488,10.335087776184082
3.1139094829559326,4.342813294048288,10.460201263427734
3.1816749572753906,4.2990535923080255,10.451358795166016
3.1750173568725586,4.350713490275666,10.37429141998291
3.156869649887085,4.338831756197448,10.42310619354248
3.1392300128936768,4.2922829938387235,10.405444145202637
3.1385064125061035,4.268684888824022,10.415284156799316
3.1240880489349365,4.271450089922707,10.326996803283691
3.1414246559143066,4.35550324479118,10.394149780273438
3.1473913192749023,4.3061593783287595,10.416560173034668
3.1047542095184326,4.303087122073132,10.341827392578125
3.1640608310699463,4.274673800083941,10.32798957824707
3.236445426940918,4.383839255664498,10.422576904296875
3.1337060928344727,4.290011782132622,10.405323028564453
3.167719841003418,4.337199191263478,10.496614456176758
3.1426775455474854,4.340227946772107,10.369477272033691
3.1904499530792236,4.322762718590508,10.406712532043457
3.112304449081421,4.328614883324398,10.375741004943848
3.1223790645599365,4.335525750614969,10.444902420043945
3.1422677040100098,4.361149296663436,10.407367706298828
3.172515392303467,4.30510051352238,10.378551483154297
3.1470024585723877,4.368630161808271,10.393899917602539
3.1446402072906494,4.261833979282527,10.363962173461914
3.1231963634490967,4.28701517242007,10.402703285217285
3.132751703262329,4.352582071342373,10.397022247314453
3.0599608421325684,4.3279515331211895,10.394866943359375
3.1480138301849365,4.283380488499201,10.407118797302246
3.156630039215088,4.357490278048706,10.429221153259277
3.133060932159424,4.410087734161477,10.464691162109375
3.174027919769287,4.3451125636763335,10.379276275634766
3.0480616092681885,4.2357720393754015,10.292129516601562
3.1212801933288574,4.274775281382193,10.367101669311523
3.1360366344451904,4.327458272421999,10.42972183227539
3.140819549560547,4.342951491874244,10.300233840942383
3.119732618331909,4.2107618059630365,10.40048599243164
3.0542666912078857,4.248896969914702,10.31239128112793
3.099975347518921,4.33023053101663,10.330599784851074
3.164893865585327,4.321685107391594,10.357561111450195
3.176771879196167,4.3105159400895765,10.30290699005127
3.1450881958007812,4.360883100324178,10.403614044189453
3.1302990913391113,4.3463587842083395,10.325074195861816
3.1341443061828613,4.299111086309755,10.410531044006348
3.167126417160034,4.341284820277776,10.426165580749512
3.197397470474243,4.279857826286129,10.369205474853516
3.2057602405548096,4.296445796864906,10.45476245880127
3.1719188690185547,4.378491556637787,10.374124526977539
3.12375545501709,4.301070232509768,10.427992820739746
3.1352791786193848,4.3206842214401275,10.430073738098145
3.250530958175659,4.3473542073209375,10.343364715576172
3.16318941116333,4.281887261130449,10.356324195861816
3.077146530151367,4.281475535627189,10.34337043762207
3.1634697914123535,4.273268590714516,10.334305763244629
3.11922025680542,4.30840407674467,10.388364791870117
3.0642812252044678,4.328988543445511,10.349227905273438
3.081082344055176,4.26033788483723,10.466176986694336
3.1178767681121826,4.3326803459453265,10.299206733703613
3.1342287063598633,4.271119511553219,10.41206169128418
3.17767333984375,4.358740532804014,10.43323802947998
3.1100833415985107,4.308003605875586,10.35593318939209
3.154728651046753,4.270728294172192,10.333889961242676
3.180469512939453,4.362344729181911,10.337032318115234
3.1279966831207275,4.2518615146234096,10.444064140319824
3.099575996398926,4.331968612902398,10.456097602844238
3.1417641639709473,4.372955227536814,10.42781925201416
3.1016738414764404,4.230504731348316,10.382427215576172
3.108003616333008,4.256434607884979,10.365087509155273
3.120858907699585,4.302446574504887,10.322391510009766
3.166158437728882,4.360753850146596,10.392574310302734
3.1813852787017822,4.3924904703495224,10.433759689331055
3.1330208778381348,4.238669659343681,10.447154998779297
3.1624717712402344,4.31050883163698,10.322389602661133
3.101125717163086,4.335086440867079,10.36776351928711
3.1898019313812256,4.342954177309625,10.33709716796875
3.153184175491333,4.296691972629301,10.354787826538086
3.1283645629882812,4.297329858743718,10.425225257873535
3.1090610027313232,4.341016691011776,10.304046630859375
3.1668293476104736,4.290895601867565,10.328782081604004
3.225292205810547,4.381985582544336,10.391672134399414
3.071930170059204,4.336868174340842,10.402231216430664
3.183750629425049,4.2624149926538974,10.359064102172852
3.1356399059295654,4.32806654939694,10.355472564697266
3.0945992469787598,4.288841736369899,10.348069190979004
3.0877320766448975,4.331190551863983,10.446582794189453
3.165442705154419,4.325501684531836,10.36880111694336
3.112245798110962,4.313268058168303,10.446163177490234
3.143641233444214,4.303953303489834,10.402384757995605
3.0967869758605957,4.27844182983972,10.397869110107422
3.085874557495117,4.2781118686377475,10.327537536621094
3.1278512477874756,4.3055799514986575,10.371915817260742
3.100778579711914,4.354622452320266,10.483656883239746
3.1251449584960938,4.351745062707258,10.381772994995117
3.134760856628418,4.341002968938223,10.410160064697266
3.183589458465576,4.35767767395425,10.394298553466797
3.1841578483581543,4.284633639368362,10.37551498413086
3.175265312194824,4.357811543691371,10.448955535888672
3.140068531036377,4.3636249425887526,10.394075393676758
3.143368721008301,4.312795611796901,10.402521133422852
3.156337261199951,4.317066423661475,10.394185066223145
3.183605432510376,4.38902581795784,10.40538501739502
3.1532480716705322,4.247172213891255,10.31998062133789
3.111356258392334,4.3232508100170115,10.34334659576416
3.1554818153381348,4.318736387217151,10.249814987182617
3.1554319858551025,4.300836150168574,10.41065788269043
3.160593032836914,4.342244071320498,10.326437950134277
3.1381421089172363,4.3611603050958365,10.327930450439453
3.0999579429626465,4.299659267034647,10.420768737792969
3.0829081535339355,4.240267018122333,10.401845932006836
3.157684087753296,4.295447914827881,10.364203453063965
3.1080679893493652,4.334724762011319,10.399518966674805
3.1285626888275146,4.27882298687473,10.4085693359375
3.1534550189971924,4.298375906156642,10.435203552246094
3.1502394676208496,4.3064467963496496,10.3543062210083
3.210423469543457,4.316528137806537,10.4824857711792
3.117920398712158,4.375830140164387,10.33050537109375
3.195528745651245,4.358036288060249,10.41939926147461
3.1435718536376953,4.336389876536227,10.31454849243164
3.132072687149048,4.350131771992892,10.321020126342773
3.1367921829223633,4.255511045023533,10.357531547546387
3.067486047744751,4.2595667850691825,10.415444374084473
3.14213490486145,4.34586800395378,10.41829776763916
3.174485921859741,4.356685242083455,10.330413818359375
3.177889108657837,4.2385197128834475,10.330719947814941
3.111276626586914,4.30556522219974,10.489795684814453
3.2073538303375244,4.282662842622293,10.420076370239258
3.1207430362701416,4.306842546544171,10.383024215698242
3.105637550354004,4.290721539607538,10.406466484069824
3.102612018585205,4.283531751683249,10.334724426269531
3.139601707458496,4.276869547952498,10.463086128234863
3.0811023712158203,4.291355034735586,10.35777473449707
3.135178804397583,4.33501940583145,10.415111541748047
3.1522743701934814,4.332421177565785,10.408358573913574
3.1436753273010254,4.325214424270338,10.432536125183105
3.1192643642425537,4.334055901538315,10.365965843200684
3.086193561553955,4.282603541588677,10.329586029052734
3.167351484298706,4.319258760860456,10.435373306274414
3.0885632038116455,4.25429703844046,10.298377990722656
3.136876106262207,4.332069284914593,10.400123596191406
3.1508569717407227,4.390234049575936,10.378857612609863
3.1520674228668213,4.3230720107177545,10.357931137084961
3.138803720474243,4.3029249544321955,10.400500297546387
3.087364435195923,4.29954896950429,10.42795181274414
3.182861804962158,4.249624064724361,10.421064376831055
3.1574528217315674,4.28635573955918,10.402949333190918
3.168161392211914,4.302060334477573,10.340970993041992
3.13784122467041,4.3036429872736335,10.344221115112305
3.1448941230773926,4.326970977043466,10.423578262329102
3.1222312450408936,4.254651630264042,10.402284622192383
3.165950059890747,4.324317367315027,10.381685256958008
3.1269872188568115,4.2113972461250215,10.376692771911621
3.138303279876709,4.3183690327818365,10.417201042175293
3.1495015621185303,4.33141935932716,10.3675537109375
3.136655807495117,4.2407404729830365,10.323871612548828
3.136650562286377,4.268848049886791,10.411476135253906
3.1558802127838135,4.348562228160777,10.357755661010742
3.127751588821411,4.247972383962146,10.444936752319336
3.142848253250122,4.312013307020866,10.320281982421875
3.1099014282226562,4.315345402574167,10.315996170043945
3.12943696975708,4.3012518379837275,10.4446439743042
3.1952197551727295,4.3019597966756145,10.434106826782227
3.161860704421997,4.270371870071229,10.355684280395508
3.134666681289673,4.30695847584866,10.413607597351074
3.1297030448913574,4.28615027799138,10.404401779174805
3.2106239795684814,4.283915561657133,10.379215240478516
3.107560873031616,4.300444080161729,10.346406936645508
3.1535255908966064,4.2640644597953985,10.36937427520752
3.0908796787261963,4.294799679291568,10.354890823364258
3.16426682472229,4.283998841120463,10.37961196899414
3.134312152862549,4.311244591704703,10.412485122680664
3.087606430053711,4.3140775913904825,10.46957778930664
3.1718454360961914,4.353539216232353,10.439990043640137
3.171082019805908,4.287596045228253,10.463508605957031
3.1298344135284424,4.230793419460367,10.438858032226562
3.136761426925659,4.370605900850412,10.362543106079102
3.1851189136505127,4.302593811015998,10.419614791870117
3.1362791061401367,4.319456180058687,10.400520324707031
3.2123403549194336,4.264090121357834,10.421710014343262
3.093613386154175,4.260917794258733,10.437467575073242
3.2052178382873535,4.272543823113664,10.373116493225098
3.0887434482574463,4.179420874387558,10.35023307800293
3.159289598464966,4.302656420772629,10.43514633178711
3.1482250690460205,4.315343830202306,10.381794929504395
3.1198906898498535,4.280389298319018,10.379512786865234
3.16184139251709,4.251625240148444,10.425495147705078
3.100104808807373,4.323282554280013,10.378366470336914
3.1751253604888916,4.358914274057107,10.397649765014648
3.1358437538146973,4.340186091206435,10.383295059204102
3.135119676589966,4.379439163720234,10.29523754119873
3.141669750213623,4.293912622345878,10.333805084228516
3.2020623683929443,4.356557552902294,10.321332931518555
3.103019952774048,4.316400648859728,10.406061172485352
3.159992218017578,4.299852283571713,10.356536865234375
3.083754539489746,4.32088184040705,10.361151695251465
3.122994899749756,4.322936998879802,10.379478454589844
3.089158535003662,4.299574742160205,10.344433784484863
3.088484287261963,4.244425140287993,10.36062240600586
3.1866207122802734,4.359849657896641,10.325704574584961
3.1169419288635254,4.284933463603791,10.330991744995117
3.171374559402466,4.321888879207628,10.41316032409668
3.120239019393921,4.309519165195525,10.387083053588867
3.127718925476074,4.307802817684465,10.377305030822754
3.147345781326294,4.301653565040657,10.411489486694336
3.1291022300720215,4.295524075161666,10.391199111938477
3.1335132122039795,4.219896969518491,10.383514404296875
3.0943379402160645,4.358216073929465,10.401403427124023
3.149235963821411,4.310183925121756,10.39395523071289
3.1288814544677734,4.316715478231865,10.496213912963867
3.1043283939361572,4.261334715843467,10.428428649902344
3.089273452758789,4.277284458113302,10.358390808105469
3.177205801010132,4.391813977189097,10.379606246948242
3.090545654296875,4.245837324831102,10.343986511230469
3.088761806488037,4.251169056332271,10.347868919372559
3.1980504989624023,4.310008726747973,10.375295639038086
3.092883825302124,4.246334487871666,10.415519714355469
3.148878335952759,4.339237165138392,10.38840103149414
3.137697458267212,4.328750376988734,10.337159156799316
3.200995683670044,4.356034576593499,10.434450149536133
3.131662368774414,4.318093269897092,10.374671936035156
3.1823348999023438,4.317068340589425,10.453713417053223
3.1521694660186768,4.352105611469597,10.342893600463867
3.15828013420105,4.275752366586987,10.449640274047852
3.053511381149292,4.314236680544647,10.423900604248047
3.1865217685699463,4.340272703540644,10.35557746887207
3.1583402156829834,4.325449139112607,10.411113739013672
3.127373218536377,4.275756335551185,10.423694610595703
3.152536630630493,4.289991688049797,10.463791847229004
3.1698923110961914,4.310434103910146,10.351441383361816
3.095555305480957,4.35626070989695,10.299005508422852
3.155689001083374,4.303250987016197,10.365767478942871
3.1767325401306152,4.340600170461195,10.460145950317383
3.1385245323181152,4.318620504578576,10.409566879272461
3.152897596359253,4.274310472121994,10.33848762512207
3.2136054039001465,4.283487168872463,10.402756690979004
3.1756715774536133,4.328360993548164,10.405468940734863
3.1442737579345703,4.339014480056773,10.385469436645508
3.1751344203948975,4.282992957159877,10.366286277770996
3.1595962047576904,4.260373248785202,10.419544219970703
3.192284345626831,4.274348875840327,10.355684280395508
3.0870535373687744,4.270755596325866,10.412384033203125
3.1629745960235596,4.291117185394146,10.465906143188477
3.1836087703704834,4.319048427677314,10.388056755065918
3.1202006340026855,4.294011178692537,10.357585906982422
3.113769769668579,4.283423079144476,10.4473295211792
3.1142256259918213,4.306060582964814,10.39135456085205
3.168905258178711,4.297675990699126,10.365545272827148
3.141557216644287,4.237362798835549,10.36410903930664
3.1609227657318115,4.301024024906967,10.394526481628418
3.117098093032837,4.307355208355667,10.355161666870117
3.1462459564208984,4.248800069991765,10.48205280303955
3.136134386062622,4.336342618900485,10.442963600158691
3.195466995239258,4.30963136754664,10.353647232055664
3.152491331100464,4.370999868959189,10.385685920715332
3.1810872554779053,4.328960605098732,10.343294143676758
3.1457724571228027,4.334840988740325,10.422253608703613
3.119905471801758,4.303343866818717,10.384746551513672
3.160658359527588,4.299056729867257,10.361133575439453
3.1519126892089844,4.346483251645363,10.385663986206055
3.160667657852173,4.351939081713291,10.309176445007324
3.1040844917297363,4.261045095677089,10.336446762084961
3.118062734603882,4.284388352484842,10.385547637939453
3.137906789779663,4.291671762775098,10.354722023010254
3.111687421798706,4.304589914124725,10.418672561645508
3.1541152000427246,4.311498658665057,10.433555603027344
3.115631580352783,4.267669101944193,10.322603225708008
3.160273790359497,4.307479399821854,10.411171913146973
3.143747329711914,4.2912602055086095,10.452926635742188
3.1055119037628174,4.340460763878322,10.363322257995605
3.0871474742889404,4.23825706514929,10.305108070373535
3.1109426021575928,4.22996023869408,10.444110870361328
3.1272706985473633,4.325969547000048,10.336383819580078
3.129455327987671,4.26603817188048,10.390608787536621
3.0482869148254395,4.262658967470218,10.452138900756836
3.0936086177825928,4.242303488077596,10.316876411437988
3.0716352462768555,4.209798620248746,10.336676597595215
3.180361747741699,4.286008346759315,10.351677894592285
3.1322715282440186,4.2790097622866075,10.412841796875
3.1427559852600098,4.31276846174816,10.406120300292969
3.1054012775421143,4.335164875623637,10.365899085998535
3.084073781967163,4.311802068292828,10.38827896118164
3.2152059078216553,4.292622865676614,10.39864444732666
3.1062142848968506,4.362880140177108,10.452528953552246
3.1786797046661377,4.3627259966451675,10.344539642333984
3.176753520965576,4.333912497985043,10.36385726928711
3.1429543495178223,4.3197105465390315,10.463802337646484
3.15219783782959,4.210615868380825,10.413934707641602
3.135331630706787,4.2741311179540515,10.408687591552734
3.092487335205078,4.333845669470196,10.424321174621582
3.155928373336792,4.339026273328013,10.348626136779785
3.1914186477661133,4.305709761068491,10.410665512084961
3.080507278442383,4.300154979673348,10.396343231201172
3.1256613731384277,4.313785918156749,10.360279083251953
3.084319591522217,4.323634525993839,10.434617042541504
3.0717225074768066,4.279146704523425,10.376296997070312
3.127987861633301,4.389608281731073,10.37022590637207
3.1000335216522217,4.2759585131758024,10.320719718933105
3.1154086589813232,4.227499626177761,10.411226272583008
3.0523202419281006,4.270830332966788,10.392005920410156
3.1320595741271973,4.2978280441769,10.392020225524902
3.1716532707214355,4.275269283513937,10.446015357971191
3.1079626083374023,4.33817125301409,10.35401439666748
3.1638641357421875,4.365438780647569,10.314096450805664
3.1662490367889404,4.235461933072656,10.423013687133789
3.1351773738861084,4.331201192124613,10.432432174682617
3.162217378616333,4.306389095461261,10.351224899291992
3.1848201751708984,4.266821059298569,10.321675300598145
3.1276252269744873,4.2792482550721616,10.381847381591797
3.1545677185058594,4.308589098110263,10.407244682312012
3.168811321258545,4.300717181426339,10.387716293334961
3.071235179901123,4.264477104314469,10.396482467651367
3.1592535972595215,4.257709744186806,10.353976249694824
3.1283388137817383,4.345522724890283,10.365556716918945
3.1632325649261475,4.294922530218692,10.356677055358887
3.1279773712158203,4.3092816400541265,10.407508850097656
3.1570680141448975,4.275279214605689,10.408525466918945
3.087407112121582,4.2544242259381075,10.452095031738281
3.193166971206665,4.333638487816123,10.278573036193848
3.1608834266662598,4.308236900816805,10.5169677734375
3.126969814300537,4.299483900989539,10.41577434539795
3.063359498977661,4.271175790944003,10.444704055786133
3.1565041542053223,4.326497302989343,10.408265113830566
3.189645528793335,4.316841970497211,10.409883499145508
3.1231961250305176,4.2946864648589065,10.333858489990234
3.160778522491455,4.277264711347276,10.396406173706055
3.103442668914795,4.303874771543113,10.330458641052246
3.075991630554199,4.310039794904046,10.392620086669922
3.11655330657959,4.299310692552743,10.327424049377441
3.1439929008483887,4.282893139835713,10.386590957641602
3.1165735721588135,4.356557653817747,10.331445693969727
3.1172218322753906,4.302342060753809,10.434666633605957
3.101912021636963,4.238868197193369,10.489788055419922
3.137260913848877,4.297391877010731,10.380191802978516
3.1441128253936768,4.292372046670478,10.419173240661621
3.0764095783233643,4.315507250804721,10.369081497192383
3.2445895671844482,4.3427980828232,10.387642860412598
3.148467540740967,4.270260306507615,10.420705795288086
3.1631855964660645,4.295778255211189,10.40655517578125
3.1746633052825928,4.376293523336893,10.315336227416992
3.1359355449676514,4.270934451537738,10.307929039001465
3.1365177631378174,4.271393904861594,10.465400695800781
3.188171625137329,4.36222050611728,10.326790809631348
3.1419570446014404,4.302320118295029,10.443065643310547
3.0993690490722656,4.275388387530776,10.425822257995605
3.1137592792510986,4.2377166245132685,10.293492317199707
3.1502492427825928,4.297141587594524,10.371499061584473
3.077364921569824,4.211713290607024,10.420480728149414
3.0705902576446533,4.326715937516253,10.372689247131348
3.1223666667938232,4.267602727948023,10.420661926269531
3.1475162506103516,4.318115598987789,10.407508850097656
3.168231248855591,4.322014530056289,10.355707168579102
3.207383394241333,4.324840441412692,10.390768051147461
3.1295969486236572,4.3385970346363525,10.499932289123535
3.129148483276367,4.295898205234802,10.399547576904297
3.1636247634887695,4.243748554128355,10.382972717285156
3.0711333751678467,4.258507413822891,10.315229415893555
3.1604504585266113,4.258007708171914,10.407936096191406
3.2102720737457275,4.288123973911363,10.249870300292969
3.2051143646240234,4.318223038056333,10.410264015197754
3.1205921173095703,4.268561765917444,10.382772445678711
3.168686628341675,4.379655463454713,10.3078031539917
3.1866042613983154,4.2558430736951,10.347147941589355
3.162137031555176,4.351847296015227,10.407722473144531
3.1187686920166016,4.2684420166603685,10.405346870422363
3.1571333408355713,4.366078400019822,10.430089950561523
3.0643200874328613,4.332871230884589,10.472370147705078
3.113668918609619,4.297584606900013,10.343063354492188
3.1943492889404297,4.337338329159787,10.405437469482422
3.1742990016937256,4.321068093213919,10.404903411865234
3.126415967941284,4.330667666126309,10.304516792297363
3.1682093143463135,4.210722700493144,10.398274421691895
3.0856118202209473,4.268829270931227,10.368234634399414
3.123854637145996,4.327574445965833,10.425470352172852
3.1578023433685303,4.274666594474444,10.387937545776367
3.0783634185791016,4.280511285910117,10.483766555786133
3.1272518634796143,4.30019081284159,10.350988388061523
3.074362277984619,4.24690670124255,10.461095809936523
3.158872604370117,4.272343527159787,10.43088150024414
3.1873209476470947,4.313891213021374,10.362785339355469
3.120192527770996,4.297344077378511,10.497573852539062
3.12280535697937,4.328365670616871,10.41196346282959
3.1362311840057373,4.259777164851714,10.422334671020508
3.109482765197754,4.294827035994136,10.392684936523438
3.1531267166137695,4.324248680013365,10.389437675476074
3.13985538482666,4.339425771131313,10.3237886428833
3.1714320182800293,4.245987853500992,10.387039184570312
3.1611759662628174,4.340963435492345,10.460506439208984
3.108671188354492,4.331173567932898,10.373741149902344
3.0550458431243896,4.314897715646242,10.365830421447754
3.110569477081299,4.288196474679613,10.337861061096191
3.2059288024902344,4.348438619935353,10.35205078125
3.121509075164795,4.276516226186816,10.45305347442627
3.146087884902954,4.300662675972229,10.426466941833496
3.102783441543579,4.256376002449541,10.363718032836914
3.1422536373138428,4.240186455892399,10.418338775634766
3.123883008956909,4.242119088569391,10.44152545928955
3.221096992492676,4.299096583688098,10.349916458129883
3.1586263179779053,4.330789415332089,10.4432373046875
3.1679792404174805,4.320650195137465,10.407157897949219
3.145125389099121,4.290155012426631,10.382139205932617
3.153351068496704,4.329615039850719,10.45244026184082
3.1288061141967773,4.303896263108721,10.378547668457031
3.118788719177246,4.269288864286085,10.381221771240234
3.11159610748291,4.239599607984668,10.375141143798828
3.0867605209350586,4.312425567336114,10.36070442199707
3.0970449447631836,4.3825054998576105,10.359709739685059
3.22236704826355,4.321546440910814,10.38056468963623
3.1306352615356445,4.208381276211835,10.3179931640625
3.160942792892456,4.280729889603598,10.440767288208008
3.152740955352783,4.355141754561503,10.493151664733887
3.19130539894104,4.285283423627594,10.403488159179688
3.1458137035369873,4.284757741028443,10.368203163146973
3.2017064094543457,4.367110081183324,10.409402847290039
3.139677047729492,4.238246054222276,10.450628280639648
3.127601146697998,4.2897215953229795,10.395761489868164
3.062171697616577,4.273354675654056,10.359088897705078
3.149172067642212,4.343426736903244,10.39969253540039
3.1252129077911377,4.313838599549075,10.38178825378418
3.087148666381836,4.2481639224570245,10.411636352539062
3.109504461288452,4.255324324626209,10.396936416625977
3.0872650146484375,4.267123486913209,10.305377006530762
3.082923412322998,4.31655802973546,10.382509231567383
3.122464418411255,4.28731432972875,10.3392333984375
3.153672933578491,4.258138225580167,10.403228759765625
3.140408992767334,4.245841466721946,10.309549331665039
3.116960287094116,4.331997548196731,10.450141906738281
3.12404727935791,4.296862305607646,10.451427459716797
3.1244876384735107,4.348885003543858,10.387334823608398
3.2202095985412598,4.272683629865891,10.461322784423828
3.167024612426758,4.307198504052525,10.415306091308594
3.181785821914673,4.342813101231253,10.503042221069336
3.1609385013580322,4.357590198051184,10.34222412109375
3.1892523765563965,4.304687490187851,10.342276573181152
3.124927520751953,4.201924211778013,10.314102172851562
3.1709067821502686,4.329821443218472,10.385019302368164
3.148890495300293,4.329201085659276,10.484004974365234
3.1935837268829346,4.301880153528016,10.31755256652832
3.2034413814544678,4.335941481171176,10.368653297424316
3.135152578353882,4.330521415819281,10.435855865478516
3.0479421615600586,4.264184606394597,10.396585464477539
3.1384799480438232,4.301976989322742,10.354751586914062
3.1472716331481934,4.29768025665544,10.416674613952637
3.1600112915039062,4.30272904667072,10.341742515563965
3.1068732738494873,4.266372651260878,10.373031616210938
3.1357483863830566,4.275582254265569,10.424280166625977
3.13668155670166,4.302982340999214,10.36607551574707
3.0982937812805176,4.314748697980706,10.41413688659668
3.1414120197296143,4.33356889506935,10.36266803741455
3.18410587310791,4.286217514990962,10.397350311279297
3.193387031555176,4.2569784463516305,10.42696762084961
3.202975273132324,4.299232538789511,10.367431640625
3.170868158340454,4.266946385015867,10.494638442993164
3.105470895767212,4.26795836900627,10.414119720458984
3.102630615234375,4.278416409356785,10.369382858276367
3.1491692066192627,4.320415683290256,10.37451457977295
3.146481990814209,4.316255779304941,10.36416244506836
3.1899631023406982,4.336646864556575,10.424023628234863
3.1498117446899414,4.388043810280838,10.43142318725586
3.107795238494873,4.233327748686341,10.356613159179688
3.1127262115478516,4.261122152774727,10.364187240600586
3.1402974128723145,4.209979201533965,10.343514442443848
3.20589280128479,4.333006734427597,10.469986915588379
3.1464297771453857,4.276696481309566,10.431936264038086
3.163968324661255,4.312155423220247,10.367671966552734
3.1230199337005615,4.2739920908851285,10.421663284301758
3.162813663482666,4.272310761502013,10.347395896911621
3.108729839324951,4.236795741133391,10.389193534851074
3.15987229347229,4.282043797895312,10.300241470336914
3.11055588722229,4.329738859286798,10.401276588439941
3.1523361206054688,4.311727169136118,10.43748664855957
3.1719727516174316,4.246637450597648,10.377744674682617
3.1263928413391113,4.243805437781184,10.497126579284668
3.1923105716705322,4.235183440049046,10.326691627502441
3.1906726360321045,4.272923796437681,10.3372163772583
3.1372768878936768,4.339646001945116,10.405827522277832
3.1101043224334717,4.220975110739737,10.340143203735352
3.147559642791748,4.359399466908403,10.36367416381836
3.0905086994171143,4.29803175924878,10.41528034210205
3.0971109867095947,4.246594172669575,10.327563285827637
3.1915183067321777,4.229193407576531,10.380316734313965
3.1594295501708984,4.309199301692258,10.334104537963867
3.1234490871429443,4.255976334313996,10.380322456359863
3.1392931938171387,4.302941973553971,10.45261001586914
3.165802001953125,4.256122593169234,10.453058242797852
3.203702926635742,4.353773808140042,10.396703720092773
3.1346850395202637,4.274834816344082,10.432647705078125
3.1796202659606934,4.278320294904656,10.394380569458008
3.134169578552246,4.2359342797260195,10.365784645080566
3.0765233039855957,4.279081017144823,10.388631820678711
3.1373815536499023,4.3201285505866895,10.397523880004883
3.139265537261963,4.315514897461981,10.352996826171875
3.139127254486084,4.245558720714014,10.392455101013184
3.1401257514953613,4.260510636726394,10.434236526489258
3.0945112705230713,4.22764085855202,10.36906623840332
3.124054431915283,4.33907391410321,10.404094696044922
3.17087984085083,4.25706065632403,10.422094345092773
3.112534523010254,4.324026032650312,10.421459197998047
3.1034388542175293,4.261780665987836,10.418588638305664
3.140132427215576,4.267650263949431,10.411418914794922
3.090200424194336,4.252608639121587,10.374116897583008
3.1315231323242188,4.282602226960339,10.460821151733398
3.1732046604156494,4.2793796441318195,10.451456069946289
3.119495391845703,4.3347902679483274,10.29817008972168
3.0994107723236084,4.219622674364863,10.400089263916016
3.1557633876800537,4.263346351982493,10.396528244018555
3.1661927700042725,4.309084385400638,10.448169708251953
3.16326904296875,4.324045040278829,10.323104858398438
3.163822889328003,4.285031619282173,10.404691696166992
3.1248834133148193,4.27152489155664,10.424424171447754
3.134857416152954,4.319753604874547,10.406949996948242
3.1602766513824463,4.302539376874588,10.395097732543945
3.1960079669952393,4.2991921837840765,10.397924423217773
3.1467435359954834,4.287263829294326,10.36177921295166
3.076075792312622,4.252115262273167,10.451570510864258
3.1176819801330566,4.35265365745207,10.344724655151367
3.1188266277313232,4.347974661172235,10.358914375305176
3.131615161895752,4.288377413692485,10.377654075622559
3.1516051292419434,4.300692348508165,10.436173439025879
3.177311658859253,4.318143453049872,10.41472053527832
3.153836965560913,4.262140788337482,10.410758018493652
3.151104211807251,4.240634354795994,10.485138893127441
3.153390884399414,4.261656370379829,10.44940185546875
3.1808135509490967,4.260449819433104,10.343043327331543
3.071856737136841,4.297643290666332,10.473437309265137
3.1356070041656494,4.230581545237718,10.320021629333496
3.185906171798706,4.2630463891795705,10.44913101196289
3.161466121673584,4.293610237305984,10.406900405883789
3.047750949859619,4.260263469702165,10.292149543762207
3.1384432315826416,4.262223457152556,10.374863624572754
3.0846195220947266,4.252174083542611,10.35840892791748
3.1645774841308594,4.269609758397564,10.430438995361328
3.1153006553649902,4.345573653367215,10.352707862854004
3.048316478729248,4.307692169411374,10.537057876586914
3.143002510070801,4.224137436565278,10.429537773132324
3.109281301498413,4.315664551553449,10.3151216506958
3.169053316116333,4.314833093966757,10.387372970581055
3.152280807495117,4.275996299759884,10.349601745605469
3.1354901790618896,4.2808939015625835,10.405667304992676
3.1520614624023438,4.234122664900497,10.456233024597168
3.1037492752075195,4.316446544602513,10.470361709594727
3.121854543685913,4.243269625751834,10.420085906982422
3.1046297550201416,4.288464875925066,10.436582565307617
3.0805864334106445,4.249087027972564,10.433151245117188
3.1346569061279297,4.290442371541368,10.429278373718262
3.1601054668426514,4.2843585437429805,10.45401382446289
3.008404493331909,4.279049005159843,10.364028930664062
3.1378872394561768,4.349249294227255,10.320439338684082
3.1148719787597656,4.265158806594887,10.40839958190918
3.108778476715088,4.295905051985755,10.336198806762695
3.103877544403076,4.311052585053923,10.363754272460938
3.110182046890259,4.254018106730655,10.434135437011719
3.139934539794922,4.2759246146306396,10.409432411193848
3.1353864669799805,4.279551510067124,10.386839866638184
3.0957860946655273,4.308951437173944,10.403985977172852
3.194317102432251,4.345515214305903,10.403291702270508
3.148869514465332,4.3701943048342535,10.350576400756836
3.134887456893921,4.22116375375273,10.371990203857422
3.094543695449829,4.265361029554956,10.361469268798828
3.1425859928131104,4.3006993579744766,10.39199447631836
3.1933674812316895,4.251397360349073,10.405202865600586
3.1104700565338135,4.300461188923301,10.425609588623047
3.120772361755371,4.233941577641027,10.331939697265625
3.1480519771575928,4.250246927142143,10.411321640014648
3.117648124694824,4.250397240909348,10.315147399902344
3.1446938514709473,4.3225158267721,10.511427879333496
3.1748838424682617,4.318139144352504,10.333600997924805
3.124326229095459,4.283821701903695,10.35704517364502
3.195983409881592,4.331460467074066,10.380088806152344
3.1455187797546387,4.295679541105138,10.40416145324707
3.104189872741699,4.2559115873716244,10.483101844787598
3.1354355812072754,4.30000584057,10.405481338500977
3.113468885421753,4.243113151651674,10.369688987731934
3.1191163063049316,4.27773779477658,10.398283004760742
3.132469654083252,4.303761337384848,10.39428997039795
3.161499500274658,4.337007399216027,10.356685638427734
3.0706803798675537,4.299890267928796,10.508110046386719
3.0786402225494385,4.31063405873387,10.391802787780762
3.116189956665039,4.208811292524583,10.40503215789795
3.118278980255127,4.327939961837338,10.463475227355957
3.1386029720306396,4.273092732897826,10.343509674072266
3.2023937702178955,4.319196575653872,10.486625671386719
3.1614763736724854,4.3022785982715765,10.371596336364746
3.068997383117676,4.3156031491900135,10.409777641296387
3.1347641944885254,4.267736700895641,10.412755012512207
3.1954047679901123,4.301388939443443,10.395008087158203
3.140660285949707,4.2944175878406625,10.34841537475586
3.1322901248931885,4.293572214997506,10.357242584228516
3.095444917678833,4.277071030777213,10.424744606018066
3.1621317863464355,4.284227352389799,10.413314819335938
3.193106174468994,4.273098296119964,10.475773811340332
3.088060140609741,4.205706416928609,10.459624290466309
3.151449203491211,4.313900054299406,10.4256591796875
3.1514534950256348,4.273420807073957,10.394657135009766
3.122431516647339,4.32384883625699,10.383827209472656
3.100527048110962,4.275961758602144,10.432957649230957
3.1383721828460693,4.306351832446775,10.422395706176758
3.1318604946136475,4.27981054925892,10.457296371459961
3.1042306423187256,4.255307729688607,10.485953330993652
3.1035263538360596,4.276506724102156,10.45720100402832
3.1723833084106445,4.33479291313727,10.372007369995117
3.1729815006256104,4.350587694207206,10.434860229492188
3.189746856689453,4.2596123507579,10.424590110778809
3.0915918350219727,4.286603527442951,10.363770484924316
3.226097583770752,4.239259862108156,10.399897575378418
3.2181622982025146,4.264276876945846,10.382637977600098
3.137218713760376,4.306324632971415,10.349748611450195
3.1017439365386963,4.294687555138288,10.361615180969238
3.099702835083008,4.288445879738512,10.411903381347656
3.158306121826172,4.321306668621088,10.471992492675781
3.146638870239258,4.270601036160119,10.432367324829102
3.1756906509399414,4.3199333929722865,10.36001968383789
3.145685911178589,4.218276123283432,10.340240478515625
3.0760278701782227,4.224953318912802,10.406664848327637
3.1200923919677734,4.268351847472201,10.369007110595703
3.1549949645996094,4.302755511199524,10.472806930541992
3.0895235538482666,4.2204333585021745,10.426200866699219
3.122175455093384,4.334731723481257,10.406794548034668
3.166487455368042,4.401089109946042,10.392729759216309
3.1487514972686768,4.305694472709936,10.326438903808594
3.1415812969207764,4.301514994885241,10.443755149841309
3.126243829727173,4.323925062548369,10.373689651489258
3.103618860244751,4.258357921848074,10.451202392578125
3.136409044265747,4.216787912816342,10.456463813781738
3.155872106552124,4.228256782782929,10.315079689025879
3.1000430583953857,4.300483720044473,10.371142387390137
3.201558828353882,4.287699805506105,10.446552276611328
3.1795010566711426,4.277039415136511,10.38265609741211
3.098146438598633,4.263700808298641,10.439374923706055
3.115993022918701,4.2866909929018995,10.354626655578613
3.1111936569213867,4.246103417993123,10.434662818908691
3.1677253246307373,4.228756304930097,10.470512390136719
3.09468936920166,4.3116436554119,10.377092361450195
3.116551637649536,4.245003655386556,10.44117546081543
3.103381395339966,4.259475756868986,10.397204399108887
3.149813652038574,4.269951598718762,10.329328536987305
3.1893551349639893,4.23844775973287,10.453262329101562
3.112724542617798,4.282308921783365,10.476990699768066
3.1539621353149414,4.2836175375351955,10.408609390258789
3.1947546005249023,4.245160524966195,10.344069480895996
3.131803274154663,4.262649602921946,10.400540351867676
3.0823214054107666,4.239393463424807,10.479209899902344
3.1951682567596436,4.310342501283491,10.494342803955078
3.1209988594055176,4.249447804243703,10.384742736816406
3.1516764163970947,4.2590571025253405,10.338289260864258
3.1911661624908447,4.3052550766816635,10.419053077697754
3.1325647830963135,4.304095961086985,10.335338592529297
3.180358648300171,4.248473364061543,10.49438762664795
3.1468355655670166,4.208003815429817,10.452574729919434
3.144099473953247,4.273751564190856,10.432076454162598
3.084202289581299,4.2488754290222595,10.417616844177246
3.142306089401245,4.310166148568636,10.386767387390137
3.124335765838623,4.337403265160641,10.386241912841797
3.110339879989624,4.2842621077849925,10.420110702514648
3.154808759689331,4.221743216771366,10.411521911621094
3.1433255672454834,4.26970037272466,10.440723419189453
3.173398017883301,4.259785121539608,10.418658256530762
3.117158889770508,4.2963171053810845,10.39297103881836
3.0706787109375,4.217069283294092,10.413524627685547
3.1326491832733154,4.247488890175841,10.367635726928711
3.1471331119537354,4.2583168509216724,10.408004760742188
3.136481761932373,4.290573928638229,10.368571281433105
3.1844725608825684,4.278390908846632,10.398089408874512
3.1103012561798096,4.2743510854031355,10.408931732177734
3.113584518432617,4.294118202490997,10.404914855957031
3.189969778060913,4.290836086396926,10.343077659606934
3.11203932762146,4.227673627303115,10.421163558959961
3.1445698738098145,4.291382231416979,10.409652709960938
3.1138429641723633,4.220734721448805,10.424627304077148
3.212324619293213,4.273067198494183,10.355137825012207
3.1213412284851074,4.242634528316558,10.254364967346191
3.0926551818847656,4.315516804344952,10.386293411254883
3.0758445262908936,4.260517566764195,10.41524887084961
3.0884032249450684,4.2639432808583875,10.472421646118164
3.120094060897827,4.284863784975771,10.329402923583984
3.0973150730133057,4.271544056545411,10.354226112365723
3.08190655708313,4.251132097328083,10.278138160705566
3.1871511936187744,4.267632101063749,10.36016845703125
3.1201531887054443,4.2641357601221115,10.358297348022461
3.14178466796875,4.225357597959893,10.402952194213867
3.1262314319610596,4.2298027909959535,10.408079147338867
3.1897737979888916,4.356457960858409,10.365388870239258
3.1367297172546387,4.265705711773729,10.362964630126953
3.160630464553833,4.226696860444333,10.314022064208984
3.082486391067505,4.256877955614722,10.318784713745117
3.071554660797119,4.295593449646341,10.414738655090332
3.1313962936401367,4.269703901306327,10.432050704956055
3.1130640506744385,4.2420079602327725,10.378778457641602
3.165499687194824,4.274111212530572,10.41808795928955
3.129605770111084,4.314148163422942,10.401693344116211
3.1402924060821533,4.282165177698646,10.350214958190918
3.1566073894500732,4.297592508606612,10.442861557006836
3.1035594940185547,4.268439879408106,10.434195518493652
3.1558923721313477,4.337462476587722,10.469430923461914
3.0884926319122314,4.149957220801817,10.454617500305176
3.1839749813079834,4.283937977394089,10.421285629272461
3.139007568359375,4.275452598497006,10.461028099060059
3.1549084186553955,4.321849474517096,10.45632553100586
3.145411968231201,4.248165976256133,10.328832626342773
3.063309907913208,4.220564319652372,10.405647277832031
3.1419737339019775,4.209192460236539,10.33175277709961
3.193185329437256,4.303152838489041,10.335314750671387
3.1583104133605957,4.225205238309821,10.467049598693848
3.0859930515289307,4.236750023472788,10.446930885314941
3.1509644985198975,4.2730196934592515,10.396293640136719
3.105591058731079,4.202251066187663,10.434925079345703
3.154560089111328,4.287333733501977,10.318402290344238
3.112410545349121,4.299306108383462,10.379745483398438
3.1258950233459473,4.271614194747858,10.403017044067383
3.1539957523345947,4.309181989968887,10.423654556274414
3.1438677310943604,4.290859643769052,10.390629768371582
3.124934196472168,4.267345173750072,10.339190483093262
3.118434190750122,4.24751042308552,10.30125904083252
3.0997560024261475,4.274722047150136,10.442132949829102
3.1190030574798584,4.313564845194509,10.34913444519043
3.1491048336029053,4.256459905499859,10.440268516540527
3.0946249961853027,4.27995423630013,10.360187530517578
3.1043953895568848,4.202617483246805,10.422409057617188
3.0926239490509033,4.292857019463554,10.411476135253906
3.1091127395629883,4.217312988692097,10.40726089477539
3.118727445602417,4.283440191099154,10.398087501525879
3.0893826484680176,4.256318567985935,10.339909553527832
3.189189910888672,4.243583699189393,10.361981391906738
3.1185414791107178,4.3703808955449075,10.500875473022461
3.1543619632720947,4.308840062402721,10.399632453918457
3.120119094848633,4.245014783992832,10.415254592895508
3.11100172996521,4.30272631423681,10.393664360046387
3.0970499515533447,4.257871951142858,10.373062133789062
3.1947615146636963,4.303460754653705,10.417963027954102
3.1273910999298096,4.28597151142146,10.4312105178833
3.106543779373169,4.3080681479602525,10.4659423828125
3.0918467044830322,4.24545023736677,10.360493659973145
3.145885467529297,4.311945692103889,10.385568618774414
3.1853837966918945,4.247448549173506,10.3780517578125
3.0996320247650146,4.241362185150917,10.348350524902344
3.1504313945770264,4.250972007101934,10.400277137756348
3.1052021980285645,4.1559378408959935,10.450241088867188
3.125887870788574,4.2399989306993255,10.33979606628418
3.1065566539764404,4.245772483426013,10.435471534729004
3.1337811946868896,4.285068624519876,10.407881736755371
3.0772953033447266,4.219064513420952,10.475988388061523
3.10577392578125,4.294321279407345,10.420196533203125
3.104245662689209,4.323764532737966,10.373464584350586
3.0861127376556396,4.298602681873101,10.349713325500488
3.0640780925750732,4.301492884821657,10.475128173828125
3.0918588638305664,4.221137440331014,10.483000755310059
3.1697285175323486,4.268271000590175,10.415918350219727
3.1142826080322266,4.247762988587575,10.47569465637207
3.087671995162964,4.236506751272827,10.485815048217773
3.163173198699951,4.270978578066985,10.398345947265625
3.1371984481811523,4.240632540546358,10.40625286102295
3.1632235050201416,4.317084610362404,10.329090118408203
3.106210231781006,4.183025211894087,10.405647277832031
3.0668675899505615,4.204831636144913,10.40104866027832
3.0647666454315186,4.2927953629155775,10.393741607666016
3.088346481323242,4.240274580295331,10.415772438049316
3.198115825653076,4.232116696025644,10.30002212524414
3.1056389808654785,4.280712249422712,10.47789192199707
3.0920791625976562,4.215703889661069,10.464178085327148
3.188206434249878,4.260979956381821,10.466148376464844
3.1351096630096436,4.273149443624009,10.475700378417969
3.1111159324645996,4.2145332617884765,10.413198471069336
3.0746164321899414,4.219658663363329,10.40694808959961
3.1255033016204834,4.239402528918747,10.422758102416992
3.1504058837890625,4.271510775932776,10.380770683288574
3.12687611579895,4.2821322455004385,10.435369491577148
3.099968433380127,4.2651465642265975,10.443158149719238
3.1062426567077637,4.28970229519265,10.4129638671875
3.1658103466033936,4.238024553184265,10.477182388305664
3.1554667949676514,4.253063695571784,10.426593780517578
3.123584032058716,4.238781563372218,10.366390228271484
3.0788190364837646,4.27563546168884,10.330305099487305
3.0951995849609375,4.239882783066215,10.393630981445312
3.042754650115967,4.172189550474287,10.43552303314209
3.1298410892486572,4.208632998567606,10.458691596984863
3.1910619735717773,4.293090177533616,10.426109313964844
3.1061506271362305,4.28357788910424,10.385242462158203
3.1571168899536133,4.280334719290424,10.39012622833252
3.143214464187622,4.184855900205937,10.421736717224121
3.1242892742156982,4.209586276606257,10.440108299255371
3.1635942459106445,4.260421031952969,10.31429672241211
3.1506545543670654,4.241160973274548,10.323893547058105
3.1476378440856934,4.29913160524198,10.35234260559082
3.1215312480926514,4.264291177337457,10.399188995361328
3.1465253829956055,4.325934337152701,10.38223648071289
3.10312557220459,4.252613792794624,10.44594669342041
3.1486058235168457,4.2296870808516225,10.396831512451172
3.0617408752441406,4.2491603729182055,10.412372589111328
3.1259419918060303,4.216445289252857,10.375044822692871
3.076101779937744,4.240377438420962,10.322809219360352
3.0527467727661133,4.26572071501453,10.460321426391602
3.131150960922241,4.307990908755787,10.454487800598145
3.1453347206115723,4.245172927422183,10.44187068939209
3.1286377906799316,4.243830233147102,10.39356803894043
3.1030185222625732,4.250275386929778,10.432174682617188
3.082021951675415,4.341866421679567,10.443936347961426
3.1158156394958496,4.314113725575486,10.427423477172852
3.0881574153900146,4.248868419988347,10.336043357849121
3.1335999965667725,4.278255602710747,10.493799209594727
3.1447176933288574,4.2190969124037245,10.363661766052246
3.153181552886963,4.256745891080105,10.362056732177734
3.1431312561035156,4.317917339936165,10.37527847290039
3.149711847305298,4.221787967885445,10.451830863952637
3.1383140087127686,4.2340524673927575,10.315332412719727
3.1122424602508545,4.267638611474207,10.37759780883789
3.1084747314453125,4.2378335671299805,10.290764808654785
3.1510095596313477,4.300955343259765,10.42835807800293
3.120204210281372,4.256903917894565,10.457996368408203
3.1526477336883545,4.263168890893991,10.450084686279297
3.0793871879577637,4.218470270313056,10.35348129272461
3.121366024017334,4.297697929465877,10.437847137451172
3.0684735774993896,4.242151117950146,10.432611465454102
3.0939226150512695,4.2257110738262,10.445068359375
3.125274658203125,4.284162153024226,10.443231582641602
3.0872902870178223,4.214344067000118,10.418561935424805
3.1030852794647217,4.282173340840798,10.434947967529297
3.121161699295044,4.262808302118044,10.389888763427734
3.0452282428741455,4.222671084604891,10.369211196899414
3.1473312377929688,4.295552456951035,10.356500625610352
3.092120409011841,4.222205109229045,10.415569305419922
3.1059539318084717,4.276599282731435,10.432861328125
3.1195826530456543,4.237728699176971,10.433722496032715
3.1360795497894287,4.234931474917436,10.393953323364258
3.0387773513793945,4.249560462344172,10.482641220092773
3.1069281101226807,4.256468705500343,10.494118690490723
3.1198222637176514,4.269251347985119,10.50210189819336
3.1688718795776367,4.286253673257307,10.368892669677734
3.10060715675354,4.2399647165688545,10.407384872436523
3.0526838302612305,4.212022926425561,10.373420715332031
3.1586146354675293,4.290849482740408,10.446578979492188
3.0988833904266357,4.280092340860782,10.437012672424316
3.150278329849243,4.242026535195431,10.36284351348877
3.1613895893096924,4.278403999982402,10.420696258544922
3.1126527786254883,4.281002104881087,10.380147933959961
3.1293554306030273,4.307202432603974,10.360424041748047
3.1140990257263184,4.233522182031136,10.415284156799316
3.1600046157836914,4.3106506552680255,10.353555679321289
3.1336660385131836,4.188549678839212,10.418076515197754
3.1202051639556885,4.308169158208849,10.48476505279541
3.059800624847412,4.224239711516669,10.447358131408691
3.1241703033447266,4.306536415292482,10.366310119628906
3.1034560203552246,4.264458639913106,10.402883529663086
3.1168808937072754,4.185317381318392,10.37985897064209
3.1079208850860596,4.230194751472611,10.321557998657227
3.2017276287078857,4.318862399152879,10.368467330932617
3.128326892852783,4.2802227440157115,10.411166191101074
3.094970941543579,4.304225681116804,10.342973709106445
3.0819091796875,4.239610542443447,10.460110664367676
3.179264783859253,4.2921551842508565,10.370330810546875
3.1340713500976562,4.20959285274148,10.326286315917969
3.13996958732605,4.228939761540719,10.40622329711914
3.1226143836975098,4.254247777928998,10.442766189575195
3.1117799282073975,4.205089224369399,10.406249046325684
3.0595593452453613,4.242260352941229,10.38133430480957
3.113943576812744,4.234604007098823,10.362056732177734
3.126809597015381,4.235239386259179,10.377411842346191
3.0742602348327637,4.273996171508251,10.392240524291992
3.1303951740264893,4.208488319734378,10.43673038482666
3.0895044803619385,4.254783712028127,10.370933532714844
3.1302132606506348,4.264510596603421,10.492769241333008
3.106888771057129,4.261196192353964,10.347338676452637
3.0770838260650635,4.261026447638868,10.434944152832031
3.1060118675231934,4.2340439695399255,10.419940948486328
3.1075780391693115,4.25231520439099,10.42773723602295
3.075838804244995,4.219552844895848,10.41064739227295
3.1001977920532227,4.228103742336056,10.390657424926758
3.1662843227386475,4.283950050394716,10.507526397705078
3.1306300163269043,4.362605503993109,10.383941650390625
3.168574571609497,4.283983652978869,10.45615005493164
3.0493555068969727,4.257929762160139,10.431600570678711
3.0870778560638428,4.244842725373539,10.386064529418945
3.1454153060913086,4.293120971681284,10.368626594543457
3.1186954975128174,4.260152847007184,10.367594718933105
3.1658432483673096,4.247455409661468,10.382719039916992
3.1250357627868652,4.242874540820984,10.460261344909668
3.0993130207061768,4.2447578395783365,10.411317825317383
3.096388101577759,4.263445278463353,10.39599609375
3.104710340499878,4.1912629246445645,10.516377449035645
3.1500468254089355,4.268664222576523,10.307939529418945
3.0752294063568115,4.191514429004331,10.341645240783691
3.1266863346099854,4.263066600708823,10.356724739074707
3.161254644393921,4.24959187884815,10.417618751525879
3.1728439331054688,4.238544402743822,10.3546724319458
3.2043864727020264,4.276709972980566,10.426568031311035
3.1504814624786377,4.262257919181138,10.457268714904785
3.2125186920166016,4.319001771809001,10.4403076171875
3.0959455966949463,4.25619735133036,10.353875160217285
3.1179492473602295,4.286189656471834,10.444040298461914
3.1502175331115723,4.226150350778231,10.43520736694336
3.145097017288208,4.278057414206809,10.422473907470703
3.0914347171783447,4.269200966793246,10.43667984008789
3.1305181980133057,4.281549616750064,10.380277633666992
3.14113450050354,4.235824830830097,10.409295082092285
3.0764763355255127,4.193598104042135,10.516878128051758
3.113614082336426,4.2950508370330285,10.469594955444336
3.1355063915252686,4.209065972428237,10.419533729553223
3.101841449737549,4.22510571721276,10.3619384765625
3.1200454235076904,4.23803359163659,10.367379188537598
3.0415544509887695,4.2400987968514015,10.374982833862305
3.121096611022949,4.268744744892631,10.438955307006836
3.1454482078552246,4.323815448276167,10.429032325744629
3.0830740928649902,4.271561026806012,10.438881874084473
3.1811976432800293,4.273949047251206,10.381057739257812
3.094175100326538,4.316911420518799,10.395934104919434
3.125152826309204,4.294896127456532,10.411206245422363
3.1436221599578857,4.296599374718165,10.447643280029297
3.1294453144073486,4.225755692659212,10.430680274963379
3.1278953552246094,4.278848208753126,10.4757080078125
3.100994348526001,4.307103607470967,10.50799560546875
3.103671073913574,4.299008369844939,10.362459182739258
3.0783419609069824,4.263777221852381,10.357601165771484
3.131284236907959,4.289181575345407,10.321941375732422
3.0466339588165283,4.2456941847423355,10.385780334472656
3.112192153930664,4.266950532760737,10.371142387390137
3.1078007221221924,4.298383171936231,10.344707489013672
3.1414458751678467,4.201440426387957,10.306050300598145
3.1202938556671143,4.253139274560714,10.348779678344727
3.086505889892578,4.2595419574395885,10.355257987976074
3.127448797225952,4.245236584683881,10.3499755859375
3.0549747943878174,4.290596616653992,10.4852294921875
3.151214838027954,4.233899561954396,10.399765014648438
3.0948147773742676,4.285397951491177,10.325565338134766
3.1262924671173096,4.185074798396922,10.347485542297363
3.1521353721618652,4.265720214461908,10.426641464233398
3.110895872116089,4.158092317005088,10.299726486206055
3.11019229888916,4.278370096747365,10.421501159667969
3.1761398315429688,4.28166188389462,10.382619857788086
3.129396438598633,4.2742382909636945,10.415706634521484
3.059230089187622,4.285445453100172,10.333415985107422
3.1195871829986572,4.254526542532923,10.430914878845215
3.0808591842651367,4.2345231684989155,10.457530975341797
3.1396877765655518,4.184485932546002,10.47059440612793
3.1656901836395264,4.306062397713373,10.381546020507812
3.0280601978302,4.187784204725176,10.410871505737305
3.070424795150757,4.240470731431352,10.41511058807373
3.1241233348846436,4.2590026789943565,10.358251571655273
3.106520891189575,4.234128679514729,10.343658447265625
3.0531136989593506,4.276642411115712,10.449026107788086
3.0941832065582275,4.230848881083408,10.332361221313477
3.190511703491211,4.2854469591152995,10.396615028381348
3.1048436164855957,4.220888171976965,10.416908264160156
3.0937490463256836,4.255475932000471,10.38603687286377
3.1339240074157715,4.295493497746066,10.42564868927002
3.1248056888580322,4.203609978114921,10.440104484558105
3.1537609100341797,4.249813925142266,10.385332107543945
3.106292486190796,4.236084768415562,10.38957405090332
3.129946708679199,4.24052822955751,10.397417068481445
3.1757407188415527,4.237896349613687,10.448101997375488
3.119208574295044,4.216863891874839,10.39168930053711
3.0761072635650635,4.23695479822345,10.39122200012207
3.1304376125335693,4.289504464748981,10.418153762817383
3.1214563846588135,4.217829645012638,10.375245094299316
3.1403143405914307,4.227721863526052,10.399150848388672
3.1193184852600098,4.235816588991189,10.407343864440918
3.116645574569702,4.275145311274433,10.335158348083496
3.133168935775757,4.223492963838258,10.486876487731934
3.1458942890167236,4.307684524151098,10.445116996765137
3.0869040489196777,4.236305642972833,10.46738338470459
3.1622812747955322,4.256296316560889,10.409147262573242
3.1415340900421143,4.186719610588625,10.369428634643555
3.100381851196289,4.313111989459555,10.36834716796875
3.129610300064087,4.287374163379094,10.457234382629395
3.0741682052612305,4.209177190537698,10.414522171020508
3.050830602645874,4.292103133363915,10.39069938659668
3.083036184310913,4.215375766657027,10.387195587158203
3.0454251766204834,4.211040722272758,10.397027015686035
3.126384735107422,4.263585802866147,10.343358993530273
3.1137378215789795,4.284509780450858,10.363283157348633
3.047431230545044,4.206371278668354,10.365743637084961
3.141942024230957,4.2414816356197536,10.357283592224121
3.095254421234131,4.277288945092421,10.422891616821289
3.178226947784424,4.266313666411277,10.356060028076172
3.180124521255493,4.3006392445614825,10.397222518920898
3.138378858566284,4.319469313270279,10.473505020141602
3.11317777633667,4.198868408034157,10.458362579345703
3.0601584911346436,4.237248960250456,10.441038131713867
3.0971860885620117,4.2890942099371125,10.407618522644043
3.107761859893799,4.230890841788745,10.339515686035156
3.054924726486206,4.223134148865939,10.414838790893555
3.0797228813171387,4.237505762272382,10.37742805480957
3.070701837539673,4.224771489755118,10.418983459472656
3.074976682662964,4.201842842690115,10.40329360961914
3.1491339206695557,4.23744784907571,10.478299140930176
3.1251204013824463,4.26528975473983,10.448833465576172
3.13157057762146,4.273740516676169,10.332318305969238
3.142294406890869,4.286934852400529,10.380820274353027
3.1507644653320312,4.266372178880763,10.385279655456543
3.1400930881500244,4.320297608950309,10.324175834655762
3.1336545944213867,4.297043349194739,10.470466613769531
3.108609199523926,4.238303583714047,10.366791725158691
3.1992154121398926,4.343698791228235,10.3207368850708
3.1275556087493896,4.2879362948504935,10.31750774383545
3.1559767723083496,4.286649076367861,10.411089897155762
3.0843982696533203,4.212789249672953,10.380033493041992
3.1314003467559814,4.203375676480522,10.418806076049805
3.1425862312316895,4.220347060256504,10.363115310668945
3.172149896621704,4.256952139815049,10.33767032623291
3.122532844543457,4.259743335922914,10.413749694824219
3.1408562660217285,4.295568235850493,10.322714805603027
3.141392469406128,4.257285955927468,10.294975280761719
3.119062900543213,4.184699887908729,10.380990982055664
3.0799527168273926,4.197889630050798,10.403768539428711
3.0696778297424316,4.258292965790522,10.393749237060547
3.13010573387146,4.203478209208697,10.351113319396973
3.108242988586426,4.274588578114552,10.418620109558105
3.160860300064087,4.301198773618256,10.395103454589844
3.1191020011901855,4.2503696953478665,10.387042999267578
3.138542413711548,4.238395384113703,10.379321098327637
3.0993051528930664,4.242041391187481,10.364134788513184
3.1193912029266357,4.225456281731438,10.412142753601074
3.1452383995056152,4.291197952415262,10.298593521118164
3.150254249572754,4.255890716399465,10.408512115478516
3.1328070163726807,4.228846577395285,10.363926887512207
3.1604440212249756,4.196726666597117,10.380134582519531
3.113532066345215,4.290468249902395,10.347658157348633
3.1375088691711426,4.273618927990485,10.381542205810547
3.1442360877990723,4.297661467920989,10.364401817321777
3.0858936309814453,4.224852757594947,10.352742195129395
3.117119789123535,4.2360565761170745,10.431119918823242
3.158622980117798,4.246412565964939,10.429376602172852
3.1624085903167725,4.2672528698375185,10.361921310424805
3.0987236499786377,4.255574798078409,10.491018295288086
3.1377716064453125,4.287865858092638,10.361032485961914
3.1160030364990234,4.211178414789694,10.387510299682617
3.098236560821533,4.226110937971888,10.384858131408691
3.003880500793457,4.141293612408585,10.439127922058105
3.107921838760376,4.329244627118377,10.463126182556152
3.096139430999756,4.225814911969272,10.408803939819336
3.120718002319336,4.246135053091815,10.447014808654785
3.1297857761383057,4.259561878263153,10.360008239746094
3.1095287799835205,4.285441332263872,10.440301895141602
3.17126727104187,4.3118934815283865,10.373756408691406
3.1476430892944336,4.2398933307267725,10.397672653198242
3.104828119277954,4.247585048333609,10.363056182861328
3.102480888366699,4.297795893424856,10.394275665283203
3.169919013977051,4.250240767374635,10.456542015075684
3.085218667984009,4.186383212151538,10.37208080291748
3.146458387374878,4.263193527802026,10.410049438476562
3.0760340690612793,4.197693619078823,10.348746299743652
3.12142014503479,4.268483239292566,10.389650344848633
3.1727120876312256,4.286391052883118,10.3367338180542
3.1825859546661377,4.182717912065397,10.440013885498047
3.0918307304382324,4.219433308312936,10.425359725952148
3.11328387260437,4.221920733173777,10.360661506652832
3.1581292152404785,4.300263107188844,10.321773529052734
3.0849907398223877,4.26008448147747,10.446487426757812
3.1382501125335693,4.254314608506061,10.394023895263672
3.1345157623291016,4.240752648861546,10.327051162719727
3.101943254470825,4.239767770349448,10.498086929321289
3.1529195308685303,4.176905325880008,10.456009864807129
3.0661206245422363,4.2143402342751095,10.390235900878906
3.091437578201294,4.255277280562691,10.416586875915527
3.1556522846221924,4.259919862063335,10.458474159240723
3.0960752964019775,4.279513821371699,10.397432327270508
3.0946056842803955,4.264618966994542,10.427907943725586
3.115457057952881,4.214840060964759,10.347671508789062
3.038498878479004,4.199667091048988,10.377016067504883
3.1770107746124268,4.2145131527712305,10.418926239013672
3.117074728012085,4.276387764673148,10.415502548217773
3.1562340259552,4.220021629373409,10.393461227416992
3.0940628051757812,4.216049580435668,10.399822235107422
3.185201406478882,4.2060013013958395,10.407339096069336
3.1027233600616455,4.256787685943501,10.471199989318848
3.1510417461395264,4.242585244854645,10.422784805297852
3.108431339263916,4.189259305430044,10.372407913208008
3.0866618156433105,4.276582544237109,10.431121826171875
3.088803768157959,4.218015605051603,10.416089057922363
3.1315948963165283,4.228051239425051,10.407380104064941
3.0787601470947266,4.191830829251558,10.399226188659668
3.1299374103546143,4.29925489771579,10.428351402282715
3.0995993614196777,4.233694903153395,10.447830200195312
3.097573757171631,4.229696405286502,10.456270217895508
3.1648330688476562,4.193764872083972,10.40156364440918
3.0730059146881104,4.195301500847563,10.332679748535156
3.106588363647461,4.246234823783327,10.382248878479004
3.119922637939453,4.234953282999673,10.369709968566895
3.0566298961639404,4.179586070922336,10.405949592590332
3.083972930908203,4.175937636688884,10.391841888427734
3.100837469100952,4.247427037850555,10.409164428710938
3.1702723503112793,4.254307471947478,10.407964706420898
3.105691909790039,4.209796943069835,10.332578659057617
3.1395957469940186,4.232923679652491,10.421035766601562
3.1731679439544678,4.216031490292932,10.474016189575195
3.090986967086792,4.257534003450669,10.390100479125977
3.1641669273376465,4.276976858265697,10.389808654785156
3.1428329944610596,4.242277811780306,10.411623001098633
3.1568174362182617,4.242563267903669,10.380485534667969
3.069185972213745,4.189675811245771,10.407548904418945
3.0974903106689453,4.227983667149341,10.36874771118164
3.1503970623016357,4.2482705226035,10.387862205505371
3.1444079875946045,4.262643792134311,10.408531188964844
3.0871047973632812,4.203464910820393,10.386022567749023
3.1122000217437744,4.240246990629073,10.387435913085938
3.1463804244995117,4.23216876537273,10.437058448791504
3.1059720516204834,4.2898031872630655,10.325286865234375
3.1655433177948,4.291059365130163,10.441718101501465
3.2025158405303955,4.280539139473278,10.468213081359863
3.1017239093780518,4.24050847354478,10.448286056518555
3.0989303588867188,4.283599189781984,10.457183837890625
3.0664641857147217,4.278671451478398,10.346538543701172
3.1326541900634766,4.221642062034724,10.398280143737793
3.123262405395508,4.226122049914141,10.365469932556152
3.1175882816314697,4.2196566829723965,10.435674667358398
3.1149168014526367,4.212757474310429,10.432191848754883
3.1588711738586426,4.280831731423469,10.364883422851562
3.1160197257995605,4.344321987857776,10.39015007019043
3.118718385696411,4.232206164859235,10.345948219299316
3.1162798404693604,4.226697729867218,10.43421745300293
3.080246925354004,4.26945560841289,10.360132217407227
3.151088237762451,4.252006680771177,10.341323852539062
3.1791272163391113,4.239524867684979,10.520284652709961
3.1587727069854736,4.247544313015948,10.32114028930664
3.107792377471924,4.232420408333253,10.39928150177002
3.173436164855957,4.199437659400116,10.43217945098877
3.109294891357422,4.26817383514052,10.412861824035645
3.1113297939300537,4.226150146984895,10.42559814453125
3.0982091426849365,4.230619171734101,10.390218734741211
3.1470746994018555,4.302909731632098,10.396175384521484
2.988380193710327,4.270871040378032,10.411916732788086
3.088670015335083,4.219280374535758,10.399396896362305
3.162928342819214,4.300613310055009,10.343765258789062
3.115118980407715,4.220889717340469,10.3804931640625
3.105524778366089,4.2637774278077165,10.398256301879883
3.1163954734802246,4.202905759448186,10.39381217956543
3.1272525787353516,4.1952491043069,10.474085807800293
3.0404491424560547,4.207763368529932,10.39592170715332
3.124969959259033,4.241707445587963,10.45878791809082
3.1119749546051025,4.228329699020832,10.365100860595703
3.1371970176696777,4.2856117359229495,10.399625778198242
3.1373798847198486,4.296391630245904,10.445089340209961
3.169692039489746,4.248812413741169,10.459938049316406
3.104496955871582,4.235424373964115,10.447620391845703
3.109671115875244,4.2245004351383875,10.371040344238281
3.1161375045776367,4.25196581493531,10.454547882080078
3.1441080570220947,4.253737425331824,10.381369590759277
3.137535333633423,4.245401952715059,10.34648609161377
3.0707454681396484,4.2313176679225375,10.43503189086914
3.12693452835083,4.24124757955516,10.289066314697266
3.1107370853424072,4.227709222917578,10.463085174560547
3.078922986984253,4.188804000948688,10.402486801147461
3.074918746948242,4.223645913580964,10.37962532043457
3.0691590309143066,4.240494800332401,10.435110092163086
3.0803041458129883,4.215786325811808,10.379201889038086
3.0769150257110596,4.19449268284786,10.386695861816406
3.0726702213287354,4.271756856236607,10.406224250793457
3.1112558841705322,4.232749826274813,10.377118110656738
3.1021511554718018,4.223451218102128,10.442119598388672
3.100700855255127,4.178900136246478,10.469978332519531
3.057080030441284,4.198103608530281,10.437080383300781
3.110968828201294,4.260437793830144,10.356770515441895
3.1342127323150635,4.227979319835349,10.386873245239258
3.127877712249756,4.257517190683367,10.405923843383789
3.0900533199310303,4.2357617805246255,10.404043197631836
3.1366913318634033,4.2429501541358015,10.462118148803711
3.117388963699341,4.197332161578483,10.387311935424805
3.047215223312378,4.202995499529478,10.372899055480957
3.1453542709350586,4.250397334041606,10.431921005249023
3.128624677658081,4.209761276907687,10.378297805786133
3.101311445236206,4.2261654531383614,10.358684539794922
3.107954978942871,4.191947715822606,10.365106582641602
3.0963456630706787,4.219391834556259,10.331833839416504
3.102550745010376,4.226113388980075,10.407612800598145
3.092212677001953,4.255707424998816,10.408166885375977
3.052596092224121,4.2420048207443735,10.424795150756836
3.1478190422058105,4.26802362714495,10.447026252746582
3.1495437622070312,4.218683730644573,10.418240547180176
3.081712007522583,4.232159295718052,10.374876976013184
3.1271557807922363,4.207197022391483,10.412178993225098
3.1057541370391846,4.245034704949441,10.482267379760742
3.1825764179229736,4.269147808164624,10.415163040161133
3.1845390796661377,4.255007965590007,10.393386840820312
3.085862874984741,4.238861704677609,10.435468673706055
3.057558298110962,4.2267837236701915,10.39952564239502
3.1124460697174072,4.252591630843069,10.437809944152832
3.110813617706299,4.333766856929288,10.4788236618042
3.0972096920013428,4.238675894248964,10.389814376831055
3.1231372356414795,4.299110746643106,10.484550476074219
3.0834290981292725,4.290536558055983,10.421550750732422
3.206721544265747,4.21144469115617,10.41987133026123
3.077934980392456,4.226470264739223,10.3633451461792
3.1405200958251953,4.31283126112872,10.290449142456055
3.0642261505126953,4.241318033974884,10.408712387084961
3.111833095550537,4.246936996035012,10.363761901855469
3.10451078414917,4.274398341475587,10.481013298034668
3.1221394538879395,4.2389571889237105,10.433034896850586
3.0650601387023926,4.314478555760745,10.4044189453125
3.1540842056274414,4.228408906708604,10.452021598815918
3.1049633026123047,4.263803714886308,10.436260223388672
3.1381442546844482,4.274050715645509,10.390125274658203
3.211704730987549,4.230356835094946,10.446362495422363
3.1010046005249023,4.221832882114021,10.413561820983887
3.1534361839294434,4.250322022109425,10.38940143585205
3.1021835803985596,4.19848889012688,10.419097900390625
3.064547061920166,4.3108848470728836,10.383176803588867
3.0957791805267334,4.231320881484343,10.443263053894043
3.092792510986328,4.215727014101244,10.359176635742188
3.093116521835327,4.235027258118082,10.429366111755371
3.152611255645752,4.201347953706448,10.390832901000977
3.054222822189331,4.22722608409822,10.424156188964844
3.023515224456787,4.176636743126437,10.348128318786621
3.1388394832611084,4.18529198039323,10.388188362121582
3.1980767250061035,4.188764266935842,10.344975471496582
3.1566126346588135,4.200606520187908,10.374553680419922
3.1006710529327393,4.224260600749403,10.3454008102417
3.1760334968566895,4.248982604160639,10.491394996643066
3.1079838275909424,4.27556858018839,10.464784622192383
3.1252923011779785,4.2551741158323635,10.390716552734375
3.1424853801727295,4.150023630853475,10.394176483154297
3.1238017082214355,4.2403564579518775,10.368563652038574
3.1045782566070557,4.2901655564284225,10.397863388061523
3.1062822341918945,4.229505526400836,10.411909103393555
3.123837471008301,4.238486859747874,10.358346939086914
3.1266520023345947,4.23870004071588,10.472061157226562
3.06451153755188,4.262763248257605,10.369617462158203
3.118933916091919,4.230479133215599,10.398455619812012
3.207118511199951,4.240800453150379,10.426422119140625
3.1464028358459473,4.299092803383245,10.369388580322266
3.085099220275879,4.219333252570193,10.400480270385742
3.111422061920166,4.241730291263334,10.368091583251953
3.14726185798645,4.248251445092527,10.419307708740234
3.104457139968872,4.201978274255192,10.453210830688477
3.1213488578796387,4.302033533441967,10.343466758728027
3.0713765621185303,4.269163785901452,10.385961532592773
3.1061930656433105,4.191808474715799,10.396072387695312
3.1274096965789795,4.260050061990374,10.480329513549805
3.1539227962493896,4.261488894333264,10.523578643798828
3.1139156818389893,4.255563050508499,10.409448623657227
3.187150239944458,4.291927122477708,10.436471939086914
3.123901844024658,4.262377445818856,10.409971237182617
3.1487832069396973,4.250659836422918,10.401493072509766
3.115309000015259,4.3347705716400275,10.332521438598633
3.112414836883545,4.255773920133445,10.385266304016113
3.0734574794769287,4.270339775830507,10.327533721923828
3.113999366760254,4.290133783693559,10.397936820983887
3.0964739322662354,4.231946520108196,10.334975242614746
3.110081911087036,4.239575806572768,10.443723678588867
3.1037094593048096,4.213204535555892,10.284297943115234
3.1024367809295654,4.210591581749863,10.425243377685547
3.136653423309326,4.263927630880581,10.444663047790527
3.0821642875671387,4.2767410578006615,10.426441192626953
3.161101818084717,4.263965515220272,10.350377082824707
3.094456672668457,4.234338182556842,10.438301086425781
3.0922021865844727,4.231080696651977,10.288488388061523
3.0863921642303467,4.1827713420415025,10.442705154418945
3.132469654083252,4.31585285237192,10.43974494934082
3.1132447719573975,4.266342506145261,10.471687316894531
3.1066832542419434,4.305292054046212,10.3212890625
3.1378750801086426,4.210853679072377,10.400028228759766
3.108060121536255,4.208451368014461,10.428823471069336
3.0814194679260254,4.199168710171113,10.279525756835938
3.129031181335449,4.147770252810526,10.43804931640625
3.135993003845215,4.311692536875074,10.425909996032715
3.185819387435913,4.2601496122577895,10.438130378723145
3.122098684310913,4.222898909422969,10.429191589355469
3.0930252075195312,4.213464184730713,10.383381843566895
3.081000804901123,4.260352064456258,10.495588302612305
3.106123447418213,4.247385283566213,10.385921478271484
3.0897281169891357,4.179167901431875,10.383376121520996
3.0746896266937256,4.260129894928208,10.462784767150879
3.0733840465545654,4.210346432668822,10.400899887084961
3.1855640411376953,4.253222709255559,10.423559188842773
3.1650474071502686,4.2832244853821715,10.548574447631836
3.144047260284424,4.23472155377801,10.431940078735352
3.080559253692627,4.233859798105966,10.366495132446289
3.12660813331604,4.276647012547723,10.434556007385254
3.0801448822021484,4.1993417965381274,10.527106285095215
3.061474323272705,4.227542676098113,10.430700302124023
3.1913034915924072,4.263925126321347,10.402975082397461
3.113138437271118,4.251080559732925,10.390209197998047
3.092416763305664,4.327316360780969,10.44205379486084
3.1010003089904785,4.227498899413539,10.394556999206543
3.1403892040252686,4.256560931215063,10.356552124023438
3.071352958679199,4.258793684288061,10.405168533325195
3.095494508743286,4.30541430719729,10.465314865112305
3.036625623703003,4.163085671407836,10.347148895263672
3.130155086517334,4.303392898357873,10.361791610717773
3.1618714332580566,4.3002258994217435,10.393457412719727
3.1027441024780273,4.252633151598275,10.32194995880127
3.165355920791626,4.218755679504414,10.426527976989746
3.132524013519287,4.196789501434458,10.408650398254395
3.068059206008911,4.222831598915426,10.414556503295898
3.12859845161438,4.27469374748346,10.363574981689453
3.1595146656036377,4.251991403156093,10.387535095214844
3.1627728939056396,4.203921060842862,10.437158584594727
3.12595534324646,4.1918431077418585,10.371397018432617
3.0877575874328613,4.152259133855945,10.387101173400879
3.116421937942505,4.186923140360575,10.444300651550293
3.06388783454895,4.153312275552058,10.418434143066406
3.102198362350464,4.328911026673657,10.363397598266602
3.138000726699829,4.2674636281694145,10.447015762329102
3.07265043258667,4.153265507459374,10.380882263183594
3.0856785774230957,4.183082073960188,10.399042129516602
3.077756404876709,4.2184510544341585,10.402606010437012
3.1024842262268066,4.240186109606709,10.336996078491211
3.087507724761963,4.249001507580813,10.277584075927734
3.149951457977295,4.236817943364647,10.361907005310059
3.1208348274230957,4.255782889202236,10.356279373168945
3.1510367393493652,4.198238027714459,10.441192626953125
3.15255069732666,4.229670962518346,10.396045684814453
3.0980632305145264,4.264519293992115,10.399230003356934
3.141512632369995,4.208274995741834,10.438551902770996
3.1613962650299072,4.246737512560296,10.377325057983398
3.147484302520752,4.26541572190555,10.459942817687988
3.093418598175049,4.266285272780806,10.460590362548828
3.093039035797119,4.268532006236325,10.380021095275879
3.114450454711914,4.220211143938027,10.408697128295898
3.099301338195801,4.20579082628579,10.370965957641602
3.131584644317627,4.275226316381513,10.398972511291504
3.1268320083618164,4.171927274936544,10.395879745483398
3.119372844696045,4.259867057603385,10.344388008117676
3.0887532234191895,4.238838963077537,10.423602104187012
3.093463182449341,4.229702713234084,10.410982131958008
3.09291410446167,4.255885662178376,10.36729621887207
3.1154983043670654,4.249280351679773,10.407257080078125
3.1627800464630127,4.208812773693353,10.409570693969727
3.11470365524292,4.184401829095026,10.436656951904297
3.1501784324645996,4.256119157121118,10.39161205291748
3.0849406719207764,4.286170732462778,10.401607513427734
3.0625011920928955,4.213306011665345,10.346267700195312
3.144639253616333,4.229879142916096,10.44314956665039
3.0882930755615234,4.295374592599859,10.408549308776855
3.050079345703125,4.222251055263248,10.36284065246582
3.1392881870269775,4.204392295230979,10.471175193786621
3.170539617538452,4.275665673793161,10.43985366821289
3.091099977493286,4.212682166269847,10.385807037353516
3.091909646987915,4.220303533731827,10.334604263305664
3.1304330825805664,4.196966187729101,10.441261291503906
3.1114654541015625,4.198921514009791,10.333210945129395
3.029914140701294,4.209855873270758,10.428985595703125
3.0531418323516846,4.16279842365267,10.44843864440918
3.1145403385162354,4.191840553855791,10.466278076171875
3.108900785446167,4.248534653867994,10.386503219604492
3.133232593536377,4.204212796475206,10.331931114196777
3.1290862560272217,4.275068790651858,10.419788360595703
3.0627357959747314,4.20181176794826,10.405258178710938
3.110976219177246,4.1553380609090835,10.451493263244629
3.0563571453094482,4.277335209239807,10.381726264953613
3.101142406463623,4.236222952437986,10.389531135559082
3.1483540534973145,4.226506671103249,10.422228813171387
3.1257388591766357,4.158634487606053,10.379618644714355
3.0839686393737793,4.248718783824837,10.286436080932617
3.11091685295105,4.209162020423849,10.484397888183594
3.074263572692871,4.187041092530957,10.454294204711914
3.079127311706543,4.282230103887351,10.36116886138916
3.0603346824645996,4.175574655744381,10.510175704956055
3.0801026821136475,4.230109280939879,10.38101577758789
3.1118061542510986,4.19661207630166,10.355571746826172
3.078230619430542,4.166359553812071,10.407748222351074
3.1067864894866943,4.265361803683585,10.355804443359375
3.0857293605804443,4.254112203572212,10.390460968017578
3.026282548904419,4.141168071821864,10.337646484375
3.103395938873291,4.17569106195255,10.4697904586792
3.1241815090179443,4.217190322333149,10.354942321777344
3.1072776317596436,4.187225864401886,10.440299034118652
3.0904648303985596,4.196033902599343,10.351203918457031
3.0789122581481934,4.223647798511332,10.367947578430176
3.0406806468963623,4.2261654597574045,10.430106163024902
3.104490041732788,4.215814517810941,10.405986785888672
3.111886501312256,4.195054087122636,10.409765243530273
3.122873306274414,4.212332491596628,10.498567581176758
3.0710713863372803,4.236250840659653,10.315767288208008
3.1028389930725098,4.223723743709602,10.383800506591797
3.098842144012451,4.232568954782826,10.42209529876709
3.1254611015319824,4.230142067053489,10.458553314208984
3.166238784790039,4.200464590386089,10.393327713012695
3.1100940704345703,4.229794951521659,10.396135330200195
3.1355104446411133,4.2575903725477735,10.458992004394531
3.07802152633667,4.24508133098217,10.389182090759277
3.087864637374878,4.203639704567779,10.377106666564941
3.1382837295532227,4.231168374020074,10.40141487121582
3.121441125869751,4.297991373542963,10.459839820861816
3.1555800437927246,4.258489090117759,10.409761428833008
3.129894733428955,4.238275852952418,10.465435981750488
3.063767194747925,4.1963363664690405,10.35069465637207
3.100473403930664,4.24263092905416,10.42422103881836
3.1103029251098633,4.233381737888391,10.416516304016113
3.208993673324585,4.1917722419436485,10.44805908203125
3.0686087608337402,4.248244319244154,10.441361427307129
2.9945976734161377,4.181250283926991,10.316000938415527
3.113565444946289,4.213378765720075,10.43902587890625
3.0778872966766357,4.181500402778121,10.397541999816895
3.038214921951294,4.157653047570161,10.404272079467773
3.0720787048339844,4.23486899195372,10.452099800109863
3.139303684234619,4.242772529001481,10.421202659606934
3.1236412525177,4.268980406091682,10.426018714904785
3.0534069538116455,4.219454780886215,10.318142890930176
3.1136891841888428,4.219536187393325,10.309453010559082
3.0947632789611816,4.264692741279889,10.377861976623535
3.058264970779419,4.229040325951896,10.452260971069336
3.116513967514038,4.251095090493826,10.426048278808594
3.1448922157287598,4.247666999963777,10.435395240783691
3.1247403621673584,4.1902280569276105,10.409975051879883
3.123516082763672,4.272904934128746,10.38871955871582
3.1286633014678955,4.310287781691711,10.548728942871094
3.0985894203186035,4.232631516908961,10.36567211151123
3.170722246170044,4.328705140322978,10.449356079101562
3.0642428398132324,4.280337322037667,10.372093200683594
3.0981645584106445,4.236831777097126,10.431400299072266
3.0722298622131348,4.22059506151293,10.342144012451172
3.1781110763549805,4.253265878285414,10.409652709960938
3.1012520790100098,4.240632941181373,10.479015350341797
3.128217935562134,4.244468276455467,10.35123062133789
3.0837016105651855,4.240287035903228,10.409770965576172
3.154545307159424,4.204728679332351,10.415510177612305
3.111921787261963,4.214361102087422,10.345802307128906
3.092805862426758,4.226826773657065,10.337430953979492
3.111398696899414,4.225610816186028,10.4341402053833
3.0989909172058105,4.177388682529065,10.485048294067383
3.1224758625030518,4.225347091709929,10.460380554199219
3.1226420402526855,4.1836615721695125,10.425702095031738
3.0957913398742676,4.290552876922968,10.388612747192383
3.1063294410705566,4.246640292561747,10.457256317138672
3.1022801399230957,4.147441269696823,10.421884536743164
3.1969895362854004,4.231695239265848,10.353885650634766
3.1025633811950684,4.21673844099444,10.40970516204834
3.1198339462280273,4.181383288265871,10.424814224243164
3.106480598449707,4.201951184576111,10.419109344482422
3.116720676422119,4.227409268962219,10.393938064575195
3.170422077178955,4.216066157145958,10.423652648925781
3.1630256175994873,4.259350269334391,10.403812408447266
3.126929521560669,4.250491648114154,10.35582447052002
3.0423574447631836,4.187438475799614,10.44899845123291
3.1371445655822754,4.224441317575318,10.382152557373047
3.1189217567443848,4.189981323234472,10.346128463745117
3.161611795425415,4.267405255498098,10.356159210205078
3.0829741954803467,4.212584162862706,10.433979034423828
3.145009756088257,4.246867998170533,10.416078567504883
3.1490941047668457,4.294340505564054,10.47185230255127
3.087433099746704,4.252076154275398,10.381889343261719
3.0840766429901123,4.209370657967936,10.42052936553955
3.0591301918029785,4.246216952368351,10.461943626403809
3.0886919498443604,4.277260758282084,10.418455123901367
3.0939011573791504,4.1627961878465225,10.410906791687012
3.0766396522521973,4.243980920274875,10.507543563842773
3.162360429763794,4.192659382309233,10.340017318725586
3.0339460372924805,4.187935442397637,10.463815689086914
3.143599510192871,4.26508162223867,10.444473266601562
3.1219706535339355,4.189531745854764,10.378198623657227
3.1184544563293457,4.208623687404074,10.355611801147461
3.101499080657959,4.184214428765699,10.41081428527832
3.14151668548584,4.202754462503695,10.31201457977295
3.195924758911133,4.167940511035601,10.439132690429688
3.0884227752685547,4.21658323345972,10.370626449584961
3.08400559425354,4.22723262278097,10.402301788330078
3.1403894424438477,4.236925516809736,10.475727081298828
3.0928919315338135,4.221107751563458,10.510931015014648
3.0985097885131836,4.224329396417098,10.301107406616211
3.126199245452881,4.2584156686706205,10.41794490814209
3.153736114501953,4.2624549654179384,10.396568298339844
3.1270384788513184,4.196928970249636,10.374706268310547
3.0750794410705566,4.198350382503122,10.39761734008789
3.121692419052124,4.188666952042175,10.442914962768555
3.0809731483459473,4.099029133595261,10.390822410583496
3.0786020755767822,4.1994699972482135,10.378984451293945
3.1269044876098633,4.295916276019334,10.414308547973633
3.0962347984313965,4.202252628115406,10.410008430480957
3.1320295333862305,4.2244609674837985,10.41907787322998
3.0462076663970947,4.16077144251072,10.303994178771973
3.1348204612731934,4.239452737084191,10.47744369506836
3.0786025524139404,4.141365521454385,10.410887718200684
3.143918752670288,4.23704174723077,10.349279403686523
3.0678768157958984,4.290369720597352,10.392875671386719
3.145475149154663,4.193008975724556,10.369063377380371
3.1671392917633057,4.263117906105306,10.346809387207031
3.1151649951934814,4.29310887423344,10.39979362487793
3.068816661834717,4.156768518233938,10.378034591674805
3.094217300415039,4.250398716323876,10.41844654083252
3.117203712463379,4.1813960925875495,10.40103530883789
3.0312368869781494,4.204528350449566,10.363555908203125
3.132111072540283,4.239361293547388,10.442289352416992
3.089193820953369,4.217711779654825,10.342233657836914
3.0846381187438965,4.239439092243889,10.37415885925293
3.1658811569213867,4.273526190780103,10.492022514343262
3.1113288402557373,4.231980553927964,10.343633651733398
3.1384711265563965,4.196740913770295,10.404813766479492
3.1023943424224854,4.171571110774364,10.388933181762695
3.048762321472168,4.196927473481212,10.422540664672852
3.0831079483032227,4.181106947362423,10.366620063781738
3.1311473846435547,4.215214249112511,10.325923919677734
3.112327814102173,4.204544103138947,10.301336288452148
3.0500144958496094,4.2014657818113585,10.357571601867676
3.058077096939087,4.224396875826643,10.42202091217041
3.100386142730713,4.176007645770109,10.413415908813477
3.1528282165527344,4.2305170971833705,10.33584213256836
3.070168972015381,4.23680800226118,10.428346633911133
3.1162779331207275,4.280872785685849,10.40966510772705
3.1283833980560303,4.2414247784763575,10.391633033752441
3.110714912414551,4.224093503019373,10.462475776672363
3.0959737300872803,4.2062636295865685,10.465988159179688
3.0629899501800537,4.221252400161964,10.49436092376709
3.118046522140503,4.285667091042601,10.371214866638184
3.1041297912597656,4.239634274571602,10.384360313415527
3.1281237602233887,4.213093810581736,10.334796905517578
3.0845656394958496,4.221395681745239,10.40473461151123
3.1169958114624023,4.189533908186214,10.449304580688477
3.0663514137268066,4.182238445151597,10.336432456970215
3.0846893787384033,4.249555648304522,10.446847915649414
3.089456796646118,4.2475828803144395,10.408295631408691
3.0908849239349365,4.292233412885772,10.381484985351562
3.0854599475860596,4.208207815020744,10.445646286010742
3.0677969455718994,4.180013631603548,10.40159797668457
3.0972933769226074,4.18366143386811,10.302309036254883
3.174556016921997,4.269885001005605,10.375028610229492
3.099102735519409,4.239487125072628,10.361080169677734
3.087080240249634,4.2277812725598265,10.481913566589355
3.0768284797668457,4.174979803052597,10.450279235839844
3.119325876235962,4.196527129205476,10.42288875579834
3.0760114192962646,4.238010847242549,10.374857902526855
3.099660634994507,4.25571258346151,10.414995193481445
3.1286637783050537,4.2839864629121225,10.48158073425293
3.0779600143432617,4.1729382655383755,10.412875175476074
3.067138671875,4.22461389919876,10.415033340454102
3.1298880577087402,4.223282290622591,10.34610366821289
3.103170871734619,4.232233497314155,10.483467102050781
3.1048529148101807,4.22813614511064,10.43563461303711
3.0642497539520264,4.184217483270913,10.445843696594238
3.100355386734009,4.142713538770165,10.353002548217773
3.042760133743286,4.178748743907947,10.410537719726562
3.056910514831543,4.256447169829959,10.451977729797363
3.098578691482544,4.133108215639368,10.488691329956055
3.139923572540283,4.258216029066327,10.374832153320312
3.131659984588623,4.212414187379181,10.513076782226562
3.117337465286255,4.221630036498286,10.35305118560791
3.0526137351989746,4.251304605277256,10.377697944641113
3.178558826446533,4.276856061204203,10.455245971679688
3.1092095375061035,4.228524703931595,10.379999160766602
3.220512628555298,4.236599512730859,10.356891632080078
3.1169493198394775,4.210102183012558,10.465890884399414
3.136029005050659,4.232417096084516,10.467103958129883
3.071232795715332,4.212884862740923,10.380189895629883
3.164949417114258,4.203377466781863,10.35578441619873
3.0539205074310303,4.235734901424232,10.426252365112305
3.131962776184082,4.277391304561337,10.378357887268066
3.1249656677246094,4.215826365863904,10.359304428100586
3.09677791595459,4.21788787954886,10.37653923034668
3.1057090759277344,4.249927354843488,10.403700828552246
3.043543815612793,4.182002042553255,10.43824577331543
2.968585252761841,4.175234048128394,10.41335391998291
3.089916706085205,4.2523027054433316,10.37717056274414
3.120712995529175,4.196696749921621,10.49156665802002
3.1047654151916504,4.170979765210567,10.4129638671875
3.1851227283477783,4.224898718596835,10.410470008850098
3.0957860946655273,4.1853801760756015,10.462831497192383
3.0254623889923096,4.238779754311378,10.443389892578125
3.1585211753845215,4.149269703043892,10.332768440246582
3.1175625324249268,4.23523414371136,10.398824691772461
3.1185708045959473,4.224514317865084,10.325752258300781
3.101226568222046,4.217747150088793,10.325066566467285
3.110136032104492,4.272949186186971,10.368581771850586
3.1347084045410156,4.257976021517866,10.414115905761719
3.086836576461792,4.240409242887316,10.328041076660156
3.0961015224456787,4.2312191742738445,10.39927864074707
3.1000375747680664,4.212528331937002,10.3662691116333
3.12988543510437,4.2504814262501895,10.410661697387695
3.0689640045166016,4.253275057167879,10.383999824523926
3.113243341445923,4.164766576773088,10.469717025756836
3.1424367427825928,4.247649212633925,10.405158042907715
3.111037254333496,4.244696937800785,10.330241203308105
3.118424415588379,4.239428305632568,10.458561897277832
3.1137185096740723,4.200731516616154,10.437254905700684
3.1250483989715576,4.191328751921121,10.430004119873047
3.103454828262329,4.256265024188906,10.31078815460205
3.066898822784424,4.200411797235054,10.414803504943848
3.1113319396972656,4.207338871035192,10.330450057983398
3.126512289047241,4.2185209313673635,10.378564834594727
3.166414737701416,4.222495223362265,10.356431007385254
3.081686496734619,4.174216185796208,10.41598892211914
3.1588857173919678,4.172065991409388,10.41719913482666
3.094388484954834,4.200708927187537,10.307757377624512
3.1185834407806396,4.2444759691134095,10.316508293151855
3.1314303874969482,4.204437012784183,10.410762786865234
3.0949888229370117,4.233658771329958,10.40965461730957
3.1168649196624756,4.297707581992394,10.424199104309082
3.097097396850586,4.178452376043424,10.36109733581543
3.0986664295196533,4.130838159771104,10.388487815856934
3.122215986251831,4.173305214748585,10.403304100036621
3.0534069538116455,4.2093983393362056,10.400867462158203
3.119987964630127,4.214804010033342,10.396581649780273
3.094538927078247,4.160907547555065,10.450782775878906
3.144911289215088,4.258252823326205,10.309818267822266
3.1918563842773438,4.185254173685929,10.375096321105957
3.118534564971924,4.270325498422608,10.388971328735352
3.1691691875457764,4.228993795146899,10.483850479125977
3.0818405151367188,4.189303896689256,10.404613494873047
3.0858309268951416,4.200239998421499,10.403284072875977
3.1063716411590576,4.172272384100194,10.359111785888672
3.1773312091827393,4.2432509718928495,10.409460067749023
3.0733726024627686,4.255375241295301,10.398469924926758
3.194182872772217,4.274225962414805,10.426764488220215
3.1093902587890625,4.2337795952335,10.497417449951172
3.104182004928589,4.230690439098648,10.39511489868164
3.0906999111175537,4.2347515791188926,10.453340530395508
3.115295171737671,4.149678140645846,10.469888687133789
3.1370015144348145,4.283287261878806,10.345417976379395
3.1055147647857666,4.202733471657017,10.399284362792969
3.097468614578247,4.225679372570344,10.415891647338867
3.077768564224243,4.274371677943106,10.47594928741455
3.0637667179107666,4.242966885412378,10.394769668579102
3.122443914413452,4.305050357145125,10.378896713256836
3.0973706245422363,4.157979688873248,10.440710067749023
3.1165270805358887,4.202023935903396,10.393777847290039
3.166661500930786,4.314661931978272,10.355982780456543
3.012993812561035,4.2008959719512085,10.391651153564453
3.1206560134887695,4.231016790594107,10.39112663269043
3.0386815071105957,4.148828366904386,10.426730155944824
3.0620615482330322,4.151798777315499,10.488055229187012
3.059986114501953,4.219872180871399,10.340612411499023
3.165966510772705,4.267921362105491,10.497740745544434
3.087857961654663,4.226169352818813,10.43174934387207
3.147995948791504,4.258329507928076,10.383048057556152
3.1262786388397217,4.2210395433274766,10.43991470336914
3.1352858543395996,4.223647103378815,10.295414924621582
3.0672378540039062,4.216396102216096,10.378239631652832
3.139619827270508,4.193907551899819,10.32414436340332
3.180039882659912,4.197199390768738,10.341419219970703
3.075265645980835,4.248487943484049,10.382533073425293
3.1621787548065186,4.1782721865789165,10.366971969604492
3.1239471435546875,4.192723262855518,10.489615440368652
3.135723352432251,4.194246091181412,10.409440994262695
3.058213710784912,4.182208460622601,10.403488159179688
3.126862049102783,4.193135319410691,10.337726593017578
3.0836737155914307,4.219432225417612,10.434684753417969
3.1182196140289307,4.249533356766084,10.392184257507324
3.072500228881836,4.235836552655591,10.38468074798584
3.15496826171875,4.231025077269545,10.442939758300781
3.0657317638397217,4.208149453392253,10.415939331054688
3.067310094833374,4.199602852908096,10.384073257446289
3.0995428562164307,4.2308695274737795,10.342031478881836
3.099696397781372,4.210574875885088,10.37520980834961
3.1550731658935547,4.1709654018548985,10.418807983398438
3.1566803455352783,4.26808441054475,10.398406028747559
3.0947697162628174,4.163110246216612,10.496648788452148
2.990633010864258,4.18688784330152,10.427745819091797
3.1121459007263184,4.260169788230477,10.374409675598145
3.1512179374694824,4.299451529214691,10.399420738220215
3.179605484008789,4.230904076481238,10.411800384521484
3.1402955055236816,4.246407148993708,10.359613418579102
3.0448496341705322,4.184075308897134,10.414497375488281
3.0385537147521973,4.193365039403683,10.402393341064453
3.105811595916748,4.257307233954115,10.312471389770508
3.0828475952148438,4.2147614919314424,10.425766944885254
3.111506223678589,4.212995323984485,10.330693244934082
3.146972417831421,4.247663087411118,10.451878547668457
3.145936965942383,4.262817386837145,10.331670761108398
3.0790481567382812,4.198954978857988,10.405417442321777
3.0850021839141846,4.164560561833372,10.445773124694824
3.0393636226654053,4.215838199148752,10.396208763122559
3.090456485748291,4.228379901864432,10.476579666137695
3.1431140899658203,4.243669527848916,10.434781074523926
3.052725076675415,4.212303523240345,10.395263671875
3.0915842056274414,4.238270973986282,10.380941390991211
3.1049702167510986,4.272813819415335,10.423919677734375
3.143441915512085,4.219446147725518,10.430930137634277
3.121777296066284,4.22525376789937,10.43841552734375
3.0467941761016846,4.218149338981935,10.428918838500977
3.0670485496520996,4.241259230999276,10.44615364074707
3.1239776611328125,4.252727080302845,10.451937675476074
3.1659626960754395,4.211428581504151,10.46812629699707
3.084624767303467,4.178749125051711,10.474408149719238
3.104546308517456,4.207992427283898,10.445043563842773
3.0580742359161377,4.145551792612033,10.387770652770996
3.0917160511016846,4.242950606758573,10.392935752868652
3.1708998680114746,4.191058363832002,10.360210418701172
3.0984926223754883,4.222115365755078,10.388849258422852
3.0798418521881104,4.183010664934825,10.332941055297852
3.0263173580169678,4.144111658612799,10.397253036499023
3.133539915084839,4.213326753183668,10.403131484985352
3.0749621391296387,4.258515868635316,10.434261322021484
3.1288278102874756,4.172303726796859,10.367356300354004
3.1007516384124756,4.225959014912535,10.385205268859863
3.064368724822998,4.19628047347734,10.431385040283203
3.0410687923431396,4.27321169877957,10.409467697143555
3.1481473445892334,4.189665011030488,10.357093811035156
3.169987678527832,4.208995581770848,10.391801834106445
3.083112955093384,4.224469300559057,10.416566848754883
3.07739520072937,4.248577952717564,10.444997787475586
3.135155439376831,4.1831348238379835,10.392470359802246
3.075737476348877,4.229717572153146,10.500256538391113
3.146754264831543,4.213003651039409,10.424755096435547
3.084620714187622,4.21968972403556,10.500240325927734
3.1096739768981934,4.208699598542548,10.34267520904541
3.1379778385162354,4.180208559979551,10.4041748046875
3.084362745285034,4.208689734938421,10.464627265930176
3.1209845542907715,4.227186113529439,10.359408378601074
3.108656883239746,4.206234019449246,10.473285675048828
3.150958299636841,4.207036810361647,10.407041549682617
3.0557303428649902,4.2147148032007475,10.411656379699707
3.1114661693573,4.244316589153771,10.339801788330078
3.073573112487793,4.274574103266267,10.351844787597656
3.052619695663452,4.215480022232182,10.375280380249023
3.0801239013671875,4.204972653217347,10.40481948852539
3.102499485015869,4.219619765611632,10.404016494750977
3.0721168518066406,4.156034198822454,10.381155014038086
3.085416078567505,4.1415550370833705,10.42494010925293
3.140380382537842,4.252012178468119,10.408609390258789
3.000166893005371,4.25642954970577,10.357372283935547
3.107356071472168,4.2003045022221555,10.33704948425293
3.127777576446533,4.229699561838061,10.401300430297852
3.1168582439422607,4.211917864358319,10.30352783203125
3.128286838531494,4.222831217572093,10.451118469238281
3.1666314601898193,4.145673766366339,10.331558227539062
3.1704280376434326,4.231301039690151,10.415552139282227
3.0719568729400635,4.191576256982184,10.367203712463379
3.118722438812256,4.233886038285814,10.418478012084961
3.079732894897461,4.229606739810801,10.389223098754883
3.0789318084716797,4.250066853327943,10.422197341918945
3.145998954772949,4.202561820890489,10.33739185333252
3.0479440689086914,4.245278474209564,10.446356773376465
3.0678577423095703,4.244080597135637,10.409464836120605
3.165998935699463,4.231274681964091,10.363173484802246
3.1299755573272705,4.202308733448652,10.483253479003906
3.148162841796875,4.192466787428462,10.430028915405273
3.068453788757324,4.191995161552248,10.382055282592773
3.0980591773986816,4.243179822540176,10.435257911682129
3.1211836338043213,4.212894623367382,10.391539573669434
3.0576770305633545,4.22099139900612,10.4118013381958
3.0808706283569336,4.243453747925482,10.399347305297852
3.0443012714385986,4.253870009511178,10.334158897399902
3.058615207672119,4.23367680516094,10.374288558959961
3.0712153911590576,4.212892355397344,10.42107105255127
3.111067533493042,4.2441580145885895,10.407936096191406
3.192021131515503,4.247218156599307,10.392176628112793
3.110825777053833,4.242300624560032,10.345532417297363
3.1031758785247803,4.112018360490246,10.499761581420898
3.0986762046813965,4.192297945164943,10.50588321685791
3.1258203983306885,4.22710371213699,10.404930114746094
3.113960027694702,4.20059123262763,10.339041709899902
3.166835308074951,4.258984576943996,10.387063026428223
3.094581365585327,4.259921349086133,10.324870109558105
3.0927278995513916,4.204579862699445,10.4426851272583
3.123063087463379,4.250644912776936,10.433465003967285
3.0881519317626953,4.17340163208012,10.370052337646484
3.081470251083374,4.216722834090303,10.452117919921875
3.1174519062042236,4.288844280011419,10.400154113769531
3.1575112342834473,4.144776734224122,10.471207618713379
3.0784239768981934,4.2125935809952875,10.460504531860352
3.056807279586792,4.2416586839660475,10.434688568115234
3.1468119621276855,4.278761203666884,10.37606430053711
3.106825590133667,4.24869852363398,10.38173770904541
3.1057045459747314,4.174199389692928,10.353879928588867
3.0943586826324463,4.146756382991693,10.459956169128418
3.126239776611328,4.231702401402539,10.422126770019531
3.126218795776367,4.201300581651075,10.434427261352539
3.167954444885254,4.224452914803155,10.438801765441895
3.1290266513824463,4.201694921291034,10.452739715576172
3.1175074577331543,4.188561747582363,10.425348281860352
3.0561392307281494,4.229249683275286,10.41144847869873
3.0946574211120605,4.201201401118721,10.394169807434082
3.067965507507324,4.1317225144510825,10.385544776916504
3.0910089015960693,4.236288019223139,10.319917678833008
3.0868475437164307,4.189776207653007,10.343931198120117
3.142787218093872,4.26146362349391,10.3775053024292
3.067499876022339,4.147493874521127,10.417641639709473
3.082043170928955,4.225459353499381,10.50644302368164
3.0809686183929443,4.19684781120824,10.46661376953125
3.0944838523864746,4.22939260234125,10.435653686523438
3.0765488147735596,4.219702602031507,10.443349838256836
3.0995841026306152,4.248641241242045,10.410113334655762
3.0954554080963135,4.174600346146951,10.41699504852295
3.059706211090088,4.119714134738648,10.439841270446777
3.044686794281006,4.170590452716819,10.370044708251953
3.117479085922241,4.230183259018564,10.394940376281738
3.138951301574707,4.231183169110278,10.43442153930664
3.0965521335601807,4.229286548149373,10.412724494934082
3.114462375640869,4.278190872166306,10.36696720123291
3.1035397052764893,4.23409970294285,10.373324394226074
3.1020805835723877,4.2561037550414245,10.48112964630127
3.105433464050293,4.193670945009217,10.385611534118652
3.094426155090332,4.181016081977369,10.479656219482422
3.143625020980835,4.246098461328075,10.400931358337402
3.0334560871124268,4.203758992753657,10.43227481842041
3.1694180965423584,4.271095596021041,10.352582931518555
3.1438493728637695,4.258024386097012,10.352655410766602
3.123326301574707,4.28551588836126,10.498329162597656
3.048125982284546,4.245459059253335,10.355973243713379
3.1162900924682617,4.23675071278454,10.373913764953613
3.100555181503296,4.159069888759404,10.488492012023926
3.0624446868896484,4.23319248023576,10.401748657226562
3.1195907592773438,4.276055101072416,10.385037422180176
3.1015560626983643,4.150774280174768,10.405518531799316
3.1327998638153076,4.217817287226873,10.464323043823242
3.1463723182678223,4.180067717596622,10.337920188903809
3.0872225761413574,4.243621997768059,10.410356521606445
3.138518810272217,4.25330743908749,10.376117706298828
3.1047823429107666,4.17585155604008,10.413583755493164
3.1230130195617676,4.199671233638323,10.357563018798828
3.1044952869415283,4.222616046933191,10.383756637573242
3.0622506141662598,4.2002252081542135,10.485647201538086
3.0481371879577637,4.187172785800483,10.362531661987305
3.1467807292938232,4.232584928361965,10.44765853881836
3.117039203643799,4.2620864561758935,10.435588836669922
3.1673600673675537,4.143778398366911,10.413433074951172
3.0813186168670654,4.172245530877262,10.40103816986084
3.1057212352752686,4.198434365979795,10.431595802307129
3.0497775077819824,4.24607383034059,10.355891227722168
3.0748350620269775,4.220811617261331,10.413437843322754
3.1521170139312744,4.195233468265672,10.369338989257812
3.0860517024993896,4.152013084551851,10.402381896972656
3.069547653198242,4.20338189379046,10.442591667175293
3.1382696628570557,4.240050021924876,10.365787506103516
3.0662176609039307,4.238919579124611,10.396571159362793
3.07952618598938,4.254616755859128,10.43413257598877
3.1141276359558105,4.235078270713399,10.340517044067383
3.1164326667785645,4.165781932151212,10.370552062988281
3.0680437088012695,4.222436409709709,10.296855926513672
3.068772554397583,4.22702899828021,10.385780334472656
3.119331121444702,4.218617805978283,10.364872932434082
3.109147787094116,4.171506381859737,10.392107009887695
3.04610538482666,4.21948643178413,10.390765190124512
3.15310001373291,4.164150297808062,10.386661529541016
3.085209369659424,4.196094570581669,10.412636756896973
3.1141304969787598,4.189879486603396,10.410786628723145
3.0488317012786865,4.218913239693003,10.458202362060547
3.154256820678711,4.253093105441492,10.357476234436035
3.151196241378784,4.275986851891503,10.318748474121094
3.0511860847473145,4.213355432098199,10.402833938598633
3.129168748855591,4.31264699652924,10.368170738220215
3.085358142852783,4.144587875876044,10.345261573791504
3.0236833095550537,4.198201964808894,10.383299827575684
3.032933235168457,4.167712742396231,10.422403335571289
3.108764886856079,4.196164449577086,10.322629928588867
3.1332685947418213,4.173783158949975,10.349041938781738
3.0936872959136963,4.168186218943447,10.381843566894531
3.097628355026245,4.229593042949481,10.453503608703613
3.1399335861206055,4.241382895902331,10.382505416870117
3.0615158081054688,4.17305946662756,10.39023208618164
3.1134750843048096,4.22471702265154,10.46518611907959
3.1078691482543945,4.235852154104838,10.392923355102539
3.1281797885894775,4.176099161484411,10.39688491821289
3.139568567276001,4.208123527600297,10.327197074890137
3.098236322402954,4.196130844265489,10.428385734558105
3.0845208168029785,4.228106739032747,10.44856071472168
3.114832878112793,4.202542162200968,10.492937088012695
3.047236204147339,4.252072115561792,10.337090492248535
3.078707695007324,4.217750993025089,10.47718334197998
3.039367437362671,4.235890677531383,10.29624080657959
3.101984977722168,4.1793007229987005,10.496068954467773
3.100445508956909,4.17148969954412,10.42564582824707
3.155472755432129,4.215499006810465,10.39122200012207
3.1456668376922607,4.23086095770954,10.392616271972656
3.132473945617676,4.196525608455496,10.310657501220703
3.098410129547119,4.207527050715206,10.371110916137695
3.1770617961883545,4.1942365830764174,10.400833129882812
3.080045223236084,4.167305248323827,10.417116165161133
3.169429063796997,4.214744202094152,10.375720977783203
3.1458330154418945,4.216766896890476,10.33376693725586
3.143862009048462,4.150111668610148,10.406458854675293
3.095351457595825,4.235645610340206,10.437251091003418
3.0919501781463623,4.184110857280237,10.441230773925781
3.1097686290740967,4.173299685985382,10.382312774658203
3.061570882797241,4.1966812629585295,10.450955390930176
3.0845515727996826,4.158082046911918,10.447549819946289
3.2015128135681152,4.225772099170301,10.43641471862793
3.1234161853790283,4.199943409800264,10.33537483215332
3.089137315750122,4.142429608552318,10.398455619812012
3.123765707015991,4.257488082894789,10.433797836303711
3.0674219131469727,4.147009380128501,10.341829299926758
3.086357831954956,4.191302678847153,10.459653854370117
3.051574468612671,4.172442568000406,10.423967361450195
3.1208553314208984,4.210352033809093,10.417229652404785
3.057018280029297,4.1559271944487195,10.436582565307617
3.078902006149292,4.147122064372525,10.381217956542969
3.1808080673217773,4.223145954144586,10.44050121307373
3.069645881652832,4.18812489389841,10.384130477905273
3.083937406539917,4.242501786677167,10.393028259277344
3.072399377822876,4.124679471299584,10.339411735534668
3.122495412826538,4.222358932286234,10.469978332519531
3.1088359355926514,4.187184565534283,10.354850769042969
3.0881552696228027,4.2450469844043255,10.444690704345703
3.06666898727417,4.2331188912836035,10.333724975585938
3.1003577709198,4.188274838496,10.444535255432129
3.068206548690796,4.208402686752379,10.444580078125
3.06730580329895,4.2035809890699705,10.349822044372559
3.115299701690674,4.226440410695171,10.426793098449707
3.1093084812164307,4.1228577247820795,10.443248748779297
3.0567986965179443,4.209738693931806,10.428205490112305
3.0955066680908203,4.197253134933167,10.312339782714844
3.0713987350463867,4.256920855093216,10.442100524902344
3.061208963394165,4.228956012254847,10.358863830566406
3.099271774291992,4.218932825739363,10.343130111694336
3.0949156284332275,4.206200543026041,10.414767265319824
3.0398972034454346,4.182783891679719,10.389060974121094
3.0817034244537354,4.195286408166534,10.439346313476562
3.113126277923584,4.218370848468371,10.4207763671875
3.1305794715881348,4.220154439265442,10.434749603271484
3.0777688026428223,4.229051949389811,10.47911262512207
3.106644868850708,4.218313403760216,10.417771339416504
3.0446176528930664,4.259589150814073,10.379051208496094
3.1426541805267334,4.229007795818949,10.389606475830078
3.113715648651123,4.175785452692902,10.499935150146484
3.088743209838867,4.2494502666273295,10.42361831665039
3.0816071033477783,4.221877015328833,10.451316833496094
3.11466383934021,4.195997314394584,10.389657974243164
3.172715187072754,4.215260323968583,10.425138473510742
3.150629997253418,4.200319252542354,10.379107475280762
3.109656572341919,4.268770032362746,10.472618103027344
3.0859713554382324,4.192862342444381,10.458050727844238
3.058692693710327,4.280585060694388,10.364410400390625
3.134657621383667,4.1936965560141415,10.479718208312988
3.1110446453094482,4.230163597501814,10.394567489624023
3.131695032119751,4.189151299219312,10.452804565429688
3.081719160079956,4.287550526903943,10.354793548583984
3.084886074066162,4.2374644366292555,10.428428649902344
3.060153007507324,4.210580481848281,10.398616790771484
3.1193158626556396,4.181197481495993,10.366006851196289
3.117274522781372,4.216457041512642,10.37564754486084
3.0894596576690674,4.182077812995495,10.429126739501953
3.1279726028442383,4.204525911881189,10.390684127807617
3.0734469890594482,4.214277445904112,10.390514373779297
3.0537760257720947,4.157894165388175,10.363948822021484
3.1011173725128174,4.198342618432695,10.41966724395752
3.093017578125,4.2485914879944175,10.38870620727539
3.0823094844818115,4.135632362582587,10.355342864990234
3.093468189239502,4.237687311634155,10.464895248413086
3.0650322437286377,4.1744720736917635,10.391997337341309
3.0926578044891357,4.237998838968841,10.453907012939453
3.0933849811553955,4.1699202027437945,10.460264205932617
3.1033055782318115,4.229634429527713,10.3956298828125
3.0826001167297363,4.187954856748028,10.410673141479492
3.044114828109741,4.151202440594456,10.387304306030273
3.089493751525879,4.185716598061845,10.38924503326416
3.1129825115203857,4.258265135078026,10.39268970489502
3.13163423538208,4.251931993556874,10.403824806213379
3.107572078704834,4.219008734516268,10.347984313964844
3.1383519172668457,4.15972014952318,10.435577392578125
3.1007184982299805,4.237807057631601,10.458066940307617
3.12288498878479,4.195291978273806,10.422473907470703
3.0695691108703613,4.195241658050301,10.401676177978516
3.0707345008850098,4.241720633148881,10.373980522155762
3.104879379272461,4.187073836103083,10.411050796508789
3.1004538536071777,4.246447273962466,10.447267532348633
3.019890308380127,4.188976332944418,10.382611274719238
3.104187250137329,4.170333429106645,10.388371467590332
3.1403629779815674,4.241676821173833,10.38219928741455
3.175522565841675,4.24484455219603,10.351820945739746
3.054898262023926,4.193354977361326,10.445413589477539
3.107455015182495,4.176183641256232,10.37741470336914
3.034940481185913,4.2244632656885575,10.406208992004395
3.0890839099884033,4.200071311156664,10.48514175415039
3.0995242595672607,4.225391377694905,10.376996040344238
3.0668814182281494,4.191234486410395,10.444572448730469
3.0780880451202393,4.267949946989704,10.35304069519043
3.0844993591308594,4.1931966723142455,10.432945251464844
3.0816338062286377,4.1982571158358555,10.411510467529297
3.0472121238708496,4.189847873224477,10.356470108032227
3.0959978103637695,4.288680278097413,10.371416091918945
3.080878257751465,4.156478764589077,10.426713943481445
3.08981990814209,4.161530663192805,10.356517791748047
3.1128432750701904,4.1862207928539386,10.417405128479004
3.118809938430786,4.18308562106852,10.393874168395996
3.063265800476074,4.200748144183308,10.325033187866211
3.0510685443878174,4.197676177402692,10.363030433654785
3.1425766944885254,4.209466291857617,10.468683242797852
3.1086647510528564,4.1882519965126574,10.3178071975708
3.1295371055603027,4.217483076399991,10.369929313659668
3.0869174003601074,4.1882732918685575,10.450010299682617
3.0829005241394043,4.173506204803873,10.398517608642578
3.1382622718811035,4.209810428022008,10.340885162353516
3.0955467224121094,4.250310136504205,10.437931060791016
3.091618299484253,4.2016104203648865,10.333462715148926
3.0754051208496094,4.233313443205719,10.401247024536133
3.0816993713378906,4.246270267459166,10.416624069213867
3.1229586601257324,4.199345293521349,10.372241020202637
3.1800074577331543,4.221914090249421,10.433391571044922
3.009153127670288,4.201523480338178,10.438469886779785
3.067967653274536,4.13666338596626,10.3887939453125
3.0325658321380615,4.182009036020775,10.406293869018555
3.0052263736724854,4.1397667747722675,10.468738555908203
3.058779239654541,4.1438713006542205,10.417535781860352
3.113345146179199,4.1994175579664965,10.411531448364258
3.0704734325408936,4.171879080922476,10.399439811706543
3.0806124210357666,4.168426030980689,10.373453140258789
3.0693681240081787,4.230252635232838,10.404866218566895
3.0955848693847656,4.191726395228345,10.409103393554688
3.025947332382202,4.15954579299848,10.410163879394531
2.9976723194122314,4.226401603813948,10.352210998535156
3.0367305278778076,4.211291135621391,10.443660736083984
3.0586721897125244,4.206881030229852,10.500536918640137
3.0908820629119873,4.17492111033893,10.480587005615234
3.0560553073883057,4.269754022858771,10.304577827453613
3.10640811920166,4.285776389297099,10.43852424621582
3.1009902954101562,4.244372244192553,10.508748054504395
3.0590970516204834,4.246351049747318,10.319720268249512
3.142717123031616,4.185341762511857,10.388806343078613
3.2094409465789795,4.203266607464424,10.390106201171875
3.106353998184204,4.227851679116221,10.367382049560547
3.148406982421875,4.208508705753568,10.369131088256836
3.0740926265716553,4.160362053729061,10.410890579223633
3.1111276149749756,4.281260665639171,10.440805435180664
3.0819778442382812,4.213282715130065,10.346232414245605
3.044910192489624,4.17218204740701,10.341658592224121
3.032459259033203,4.168398428309176,10.383352279663086
3.0531108379364014,4.190509387957198,10.42877197265625
3.0960030555725098,4.164901690723906,10.477679252624512
3.0844004154205322,4.200699461524241,10.334306716918945
3.055076837539673,4.197793375534404,10.455177307128906
3.081303119659424,4.236059148463288,10.389205932617188
3.110971212387085,4.251933004607313,10.432731628417969
3.049448013305664,4.209598419821954,10.345870018005371
3.0917577743530273,4.233358253026381,10.329595565795898
3.156412124633789,4.263551929865831,10.399382591247559
3.088792562484741,4.218951487880466,10.448131561279297
3.1157824993133545,4.165476731490343,10.372085571289062
3.0860066413879395,4.233266172631244,10.41109848022461
3.0372331142425537,4.233088325908673,10.404467582702637
3.0721025466918945,4.25606251321733,10.452217102050781
3.0355169773101807,4.153859429926212,10.433734893798828
3.05696439743042,4.2510738080433965,10.37879467010498
3.1227030754089355,4.216973523309987,10.332621574401855
3.0944647789001465,4.2118002172293405,10.425487518310547
3.0662131309509277,4.225890026128451,10.453990936279297
3.101470470428467,4.202004885300994,10.440080642700195
3.106430768966675,4.147972749147033,10.445356369018555
3.127000331878662,4.218980467578929,10.448535919189453
3.0615546703338623,4.172820030545283,10.489422798156738
3.0316085815429688,4.247650740535131,10.37470531463623
3.0919690132141113,4.160981062234246,10.412969589233398
3.0707035064697266,4.128373289414283,10.501165390014648
3.1278364658355713,4.2421793797652105,10.393999099731445
3.0870754718780518,4.170248347733701,10.434099197387695
3.0718436241149902,4.172137118809458,10.458358764648438
3.1271653175354004,4.246219521022534,10.409509658813477
3.1162047386169434,4.234114716494722,10.363649368286133
3.167388677597046,4.221602654383916,10.403314590454102
3.111854314804077,4.128920674390559,10.477767944335938
3.1001503467559814,4.183855317133878,10.349233627319336
3.1198720932006836,4.262723426001944,10.361251831054688
3.1170859336853027,4.241398717276752,10.526094436645508
3.1626806259155273,4.2662231693643005,10.40410041809082
3.1058595180511475,4.145752078953332,10.386752128601074
3.104210615158081,4.22210812798169,10.422127723693848
3.159968376159668,4.264643262406545,10.456205368041992
3.0302624702453613,4.2464016144762615,10.443733215332031
3.0549473762512207,4.18365430303051,10.394987106323242
3.1064817905426025,4.160798195915829,10.38697624206543
3.155858278274536,4.223249348445929,10.414837837219238
3.118156909942627,4.226748488344517,10.404255867004395
3.0385899543762207,4.261211298472647,10.404441833496094
2.995706081390381,4.172933200573815,10.411727905273438
3.0389411449432373,4.152355541209025,10.372512817382812
3.056169271469116,4.284320990721296,10.467245101928711
3.088754177093506,4.20961959413918,10.393155097961426
3.054086923599243,4.223996441645015,10.372180938720703
3.1349151134490967,4.193900937480587,10.398415565490723
3.1772994995117188,4.20659457772438,10.44802188873291
3.1653904914855957,4.1881351230466475,10.396272659301758
3.0479793548583984,4.229387532986169,10.423887252807617
3.223832607269287,4.287329193537256,10.360034942626953
3.056283473968506,4.183473616173225,10.3768310546875
3.1527416706085205,4.281775104547187,10.4904146194458
3.0782928466796875,4.186435387902228,10.35871410369873
3.104945421218872,4.177172909723596,10.359262466430664
3.10205078125,4.154789192701822,10.459041595458984
3.131525993347168,4.214137322934611,10.50488567352295
3.075731039047241,4.184990626061335,10.399410247802734
3.0241494178771973,4.1939734721090645,10.374696731567383
3.1494476795196533,4.262816163578204,10.4271821975708
3.100048303604126,4.222355051165713,10.41496753692627
3.084198236465454,4.19487860083713,10.447858810424805
3.076185464859009,4.221526279347017,10.380195617675781
3.103437900543213,4.241221161293132,10.446613311767578
3.1386449337005615,4.2124611181539615,10.478679656982422
3.1174769401550293,4.183191119626698,10.454460144042969
3.105318069458008,4.2697550036079654,10.391473770141602
3.054154872894287,4.188976976721148,10.419637680053711
3.102010726928711,4.18493081516187,10.407709121704102
3.070444107055664,4.181877070904842,10.399150848388672
3.1752476692199707,4.251843570764842,10.390663146972656
3.0699241161346436,4.214433565170371,10.316686630249023
3.0829482078552246,4.205743372440338,10.414775848388672
3.0840091705322266,4.196528232789465,10.386085510253906
3.0814990997314453,4.197179987893573,10.4375
3.1613986492156982,4.240311497456527,10.391853332519531
3.10756778717041,4.254901782642784,10.429950714111328
3.0556366443634033,4.250628605784316,10.473848342895508
3.08329701423645,4.228167260298505,10.431388854980469
3.1064975261688232,4.256915975661416,10.454591751098633
3.1054277420043945,4.168993655425896,10.454178810119629
3.060168981552124,4.211779417669667,10.381444931030273
3.0664026737213135,4.163090933147552,10.500535011291504
3.0939769744873047,4.170532094115126,10.423688888549805
3.0962331295013428,4.225059987810839,10.365763664245605
3.1023499965667725,4.206783843526084,10.409889221191406
3.0651485919952393,4.16676962465447,10.43685245513916
3.024118661880493,4.230177421189313,10.364142417907715
3.1151223182678223,4.184641076917094,10.300241470336914
3.130552291870117,4.248493207718378,10.354138374328613
3.114042043685913,4.209186301034476,10.369258880615234
3.068962335586548,4.260970083065331,10.43704605102539
3.083268404006958,4.150242488432143,10.4208984375
3.092360019683838,4.165513212958882,10.35558032989502
3.0983543395996094,4.138439877324604,10.397286415100098
3.054680109024048,4.201666744858293,10.299440383911133
3.0772318840026855,4.230808604275808,10.373575210571289
3.0818848609924316,4.249578745237419,10.463081359863281
2.9986190795898438,4.159380513176854,10.334123611450195
3.111572027206421,4.224835326030319,10.377413749694824
3.0823476314544678,4.119819420057216,10.386675834655762
3.1331465244293213,4.213231107985068,10.39158821105957
3.053154468536377,4.119393904793209,10.407033920288086
3.087214946746826,4.154769371163899,10.431122779846191
3.084430456161499,4.18755275982299,10.475765228271484
3.103879451751709,4.178419893740543,10.341769218444824
3.0868375301361084,4.1552033481919874,10.451126098632812
3.1114907264709473,4.213500127661973,10.38472843170166
3.1487557888031006,4.240932367542492,10.457137107849121
3.0706896781921387,4.155914543994836,10.421158790588379
3.012516736984253,4.2079615730659246,10.395021438598633
3.0664806365966797,4.128748099020283,10.476852416992188
3.1219537258148193,4.189358496971961,10.50858211517334
3.100389242172241,4.188899328898904,10.41707992553711
3.0961971282958984,4.19424448331951,10.434611320495605
3.1490657329559326,4.2526346806636335,10.444148063659668
3.0887184143066406,4.195006546897016,10.451054573059082
3.076817035675049,4.170600215605061,10.346150398254395
3.092684507369995,4.201742515167488,10.419343948364258
3.1195738315582275,4.215071304202347,10.414916038513184
3.096020460128784,4.156903839470552,10.36133861541748
3.0728464126586914,4.202116024913266,10.413891792297363
3.112200975418091,4.253530641984461,10.52751636505127
3.0501224994659424,4.177560915738078,10.424068450927734
3.08317232131958,4.178433926942359,10.430246353149414
3.0558958053588867,4.201040664521445,10.386820793151855
3.066977024078369,4.152229514937582,10.392669677734375
3.0488743782043457,4.2634372584787865,10.439838409423828
3.014418125152588,4.15962145494164,10.449270248413086
3.0554802417755127,4.15708146803081,10.400588989257812
3.131068468093872,4.249037143308668,10.345611572265625
3.0748658180236816,4.24962144431525,10.371968269348145
3.0661044120788574,4.193168147367293,10.401250839233398
3.076237678527832,4.2248499023595025,10.423425674438477
3.072634220123291,4.214743318801214,10.354728698730469
3.1129090785980225,4.227049217093736,10.420476913452148
3.1085126399993896,4.188990412579317,10.412007331848145
3.084977626800537,4.193552108115649,10.436647415161133
3.0569510459899902,4.187837527931801,10.347843170166016
3.118955373764038,4.207923539448529,10.501235008239746
3.0659005641937256,4.195043283481417,10.435810089111328
3.1333210468292236,4.203803892114333,10.325645446777344
3.0815887451171875,4.187969830652166,10.400205612182617
3.0872254371643066,4.265470335526126,10.451951026916504
3.0672836303710938,4.257991572476126,10.489903450012207
3.063728094100952,4.14163985961516,10.493249893188477
3.1353790760040283,4.178700847318396,10.431385040283203
3.1335856914520264,4.223056534538045,10.369964599609375
3.118405818939209,4.158814954172287,10.305887222290039
3.0600955486297607,4.175657674770004,10.435391426086426
3.094163656234741,4.23116558444287,10.35690975189209
3.104693651199341,4.194574219573822,10.422688484191895
3.100003957748413,4.226577578544882,10.372182846069336
3.08778715133667,4.195948093231502,10.36386775970459
3.116211175918579,4.233376448175737,10.432754516601562
3.082714557647705,4.276944850870808,10.412408828735352
3.093567132949829,4.1809907896843335,10.399558067321777
3.1074633598327637,4.207350208856431,10.32923412322998
3.123276948928833,4.210487667437909,10.480270385742188
3.13167405128479,4.15327275830454,10.370403289794922
3.1094107627868652,4.2292091114712616,10.426137924194336
3.0614993572235107,4.152102975906539,10.450159072875977
3.1390938758850098,4.228618859313428,10.341303825378418
3.084625244140625,4.2048061787416895,10.473344802856445
3.053537130355835,4.144889008519905,10.446117401123047
3.1137170791625977,4.291425320552661,10.492241859436035
3.0637712478637695,4.208340488440756,10.388444900512695
3.043785810470581,4.272231897538794,10.465795516967773
3.087265968322754,4.13115547504276,10.463156700134277
3.1002566814422607,4.1760300837257605,10.396621704101562
3.064702272415161,4.128951309681205,10.334455490112305
3.121382713317871,4.19762844638899,10.394937515258789
3.08188796043396,4.149878114628207,10.384745597839355
3.119891405105591,4.192745926124709,10.355293273925781
3.0309863090515137,4.24549870419183,10.376916885375977
3.1199238300323486,4.162777124904096,10.447120666503906
3.0397908687591553,4.1979549011947315,10.349879264831543
3.0983047485351562,4.199282749057082,10.382287979125977
3.114100933074951,4.1684246686220705,10.333852767944336
3.054219961166382,4.138785008873258,10.438346862792969
3.1056430339813232,4.177353497162194,10.369552612304688
3.0713653564453125,4.147810862632468,10.334739685058594
3.1014647483825684,4.156831396677132,10.313916206359863
3.1505749225616455,4.159166787351881,10.341962814331055
3.0812153816223145,4.200583984443385,10.321199417114258
3.1056528091430664,4.167783839927455,10.452014923095703
3.1503713130950928,4.207536753533143,10.4080171585083
3.084821939468384,4.184818452523489,10.322051048278809
3.0481231212615967,4.2391812158415885,10.294722557067871
3.059065341949463,4.206292827646913,10.359068870544434
3.084153175354004,4.1953190611010145,10.429044723510742
3.0907580852508545,4.1775429065538825,10.447234153747559
3.1020452976226807,4.150986287643068,10.358102798461914
3.0883615016937256,4.25986633366639,10.328452110290527
3.1322765350341797,4.218415654929621,10.341573715209961
3.076408863067627,4.20145494776911,10.40768051147461
3.012246608734131,4.154080087618371,10.405014038085938
3.0557069778442383,4.190554545294227,10.40107536315918
3.0565388202667236,4.190051096192162,10.413102149963379
3.062011957168579,4.149007500049525,10.391315460205078
3.06589937210083,4.2052161120809615,10.368830680847168
3.0550882816314697,4.17941651756077,10.400102615356445
3.1196751594543457,4.260318031235198,10.440345764160156
3.092567205429077,4.22130494375181,10.388622283935547
3.09590744972229,4.209561820973509,10.433844566345215
3.0538241863250732,4.252467063355392,10.451140403747559
3.0938544273376465,4.213832262404529,10.368953704833984
3.059760332107544,4.175942503348259,10.441570281982422
3.1110315322875977,4.177162759571469,10.377032279968262
3.0627896785736084,4.206166450799044,10.444299697875977
3.0562148094177246,4.20647687980506,10.331841468811035
3.1123714447021484,4.277966366382316,10.335455894470215
3.0890724658966064,4.21037286054343,10.445401191711426
3.115304708480835,4.3063435757067055,10.409797668457031
3.047419548034668,4.163419056617256,10.38129997253418
3.0587284564971924,4.176872392251555,10.451689720153809
3.104102611541748,4.286537673956316,10.344498634338379
3.0783791542053223,4.191751700593159,10.40079116821289
3.1293015480041504,4.2009246135130525,10.441279411315918
3.0612010955810547,4.169661626552364,10.507040023803711
3.127471685409546,4.18249289358833,10.453279495239258
3.091888904571533,4.245792151328974,10.387561798095703
3.0252456665039062,4.150898603057223,10.393684387207031
3.1187796592712402,4.261493821761437,10.459946632385254
3.1235103607177734,4.221293054121945,10.372157096862793
3.0638136863708496,4.143413123508383,10.419027328491211
3.1174652576446533,4.17327331488819,10.39567756652832
3.1314635276794434,4.159069153779585,10.39726734161377
3.0810348987579346,4.241918971861845,10.348904609680176
3.115884780883789,4.175323181353243,10.374752044677734
3.052276134490967,4.177240947893421,10.432755470275879
3.0514395236968994,4.195331165866394,10.350720405578613
3.0606517791748047,4.181066976693858,10.344743728637695
3.1061596870422363,4.216863350244238,10.39380931854248
3.02650785446167,4.147154139088732,10.377218246459961
3.1183431148529053,4.154162257676945,10.366395950317383
3.061184883117676,4.200904887502214,10.401769638061523
3.0901622772216797,4.137448107291545,10.40760612487793
3.019239664077759,4.247107345710641,10.400968551635742
3.0826807022094727,4.194361696818046,10.42196273803711
3.0345070362091064,4.129855227956016,10.46076774597168
3.0991830825805664,4.2353233054080714,10.455336570739746
3.0842583179473877,4.22889467704642,10.380982398986816
3.075941801071167,4.210058574564754,10.353095054626465
3.1329550743103027,4.1178203306293915,10.354448318481445
3.035435914993286,4.102365206827277,10.374565124511719
3.10677170753479,4.266350286879709,10.35960578918457
3.136176347732544,4.22317150647619,10.451940536499023
3.038740634918213,4.206879895479817,10.484230041503906
3.121838092803955,4.211353092720467,10.505342483520508
3.094567060470581,4.249526700736689,10.44721794128418
3.0151753425598145,4.2219960810284,10.423910140991211
3.0621166229248047,4.287801280351622,10.407807350158691
3.0859882831573486,4.277280847275896,10.336212158203125
3.0952706336975098,4.212307500586445,10.384732246398926
3.0522077083587646,4.1959788854500015,10.336508750915527
3.1006722450256348,4.179985997200544,10.332996368408203
3.0879058837890625,4.151178677998749,10.384719848632812
3.109023094177246,4.195334881178237,10.314266204833984
3.0681967735290527,4.2498633752111346,10.343376159667969
3.0417490005493164,4.177705684510459,10.452879905700684
3.05366587638855,4.2156711223734815,10.387014389038086
3.0832040309906006,4.234592613098877,10.424590110778809
3.100393056869507,4.212803457264922,10.379196166992188
3.062582015991211,4.220436878568893,10.380478858947754
3.1300036907196045,4.172121609627669,10.46505069732666
3.1246755123138428,4.231090798009452,10.386781692504883
3.0544750690460205,4.192537487783868,10.355100631713867
3.075655460357666,4.238330428189199,10.401376724243164
3.0286009311676025,4.181553885706567,10.407958030700684
3.14292311668396,4.215609621522682,10.295646667480469
3.118131160736084,4.170940366540371,10.386996269226074
3.1463019847869873,4.242376419715583,10.37541675567627
3.127746105194092,4.1621163105924746,10.366355895996094
3.087587833404541,4.257608832591878,10.413825988769531
3.114543914794922,4.246244277040074,10.476480484008789
3.055333137512207,4.160907990698304,10.401200294494629
3.110229730606079,4.2537957197387835,10.363100051879883
3.0261621475219727,4.193407818408949,10.426956176757812
3.087818145751953,4.165333087788895,10.381013870239258
3.07358717918396,4.217278699756466,10.407341003417969
3.048307418823242,4.147163573585983,10.424545288085938
3.0600738525390625,4.195492357281702,10.380846977233887
3.1550326347351074,4.198842948136319,10.410396575927734
3.0853796005249023,4.208360320023661,10.425947189331055
3.0677056312561035,4.163622114740844,10.412504196166992
3.0316925048828125,4.148440259841403,10.461990356445312
3.1365911960601807,4.211196797999686,10.311939239501953
3.1217334270477295,4.192437697235229,10.362161636352539
3.1233296394348145,4.1720114245212505,10.4586763381958
3.117497682571411,4.1986447079107165,10.413629531860352
3.101733446121216,4.231484342000581,10.455267906188965
3.078988790512085,4.174018001649529,10.37856674194336
3.0741374492645264,4.246001418812999,10.437051773071289
3.0668797492980957,4.211920042389206,10.345215797424316
3.056546926498413,4.188446593903271,10.374005317687988
3.1055169105529785,4.1741395013273825,10.355854988098145
3.120096206665039,4.248867658665404,10.376545906066895
3.1274778842926025,4.202680840489587,10.341146469116211
3.091974973678589,4.1717218500894635,10.410049438476562
3.097271203994751,4.2019633208734115,10.391459465026855
3.080569267272949,4.220157779919516,10.362300872802734
3.0492918491363525,4.205042699351907,10.436697006225586
3.072819232940674,4.218462462902868,10.422529220581055
3.0878512859344482,4.197993387601206,10.446422576904297
3.070063352584839,4.184699781937524,10.445756912231445
3.102618455886841,4.214795306790621,10.394847869873047
3.0999982357025146,4.2177125330947876,10.391063690185547
3.1219115257263184,4.193662014490526,10.444454193115234
3.0748708248138428,4.252302420325577,10.43268871307373
3.076098680496216,4.198528812133841,10.358471870422363
3.03281831741333,4.248894791152061,10.432025909423828
3.0782527923583984,4.214347054749461,10.379522323608398
3.15500807762146,4.209595612117223,10.414791107177734
3.043747663497925,4.159935997333377,10.387358665466309
3.10072922706604,4.197743762916486,10.380558013916016
3.1251816749572754,4.190975317698237,10.412535667419434
3.088139295578003,4.184474573370867,10.410604476928711
3.033994197845459,4.203763268156243,10.391417503356934
3.098525047302246,4.197116149955296,10.379030227661133
3.148966073989868,4.228698209759647,10.44863510131836
3.1031975746154785,4.226725762410621,10.440049171447754
3.0723073482513428,4.194918885461188,10.397418022155762
3.0400071144104004,4.157117082371509,10.422833442687988
3.0520339012145996,4.180025426171985,10.415563583374023
3.096874475479126,4.167686288012192,10.427672386169434
3.066823959350586,4.239601432911253,10.37756061553955
3.064093828201294,4.211850387177297,10.389681816101074
3.163482666015625,4.191261978154736,10.35482120513916
3.102484703063965,4.176102388816487,10.400202751159668
3.114853858947754,4.252273082067925,10.384572982788086
3.1270041465759277,4.214643164038924,10.539580345153809
3.0527560710906982,4.191134169498192,10.481813430786133
3.070053815841675,4.149105938151479,10.327261924743652
3.035975217819214,4.160597285289051,10.44766616821289
3.079989194869995,4.210178299041997,10.407136917114258
3.079105854034424,4.169376704110099,10.374789237976074
3.1089839935302734,4.249686457116955,10.347618103027344
3.106489896774292,4.164569127772536,10.363032341003418
3.126181125640869,4.205220688267477,10.412375450134277
3.1816799640655518,4.243024046067148,10.446436882019043
3.095599889755249,4.194906135122957,10.435093879699707
3.072143316268921,4.201763052094196,10.367196083068848
3.054701805114746,4.111125816324992,10.417938232421875
3.1281487941741943,4.223273665477921,10.388679504394531
3.0539958477020264,4.13851204351522,10.431944847106934
3.141740083694458,4.212984029503007,10.438619613647461
3.0809249877929688,4.130304690783046,10.321674346923828
3.0444161891937256,4.187748707032629,10.420784950256348
3.1544344425201416,4.141838002051892,10.473400115966797
3.091130018234253,4.261201036229197,10.37238883972168
3.0921521186828613,4.214585150558768,10.439953804016113
3.1057238578796387,4.16240152044754,10.425692558288574
3.057297706604004,4.19676851564353,10.347265243530273
3.1273818016052246,4.283376338026886,10.376422882080078
3.092775344848633,4.241402255870136,10.372961044311523
3.087446928024292,4.157699271670676,10.41887378692627
3.1219255924224854,4.189459258191554,10.439814567565918
3.0916378498077393,4.255392042886731,10.419244766235352
3.049802541732788,4.191348243471501,10.483016967773438
3.0507795810699463,4.159770151467196,10.32907772064209
3.0128908157348633,4.180055911320129,10.376289367675781
3.1091442108154297,4.202454049905229,10.44567584991455
3.0770058631896973,4.234834468191756,10.386691093444824
3.0985164642333984,4.17748134194075,10.379889488220215
3.1054482460021973,4.206643107746328,10.312505722045898
3.095710039138794,4.199225453925984,10.322280883789062
3.122474431991577,4.174895611525114,10.418474197387695
3.107154130935669,4.158952096078012,10.38014030456543
3.108682632446289,4.249408928511132,10.4400634765625
3.106416940689087,4.190192737982475,10.510501861572266
3.1104471683502197,4.165227464001094,10.402713775634766
3.0927700996398926,4.196030893629151,10.439223289489746
3.0950088500976562,4.2609013525236925,10.594097137451172
3.0968503952026367,4.22259546224294,10.24609661102295
3.0681064128875732,4.20453784824349,10.412267684936523
3.1127636432647705,4.254285852291755,10.454757690429688
3.107997417449951,4.197489101938637,10.468472480773926
3.0221986770629883,4.161329520167782,10.395075798034668
3.0907816886901855,4.196427062686,10.374532699584961
3.0947160720825195,4.159820904090468,10.396955490112305
3.1035683155059814,4.1001400908322205,10.449178695678711
3.1231367588043213,4.193841919901647,10.390484809875488
3.0681369304656982,4.156685422640293,10.423643112182617
3.1219329833984375,4.204862732506756,10.44144058227539
3.0447349548339844,4.135053638136014,10.338391304016113
3.0464236736297607,4.145572272328926,10.449417114257812
3.0797955989837646,4.1801272176006545,10.431978225708008
3.094029426574707,4.234029681588123,10.426681518554688
3.133476972579956,4.247572286320585,10.384800910949707
3.1091697216033936,4.196724047684775,10.412878036499023
3.0393340587615967,4.205388686320346,10.489521980285645
3.0886290073394775,4.193488841410726,10.411245346069336
3.025794267654419,4.217239300919963,10.392278671264648
3.0918166637420654,4.184342115718339,10.402875900268555
3.077366828918457,4.21777390562264,10.431954383850098
3.095322847366333,4.192600686003321,10.434980392456055
3.0259292125701904,4.141946372642581,10.37314224243164
3.0391979217529297,4.197548654263041,10.476272583007812
3.1099438667297363,4.170520230229678,10.387951850891113
3.0516517162323,4.221788412658498,10.438980102539062
3.013256788253784,4.1613865990324745,10.376123428344727
3.1618847846984863,4.194834252752895,10.303411483764648
3.083946466445923,4.216136851347983,10.408500671386719
3.0474343299865723,4.195262211441462,10.42390251159668
3.1006035804748535,4.262275172996202,10.378507614135742
3.0934159755706787,4.190809595365344,10.436225891113281
3.122663974761963,4.253949090705386,10.419780731201172
3.182446241378784,4.261690785210314,10.416003227233887
3.0819575786590576,4.1327773845155855,10.422664642333984
3.083601236343384,4.1883386111751735,10.37474536895752
3.0843758583068848,4.176029061233359,10.383485794067383
3.0815727710723877,4.274592668749391,10.439432144165039
3.139676094055176,4.162898640547479,10.319600105285645
3.095224380493164,4.1744703501462945,10.439152717590332
3.1370017528533936,4.237263891280496,10.40200424194336
3.0802786350250244,4.169838906232534,10.370505332946777
3.083218812942505,4.18230931823408,10.487920761108398
3.09426212310791,4.176314232870936,10.401510238647461
3.070795774459839,4.174632663705519,10.45659065246582
3.149306297302246,4.2377204305958,10.344110488891602
3.0837154388427734,4.219094896422965,10.45351791381836
3.029078245162964,4.184035674169926,10.378952980041504
3.0783562660217285,4.1956751472649305,10.430540084838867
3.0805065631866455,4.1506783266418745,10.37437629699707
3.0660693645477295,4.245597329622667,10.420454978942871
3.1083385944366455,4.1442961688153455,10.376567840576172
3.104395627975464,4.199619619009484,10.375326156616211
2.9854767322540283,4.204402413185952,10.37745189666748
3.1065778732299805,4.199656697821671,10.418213844299316
3.1537973880767822,4.278467005085466,10.350809097290039
3.022376298904419,4.200718401565349,10.31165885925293
3.121962070465088,4.148522587260231,10.433992385864258
3.063185214996338,4.192757446152557,10.388544082641602
3.055483341217041,4.242647940891662,10.386106491088867
3.0937979221343994,4.213578322004261,10.426176071166992
3.08968448638916,4.284037156928597,10.37571907043457
3.1594889163970947,4.218833716952109,10.370019912719727
3.1296210289001465,4.195700610721749,10.464715003967285
3.0931146144866943,4.1708762444821845,10.4971923828125
3.0654892921447754,4.167230457865766,10.426145553588867
3.0989246368408203,4.213054759660736,10.38551139831543
3.0001492500305176,4.171271923164438,10.431187629699707
3.077728509902954,4.207918795324596,10.341010093688965
3.067270517349243,4.192113101948053,10.354645729064941
3.136119842529297,4.144943881613601,10.370633125305176
3.073029041290283,4.181611369696579,10.416671752929688
3.1238346099853516,4.211498739330896,10.378900527954102
3.136528968811035,4.242274002371622,10.35129451751709
3.0522842407226562,4.156075503111683,10.34269905090332
3.0974013805389404,4.131520239469995,10.415760040283203
3.0926005840301514,4.255821627864082,10.40051555633545
3.1148533821105957,4.251931064263252,10.382036209106445
3.1096086502075195,4.228699505262608,10.441661834716797
3.0988783836364746,4.234114996523464,10.357789993286133
3.0544869899749756,4.211679176227855,10.443866729736328
3.0589098930358887,4.196120014114837,10.338272094726562
3.1418826580047607,4.135967686073854,10.394552230834961
3.0979628562927246,4.195602170025397,10.396178245544434
3.0962913036346436,4.2505126182721655,10.453374862670898
3.072059392929077,4.175453628679472,10.361800193786621
3.052786350250244,4.180047506333462,10.497757911682129
3.1297788619995117,4.221961615806712,10.357904434204102
3.0532047748565674,4.283016154476043,10.414360046386719
3.0007483959198,4.161801535037479,10.35454273223877
3.0974624156951904,4.200758188231183,10.413846969604492
3.074366569519043,4.172775291671444,10.386516571044922
3.050631284713745,4.208633993785562,10.414052963256836
3.053532123565674,4.155332126588162,10.53104305267334
3.063798189163208,4.1921750471395045,10.356611251831055
3.129572868347168,4.202944906494979,10.384912490844727
3.071340322494507,4.209267818601801,10.395618438720703
3.095674514770508,4.194068551628984,10.472357749938965
3.066786766052246,4.1268893416106165,10.395604133605957
3.0715765953063965,4.168787624919787,10.478218078613281
3.0996203422546387,4.223139897487791,10.337045669555664
3.0502233505249023,4.199372796108946,10.433767318725586
3.121351957321167,4.176590023229697,10.444747924804688
3.05375337600708,4.150932898312542,10.434150695800781
3.1429364681243896,4.218035685098064,10.4288911819458
3.1300337314605713,4.221036246778176,10.31695556640625
3.14290714263916,4.204801297513768,10.342074394226074
3.01657772064209,4.129514310508967,10.413077354431152
3.0777053833007812,4.176135445944964,10.324562072753906
3.045610189437866,4.126311073944505,10.33379077911377
3.075408935546875,4.197326832151572,10.309798240661621
3.0586726665496826,4.127575013819816,10.43503189086914
3.116236686706543,4.275041200154061,10.434792518615723
3.1070010662078857,4.209076124010608,10.405967712402344
3.129492998123169,4.229025009520618,10.45005989074707
3.0491182804107666,4.197041503586141,10.309798240661621
3.038705825805664,4.1754350333607615,10.347806930541992
3.134261131286621,4.283096194500104,10.418035507202148
3.131990671157837,4.279170169960707,10.481858253479004
3.1313729286193848,4.20141388366132,10.388968467712402
3.1003236770629883,4.169827093403521,10.399798393249512
3.0365777015686035,4.17585109556759,10.363041877746582
3.0440099239349365,4.232462512927928,10.429768562316895
3.119157552719116,4.1707839364452015,10.430648803710938
3.0996451377868652,4.239982294517436,10.41160774230957
3.1337037086486816,4.206993639901546,10.275861740112305
3.094256639480591,4.239834418520331,10.391335487365723
3.1178817749023438,4.194354835797899,10.353902816772461
3.0833475589752197,4.162447613198309,10.426928520202637
3.092933416366577,4.20266986714809,10.412772178649902
3.1309728622436523,4.205930414908965,10.36906623840332
3.0693519115448,4.11527016522762,10.350875854492188
3.0301871299743652,4.158848067679044,10.385246276855469
3.088874101638794,4.186696971899696,10.399394035339355
3.072739601135254,4.192218503515635,10.41502571105957
3.05824613571167,4.216657466521221,10.450824737548828
3.078742027282715,4.271281015992697,10.38196849822998
3.042628526687622,4.125881748540061,10.424201011657715
3.1223723888397217,4.221101414079644,10.428153038024902
3.0730271339416504,4.2417037603777965,10.381011009216309
3.0804154872894287,4.261285931803285,10.38138484954834
3.059839963912964,4.211727489052074,10.396425247192383
3.1538124084472656,4.186474471386256,10.40273666381836
3.0392777919769287,4.140065157453396,10.460445404052734
3.1017558574676514,4.1831648713642995,10.389521598815918
3.0692126750946045,4.107042968539256,10.462350845336914
3.0250747203826904,4.1894724918862005,10.444524765014648
3.180722236633301,4.212174086365849,10.34900951385498
3.1120400428771973,4.231861507752909,10.34022331237793
3.1211211681365967,4.262129157615292,10.376243591308594
3.076859712600708,4.1948338681831965,10.368131637573242
3.1364893913269043,4.188577002779182,10.431351661682129
3.1210203170776367,4.2195514381996215,10.396255493164062
3.0215792655944824,4.165864687579284,10.376968383789062
3.049269437789917,4.180105421259733,10.346096992492676
3.111917018890381,4.228909524689827,10.382365226745605
3.0628435611724854,4.156018290701987,10.40730094909668
3.1084699630737305,4.1828574671942205,10.369013786315918
3.0226798057556152,4.2414458269652515,10.40066146850586
3.0841543674468994,4.1637883840927055,10.414933204650879
3.044032573699951,4.179884842497164,10.381919860839844
3.094848871231079,4.224105303408578,10.356119155883789
3.0772762298583984,4.218418239416288,10.513924598693848
3.0283236503601074,4.207213666556137,10.326079368591309
3.041745901107788,4.193416854200352,10.385335922241211
3.0954697132110596,4.200373809285728,10.397503852844238
3.0661022663116455,4.137590355838516,10.400449752807617
3.089050531387329,4.173547519570483,10.37358283996582
3.0915050506591797,4.18795230878251,10.440540313720703
3.1307413578033447,4.22073504115854,10.379423141479492
3.0797576904296875,4.134061811591632,10.45219898223877
3.0803210735321045,4.229901417657467,10.422526359558105
3.113600015640259,4.218703592561983,10.287895202636719
3.083458423614502,4.211102745429214,10.443465232849121
3.0595953464508057,4.196021034814683,10.386344909667969
3.1387765407562256,4.211309892324997,10.449878692626953
3.090235710144043,4.153937888664327,10.29635238647461
3.117757558822632,4.25291793467477,10.451804161071777
3.1109983921051025,4.166289596785126,10.399624824523926
3.0839343070983887,4.2526194861358295,10.412586212158203
3.015774726867676,4.272028761350417,10.511383056640625
3.054081916809082,4.16157887244065,10.495423316955566
3.1252169609069824,4.154942295613831,10.405234336853027
3.1061744689941406,4.206084507351209,10.400724411010742
3.1124727725982666,4.223344952965688,10.353321075439453
3.058053970336914,4.199460648665471,10.442598342895508
3.049859046936035,4.15935577325789,10.395981788635254
3.022127389907837,4.1248746891506025,10.391284942626953
3.0481116771698,4.184708582902594,10.43332576751709
3.068176746368408,4.196045063569077,10.365591049194336
3.0957369804382324,4.266925265014703,10.423646926879883
3.102234125137329,4.14198141079396,10.414573669433594
3.1080310344696045,4.237746771624578,10.381556510925293
3.058910608291626,4.14374762667077,10.448677062988281
3.0846242904663086,4.212426795291582,10.44890308380127
3.0318775177001953,4.196769790191736,10.365194320678711
3.0437333583831787,4.165844875920032,10.328911781311035
3.1024582386016846,4.126653294444882,10.383785247802734
3.0570144653320312,4.212251461310578,10.426299095153809
3.1142287254333496,4.164550490810402,10.396402359008789
3.0799059867858887,4.239556524470182,10.36423110961914
3.0879249572753906,4.145394482217463,10.440213203430176
3.11183500289917,4.249635252935279,10.347933769226074
3.059218406677246,4.20080155483447,10.367317199707031
3.1472151279449463,4.267578647771318,10.31680965423584
2.9911906719207764,4.130280130576077,10.327499389648438
3.1047558784484863,4.323282344166987,10.43466854095459
3.0811405181884766,4.139330602051424,10.378541946411133
3.160722017288208,4.2542867748000255,10.472038269042969
3.043146848678589,4.167755795409903,10.391928672790527
3.057703733444214,4.256910959225414,10.333690643310547
3.0871775150299072,4.188713609407257,10.429183006286621
3.115140914916992,4.25079690694942,10.450181007385254
3.1126809120178223,4.222389264464644,10.478378295898438
3.0780675411224365,4.203329547641,10.392260551452637
3.0042946338653564,4.12891082602021,10.329212188720703
3.0533382892608643,4.17877002163524,10.469914436340332
3.0616931915283203,4.133220154326409,10.366543769836426
3.0681772232055664,4.201018233883327,10.322469711303711
3.0591416358947754,4.227415323423753,10.35629940032959
3.0363447666168213,4.205429944908246,10.437376022338867
3.023267984390259,4.193122971536857,10.39885139465332
3.0752310752868652,4.218460641435481,10.390216827392578
3.0673766136169434,4.179565348396344,10.428444862365723
3.141226053237915,4.194765804601567,10.351632118225098
3.1401612758636475,4.165195821884221,10.450090408325195
3.0659677982330322,4.1818229252738615,10.354887008666992
3.115231513977051,4.212256451070841,10.332548141479492
3.0508899688720703,4.166074685319993,10.347047805786133
3.037590503692627,4.161094252086644,10.446561813354492
3.0548222064971924,4.16427498630115,10.332297325134277
2.9781157970428467,4.209543189532788,10.400657653808594
3.0786826610565186,4.284906301580902,10.332989692687988
3.0520901679992676,4.253063947062142,10.320586204528809
3.061154365539551,4.254622670589015,10.403373718261719
3.0543758869171143,4.214732858418887,10.266109466552734
3.0519063472747803,4.173496706544289,10.47770881652832
3.1302590370178223,4.254278103887502,10.425853729248047
3.047945737838745,4.159036563310241,10.349845886230469
3.09072208404541,4.201334962787639,10.37177562713623
3.0810306072235107,4.151136363424095,10.456363677978516
3.076756238937378,4.252485772761117,10.475188255310059
3.132261276245117,4.2537235142995735,10.413570404052734
3.0245625972747803,4.200266996032691,10.381336212158203
3.0202252864837646,4.134587433887646,10.439387321472168
3.1027274131774902,4.200032302876934,10.347102165222168
3.0454297065734863,4.195365059122975,10.387967109680176
3.0010533332824707,4.174261509241271,10.459161758422852
3.1057846546173096,4.190241941716522,10.389741897583008
3.1138827800750732,4.246135653295953,10.38833999633789
3.147592306137085,4.156334824327912,10.344889640808105
3.1217129230499268,4.232490427659026,10.376191139221191
3.1336536407470703,4.2035425247158855,10.30686092376709
3.0951642990112305,4.182658636543367,10.40761947631836
3.0597774982452393,4.245921652897128,10.45103645324707
3.056288957595825,4.1920654484669555,10.33282470703125
3.0270962715148926,4.257585372875577,10.325339317321777
3.124042272567749,4.24054817546026,10.471524238586426
2.9970180988311768,4.22396274080633,10.415042877197266
3.0674545764923096,4.187227536125907,10.403219223022461
3.070948600769043,4.16997587820515,10.3557710647583
3.0363881587982178,4.236610007106459,10.389849662780762
3.067286729812622,4.234496417721466,10.386119842529297
3.136371612548828,4.168995658334877,10.353835105895996
3.0993950366973877,4.204087355273908,10.36518669128418
3.070554256439209,4.211920558973881,10.42527961730957
3.10966157913208,4.231108941969329,10.355488777160645
3.0421054363250732,4.20106131051268,10.3955078125
3.1134471893310547,4.194339055567979,10.284492492675781
3.113870143890381,4.202671616803855,10.387269973754883
3.078195571899414,4.179335060895287,10.479574203491211
3.046818256378174,4.258134634899241,10.429170608520508
3.0764620304107666,4.170993353971945,10.273239135742188
2.9931182861328125,4.145864818012342,10.343050003051758
3.0793068408966064,4.296499986733709,10.346685409545898
3.0991339683532715,4.17712217609265,10.413064956665039
3.0712332725524902,4.1792743574561815,10.474967002868652
3.101644992828369,4.198454150065247,10.323644638061523
3.02554988861084,4.111748209921643,10.37364673614502
3.0893654823303223,4.1722092314157635,10.474872589111328
3.0474109649658203,4.161946489375882,10.415279388427734
2.999699115753174,4.212116693978064,10.339158058166504
3.1098616123199463,4.259952108841389,10.44200611114502
3.0999574661254883,4.201391866929563,10.413446426391602
3.1205031871795654,4.16793826535078,10.441051483154297
3.021143913269043,4.195580127782055,10.324374198913574
3.1356780529022217,4.260472343669139,10.358137130737305
3.046935558319092,4.2729543691301455,10.449630737304688
3.05869460105896,4.168508741306141,10.481877326965332
3.031702995300293,4.173241393840207,10.422399520874023
3.1223766803741455,4.29827601668824,10.340063095092773
3.0322892665863037,4.209364318455171,10.380270004272461
2.9709362983703613,4.247297372935074,10.38753604888916
3.052656650543213,4.21987648108708,10.436296463012695
3.087061882019043,4.192870046111888,10.394847869873047
3.0184967517852783,4.252510433151786,10.484586715698242
3.0567944049835205,4.194055050944111,10.376103401184082
2.9969470500946045,4.23563382219124,10.4624662399292
3.086453914642334,4.190780698887205,10.348621368408203
3.059171676635742,4.182097439388079,10.415304183959961
3.082127332687378,4.1487026334008466,10.420661926269531
3.0775911808013916,4.208492009035711,10.390237808227539
3.045039653778076,4.199640057349045,10.408733367919922
3.0432262420654297,4.187913624869127,10.395034790039062
3.100425958633423,4.2599061723199805,10.479721069335938
3.1180551052093506,4.288815166302292,10.353764533996582
3.070237159729004,4.2278423192578245,10.384788513183594
3.099262237548828,4.157463979508196,10.454583168029785
3.068098783493042,4.254937408026308,10.44117259979248
3.0596041679382324,4.154127424981977,10.395325660705566
3.077695369720459,4.201802659480434,10.472506523132324
2.999357223510742,4.18495978318554,10.495753288269043
3.1122593879699707,4.230227925515335,10.333426475524902
3.0897014141082764,4.240901615603693,10.344671249389648
3.079723596572876,4.15246103580908,10.357086181640625
3.0673611164093018,4.146964950254188,10.364923477172852
3.1231682300567627,4.204960298159027,10.377182006835938
3.0689120292663574,4.228656664390916,10.387782096862793
3.0285768508911133,4.228861142249245,10.423995971679688
3.048036813735962,4.183087717409112,10.453469276428223
3.009133815765381,4.198962693900935,10.379568099975586
3.0366933345794678,4.213024541569342,10.388265609741211
3.0140206813812256,4.260391343917165,10.468183517456055
3.1339151859283447,4.230697503912129,10.37961483001709
3.068330764770508,4.157810672286099,10.409417152404785
3.076887845993042,4.195662373377543,10.384559631347656
3.1085901260375977,4.213877381424287,10.419133186340332
3.117546558380127,4.23637522989884,10.456050872802734
3.0639472007751465,4.172523397287087,10.36113166809082
3.014796257019043,4.182386572838627,10.344295501708984
3.061367988586426,4.1518169811793735,10.378929138183594
3.054385185241699,4.234685338069021,10.398500442504883
3.0844414234161377,4.241524241764897,10.321849822998047
3.0517354011535645,4.178170630575291,10.382791519165039
3.074739456176758,4.203753197233059,10.406946182250977
3.0664660930633545,4.244697894501899,10.380264282226562
3.042003631591797,4.202726378804073,10.41727352142334
3.0373551845550537,4.17786157021432,10.434680938720703
2.9949610233306885,4.190038395380336,10.490564346313477
3.050023078918457,4.2573027540597,10.439327239990234
3.0288126468658447,4.198578993257668,10.328064918518066
3.0697696208953857,4.1731587558253,10.457914352416992
3.075209379196167,4.19763262826018,10.304057121276855
3.100107431411743,4.1846835325538585,10.449173927307129
3.135200023651123,4.211686839881752,10.383399963378906
3.0470967292785645,4.178999959757285,10.47567081451416
3.093001127243042,4.279593099440848,10.380399703979492
3.062739372253418,4.1755781821973095,10.467583656311035
3.063765525817871,4.210006525008274,10.344552993774414
2.996518135070801,4.179107656037169,10.408844947814941
3.0395588874816895,4.273228446154722,10.440303802490234
3.041729688644409,4.187734296611909,10.377161026000977
3.0505242347717285,4.249193675549967,10.382516860961914
3.1115105152130127,4.217108109333951,10.505331039428711
3.0758817195892334,4.207198609032535,10.399439811706543
3.047088146209717,4.198637577305947,10.475543975830078
3.0207207202911377,4.205384902556293,10.389822006225586
3.047420024871826,4.217936606445749,10.446634292602539
3.0918116569519043,4.2058421476810635,10.409972190856934
3.0831282138824463,4.22053609266212,10.441186904907227
3.0551044940948486,4.160285074629688,10.398491859436035
3.0588393211364746,4.18619081155131,10.446596145629883
3.0265045166015625,4.172921233877007,10.40268325805664
3.1489295959472656,4.209044585337065,10.361502647399902
3.0780880451202393,4.211604001499445,10.35716438293457
3.0217630863189697,4.225895474332252,10.441359519958496
3.1168735027313232,4.209154301954966,10.468389511108398
3.1175179481506348,4.218553408281877,10.409360885620117
3.137577533721924,4.243053986591153,10.34879207611084
3.0127763748168945,4.2116926708923925,10.360040664672852
3.0464844703674316,4.172066387720405,10.368148803710938
3.0557687282562256,4.267570501891897,10.393264770507812
3.0442137718200684,4.2306853740343024,10.420577049255371
3.0874969959259033,4.279282382556371,10.39505386352539
3.1077585220336914,4.218922508481358,10.366243362426758
3.0544307231903076,4.221469177099477,10.439847946166992
3.085132122039795,4.166443282572019,10.415815353393555
3.0987205505371094,4.19461135772456,10.310565948486328
3.1280412673950195,4.308515223275338,10.486493110656738
3.047642469406128,4.169847667915746,10.466880798339844
3.102473258972168,4.203889508631879,10.457119941711426
3.069633722305298,4.243441103392148,10.446157455444336
3.0691373348236084,4.2000681505471995,10.412824630737305
3.078167676925659,4.197214611639668,10.41307258605957
3.0575385093688965,4.21648534952796,10.432198524475098
3.0303494930267334,4.181342994395112,10.402252197265625
3.052975654602051,4.184606355049514,10.34769058227539
3.0667505264282227,4.206092685627352,10.388835906982422
3.0877368450164795,4.20261125725561,10.373357772827148
3.0959649085998535,4.228417634032667,10.457776069641113
3.022305488586426,4.188375552450972,10.31568431854248
3.1413397789001465,4.180974824586884,10.46038818359375
3.0677573680877686,4.192716834434707,10.369558334350586
3.0237011909484863,4.200579330591219,10.333719253540039
3.1089565753936768,4.254995050740296,10.375773429870605
3.0790772438049316,4.170148538558611,10.418481826782227
3.0223467350006104,4.221097000043041,10.323837280273438
3.121135711669922,4.335427561043097,10.375036239624023
3.1046204566955566,4.162126577359491,10.402796745300293
3.028754472732544,4.233716447238944,10.416152954101562
3.0888619422912598,4.1646179752091745,10.318811416625977
3.076826572418213,4.221473635340642,10.322772979736328
3.1217498779296875,4.2571084139469475,10.43812084197998
3.0701093673706055,4.2222416041685005,10.409051895141602
3.0555076599121094,4.1675252604763955,10.420759201049805
3.0448813438415527,4.116696954837867,10.493593215942383
3.054279327392578,4.240975225078209,10.436759948730469
3.076564073562622,4.134910025567349,10.400350570678711
3.063847780227661,4.159368976351939,10.37636947631836
3.0999855995178223,4.218787149027255,10.389705657958984
3.0934207439422607,4.235334606575114,10.394980430603027
3.0884718894958496,4.25303643762267,10.475286483764648
3.0458362102508545,4.182767027090969,10.3563871383667
3.0270614624023438,4.195540406375326,10.382278442382812
3.030670404434204,4.250486661114597,10.406612396240234
3.133876323699951,4.259762837884148,10.439568519592285
3.038858413696289,4.214263805055192,10.40573787689209
3.0869758129119873,4.2167584740091115,10.423274040222168
2.998957872390747,4.168042300900977,10.317048072814941
3.0782768726348877,4.234246556680383,10.386260986328125
3.0324156284332275,4.211866801903983,10.423602104187012
2.971534490585327,4.196654878190852,10.394487380981445
2.992353677749634,4.193320606635617,10.4096097946167
3.0584230422973633,4.182137641556827,10.396343231201172
3.093662977218628,4.196594660502991,10.380412101745605
3.0745697021484375,4.180596808537042,10.476683616638184
3.0910253524780273,4.20617176941596,10.403764724731445
3.050290822982788,4.182891747947516,10.349021911621094
3.053636312484741,4.197371046823848,10.30642318725586
3.062509775161743,4.1710799099944,10.453371047973633
3.0780656337738037,4.240929721821366,10.32524299621582
3.091437578201294,4.26542595241751,10.427027702331543
3.090529441833496,4.208463263797706,10.413050651550293
3.0618224143981934,4.1926966559674055,10.45629596710205
3.084261655807495,4.158057014125266,10.515034675598145
3.069876194000244,4.134703602708344,10.3828125
3.126105546951294,4.2446576176942985,10.417069435119629
3.0321853160858154,4.181022294896788,10.434000968933105
3.0436999797821045,4.255912371378924,10.391962051391602
3.032209873199463,4.201943524281627,10.409173965454102
3.0554165840148926,4.194069733277762,10.356881141662598
3.043377161026001,4.176267305156216,10.415477752685547
3.05932354927063,4.176993966235647,10.36337661743164
3.038214683532715,4.137580487943653,10.373056411743164
3.0240390300750732,4.214240007767719,10.465448379516602
3.1248533725738525,4.1867381894096205,10.360773086547852
2.968705654144287,4.231769834711616,10.290486335754395
3.0784318447113037,4.2275034468621016,10.39687728881836
3.104736089706421,4.3239158472112775,10.39114761352539
3.042133331298828,4.157092499147568,10.407373428344727
3.046027183532715,4.126540959712916,10.38199520111084
3.097327470779419,4.16100071181011,10.272109031677246
3.11678409576416,4.1424101167025835,10.465677261352539
3.0284855365753174,4.2134771897191445,10.366432189941406
3.0880837440490723,4.208247958316601,10.426630020141602
3.035733222961426,4.231925668560766,10.454086303710938
3.032087564468384,4.205377389776653,10.42727279663086
3.021052122116089,4.166302197246946,10.361272811889648
3.0743680000305176,4.198830277193338,10.37975788116455
3.042022943496704,4.194443819878091,10.413777351379395
3.065504550933838,4.228577459497111,10.394031524658203
3.0622010231018066,4.1833762403111905,10.375383377075195
3.108405828475952,4.248175869729104,10.415365219116211
3.0790724754333496,4.178849119859349,10.389162063598633
3.1018478870391846,4.210280849964225,10.478830337524414
3.106123208999634,4.170578541001305,10.363633155822754
3.063904285430908,4.185307443773906,10.40739917755127
3.028740882873535,4.182833855572556,10.443256378173828
3.0988059043884277,4.182856959124495,10.430825233459473
3.0836684703826904,4.204971330373414,10.379393577575684
3.1200075149536133,4.283745133251484,10.381523132324219
3.147963285446167,4.225258967340259,10.363640785217285
2.979405164718628,4.130475119355002,10.321294784545898
2.996265172958374,4.175668167016868,10.445202827453613
3.0440375804901123,4.223041857359931,10.360723495483398
3.068560838699341,4.196600597817451,10.393815040588379
3.037639856338501,4.22270371911249,10.4488525390625
3.0220110416412354,4.240937935288197,10.354692459106445
2.9801928997039795,4.125094421873135,10.397523880004883
3.073784589767456,4.2210134878821135,10.412567138671875
3.0433096885681152,4.231175028818792,10.41080093383789
3.133592367172241,4.133191483461165,10.429937362670898
3.033787727355957,4.200784702552483,10.422225952148438
3.0341053009033203,4.157845352743088,10.345569610595703
3.109443187713623,4.179502889813323,10.340700149536133
3.0487494468688965,4.152487736627726,10.366450309753418
3.114163398742676,4.250066028874634,10.474698066711426
3.060899257659912,4.1763063948601475,10.429492950439453
3.0429909229278564,4.19566174157496,10.349637985229492
3.011608839035034,4.17971775235076,10.377578735351562
3.0270071029663086,4.1639727528672665,10.275589942932129
3.0106022357940674,4.201614006622029,10.517330169677734
3.038638114929199,4.1583805198648145,10.42969799041748
3.09049654006958,4.194215468264051,10.384827613830566
3.042546510696411,4.208156320499256,10.365230560302734
3.114821195602417,4.25286531531518,10.40438461303711
3.100311517715454,4.190101957979746,10.425958633422852
3.0673136711120605,4.236636469074126,10.367768287658691
3.028578996658325,4.151627786058401,10.409017562866211
3.08274507522583,4.2235162516257585,10.34518814086914
3.0821123123168945,4.1983036522287875,10.462618827819824
3.0653703212738037,4.217496129484581,10.408214569091797
3.0173587799072266,4.143982436208587,10.324358940124512
3.0399065017700195,4.18266769265756,10.457103729248047
3.0799763202667236,4.196753824994501,10.367905616760254
3.092954397201538,4.228566320380197,10.35029411315918
3.077836751937866,4.145823489309155,10.412607192993164
2.9616382122039795,4.186915242977972,10.388471603393555
3.0422518253326416,4.141068358040814,10.380860328674316
3.0918657779693604,4.148642912939457,10.29897689819336
3.0508460998535156,4.230421037612749,10.472074508666992
3.0405995845794678,4.183005870286642,10.430685043334961
3.0969326496124268,4.221076285366768,10.378425598144531
3.035987615585327,4.183047973118455,10.362143516540527
3.1016597747802734,4.190053530935464,10.384432792663574
3.0996358394622803,4.168326426896134,10.343992233276367
3.008796453475952,4.244830067069936,10.40877914428711
3.0464859008789062,4.202729012684099,10.427228927612305
3.0654966831207275,4.224468064860308,10.384766578674316
3.0804293155670166,4.2077748996338675,10.40515422821045
3.0373446941375732,4.228984657442197,10.437254905700684
3.066643714904785,4.26772478771662,10.421738624572754
3.018852949142456,4.19544335907059,10.349315643310547
3.067861318588257,4.2180465632118285,10.318285942077637
3.0398030281066895,4.1960678716921915,10.54538345336914
3.0374932289123535,4.224449557784412,10.389781951904297
3.0530498027801514,4.175240688425089,10.42823600769043
3.0934040546417236,4.219868624815717,10.301071166992188
2.9646482467651367,4.164856768479305,10.401869773864746
3.031508207321167,4.20033362920263,10.446037292480469
3.0857901573181152,4.152011198490593,10.398675918579102
3.0748863220214844,4.176189579734845,10.357684135437012
3.100250482559204,4.233170562789643,10.424457550048828
3.0775463581085205,4.286156746525584,10.44222640991211
3.0965728759765625,4.2452117915132215,10.364099502563477
2.9620797634124756,4.165963559877127,10.393707275390625
3.0275115966796875,4.132417895764644,10.41205883026123
3.028902530670166,4.180119102654446,10.38978099822998
3.018310546875,4.222467813940185,10.469734191894531
3.0395190715789795,4.158879858109037,10.421989440917969
3.0985169410705566,4.208126881259627,10.429580688476562
2.9988038539886475,4.171290267391929,10.346736907958984
2.9690964221954346,4.147432096502078,10.382747650146484
3.049401044845581,4.206282593842063,10.382270812988281
3.0881588459014893,4.170219757394598,10.404873847961426
3.035184383392334,4.214576456263396,10.389171600341797
3.040447235107422,4.178400267813621,10.395383834838867
3.0290095806121826,4.181953348252657,10.317822456359863
3.036850690841675,4.187196524181802,10.316749572753906
2.9914448261260986,4.19055440360015,10.385276794433594
3.057732105255127,4.290559532220608,10.334575653076172
3.084193468093872,4.248687381457005,10.427886962890625
2.99613356590271,4.1936735941895416,10.43657398223877
3.0823750495910645,4.241252267833001,10.326467514038086
3.0665664672851562,4.179401519575289,10.396400451660156
3.022329807281494,4.210911304822989,10.308195114135742
3.076442003250122,4.15936085089509,10.433916091918945
3.0352165699005127,4.180428291571194,10.395164489746094
3.0421574115753174,4.208972163531663,10.416838645935059
3.071410894393921,4.217793641778242,10.444108009338379
3.015813112258911,4.171151680838583,10.474624633789062
2.98970103263855,4.167251995165966,10.40371322631836
3.0566582679748535,4.164065100917859,10.427225112915039
3.0680809020996094,4.167649771984933,10.437164306640625
3.0597429275512695,4.194164996268228,10.383626937866211
3.022240161895752,4.185392788245475,10.445954322814941
3.078073263168335,4.210479665846963,10.403783798217773
3.070230722427368,4.2639709252731075,10.386617660522461
3.0774593353271484,4.220947930921933,10.37458324432373
3.052694797515869,4.201867209181988,10.414443016052246
3.0729212760925293,4.22871177151267,10.44491958618164
3.035010814666748,4.1285031826701015,10.403295516967773
2.9960153102874756,4.123895498291988,10.356633186340332
3.017738103866577,4.156287507486662,10.39303970336914
3.0398221015930176,4.176975864817255,10.424304008483887
3.065272808074951,4.238305136661178,10.399503707885742
3.060690402984619,4.215591122629121,10.38670825958252
2.9717495441436768,4.192911994344156,10.35844612121582
3.069866180419922,4.154351570576962,10.365906715393066
3.0514912605285645,4.171641037001141,10.292945861816406
2.98994517326355,4.197646660198059,10.395663261413574
3.003084421157837,4.216883100136848,10.404375076293945
3.108015298843384,4.213014923002837,10.407787322998047
3.00579571723938,4.205875680083409,10.442763328552246
3.0543439388275146,4.19064723480759,10.37398910522461
3.0893349647521973,4.204542118324233,10.449511528015137
3.076831102371216,4.201710908906535,10.335809707641602
3.168793201446533,4.201994468291689,10.420331954956055
3.0779998302459717,4.2033499320968986,10.427591323852539
3.054370164871216,4.190331890580377,10.31550407409668
3.0347182750701904,4.177941409771197,10.439234733581543
3.086296558380127,4.21211679692247,10.4171142578125
3.1023006439208984,4.209614484271567,10.357786178588867
3.0366194248199463,4.181757502058255,10.371949195861816
2.986232280731201,4.162720212712884,10.32418441772461
3.064450979232788,4.243313343563517,10.468315124511719
3.0858938694000244,4.209576398001186,10.446337699890137
3.0663368701934814,4.223306358525796,10.441192626953125
3.055927038192749,4.250313227464045,10.452203750610352
3.0480966567993164,4.22430067296539,10.351580619812012
3.0907304286956787,4.209596621704154,10.456502914428711
3.0808186531066895,4.1952893636522015,10.314151763916016
3.0689704418182373,4.216997902607545,10.395345687866211
3.068429470062256,4.193064069508442,10.471097946166992
3.0951530933380127,4.201511691989643,10.392879486083984
3.075488328933716,4.173684858583978,10.367624282836914
3.0473384857177734,4.178296113652842,10.408919334411621
3.015031099319458,4.206082930522306,10.48193073272705
3.0484659671783447,4.19806615163439,10.42367172241211
3.0362679958343506,4.196314966039998,10.393535614013672
3.027289867401123,4.283039029820689,10.387927055358887
3.023127317428589,4.202317909503887,10.477616310119629
3.0355775356292725,4.177126686487878,10.464237213134766
3.109173536300659,4.201527815944116,10.37849235534668
3.041064739227295,4.199231328742046,10.388616561889648
3.113927125930786,4.259155413235671,10.431991577148438
3.104401111602783,4.288370804329005,10.457813262939453
3.0257444381713867,4.152535128407179,10.417540550231934
3.031010389328003,4.2764977820417185,10.356135368347168
3.086681842803955,4.1697353278286755,10.418767929077148
3.107616424560547,4.23051449054453,10.447385787963867
3.110218048095703,4.2764152584797035,10.291831970214844
3.0926084518432617,4.224297582338165,10.366830825805664
3.0674660205841064,4.179078753372388,10.354663848876953
3.118089199066162,4.198797665968804,10.38570499420166
3.0866341590881348,4.220635903932686,10.31396484375
3.0864546298980713,4.204083902827864,10.504507064819336
3.0340240001678467,4.197369630049382,10.442557334899902
3.0763821601867676,4.2285257305484265,10.476912498474121
3.100829601287842,4.204499890928023,10.483524322509766
3.0767416954040527,4.218615278834477,10.469095230102539
3.0112340450286865,4.177877015800083,10.444339752197266
3.015321731567383,4.252315679498548,10.45173168182373
3.089838743209839,4.232392292569525,10.407028198242188
3.0514485836029053,4.20544658271995,10.461931228637695
3.033297061920166,4.239749387937731,10.321216583251953
3.024484395980835,4.184432133200711,10.404827117919922
3.0278828144073486,4.156338791695556,10.319518089294434
3.022902011871338,4.17699387160662,10.363718032836914
3.057119846343994,4.262655255717359,10.375638961791992
3.0614542961120605,4.2147087618442525,10.365785598754883
3.0622551441192627,4.224979977123439,10.405867576599121
3.1178317070007324,4.241350838415591,10.36712646484375
3.000951051712036,4.208856024978949,10.365800857543945
3.033809185028076,4.206585362021412,10.386137962341309
3.050673007965088,4.239601822736274,10.418695449829102
3.0999057292938232,4.152791269123554,10.36923885345459
3.059607744216919,4.210183284711093,10.372665405273438
2.953042507171631,4.136071236903912,10.434879302978516
3.058774471282959,4.205658624647186,10.387787818908691
3.0189201831817627,4.1838596349116415,10.420051574707031
3.0725252628326416,4.210654624371922,10.351696014404297
3.0252575874328613,4.16524884680153,10.373469352722168
3.0323081016540527,4.208895478364346,10.474589347839355
2.971449375152588,4.183607603123944,10.399213790893555
3.0438506603240967,4.17534325055645,10.350687980651855
3.025573253631592,4.192767470775704,10.384315490722656
3.0755667686462402,4.199586808614965,10.300532341003418
3.0717613697052,4.191652980965695,10.374103546142578
3.1038975715637207,4.196383086265997,10.422560691833496
3.042924165725708,4.184207404364964,10.36248779296875
3.082855463027954,4.232321833958849,10.4588623046875
3.101050615310669,4.224659467681444,10.356729507446289
3.088538885116577,4.12647789726699,10.401695251464844
3.060365676879883,4.2019728747795195,10.408123016357422
3.0167810916900635,4.209108320696812,10.442839622497559
3.005760908126831,4.16278419457376,10.473104476928711
3.0205438137054443,4.139346478972584,10.325872421264648
3.0039572715759277,4.20639328312661,10.404871940612793
3.057593822479248,4.225460250529327,10.450688362121582
3.0605618953704834,4.18591322680004,10.337158203125
3.046682834625244,4.168149376321318,10.46887493133545
3.0506157875061035,4.2238591485324175,10.480894088745117
3.0105152130126953,4.186734989119161,10.38322925567627
3.06185245513916,4.190303993910285,10.405607223510742
3.0851857662200928,4.234819957786905,10.376649856567383
3.0163331031799316,4.190985437416073,10.455297470092773
3.0104525089263916,4.183812021377629,10.425106048583984
3.0315020084381104,4.165402748622,10.472541809082031
3.0560402870178223,4.145576186112262,10.343679428100586
3.070507287979126,4.195110197810989,10.399049758911133
3.116748332977295,4.20278429037093,10.30434799194336
3.0789873600006104,4.2199647993048925,10.506901741027832
3.12178897857666,4.1613604957570445,10.412140846252441
3.098223924636841,4.225608594615811,10.315422058105469
3.1267104148864746,4.191969740803221,10.457758903503418
3.09053897857666,4.214260387600266,10.410574913024902
3.0427494049072266,4.220217496356261,10.384284019470215
3.1064271926879883,4.195854732999578,10.30195426940918
3.0519232749938965,4.178080997961972,10.369267463684082
3.0996663570404053,4.2570621960330755,10.327856063842773
3.063744306564331,4.260139273146966,10.449068069458008
3.0920515060424805,4.175770512948344,10.349498748779297
3.052183151245117,4.24864260200411,10.397140502929688
3.075314521789551,4.199324732346992,10.412659645080566
3.059443473815918,4.223825083247252,10.441221237182617
3.0183544158935547,4.208784866479359,10.371444702148438
3.0811445713043213,4.211140274369557,10.47388744354248
3.006380081176758,4.219896970582861,10.344929695129395
2.9731390476226807,4.1186377816900075,10.37887954711914
3.110814332962036,4.207174675871752,10.400104522705078
3.083338975906372,4.184035766537169,10.376368522644043
3.039578437805176,4.21463943053303,10.422586441040039
3.068591594696045,4.187151990165668,10.428165435791016
3.069736957550049,4.2174004008993515,10.370022773742676
3.0500051975250244,4.198946621036157,10.402054786682129
3.070899248123169,4.2046980493635475,10.384782791137695
3.044584274291992,4.173199856287933,10.285785675048828
3.0572779178619385,4.187839296114232,10.347908973693848
3.145249843597412,4.206067893221709,10.430267333984375
2.9976296424865723,4.171195007128907,10.432550430297852
3.0990819931030273,4.24236572580412,10.417375564575195
3.03037691116333,4.198164931964129,10.436187744140625
3.0362918376922607,4.203531270647156,10.428057670593262
3.0002520084381104,4.191605037643707,10.36910629272461
3.0433194637298584,4.233193245583347,10.231054306030273
3.0677740573883057,4.249204421449187,10.353382110595703
3.038011074066162,4.25238677084313,10.378555297851562
2.999901294708252,4.1334704666930655,10.387290954589844
3.0543434619903564,4.19164511415043,10.465076446533203
3.078705310821533,4.235874148052452,10.29930305480957
3.070010185241699,4.179893265744406,10.420482635498047
3.0208847522735596,4.243576872461874,10.336357116699219
3.084604024887085,4.260598309570924,10.374046325683594
3.0721330642700195,4.167121687072463,10.464225769042969
2.9621901512145996,4.213275743581887,10.45258903503418
3.084965944290161,4.208608509773122,10.378467559814453
2.953000545501709,4.2290499846983165,10.408923149108887
2.923107147216797,4.192130864863949,10.474725723266602
3.080744504928589,4.150855367604112,10.327173233032227
3.0368237495422363,4.210692970946964,10.404983520507812
3.012593984603882,4.157047425563048,10.419400215148926
3.076415538787842,4.202544197207317,10.399480819702148
3.0075724124908447,4.1926331289245615,10.387628555297852
3.0270519256591797,4.167678740740355,10.430010795593262
3.0346226692199707,4.169590605589162,10.410283088684082
3.060892105102539,4.211348796862044,10.402946472167969
3.1223878860473633,4.2187568946475436,10.381505012512207
3.014408826828003,4.233503678580746,10.454317092895508
3.043269634246826,4.1626338339743345,10.262777328491211
3.081237316131592,4.240196709521115,10.450183868408203
3.096961498260498,4.156040100547086,10.441556930541992
3.0713791847229004,4.242594227826754,10.319962501525879
3.039850950241089,4.2220356437776765,10.347379684448242
3.078948736190796,4.26909842445249,10.385360717773438
3.031507730484009,4.239920742843034,10.395395278930664
3.0423574447631836,4.134745651989111,10.318018913269043
3.0203042030334473,4.214347671684143,10.334623336791992
3.0585227012634277,4.208017021783494,10.421228408813477
3.1178078651428223,4.202718953302662,10.308385848999023
2.997387170791626,4.189079351457102,10.355488777160645
3.087742567062378,4.170902039822457,10.439872741699219
3.0401952266693115,4.246235338804711,10.434228897094727
3.0201210975646973,4.178718299737999,10.431818008422852
3.0110766887664795,4.168907286566016,10.362052917480469
2.9604263305664062,4.162742434036252,10.350701332092285
3.0651028156280518,4.176500915050773,10.319158554077148
3.0265026092529297,4.131157193033557,10.30477523803711
3.086186170578003,4.2484258232372145,10.468061447143555
3.034184694290161,4.167244598136416,10.473994255065918
3.0847585201263428,4.164570605382323,10.397283554077148
3.057551383972168,4.202954863098317,10.377511978149414
3.0414230823516846,4.216697987568166,10.421802520751953
3.007753372192383,4.169500537382971,10.457396507263184
2.995509147644043,4.199453522284914,10.342813491821289
3.091370105743408,4.188546186113464,10.424481391906738
3.039778232574463,4.174092818051577,10.422585487365723
3.033168315887451,4.187712634946885,10.336055755615234
3.05411958694458,4.157174112108935,10.445867538452148
2.9951350688934326,4.2588916573274345,10.443660736083984
2.9920754432678223,4.109310942768518,10.349919319152832
2.9856607913970947,4.16746146587788,10.358453750610352
3.0508360862731934,4.161450182919258,10.309627532958984
3.0670480728149414,4.183946158271283,10.472704887390137
3.042900323867798,4.164255428327513,10.436172485351562
3.0271682739257812,4.128868390872542,10.418158531188965
3.0557734966278076,4.218208648896377,10.391984939575195
3.068267822265625,4.212852267215827,10.407429695129395
3.009335517883301,4.22366434651693,10.408061981201172
3.0332746505737305,4.156317462213337,10.39175033569336
3.0040268898010254,4.19621136731335,10.417074203491211
3.009122848510742,4.196364444613988,10.408228874206543
3.081721544265747,4.209898284935791,10.391097068786621
3.043869733810425,4.230532365185873,10.385549545288086
3.0516464710235596,4.173227528908423,10.463468551635742
3.054891586303711,4.20928718279382,10.384737014770508
3.0611608028411865,4.155285609486913,10.460088729858398
3.04406476020813,4.234321009201397,10.398033142089844
2.997368812561035,4.125798682948308,10.389917373657227
2.975395679473877,4.215706407957311,10.417136192321777
3.0359199047088623,4.199337730350505,10.445901870727539
3.042208671569824,4.190670216389532,10.339496612548828
2.9953460693359375,4.146606895606964,10.441286087036133
3.033273696899414,4.194333738680663,10.411384582519531
3.0472981929779053,4.199363540591938,10.392810821533203
3.0948710441589355,4.205042610543647,10.351371765136719
3.0829169750213623,4.158440513070673,10.436874389648438
3.1436378955841064,4.2401670937625955,10.392878532409668
3.071742534637451,4.222020973019036,10.467676162719727
3.1283044815063477,4.212686576847253,10.418638229370117
3.085696220397949,4.164489430441919,10.311430931091309
3.080845355987549,4.200940023908126,10.30806827545166
3.0657362937927246,4.282143677385257,10.329922676086426
3.0660383701324463,4.161779504302624,10.397318840026855
3.0254244804382324,4.1847404068601985,10.349685668945312
3.0316925048828125,4.2383463265307775,10.464375495910645
2.9888572692871094,4.141091923428966,10.361516952514648
3.0490212440490723,4.138475455011108,10.339638710021973
2.9844207763671875,4.18070495597619,10.326146125793457
3.10062313079834,4.1829221673708945,10.361091613769531
3.0442659854888916,4.202604635385796,10.38341236114502
3.000101327896118,4.12501662483971,10.48533821105957
3.0020291805267334,4.147184757848403,10.413604736328125
3.038429021835327,4.223772982301723,10.362558364868164
3.0638833045959473,4.159433981570015,10.36015510559082
3.106748342514038,4.274387083615044,10.483643531799316
3.049089193344116,4.2212208022829145,10.386137008666992
3.0680994987487793,4.186532836540469,10.3192138671875
3.0221810340881348,4.20684360632939,10.388372421264648
2.992863655090332,4.156613966050958,10.434829711914062
3.0876615047454834,4.26393577426539,10.342618942260742
3.0393848419189453,4.182121811900289,10.428544998168945
3.0174288749694824,4.159347119874188,10.410253524780273
3.069298028945923,4.139141051597627,10.429848670959473
3.026473045349121,4.169980884695958,10.444074630737305
3.1146814823150635,4.1870151668055255,10.413084030151367
3.054157018661499,4.195742276330877,10.43618106842041
3.004267692565918,4.203467631346679,10.383411407470703
3.0324923992156982,4.186933888122439,10.42791748046875
3.0643539428710938,4.216615159496931,10.425131797790527
3.0614662170410156,4.23110882868059,10.432950973510742
2.999114990234375,4.2412321196336835,10.392396926879883
3.053435802459717,4.232489080534183,10.433012962341309
3.048734188079834,4.174847459254255,10.367151260375977
3.017519474029541,4.190363562699141,10.39487075805664
3.1097588539123535,4.287003460340201,10.39394760131836
3.0391669273376465,4.170740160126505,10.419954299926758
3.0668091773986816,4.15872252506337,10.309608459472656
3.1362054347991943,4.219370915321633,10.409920692443848
3.0089945793151855,4.100203538745908,10.405630111694336
3.0764880180358887,4.21382661822385,10.425342559814453
2.9935035705566406,4.171258647793105,10.412715911865234
3.0140769481658936,4.173432106750884,10.399384498596191
3.0200369358062744,4.18196689404015,10.410257339477539
3.0431454181671143,4.168711483012885,10.324272155761719
3.0805742740631104,4.172036387358925,10.434639930725098
3.086148977279663,4.180447948963514,10.364173889160156
3.0086798667907715,4.198519872834107,10.31038761138916
3.020688772201538,4.156341833195516,10.39120101928711
3.042895555496216,4.1672440050169826,10.36535358428955
2.9976630210876465,4.123694946423972,10.409374237060547
3.02122163772583,4.122802908232967,10.37325668334961
3.044374942779541,4.174932454380074,10.408598899841309
3.021574020385742,4.240228412839185,10.420398712158203
3.053330421447754,4.16366288388547,10.42955493927002
3.060137987136841,4.196329469559714,10.406535148620605
3.0225296020507812,4.209647748253441,10.430213928222656
3.090959310531616,4.176351257267275,10.401023864746094
3.0623934268951416,4.235760911567403,10.452644348144531
3.025047779083252,4.230808046180755,10.42184066772461
3.011411666870117,4.2230406568186085,10.377324104309082
3.0591275691986084,4.2181292599998415,10.554262161254883
3.0547034740448,4.203740888508037,10.469758033752441
3.0877482891082764,4.168269422869863,10.426448822021484
3.055069923400879,4.234424455922895,10.45100212097168
3.0132877826690674,4.174910305999219,10.417827606201172
3.044203519821167,4.202489739849365,10.369865417480469
3.0803418159484863,4.242236712382042,10.351751327514648
3.0309689044952393,4.226252833980002,10.400193214416504
3.065803289413452,4.20860501056138,10.375789642333984
3.0100467205047607,4.252308557508514,10.337457656860352
3.042762041091919,4.23540033775914,10.354784965515137
3.0559682846069336,4.197124164518234,10.463506698608398
3.014479637145996,4.150045187179265,10.374892234802246
3.0193753242492676,4.130654708316017,10.451698303222656
3.0680131912231445,4.178375465895182,10.414430618286133
3.0690701007843018,4.219111010033105,10.404342651367188
3.032344102859497,4.212289615600769,10.363566398620605
3.033484935760498,4.171235822540309,10.322834014892578
3.0820963382720947,4.205224928446115,10.433975219726562
3.0578079223632812,4.24788746088078,10.382182121276855
3.0859134197235107,4.179834974663597,10.385581970214844
3.0136024951934814,4.15366830018216,10.429869651794434
3.0614326000213623,4.1871560680280835,10.408577919006348
3.1348495483398438,4.14624332313958,10.45221996307373
3.112732410430908,4.178391003216218,10.449342727661133
3.054901599884033,4.237960183460798,10.411022186279297
3.0384316444396973,4.221269069605374,10.387733459472656
3.0847086906433105,4.163130041112059,10.409052848815918
3.0834972858428955,4.221696648946298,10.384572982788086
3.040358304977417,4.144713019419994,10.444948196411133
3.0479235649108887,4.1752281436430545,10.34912109375
3.050246477127075,4.164891202934086,10.368483543395996
3.0722572803497314,4.2122287709997694,10.33452033996582
3.0197176933288574,4.181496877323038,10.477654457092285
3.0611212253570557,4.168644790604178,10.44551944732666
2.9937376976013184,4.247690774367324,10.37598991394043
3.0375988483428955,4.156527510345248,10.36563491821289
3.0431761741638184,4.187387611550679,10.3632173538208
3.042736291885376,4.135355967828738,10.383491516113281
3.0242624282836914,4.182661573469106,10.450502395629883
3.0548202991485596,4.272923636549551,10.449918746948242
3.0428950786590576,4.149121960225914,10.334604263305664
3.032357692718506,4.220938505438555,10.401885986328125
3.0338683128356934,4.178268240664953,10.416823387145996
3.0156006813049316,4.2134390676926285,10.350667953491211
3.1151323318481445,4.168234907789157,10.386899948120117
3.050724744796753,4.180024927847886,10.41853141784668
3.0308146476745605,4.216349358470845,10.375991821289062
3.0252773761749268,4.2142818647636355,10.460285186767578
3.005533456802368,4.204648250946775,10.498746871948242
3.0973479747772217,4.218128545442595,10.380864143371582
2.993398666381836,4.2466606280899475,10.330510139465332
2.992856502532959,4.185532268469355,10.422370910644531
3.0329065322875977,4.145010235586337,10.409158706665039
3.0241763591766357,4.2233149790471165,10.449527740478516
3.023782968521118,4.201337798930971,10.455120086669922
3.167980670928955,4.241688830345604,10.296856880187988
3.0590853691101074,4.187471987480032,10.340486526489258
3.017984390258789,4.122583264285433,10.404642105102539
3.0686159133911133,4.261483305300187,10.47341537475586
3.041048049926758,4.153932361298108,10.369954109191895
3.0672614574432373,4.201676287954408,10.519899368286133
3.0540642738342285,4.185227215788992,10.468655586242676
3.0688066482543945,4.2300906416161785,10.4196138381958
3.057518720626831,4.196984928999362,10.341652870178223
3.02404522895813,4.142477694898844,10.42048454284668
2.9871714115142822,4.206558479295511,10.33273696899414
3.03930401802063,4.203446753389601,10.27253532409668
3.0316121578216553,4.235744952057886,10.391831398010254
3.121389150619507,4.209976560269882,10.335556030273438
3.0474889278411865,4.18712331550861,10.4046049118042
3.065406560897827,4.15468028237644,10.437653541564941
3.003255605697632,4.1796970163538525,10.327398300170898
3.0483486652374268,4.208390640893153,10.401333808898926
3.0339109897613525,4.177358706614801,10.336210250854492
3.055729866027832,4.254219211405143,10.367391586303711
2.9953606128692627,4.140608379218195,10.337780952453613
3.0014617443084717,4.2150773581982195,10.412664413452148
3.0419955253601074,4.196970137202048,10.414752960205078
3.025015115737915,4.1837834343646785,10.339339256286621
3.111152410507202,4.238469480071217,10.428796768188477
3.0975534915924072,4.1908036975655705,10.37143325805664
3.0818748474121094,4.229120001729045,10.388626098632812
3.009509801864624,4.205211249712322,10.363198280334473
3.0522797107696533,4.1901340335274915,10.510371208190918
3.053431272506714,4.214669555791521,10.414161682128906
3.06992769241333,4.179945776904268,10.34381103515625
2.9750492572784424,4.175616902532056,10.378530502319336
3.061159610748291,4.13384526216292,10.430408477783203
3.008943796157837,4.162714568964605,10.493762969970703
3.090801954269409,4.223484140621233,10.307455062866211
2.9828555583953857,4.217798673148666,10.46319580078125
3.057168960571289,4.184417758935265,10.381948471069336
3.0180270671844482,4.18012870937985,10.336389541625977
3.035411834716797,4.131896775149341,10.425619125366211
3.0646326541900635,4.213646449215178,10.403221130371094
3.0617942810058594,4.162805302833607,10.400040626525879
3.087998151779175,4.20871769387408,10.373544692993164
3.0669727325439453,4.21390000514553,10.388313293457031
3.071505546569824,4.154426744773185,10.321873664855957
3.0019829273223877,4.179314937908203,10.359895706176758
3.0431151390075684,4.2318612949789625,10.402870178222656
2.9874894618988037,4.205798426044307,10.373212814331055
3.0799481868743896,4.213300038395184,10.398979187011719
3.0590598583221436,4.273900952921913,10.379081726074219
3.030282497406006,4.1848744847479145,10.373992919921875
3.068906784057617,4.149649813871033,10.44656753540039
3.0281119346618652,4.17319251277617,10.393121719360352
3.0520448684692383,4.171946709077538,10.390097618103027
3.1174046993255615,4.2113087122062485,10.449273109436035
3.0260796546936035,4.217822154019294,10.332664489746094
3.0274102687835693,4.2144609463534195,10.320266723632812
3.05679988861084,4.211947574779124,10.40140151977539
3.1001057624816895,4.1430666503563,10.396767616271973
3.0505053997039795,4.23176082799078,10.339788436889648
3.019615650177002,4.170309857232496,10.448040008544922
3.0849051475524902,4.2078662215332905,10.376791000366211
3.0573956966400146,4.156788354539977,10.326066970825195
3.009467601776123,4.2090464590583,10.387535095214844
3.0456085205078125,4.141129534392219,10.339106559753418
3.096118927001953,4.201051304582506,10.399042129516602
3.017789125442505,4.186451359785028,10.501751899719238
3.005462646484375,4.19538512170714,10.406031608581543
3.012965202331543,4.1991158434788565,10.300070762634277
3.0443761348724365,4.2279070967342705,10.361520767211914
3.001242160797119,4.216076328585457,10.400751113891602
3.1360721588134766,4.231858508827697,10.333826065063477
3.0679612159729004,4.205841646696042,10.304069519042969
2.9830291271209717,4.191730813256331,10.493817329406738
3.018350124359131,4.196137263905257,10.387529373168945
3.0644519329071045,4.185021045950374,10.420125007629395
3.0509276390075684,4.2359047013534505,10.408342361450195
3.007296323776245,4.170019066992349,10.405963897705078
3.0800909996032715,4.299923573321264,10.399491310119629
3.0586416721343994,4.223155786050484,10.38595962524414
3.0667591094970703,4.221438842991899,10.38559341430664
3.1034817695617676,4.171997244469822,10.388885498046875
3.0192320346832275,4.201448513594056,10.312039375305176
3.1386287212371826,4.223336310857642,10.348753929138184
3.0098071098327637,4.235286594301994,10.353940963745117
3.037606716156006,4.225356398682509,10.427462577819824
3.009218215942383,4.16471236099356,10.426356315612793
3.0257301330566406,4.2105315619680495,10.405031204223633
3.0622951984405518,4.244335386735786,10.444351196289062
3.0687899589538574,4.135886148250262,10.402713775634766
3.0929932594299316,4.2495408401758015,10.366107940673828
3.042952060699463,4.217183925610568,10.453054428100586
3.0680854320526123,4.219620109302924,10.389138221740723
2.985647201538086,4.197254596311333,10.282539367675781
3.057626485824585,4.305620903914263,10.405524253845215
3.0933148860931396,4.229988357384822,10.393142700195312
3.0633647441864014,4.176534494484908,10.484552383422852
2.9934003353118896,4.196766897636865,10.434545516967773
3.020282030105591,4.175725282003571,10.344159126281738
3.089062452316284,4.286473426967859,10.417069435119629
3.0561654567718506,4.202958391214322,10.352594375610352
3.102997064590454,4.176166490385574,10.314987182617188
3.0829389095306396,4.23736527575446,10.33380126953125
3.034496307373047,4.261475234658324,10.373495101928711
3.003549098968506,4.245774471201003,10.437767028808594
3.0262584686279297,4.218416456931403,10.371222496032715
2.9750680923461914,4.154157855547964,10.401287078857422
3.0783348083496094,4.229359880256067,10.405113220214844
3.0081090927124023,4.208281618409923,10.33924674987793
3.037681818008423,4.14953518715421,10.373575210571289
3.025939464569092,4.247078768443315,10.407224655151367
3.024751663208008,4.2403988334949,10.370975494384766
3.034573554992676,4.286434284710724,10.49517822265625
3.0772297382354736,4.24594092881307,10.29857063293457
3.0399532318115234,4.198468085511455,10.437021255493164
3.011927366256714,4.20309943087133,10.391800880432129
2.998720169067383,4.170916470067043,10.401618003845215
3.103817939758301,4.207043879532388,10.449785232543945
3.0718908309936523,4.225855089058833,10.390926361083984
3.086758613586426,4.189572208960142,10.384035110473633
3.067254066467285,4.258819650758856,10.45057487487793
3.0142524242401123,4.18516148091294,10.386131286621094
3.0702121257781982,4.283505337179771,10.3775634765625
3.090425491333008,4.210888964656208,10.432369232177734
3.075206756591797,4.212711609766952,10.397195816040039
3.002692699432373,4.107023159740493,10.366964340209961
3.0828778743743896,4.22464640378686,10.434038162231445
3.0583138465881348,4.2421244444392086,10.376204490661621
3.0471153259277344,4.225177618176011,10.385507583618164
2.9889419078826904,4.156900950408141,10.337696075439453
3.0730578899383545,4.1492148918498835,10.35655403137207
3.0099260807037354,4.187007696899984,10.326342582702637
3.0579328536987305,4.166332467525666,10.373135566711426
3.0824944972991943,4.210798333132906,10.320281028747559
3.0643420219421387,4.206868815202533,10.340805053710938
3.020132303237915,4.257093899384406,10.26369857788086
3.0554358959198,4.285726865454178,10.398334503173828
3.089315891265869,4.223978692066989,10.422118186950684
3.0310206413269043,4.199093228372346,10.427247047424316
3.0810208320617676,4.191544696489084,10.386556625366211
3.025590658187866,4.217441549491403,10.320759773254395
2.9747259616851807,4.2033821042693615,10.398054122924805
3.032766819000244,4.236748422795374,10.404572486877441
3.012369394302368,4.134678475858111,10.36855697631836
3.026604175567627,4.195223584538326,10.416183471679688
2.993339776992798,4.1990591565014,10.346473693847656
3.0708155632019043,4.227817347772153,10.427181243896484
3.0700931549072266,4.216886134951242,10.390113830566406
2.9693238735198975,4.191115265346265,10.292012214660645
3.088883876800537,4.1953112139433095,10.370244979858398
3.0922021865844727,4.226313463146132,10.432271957397461
3.0342788696289062,4.219883266337482,10.401508331298828
3.0578439235687256,4.135400263459554,10.40708065032959
3.0143613815307617,4.21745726402982,10.402002334594727
3.060767650604248,4.217378316580185,10.324544906616211
3.101034641265869,4.209143372951075,10.390684127807617
3.008434295654297,4.194786096956315,10.29863166809082
3.0743956565856934,4.1719185124883165,10.38167667388916
3.0291709899902344,4.28538181256902,10.415226936340332
3.0928876399993896,4.248143066219719,10.500850677490234
3.03417706489563,4.157108597956332,10.457711219787598
3.109778642654419,4.24846412374505,10.406026840209961
3.0159287452697754,4.193093446415983,10.430500984191895
2.998047113418579,4.196183860767633,10.33647346496582
2.9870035648345947,4.207559758165319,10.428752899169922
3.040489673614502,4.1598491676018705,10.442937850952148
3.074108839035034,4.144452697231567,10.37436294555664
3.0679454803466797,4.26589635540066,10.450857162475586
3.0308797359466553,4.247453174354242,10.44100570678711
3.0566835403442383,4.222124734527564,10.464986801147461
3.081390380859375,4.199486428439352,10.414555549621582
3.098836898803711,4.228365542367102,10.346542358398438
3.0086073875427246,4.217561879927027,10.353543281555176
3.061007022857666,4.191286753463958,10.368861198425293
3.0361969470977783,4.197958930728159,10.36699390411377
3.109708070755005,4.189582262820165,10.347601890563965
3.036177635192871,4.178911437014383,10.366640090942383
3.0273618698120117,4.247078327362293,10.426902770996094
3.01596736907959,4.249071415280923,10.43263053894043
3.1010072231292725,4.178306085922356,10.403885841369629
2.9880924224853516,4.179036339811448,10.44057846069336
3.0406558513641357,4.209076233973194,10.394613265991211
3.0262393951416016,4.2435221308177065,10.495967864990234
3.0359983444213867,4.2208411071582566,10.431190490722656
3.032963752746582,4.22173179390042,10.449385643005371
3.0208730697631836,4.191292972669803,10.379653930664062
3.085700273513794,4.2886936329637795,10.33193588256836
3.062546968460083,4.227410318729068,10.376502990722656
3.0850067138671875,4.262790226843208,10.347881317138672
3.0342512130737305,4.175571984578189,10.437477111816406
3.0407021045684814,4.165845315304718,10.424741744995117
3.0528156757354736,4.220562412569832,10.377462387084961
2.9355831146240234,4.163747884266611,10.361017227172852
2.966334819793701,4.161445081965732,10.355318069458008
2.9932360649108887,4.1683591276274194,10.419365882873535
3.074251890182495,4.206522477158745,10.49551010131836
3.0486903190612793,4.167452609565641,10.388575553894043
3.0468902587890625,4.224667363500755,10.506717681884766
3.0486652851104736,4.178923810033926,10.379829406738281
3.0773065090179443,4.2770426972503115,10.401712417602539
3.0796408653259277,4.2714047527406365,10.431218147277832
2.984088182449341,4.223552034502583,10.353448867797852
3.0439047813415527,4.172820960005213,10.362865447998047
2.9712188243865967,4.1534044039435685,10.383913040161133
3.0588479042053223,4.173129651961582,10.319124221801758
3.049722671508789,4.257522739603051,10.37277889251709
3.086252450942993,4.224315062497876,10.397785186767578
2.9808647632598877,4.17331211448514,10.345621109008789
3.0212552547454834,4.19541508268698,10.45517349243164
3.039142370223999,4.170709522840167,10.368053436279297
2.9747726917266846,4.149493603002545,10.318700790405273
2.9835121631622314,4.228450200021533,10.392000198364258
3.0467050075531006,4.2068117780810494,10.403125762939453
3.032520294189453,4.255545327705996,10.39133358001709
3.026292324066162,4.101464882359973,10.458514213562012
3.0298995971679688,4.241064739879221,10.407984733581543
3.0217580795288086,4.196191629760765,10.413267135620117
3.059260129928589,4.220463045074472,10.437509536743164
2.9583940505981445,4.253920291750027,10.473726272583008
3.0222413539886475,4.189807568044801,10.337180137634277
3.091327667236328,4.2459534469858875,10.417753219604492
3.0316240787506104,4.197456034166472,10.386499404907227
3.0636003017425537,4.238642523397825,10.397089004516602
3.053683280944824,4.292196345149672,10.337886810302734
3.0104379653930664,4.223625322803855,10.397363662719727
2.991936445236206,4.222486022194581,10.405440330505371
3.056867837905884,4.262710644364623,10.4615478515625
3.1099090576171875,4.200308431505358,10.370003700256348
3.0231966972351074,4.151364078578938,10.363602638244629
3.0652101039886475,4.258452558756939,10.337525367736816
2.984236240386963,4.188654495236863,10.424039840698242
3.008488893508911,4.148319907586224,10.395776748657227
3.0922422409057617,4.214412617863023,10.39031982421875
3.015241861343384,4.1862949371071805,10.37356948852539
3.0586295127868652,4.219078376789444,10.437410354614258
3.0441927909851074,4.191913254359472,10.376758575439453
3.051269292831421,4.2047730083577335,10.349071502685547
3.027625560760498,4.1927433158271015,10.469768524169922
3.0661182403564453,4.215877848544291,10.396029472351074
2.977045774459839,4.209643634701414,10.387739181518555
3.0681090354919434,4.27860524202697,10.34245777130127
3.035327434539795,4.281076682997602,10.403864860534668
3.0949974060058594,4.251734131880637,10.43323040008545
3.049170732498169,4.192305144621059,10.332151412963867
3.0771524906158447,4.250027545827574,10.397939682006836
3.0074844360351562,4.200318299067606,10.331449508666992
3.040471076965332,4.232139810254531,10.392720222473145
3.03666090965271,4.17459819562334,10.392640113830566
3.0431549549102783,4.221596916671842,10.352315902709961
3.006363868713379,4.216619769776505,10.427658081054688
2.977365016937256,4.210546959923314,10.381731033325195
3.0744569301605225,4.258727730085541,10.455543518066406
3.055755376815796,4.21536735139255,10.319721221923828
3.03747296333313,4.252584141346493,10.416221618652344
3.044964075088501,4.226969968128417,10.335982322692871
3.041245222091675,4.167725436988153,10.419105529785156
3.0348849296569824,4.140871527771067,10.395553588867188
3.0623810291290283,4.236524821259081,10.44590950012207
3.0484778881073,4.217898828775755,10.420470237731934
3.0674946308135986,4.248900375827881,10.410815238952637
3.0080108642578125,4.275298685600449,10.391979217529297
3.0464870929718018,4.237298617804689,10.332829475402832
3.0418968200683594,4.183388931144561,10.393638610839844
3.0544252395629883,4.179689955531753,10.355554580688477
3.069201707839966,4.211540036967822,10.466854095458984
3.061070680618286,4.2207794242338945,10.447010040283203
3.0434422492980957,4.252620225140293,10.40449333190918
3.057868480682373,4.246460593372051,10.349992752075195
3.0837912559509277,4.226720118861912,10.349186897277832
3.0366568565368652,4.199697224123936,10.406375885009766
3.0625712871551514,4.2286171983661385,10.32928466796875
3.0668280124664307,4.255452201967792,10.419343948364258
3.076322317123413,4.276933380668717,10.429777145385742
3.060119867324829,4.175073319181268,10.362896919250488
2.9847443103790283,4.224910185173421,10.379152297973633
3.039193868637085,4.26223389731188,10.392923355102539
3.088280200958252,4.188314671661439,10.402099609375
2.9737706184387207,4.159610709907221,10.440021514892578
2.9972331523895264,4.183393464590024,10.416613578796387
3.0500094890594482,4.196400081372952,10.374238014221191
3.0477380752563477,4.229976973862255,10.42994213104248
3.052338123321533,4.21483617838073,10.463105201721191
3.0425758361816406,4.190275910044354,10.344006538391113
3.073012590408325,4.261382177738207,10.39151668548584
2.9745748043060303,4.232782158967375,10.35211181640625
3.024040460586548,4.179523481022834,10.374552726745605
3.0375826358795166,4.223496299935506,10.399092674255371
2.9853100776672363,4.172174642960141,10.426556587219238
3.053701877593994,4.222262884689761,10.433011054992676
3.0472965240478516,4.281648652162403,10.45247745513916
3.048893690109253,4.185295526570242,10.442804336547852
2.959104537963867,4.152647710205722,10.313776969909668
3.0418925285339355,4.186792712159721,10.312637329101562
3.0456011295318604,4.201448323604251,10.448705673217773
3.0167322158813477,4.224596661548796,10.374425888061523
3.023310899734497,4.236652544134164,10.360482215881348
3.0259275436401367,4.149226206886981,10.434995651245117
3.0898642539978027,4.2573956858499775,10.436269760131836
3.126115083694458,4.224235300307296,10.399202346801758
3.0197460651397705,4.145194344189284,10.335912704467773
3.0669965744018555,4.183583792598386,10.383356094360352
3.025787353515625,4.206023388409189,10.344283103942871
3.0046322345733643,4.233854510555309,10.422383308410645
3.024354934692383,4.188791454337271,10.409736633300781
3.0028202533721924,4.214572012923392,10.33785343170166
2.9552674293518066,4.175856426657577,10.418562889099121
3.04840350151062,4.192947140096553,10.38672924041748
3.018141984939575,4.208939450992538,10.40251350402832
3.0501749515533447,4.221820663660766,10.38631534576416
3.093217372894287,4.242571829951235,10.433186531066895
3.0553486347198486,4.207320762532098,10.335758209228516
3.0757956504821777,4.192521577102265,10.42352294921875
3.0546066761016846,4.151824106196208,10.417753219604492
3.0881009101867676,4.15134539315477,10.39627742767334
3.0827836990356445,4.214458798025069,10.420055389404297
3.0081701278686523,4.164077924597742,10.40519905090332
3.048440456390381,4.229581734232073,10.3317289352417
3.039964437484741,4.1601787880728285,10.287266731262207
3.057461738586426,4.298031551064923,10.384322166442871
3.0378589630126953,4.2354275210694015,10.392095565795898
3.0157530307769775,4.319645500874945,10.35527229309082
2.99127197265625,4.1817354784413645,10.337631225585938
3.0419669151306152,4.186735398003034,10.407825469970703
2.986243963241577,4.212279844330625,10.43971061706543
3.022510290145874,4.210774379283456,10.365594863891602
3.013003349304199,4.2283476418150325,10.381752967834473
3.0981454849243164,4.196856814004215,10.415538787841797
3.112637758255005,4.249377407865333,10.319746971130371
2.9565963745117188,4.124543382220768,10.3778076171875
3.075075149536133,4.1815837602397155,10.331235885620117
3.0726444721221924,4.203572032241417,10.38974380493164
2.9909214973449707,4.154372053620007,10.399255752563477
3.0740599632263184,4.163586722819932,10.400228500366211
3.0026254653930664,4.177202076019187,10.421209335327148
2.9667773246765137,4.142899509419554,10.393970489501953
3.10703444480896,4.22315654481229,10.447403907775879
3.021164655685425,4.1613637352960975,10.355692863464355
2.9716579914093018,4.223349239610668,10.41244125366211
2.986992120742798,4.240018059067162,10.4019775390625
3.037540912628174,4.214945707403656,10.38728141784668
3.1269612312316895,4.19472603885723,10.382498741149902
3.066690683364868,4.188225292667214,10.449787139892578
3.0285606384277344,4.221833729085379,10.491124153137207
3.001704454421997,4.208554315813152,10.388922691345215
3.027568817138672,4.279397612038467,10.398456573486328
3.0826942920684814,4.209523715777323,10.39162826538086
2.9891157150268555,4.126625386532396,10.331629753112793
3.0005762577056885,4.2240650546737015,10.41991901397705
3.058838129043579,4.216037998740961,10.378125190734863
3.0529842376708984,4.18960465906587,10.377937316894531
3.0341033935546875,4.240504389728553,10.342811584472656
3.001575231552124,4.242261189501732,10.34139347076416
3.0261034965515137,4.1655581793082606,10.378686904907227
3.0281996726989746,4.247364268937547,10.411971092224121
3.081801652908325,4.231285953628166,10.401693344116211
3.0253684520721436,4.204061951255425,10.31822395324707
2.9612233638763428,4.169627917132207,10.462718963623047
3.0550549030303955,4.179193970547722,10.39120101928711
3.068168878555298,4.1902758660393635,10.481748580932617
3.031158924102783,4.209849508479238,10.423040390014648
3.0317909717559814,4.247829869555841,10.404812812805176
3.0374481678009033,4.189310518525807,10.331214904785156
3.0482728481292725,4.2038980931642325,10.368438720703125
3.0224695205688477,4.172367963274675,10.372919082641602
3.0343050956726074,4.135106138818498,10.40749740600586
3.022995710372925,4.259049425965974,10.301145553588867
3.0287997722625732,4.150242298675169,10.439785957336426
3.0794262886047363,4.198293670978663,10.463211059570312
3.002317190170288,4.198843166597986,10.339682579040527
3.0472640991210938,4.262249257847932,10.353692054748535
2.9593350887298584,4.17364428125854,10.390972137451172
3.0650482177734375,4.276762081044061,10.316465377807617
3.073817014694214,4.214770225342363,10.380496978759766
3.0820136070251465,4.233786928700282,10.394021987915039
3.0202529430389404,4.232720693706401,10.406394958496094
3.0237390995025635,4.177100903354585,10.465410232543945
2.9699714183807373,4.159338721573087,10.418781280517578
3.066653251647949,4.228290373093581,10.384503364562988
2.9849495887756348,4.256348137145063,10.512495040893555
3.07020902633667,4.222150454364185,10.354917526245117
3.0482847690582275,4.194193107574913,10.398761749267578
3.0555639266967773,4.2316796761671345,10.389835357666016
3.0379843711853027,4.153815517634419,10.354373931884766
3.082702398300171,4.266710397122162,10.367575645446777
2.9746150970458984,4.236641592346132,10.347634315490723
3.045727014541626,4.234758508192109,10.409783363342285
3.047694206237793,4.259977304908846,10.342559814453125
3.039510488510132,4.217479134876546,10.44909954071045
3.0720620155334473,4.221281678083219,10.349618911743164
3.074143886566162,4.265138583224533,10.43238639831543
3.0158889293670654,4.22014126544153,10.374649047851562
3.0040807723999023,4.194982860303883,10.397281646728516
3.0495705604553223,4.192590344730499,10.378621101379395
3.017892360687256,4.2330572812019716,10.35903549194336
2.9628725051879883,4.188276332237625,10.43616771697998
3.0251173973083496,4.173990419334066,10.401430130004883
3.036421298980713,4.196340204283063,10.41623592376709
3.046630620956421,4.245160207551505,10.346614837646484
2.9965929985046387,4.220636548873569,10.301703453063965
3.077380657196045,4.199934400950691,10.342007637023926
2.9579250812530518,4.1811081768080065,10.334484100341797
3.0466344356536865,4.199090395887781,10.366331100463867
3.068723678588867,4.2163439795175295,10.32724380493164
2.948512315750122,4.174793307968815,10.400613784790039
3.0856740474700928,4.218154472265659,10.365690231323242
3.0348148345947266,4.226571582124701,10.404228210449219
3.068241596221924,4.2285119282480865,10.407190322875977
3.0999667644500732,4.185239406103002,10.318096160888672
2.9986321926116943,4.172690271732531,10.379926681518555
3.031757116317749,4.221356094648529,10.338418960571289
3.0494163036346436,4.194901883801712,10.336036682128906
3.07468318939209,4.237073261423835,10.40478515625
3.0466818809509277,4.213134326007483,10.34242057800293
3.0266287326812744,4.239770683127323,10.405982971191406
3.0797643661499023,4.224814067428399,10.393875122070312
3.0315589904785156,4.186994541103818,10.395905494689941
3.0868520736694336,4.25734786875546,10.45626449584961
3.0253536701202393,4.2212036681428025,10.390726089477539
3.0144190788269043,4.258948548430843,10.394307136535645
3.0655014514923096,4.208655509033374,10.345850944519043
3.0808441638946533,4.298792902047612,10.394451141357422
3.055638313293457,4.248032233278666,10.435579299926758
2.9970104694366455,4.187117777398921,10.335516929626465
2.999025583267212,4.165860397974029,10.313809394836426
3.0303215980529785,4.236800957171779,10.328662872314453
3.0416598320007324,4.132437001680954,10.320289611816406
2.9991860389709473,4.210841946969074,10.33064079284668
3.063613176345825,4.283713975888012,10.324471473693848
2.9981558322906494,4.2009948859589965,10.384358406066895
3.051051616668701,4.18772335360492,10.429669380187988
3.112827777862549,4.24675817105786,10.429330825805664
3.0268912315368652,4.258471168112009,10.391789436340332
2.989773750305176,4.177036461786234,10.323074340820312
3.077789068222046,4.260531140491366,10.3558931350708
3.05940842628479,4.187552091865135,10.436418533325195
3.0230660438537598,4.250176453364214,10.413260459899902
2.9880869388580322,4.174480728672019,10.410619735717773
3.033259630203247,4.243469438948003,10.368009567260742
3.0561983585357666,4.186132982140408,10.395868301391602
3.0535919666290283,4.189733875449747,10.482492446899414
3.0215137004852295,4.237832369016749,10.432695388793945
3.0545291900634766,4.231231769280774,10.400436401367188
3.045522928237915,4.194521646447746,10.35595989227295
3.055135726928711,4.145878586286147,10.40040397644043
3.043872356414795,4.211722262370001,10.393218994140625
3.0006675720214844,4.1643237021552135,10.359228134155273
3.036137580871582,4.179507804069934,10.429439544677734
2.9938340187072754,4.2119333856140395,10.369966506958008
3.0334229469299316,4.1672422530994355,10.35546588897705
3.0452427864074707,4.1934687499223005,10.355178833007812
3.0517873764038086,4.150494959571265,10.352815628051758
3.10087513923645,4.291209642243172,10.389666557312012
3.0653090476989746,4.246727147239393,10.431022644042969
3.017080307006836,4.241922604917948,10.52569580078125
3.0737690925598145,4.2438111078725855,10.359752655029297
3.067707061767578,4.2240204936492125,10.358467102050781
2.9629673957824707,4.1495440427346955,10.337620735168457
3.0555474758148193,4.253577297586682,10.426878929138184
3.0200984477996826,4.180730518685388,10.499438285827637
3.0776829719543457,4.263312067138031,10.362837791442871
3.046563148498535,4.2245402038429996,10.34927749633789
2.986342668533325,4.229619856258588,10.308099746704102
3.1153833866119385,4.266620433224099,10.411370277404785
3.0094549655914307,4.261901238035144,10.385842323303223
3.0119683742523193,4.229425076461796,10.342777252197266
3.009068250656128,4.286655283732606,10.384807586669922
2.9995603561401367,4.264805345064296,10.380379676818848
3.0941178798675537,4.2515634015601655,10.440530776977539
3.040494441986084,4.233944551354008,10.448883056640625
3.014735698699951,4.179261417494023,10.34650993347168
3.045172929763794,4.133467530898218,10.387700080871582
3.0616490840911865,4.181666390970348,10.428632736206055
3.1288015842437744,4.21598636132798,10.401639938354492
3.044379472732544,4.241491685687964,10.437385559082031
3.011685609817505,4.226738209403785,10.298072814941406
2.9805281162261963,4.232137829231631,10.34355354309082
2.9808878898620605,4.192406964388543,10.434602737426758
3.0441501140594482,4.263298037096059,10.394872665405273
3.0403668880462646,4.271918338656958,10.471490859985352
2.95574688911438,4.190090918514345,10.34313678741455
3.0029706954956055,4.173990498995408,10.336669921875
3.0751607418060303,4.2505435168610095,10.437714576721191
3.0801217555999756,4.292544134127509,10.387775421142578
3.0123131275177,4.226871914962041,10.333930969238281
3.0450472831726074,4.279721281591005,10.404398918151855
3.0640313625335693,4.223114722973801,10.337368965148926
3.0645856857299805,4.311716692522168,10.402060508728027
3.024024486541748,4.250194550092731,10.343953132629395
3.0838675498962402,4.231598733791283,10.359184265136719
3.016749143600464,4.2153019484332095,10.419772148132324
2.9940974712371826,4.213384647920195,10.423529624938965
3.0803394317626953,4.2568932293049455,10.394206047058105
3.0507211685180664,4.203454814917807,10.353055953979492
3.0398666858673096,4.2257929382114,10.391143798828125
3.0675435066223145,4.224951972353405,10.45448112487793
3.0366694927215576,4.238808005815371,10.462472915649414
3.063384532928467,4.2410958865324835,10.375112533569336
3.0309202671051025,4.224772354820743,10.444307327270508
3.034898519515991,4.2191744851879776,10.311213493347168
2.9917967319488525,4.17827797870684,10.369495391845703
3.0379350185394287,4.212816732636255,10.392426490783691
3.016132116317749,4.204981489240059,10.43008804321289
3.0883517265319824,4.186263000459543,10.368348121643066
3.0106072425842285,4.180518069038434,10.427745819091797
2.9938158988952637,4.243230052624962,10.374430656433105
3.0083649158477783,4.2961834957490534,10.454833984375
3.08699369430542,4.264329530564802,10.388679504394531
2.997622489929199,4.194484839914366,10.405218124389648
3.035266399383545,4.235159315468211,10.406087875366211
3.013605833053589,4.258363330503926,10.382488250732422
3.060676097869873,4.276259596758921,10.443838119506836
3.0924272537231445,4.273283699826736,10.332229614257812
3.0424373149871826,4.175884635686608,10.363935470581055
2.9618959426879883,4.1863154677141985,10.466967582702637
2.9911410808563232,4.224036549783445,10.332526206970215
3.0267043113708496,4.229853977715331,10.467880249023438
3.010641574859619,4.202530545681449,10.342822074890137
3.039961576461792,4.282631042546459,10.330972671508789
3.0080337524414062,4.250121643833284,10.384757041931152
3.086880922317505,4.297339976831738,10.249247550964355
3.0311279296875,4.234784419116165,10.417953491210938
2.9640581607818604,4.228874592376607,10.40182113647461
3.0346059799194336,4.281619299435988,10.474465370178223
3.0078392028808594,4.177307163764323,10.351486206054688
3.0011167526245117,4.17165870086423,10.47566032409668
3.0239078998565674,4.21660291140766,10.398552894592285
3.0538418292999268,4.209949763391966,10.423412322998047
2.9906017780303955,4.182764985332531,10.384642601013184
2.998831272125244,4.191334925824776,10.390148162841797
3.0272741317749023,4.211654434080369,10.415790557861328
3.056788206100464,4.264628881222701,10.427971839904785
3.0931646823883057,4.223776448551299,10.407888412475586
3.052372455596924,4.2638694469683935,10.354598999023438
2.9866631031036377,4.222753872795562,10.450368881225586
3.044769048690796,4.1873705222138335,10.356949806213379
3.026716709136963,4.179892394957799,10.35853099822998
3.0237815380096436,4.245824476005509,10.382057189941406
3.061375856399536,4.252178698412275,10.327266693115234
2.96416974067688,4.232518943691892,10.443645477294922
3.0849668979644775,4.254067754306432,10.430163383483887
3.067720413208008,4.286593810921269,10.432672500610352
3.0665383338928223,4.228164805365461,10.365345001220703
3.055642604827881,4.321961771497237,10.33539867401123
3.0581209659576416,4.20377752953209,10.434141159057617
3.004059076309204,4.238354153931142,10.356919288635254
3.007920742034912,4.166378686503906,10.446484565734863
3.03580641746521,4.192749358580581,10.382837295532227
3.025015115737915,4.222504951259387,10.354303359985352
2.964390754699707,4.22333386716699,10.412330627441406
3.009951591491699,4.133787401220096,10.379775047302246
3.0557308197021484,4.262659980915488,10.39954948425293
2.957467794418335,4.246040183951014,10.335650444030762
3.010502338409424,4.2311813753830005,10.41067886352539
3.1027004718780518,4.244292811690165,10.407413482666016
3.0512068271636963,4.277775886368804,10.324274063110352
3.0290122032165527,4.187298499912557,10.372382164001465
3.0343751907348633,4.268724406071539,10.321205139160156
3.052198648452759,4.192437047737518,10.428862571716309
2.9942469596862793,4.297386770402746,10.395318984985352
3.023815870285034,4.253339350323325,10.434239387512207
2.996375560760498,4.225091114041528,10.39023208618164
2.980724334716797,4.183042864381735,10.434359550476074
3.028674364089966,4.276273735100403,10.420827865600586
3.0724544525146484,4.254266428528353,10.313616752624512
3.0442652702331543,4.26573076618037,10.434654235839844
3.0834035873413086,4.269765072435673,10.399080276489258
3.0190539360046387,4.201349904261796,10.325762748718262
2.963175058364868,4.25032999742377,10.330864906311035
3.0761330127716064,4.242367425135203,10.395122528076172
2.9843335151672363,4.234881542656304,10.496967315673828
3.007056713104248,4.230197204509751,10.379659652709961
3.0350871086120605,4.148849393640247,10.473007202148438
3.0235962867736816,4.220069028304091,10.347983360290527
3.062187671661377,4.250888944270887,10.416810989379883
3.002622365951538,4.264608890716253,10.413148880004883
3.055661916732788,4.265915731866178,10.404027938842773
2.972789764404297,4.190833254384676,10.440093040466309
2.9986722469329834,4.215478619427553,10.393163681030273
3.0141775608062744,4.256098752575261,10.400291442871094
3.0722668170928955,4.252406496122212,10.470317840576172
3.022517681121826,4.275127728735762,10.38935375213623
3.0363636016845703,4.272084170021117,10.408885955810547
3.0557267665863037,4.17221556131595,10.401750564575195
3.0473134517669678,4.254603972492208,10.462153434753418
3.0085372924804688,4.203925774865119,10.316603660583496
3.0190353393554688,4.24509749644702,10.387947082519531
3.0184783935546875,4.220690605729552,10.379302978515625
3.0592598915100098,4.238369715632871,10.408607482910156
3.0301785469055176,4.262860785072137,10.38230037689209
3.0386598110198975,4.303124376273314,10.353071212768555
2.957589626312256,4.2373644166759075,10.410453796386719
3.004338502883911,4.242916624527424,10.417407035827637
3.0205907821655273,4.1824679945462515,10.459834098815918
3.065396547317505,4.2820799843009025,10.32711410522461
3.0150322914123535,4.186452321009711,10.391468048095703
3.0340535640716553,4.286156840190026,10.405542373657227
2.996537446975708,4.265933599855218,10.42869758605957
2.970720052719116,4.245683867717162,10.432794570922852
3.055757522583008,4.200921965097742,10.401212692260742
3.0156946182250977,4.174625998229852,10.36871337890625
3.030928611755371,4.321855629129068,10.384446144104004
3.071441411972046,4.248286939059784,10.379325866699219
3.0351009368896484,4.2324269563292285,10.409677505493164
3.0508224964141846,4.223273740848526,10.372856140136719
2.95749568939209,4.2710184207119575,10.395272254943848
2.9939489364624023,4.265281038824469,10.39331340789795
2.9919612407684326,4.220255536426391,10.475921630859375
3.0268561840057373,4.207107937262793,10.399011611938477
3.030841827392578,4.258041915417249,10.320533752441406
3.064728021621704,4.247381281972463,10.377388000488281
3.0579512119293213,4.215592973433169,10.33673095703125
3.0078344345092773,4.291098179561751,10.349863052368164
3.0362467765808105,4.278992251260207,10.321526527404785
3.027146100997925,4.227454332468498,10.3574800491333
3.0324041843414307,4.201566924207977,10.440223693847656
3.038402557373047,4.236469710378774,10.414719581604004
3.0304980278015137,4.246838808558616,10.408884048461914
3.09495210647583,4.254119714855083,10.357695579528809
3.039254903793335,4.155892930193139,10.445321083068848
2.9850399494171143,4.255360690045304,10.433381080627441
3.0673632621765137,4.198711026925594,10.414729118347168
2.9935760498046875,4.222295095844726,10.380535125732422
2.9824304580688477,4.220754105930349,10.350475311279297
2.9885690212249756,4.1627025985425075,10.382468223571777
3.0207431316375732,4.268889384710096,10.403032302856445
3.100320816040039,4.310994307676863,10.401494979858398
3.0282938480377197,4.188815217099286,10.351133346557617
3.049654960632324,4.198418848349579,10.374652862548828
3.0034914016723633,4.261813593230078,10.401063919067383
2.9890592098236084,4.278614749333689,10.390983581542969
2.9596476554870605,4.237255530564913,10.32583999633789
3.0467331409454346,4.1868079028624505,10.392068862915039
3.0655746459960938,4.203469443534102,10.421195983886719
3.1042284965515137,4.272436801610248,10.426749229431152
3.0881850719451904,4.250712693269764,10.346376419067383
3.036832571029663,4.211722276639193,10.375761032104492
3.0437684059143066,4.22883753827773,10.37342643737793
3.032789945602417,4.245827741222456,10.390754699707031
3.076169967651367,4.239775817242585,10.390636444091797
3.0140674114227295,4.318097750988922,10.359163284301758
3.048426389694214,4.251268292743979,10.39869499206543
3.004021167755127,4.185585374744342,10.31301498413086
2.977283477783203,4.264088401504393,10.39940071105957
3.021263360977173,4.242001728720165,10.414895057678223
3.00243878364563,4.2264389822791735,10.32603931427002
3.048734426498413,4.232848462948043,10.327156066894531
3.038130521774292,4.21474664788028,10.403007507324219
2.986071825027466,4.233054008135306,10.374931335449219
3.0247950553894043,4.2651612341537,10.342082023620605
3.01485276222229,4.202539417327249,10.367379188537598
3.027181386947632,4.291755620955623,10.444107055664062
3.0593738555908203,4.278422004576507,10.442158699035645
3.108306646347046,4.248797501104751,10.427018165588379
2.9902474880218506,4.270108267265771,10.383888244628906
2.9684770107269287,4.1869695891094,10.480745315551758
2.998227596282959,4.199339368081253,10.402591705322266
3.063870668411255,4.269498346373439,10.364660263061523
3.0155858993530273,4.200464566338009,10.407585144042969
3.044703245162964,4.264120352920145,10.293013572692871
3.032916784286499,4.283958451456523,10.358795166015625
2.9884841442108154,4.2258886419502755,10.376405715942383
3.0402820110321045,4.244049097710689,10.396829605102539
2.9892656803131104,4.261418733313414,10.402905464172363
3.0129194259643555,4.251582411650036,10.4366455078125
2.9751169681549072,4.207555580518342,10.340539932250977
3.0375924110412598,4.254027984903327,10.408571243286133
2.978626251220703,4.26050114395496,10.426043510437012
2.983675241470337,4.228104631150408,10.474446296691895
3.0261027812957764,4.338618267793209,10.418793678283691
2.9817285537719727,4.248696691423123,10.312824249267578
3.033647298812866,4.2664342875858505,10.415637016296387
2.973808526992798,4.196701571944036,10.33919906616211
3.0014569759368896,4.1765960029525955,10.406630516052246
3.024951219558716,4.25626805158598,10.418756484985352
2.9697868824005127,4.214126278679553,10.42359733581543
3.072570323944092,4.203788296751945,10.350732803344727
3.0153861045837402,4.266893116890319,10.310396194458008
3.0280299186706543,4.20393108812693,10.34145736694336
3.0380568504333496,4.2560480495449164,10.45878791809082
2.9830949306488037,4.272047607727083,10.382201194763184
3.033219337463379,4.264944999179403,10.34359073638916
2.9849841594696045,4.216064925505115,10.279443740844727
3.022906541824341,4.258079043389963,10.421928405761719
3.0558979511260986,4.208904691605961,10.320415496826172
2.9952430725097656,4.212167612509802,10.480135917663574
2.971271276473999,4.208287203850756,10.343494415283203
3.01874041557312,4.3245947714562405,10.512662887573242
3.006824016571045,4.237438677244687,10.399580001831055
3.066185712814331,4.298225626682065,10.513204574584961
3.0026350021362305,4.273265620893134,10.400505065917969
3.0200774669647217,4.2469815796773345,10.437226295471191
3.0430846214294434,4.264085791472878,10.434492111206055
3.0685555934906006,4.269811214047617,10.45641040802002
2.997075319290161,4.239367098081857,10.360782623291016
3.026925563812256,4.22760460239702,10.34616756439209
3.0371227264404297,4.19396807891982,10.399785995483398
2.9952452182769775,4.191425306057291,10.329004287719727
3.076659917831421,4.2530114523667315,10.451279640197754
2.9864611625671387,4.190959432628006,10.436721801757812
3.004246711730957,4.249816494262111,10.44863510131836
3.090059518814087,4.281325164650167,10.430187225341797
3.0013506412506104,4.247999981843999,10.35910415649414
3.016531467437744,4.369745910699878,10.43446159362793
3.0396175384521484,4.314780413705323,10.439667701721191
2.980132818222046,4.309471357680325,10.341426849365234
3.1327314376831055,4.306116219543453,10.380167007446289
3.0175936222076416,4.173229612775945,10.327726364135742
3.0449702739715576,4.2768931637651155,10.408475875854492
3.0957419872283936,4.2987418549268375,10.46220588684082
3.0693557262420654,4.27699281222054,10.437774658203125
3.0572285652160645,4.1998170041811775,10.436330795288086
2.9815165996551514,4.1550249880113235,10.335182189941406
3.085073947906494,4.256122956285252,10.41658878326416
3.013150215148926,4.237858929737871,10.404586791992188
3.0431997776031494,4.222866435635037,10.415630340576172
2.9972336292266846,4.300294796670122,10.374126434326172
3.0080320835113525,4.2817908982147594,10.333122253417969
3.021440029144287,4.213111430539617,10.405353546142578
3.004237651824951,4.296943286433816,10.453542709350586
2.9764561653137207,4.192721626821108,10.329513549804688
3.0301578044891357,4.2530714755744805,10.479084014892578
3.0194458961486816,4.254707771087331,10.408552169799805
3.0467705726623535,4.226354038542403,10.37444019317627
3.0153870582580566,4.2812815167874625,10.364326477050781
3.0451250076293945,4.245467783849952,10.308328628540039
3.028181552886963,4.260557742323727,10.388721466064453
2.952969551086426,4.187099251663313,10.41383171081543
3.04716420173645,4.184054976961177,10.434651374816895
3.021353244781494,4.248771331273019,10.405781745910645
3.0034353733062744,4.2466637278640915,10.402749061584473
2.977224826812744,4.236343051373426,10.387405395507812
2.989006996154785,4.219014156909127,10.401410102844238
3.044069528579712,4.243978845853624,10.315699577331543
3.013245105743408,4.204788972457338,10.340958595275879
2.977332830429077,4.234500534067462,10.367321014404297
2.987832546234131,4.297640514626567,10.373823165893555
2.9961228370666504,4.255103851901367,10.449913024902344
3.0181374549865723,4.308151387842372,10.43402099609375
2.980452060699463,4.160244442023603,10.347969055175781
2.9851179122924805,4.300367132461231,10.37114143371582
3.0384621620178223,4.223682127892971,10.416606903076172
2.9779701232910156,4.223799917946702,10.377862930297852
3.0003321170806885,4.206534072923075,10.396370887756348
3.014573097229004,4.198828549889315,10.469706535339355
2.9712512493133545,4.24561832974931,10.341178894042969
3.022784471511841,4.278597636813563,10.35741901397705
3.0408735275268555,4.200192711316048,10.413166999816895
2.9715592861175537,4.198208869168801,10.446779251098633
2.9969561100006104,4.2187454101097375,10.302141189575195
2.9971706867218018,4.218867210438475,10.434329986572266
3.023224353790283,4.292315416171082,10.376652717590332
2.939063787460327,4.19705047498324,10.326544761657715
3.0017125606536865,4.184982507855498,10.428840637207031
3.0782272815704346,4.305781738300409,10.374615669250488
3.0060720443725586,4.210632660193369,10.412845611572266
2.9701550006866455,4.1880569651922475,10.427518844604492
2.998018980026245,4.2593250257029585,10.38975715637207
3.0179738998413086,4.2425548400663375,10.412782669067383
2.9901459217071533,4.17590915461603,10.435494422912598
3.0276949405670166,4.265063536885593,10.375678062438965
3.0321261882781982,4.233578572648445,10.359308242797852
3.039020538330078,4.211330991304878,10.327176094055176
2.9330806732177734,4.223441639449447,10.379137992858887
3.0192184448242188,4.339254207011047,10.415167808532715
3.0635294914245605,4.2626033535426755,10.427020072937012
3.03407621383667,4.256984588324226,10.352827072143555
2.985358238220215,4.272226828216974,10.453437805175781
2.9518251419067383,4.213690977842946,10.363591194152832
3.1064274311065674,4.279787779952,10.42412281036377
3.046964645385742,4.234984268633915,10.353544235229492
3.0344173908233643,4.338628676287564,10.44395637512207
3.0042402744293213,4.234129475163562,10.344219207763672
2.9860544204711914,4.232892794966964,10.371454238891602
2.9332847595214844,4.185251350946991,10.415323257446289
3.010986328125,4.258796386952911,10.3214693069458
3.008272171020508,4.2714313348489155,10.364578247070312
3.000318765640259,4.278758936727952,10.490399360656738
2.946352243423462,4.196868718169363,10.456888198852539
3.0052123069763184,4.292304700440061,10.434948921203613
2.9698634147644043,4.24356933726397,10.352107048034668
3.0286641120910645,4.256828152674383,10.32503604888916
2.9516947269439697,4.229764766625262,10.328797340393066
3.0138332843780518,4.297240820413988,10.433159828186035
3.033663272857666,4.269740746356547,10.422821044921875
3.023568630218506,4.25981674027363,10.407814979553223
2.9765779972076416,4.208096687781758,10.379127502441406
2.996375799179077,4.21653316602377,10.4306001663208
3.0201878547668457,4.236060906833569,10.433006286621094
2.9968152046203613,4.23653960766803,10.414297103881836
2.935260057449341,4.1300741745425125,10.381719589233398
3.020540714263916,4.215073402438845,10.372320175170898
3.04175066947937,4.265882613503241,10.4249267578125
3.031190872192383,4.227813032721835,10.453466415405273
2.96675443649292,4.287716958339193,10.309549331665039
3.0390076637268066,4.248596535197326,10.35191535949707
3.0455517768859863,4.194643359431731,10.389619827270508
2.9984023571014404,4.216730185052646,10.454343795776367
2.9819869995117188,4.20005206471043,10.398523330688477
2.995884656906128,4.234950270670066,10.40831470489502
3.0206053256988525,4.2026910514437725,10.353198051452637
3.0040624141693115,4.20189701752471,10.352785110473633
3.056185483932495,4.279336777415925,10.346455574035645
3.005150079727173,4.306359440686979,10.371618270874023
3.0009334087371826,4.206246641930193,10.427900314331055
3.076239585876465,4.189532583512898,10.453719139099121
3.0209925174713135,4.3481310667204,10.36274242401123
3.003788709640503,4.272342717906993,10.401715278625488
3.023733139038086,4.2676083322814,10.3867769241333
2.9639244079589844,4.202731391980446,10.477206230163574
3.0310449600219727,4.2348835706777335,10.364851951599121
2.955785036087036,4.192169373988041,10.419781684875488
3.059767246246338,4.28932091563807,10.38357925415039
3.032381296157837,4.229118310580296,10.398294448852539
3.056544780731201,4.267504176291238,10.409181594848633
3.021409511566162,4.262960420056645,10.40812873840332
2.9815244674682617,4.24946809659845,10.411017417907715
3.0031204223632812,4.208135595378865,10.35646915435791
2.9680771827697754,4.328298007903088,10.366890907287598
3.0074377059936523,4.242363400790574,10.364311218261719
3.001873254776001,4.266015293176419,10.42227840423584
2.989464282989502,4.205457901049937,10.44627857208252
3.0284323692321777,4.269995673326775,10.336631774902344
3.0409669876098633,4.222707520704716,10.362274169921875
3.0764780044555664,4.224196056569261,10.425190925598145
3.0027811527252197,4.231798648102475,10.44990348815918
3.065621852874756,4.260891343267367,10.424177169799805
3.0157310962677,4.243030377231273,10.366143226623535
2.9685747623443604,4.249082255775908,10.334836959838867
3.0652148723602295,4.308870437821107,10.38499927520752
2.9812915325164795,4.259421572122457,10.374626159667969
3.0655148029327393,4.277802454740075,10.406211853027344
2.9341535568237305,4.145895989711529,10.422860145568848
2.9907681941986084,4.230562339137707,10.402627944946289
2.983342409133911,4.297236616689978,10.370634078979492
3.0935564041137695,4.27140426695613,10.40656566619873
3.067995548248291,4.295223730017564,10.343755722045898
3.0222012996673584,4.171810253589813,10.394262313842773
3.0481507778167725,4.273674336395094,10.355976104736328
2.9748804569244385,4.259297149189348,10.341704368591309
3.0053153038024902,4.312938470825819,10.40160846710205
3.0087196826934814,4.30023899135579,10.363646507263184
3.020327568054199,4.325913488698592,10.397462844848633
3.0615012645721436,4.272822766232172,10.364863395690918
3.0397229194641113,4.298811882933867,10.41163444519043
2.978309392929077,4.309362281646047,10.465557098388672
3.013711929321289,4.242842746366348,10.38548469543457
3.0119457244873047,4.274134774725618,10.4645357131958
3.023057699203491,4.264065689274243,10.353179931640625
2.9506659507751465,4.267394680130694,10.357339859008789
3.0237276554107666,4.250213379772113,10.421902656555176
3.010981321334839,4.291621583281084,10.377849578857422
2.9835634231567383,4.2166597892397215,10.406447410583496
3.0699639320373535,4.340784837125934,10.425044059753418
3.00119686126709,4.206377693285633,10.414658546447754
3.0132360458374023,4.273091995190563,10.386651992797852
3.0274972915649414,4.286178107007539,10.406261444091797
3.0138888359069824,4.2541281403641085,10.253890037536621
3.0038070678710938,4.271305396354624,10.322059631347656
2.95308518409729,4.261303729710302,10.347721099853516
2.967703104019165,4.230521422079099,10.370856285095215
2.975329637527466,4.242556324927135,10.447442054748535
3.0276851654052734,4.302629918591785,10.444890975952148
3.074017286300659,4.295879388726981,10.339778900146484
3.0139832496643066,4.298126670498667,10.371675491333008
2.9973056316375732,4.290234847027542,10.340201377868652
2.9826600551605225,4.266992361151747,10.40189266204834
3.032834768295288,4.2561884061433375,10.447871208190918
2.998295307159424,4.200247150446687,10.294149398803711
2.9713711738586426,4.2770979911022415,10.407906532287598
2.984469413757324,4.24689247848333,10.4030179977417
3.00295352935791,4.264123421528243,10.351202011108398
3.025254487991333,4.261602341530047,10.381771087646484
3.030524969100952,4.272331265000893,10.329769134521484
3.065605401992798,4.268664200224781,10.327856063842773
3.0100903511047363,4.256776653429759,10.487356185913086
3.0394999980926514,4.278473404768322,10.374059677124023
3.0181663036346436,4.261839689187972,10.49461555480957
3.0230181217193604,4.2649842245238165,10.336200714111328
2.916071653366089,4.242678724262598,10.380793571472168
3.027604103088379,4.241004604081224,10.428680419921875
3.0183651447296143,4.215441488960225,10.46628475189209
3.046049118041992,4.2349440371617675,10.360345840454102
2.974548578262329,4.291332130253847,10.392789840698242
3.0222511291503906,4.249490565620363,10.358007431030273
3.0472664833068848,4.274654960492626,10.385456085205078
3.0356180667877197,4.305410665459931,10.388870239257812
2.9962141513824463,4.2707313797436655,10.334736824035645
2.9360897541046143,4.25143440307251,10.329400062561035
3.0290377140045166,4.289478559046984,10.370000839233398
3.0077571868896484,4.223261498014576,10.395721435546875
2.9599976539611816,4.236018048399793,10.364188194274902
3.001634359359741,4.255161067204815,10.412437438964844
3.008732795715332,4.3241549814119935,10.455022811889648
2.9894800186157227,4.30459504022396,10.41524600982666
2.9942455291748047,4.236580197699368,10.402824401855469
2.9889473915100098,4.204966040128576,10.355527877807617
3.0573065280914307,4.286430947050187,10.406320571899414
3.000551223754883,4.253519463951566,10.387595176696777
2.950920820236206,4.203144361763926,10.415857315063477
2.979252576828003,4.256832386134192,10.384123802185059
3.014246702194214,4.255767187901904,10.37409782409668
3.0032665729522705,4.32617605793556,10.414979934692383
3.0054585933685303,4.240953675005585,10.33938980102539
2.9651474952697754,4.24771893909201,10.32069206237793
2.998291492462158,4.244277223512264,10.41781997680664
3.053884744644165,4.246387120502601,10.394407272338867
2.99639892578125,4.297958882192948,10.408742904663086
3.012864589691162,4.248916115245915,10.42499828338623
2.97403621673584,4.245388591296172,10.331159591674805
3.037003755569458,4.344575857477529,10.426382064819336
3.0013959407806396,4.210176280234009,10.419210433959961
3.024730920791626,4.298351383169314,10.441999435424805
2.9529755115509033,4.2600206747385005,10.426023483276367
3.0406384468078613,4.252970741695858,10.395851135253906
3.012855291366577,4.29562249294083,10.41769790649414
2.9478323459625244,4.299449406797066,10.450695037841797
2.9608936309814453,4.188118702632242,10.419159889221191
2.9714365005493164,4.254415119432711,10.360889434814453
3.0126538276672363,4.193565493150215,10.370105743408203
3.0064876079559326,4.3125203954654605,10.389029502868652
3.053300142288208,4.309254933348192,10.444181442260742
2.996534824371338,4.24704640391948,10.43614673614502
3.0082461833953857,4.235057301586494,10.407051086425781
2.965618133544922,4.231901889434084,10.386083602905273
2.9391870498657227,4.255620601720043,10.311257362365723
3.001338005065918,4.232754098317986,10.423606872558594
2.9459474086761475,4.233353594750432,10.469504356384277
3.0125865936279297,4.318352363471474,10.396453857421875
2.9968836307525635,4.175785171001086,10.394464492797852
2.981959104537964,4.2427802418824285,10.357427597045898
2.9995782375335693,4.254338559029358,10.36651611328125
3.0038115978240967,4.26015409271765,10.384334564208984
2.981886625289917,4.229973476479894,10.432539939880371
2.921184778213501,4.235987763918404,10.414813995361328
2.980185031890869,4.295857106501768,10.448784828186035
3.000178337097168,4.261748299867446,10.413559913635254
3.0099520683288574,4.301483245998887,10.414828300476074
2.991832971572876,4.272444194515368,10.465911865234375
3.011770009994507,4.251127587631345,10.372786521911621
2.998385190963745,4.2224765000864855,10.316240310668945
2.9757652282714844,4.307811657432467,10.370484352111816
3.0729355812072754,4.360896000006635,10.53171443939209
2.9981536865234375,4.291729383902359,10.413227081298828
3.050893545150757,4.225609447873596,10.448284149169922
3.051748514175415,4.3262887551183145,10.343351364135742
3.0012929439544678,4.250770159830738,10.337157249450684
2.993255376815796,4.271950219491764,10.353602409362793
2.9760916233062744,4.261054115602746,10.433162689208984
2.945665121078491,4.2346800588670055,10.420660018920898
3.0273311138153076,4.2200976230669776,10.437655448913574
3.013253927230835,4.271814462595752,10.381202697753906
3.007650136947632,4.280839971466256,10.394023895263672
3.0163416862487793,4.330709819948035,10.365466117858887
3.0179834365844727,4.291711103570248,10.36070728302002
2.9874074459075928,4.268550399025636,10.372230529785156
3.0644500255584717,4.322613148650686,10.33853530883789
3.0502607822418213,4.316462578883927,10.383354187011719
2.967118740081787,4.294275797471138,10.41946029663086
2.9455323219299316,4.2745624631643295,10.43028450012207
3.0420117378234863,4.228229264362848,10.414335250854492
3.0377697944641113,4.277955009635272,10.376690864562988
2.941662549972534,4.319073656640414,10.383960723876953
2.9568140506744385,4.235472100720342,10.441993713378906
3.038473129272461,4.238866962858343,10.394624710083008
3.0055277347564697,4.279246281499841,10.444770812988281
3.061192750930786,4.273100767085063,10.395265579223633
3.0115978717803955,4.261193648745706,10.442798614501953
3.0231854915618896,4.274924002986934,10.311660766601562
2.9529080390930176,4.239238586376555,10.427594184875488
3.0453195571899414,4.195589227302532,10.355257987976074
3.0315499305725098,4.313886880708326,10.472677230834961
2.9965226650238037,4.288288723045428,10.392723083496094
2.986564874649048,4.289278040606795,10.418719291687012
3.021240234375,4.3108970581088215,10.302705764770508
3.014604091644287,4.288404293391587,10.352243423461914
2.948291301727295,4.316971291555092,10.37030029296875
3.0651767253875732,4.310970524425751,10.3626708984375
3.0226635932922363,4.3345410470917285,10.441875457763672
3.0297787189483643,4.294860605582861,10.390990257263184
2.9257073402404785,4.262384934317586,10.499628067016602
3.010590076446533,4.192609461423541,10.367334365844727
2.9735283851623535,4.233031259117913,10.410874366760254
2.961099147796631,4.327711002502058,10.392616271972656
3.082514762878418,4.300627940267857,10.424074172973633
2.9790773391723633,4.305774850271908,10.439507484436035
3.0163509845733643,4.327440528598215,10.340571403503418
3.004378318786621,4.2690471842485875,10.343673706054688
2.9640700817108154,4.332245569576376,10.448430061340332
2.9962902069091797,4.288482720098857,10.437431335449219
2.971799373626709,4.261451128171757,10.385645866394043
2.906463146209717,4.286119915079325,10.327371597290039
2.996710777282715,4.258822801589433,10.318181037902832
2.989067316055298,4.2632037564513405,10.428773880004883
3.06217098236084,4.296227836116617,10.477703094482422
2.984152317047119,4.283258369525097,10.407247543334961
2.9540936946868896,4.270404387232182,10.411931991577148
2.979360580444336,4.192498293572238,10.43513298034668
3.0492796897888184,4.291617374800677,10.356693267822266
3.0046708583831787,4.3151414001892725,10.420516967773438
2.977451801300049,4.314753556291439,10.366601943969727
3.0173120498657227,4.289352803989979,10.470812797546387
2.9638712406158447,4.246591983496078,10.380970001220703
2.994487762451172,4.279352069799122,10.384037017822266
2.948026180267334,4.275730195022853,10.391048431396484
3.0131986141204834,4.267303624589529,10.450761795043945
3.093306541442871,4.264207157273111,10.403631210327148
3.0068695545196533,4.315649794015501,10.364811897277832
2.9775333404541016,4.30035204104414,10.43285083770752
3.0724241733551025,4.350676361072276,10.342977523803711
3.021358013153076,4.321244444232434,10.386829376220703
2.960371494293213,4.253980101052939,10.365034103393555
2.988286018371582,4.235682887025177,10.449516296386719
3.015333414077759,4.26126951508091,10.409605026245117
3.0127804279327393,4.331940031743476,10.37397575378418
2.990427017211914,4.213019864234541,10.326530456542969
3.0062451362609863,4.2828413806523065,10.36430549621582
2.9781670570373535,4.255704166467435,10.352578163146973
2.9892737865448,4.291048199902954,10.393115997314453
2.985259532928467,4.314440409420059,10.47201156616211
2.9929380416870117,4.327157738219415,10.431159973144531
3.070858955383301,4.319469436603998,10.350455284118652
2.9645304679870605,4.291586702889098,10.446510314941406
3.005718469619751,4.286690202641434,10.426324844360352
3.0001020431518555,4.270518871323604,10.3930025100708
3.011300563812256,4.283216980618557,10.411532402038574
2.993791341781616,4.260129030294982,10.419086456298828
2.974336624145508,4.270699641700568,10.450549125671387
2.986807107925415,4.27746071137621,10.365297317504883
3.019911289215088,4.319402844678345,10.365211486816406
3.0012528896331787,4.3168852185897,10.434325218200684
3.0248308181762695,4.221451846816177,10.357562065124512
2.9656295776367188,4.303274880662294,10.392110824584961
2.9515626430511475,4.308187555189112,10.397549629211426
2.9475960731506348,4.2700415346438865,10.372684478759766
2.947794198989868,4.2456558646434654,10.358296394348145
2.977958917617798,4.2443126800935715,10.368078231811523
2.9776134490966797,4.309246288612485,10.443605422973633
3.0349721908569336,4.329990281324301,10.385860443115234
2.950390338897705,4.252330618977014,10.408883094787598
2.99794864654541,4.306791905513299,10.344070434570312
2.9589946269989014,4.263774525340913,10.465209007263184
3.0296761989593506,4.348635312535667,10.424139022827148
2.9680821895599365,4.216887170049761,10.32458782196045
2.967423915863037,4.286055524001962,10.345178604125977
2.9855220317840576,4.273539845199723,10.326970100402832
2.9837148189544678,4.293150568247905,10.439205169677734
2.9688096046447754,4.279098331296284,10.386002540588379
3.026106357574463,4.3924513552337885,10.39962387084961
3.05031156539917,4.349469138508928,10.256437301635742
3.006723642349243,4.258714301112508,10.33974552154541
2.9649789333343506,4.268527016076924,10.40810489654541
3.042261838912964,4.225603780942038,10.37771987915039
2.9524428844451904,4.304277908622421,10.288847923278809
3.004584312438965,4.328689133947981,10.412490844726562
2.885167360305786,4.288891979659508,10.399979591369629
2.984834671020508,4.277899691070031,10.387449264526367
2.968400716781616,4.276218342727849,10.321342468261719
2.982628345489502,4.301135149618078,10.42342472076416
2.9537830352783203,4.2981111295188645,10.394371032714844
2.874058961868286,4.194052922639198,10.481693267822266
3.006809949874878,4.264287127181888,10.32987117767334
2.8899552822113037,4.251245154367228,10.33512020111084
2.992574453353882,4.273121763353369,10.36303997039795
2.9731664657592773,4.263927340507506,10.311695098876953
2.9423210620880127,4.282440715702251,10.365358352661133
3.030322551727295,4.332680610573983,10.418315887451172
2.932662010192871,4.273864185603868,10.429011344909668
3.0229651927948,4.375185579626954,10.35735034942627
2.9406092166900635,4.269866899919829,10.41818904876709
3.03031325340271,4.279329848242924,10.318697929382324
2.9964351654052734,4.270332520129159,10.37708568572998
3.004871129989624,4.262933559649225,10.441143989562988
2.9970169067382812,4.245203549441483,10.423698425292969
2.9732789993286133,4.258097578438797,10.436524391174316
2.9286482334136963,4.24938582752033,10.474653244018555
3.0299506187438965,4.359390274322193,10.41003704071045
3.040825366973877,4.31297921445886,10.44611644744873
2.977428913116455,4.301818454505078,10.388962745666504
2.9752395153045654,4.222935330255756,10.451061248779297
2.953925609588623,4.314791318095689,10.405319213867188
2.9552102088928223,4.263145629715706,10.413143157958984
3.000598192214966,4.298517242739242,10.467700958251953
2.9967799186706543,4.286389188275539,10.37671184539795
3.0084893703460693,4.2718316664520115,10.368819236755371
3.0579473972320557,4.323676606041512,10.383270263671875
2.971151351928711,4.226539577024856,10.427520751953125
2.923860549926758,4.237273323549224,10.36305046081543
3.0380187034606934,4.363552888090323,10.376211166381836
2.999831438064575,4.319986256105559,10.391315460205078
3.037198543548584,4.337596735917031,10.36548900604248
3.0010502338409424,4.395128557192428,10.346951484680176
2.9783191680908203,4.306537609547377,10.429861068725586
2.9987707138061523,4.354792995710991,10.408065795898438
2.9569103717803955,4.328636263596958,10.450209617614746
2.9349758625030518,4.265886254508846,10.362112998962402
2.9854485988616943,4.303274125293163,10.368879318237305
3.0339980125427246,4.296205567994288,10.400779724121094
2.9689781665802,4.323449434446437,10.387939453125
2.9335246086120605,4.261919377271885,10.415884017944336
2.9592199325561523,4.281581397367907,10.368337631225586
3.015089988708496,4.356927881882127,10.391786575317383
2.976837396621704,4.314587880957073,10.348773002624512
2.8858983516693115,4.277507766249722,10.332581520080566
3.0033466815948486,4.2399864071048805,10.392935752868652
2.954747200012207,4.298036963811942,10.364728927612305
3.0655317306518555,4.368485194098737,10.426260948181152
2.962460994720459,4.304262392987896,10.372980117797852
2.961519718170166,4.3010517411333105,10.426192283630371
3.046246290206909,4.376666877052879,10.420693397521973
2.9580323696136475,4.2923153726317524,10.459487915039062
2.9968020915985107,4.351431171243478,10.471394538879395
2.9662206172943115,4.362491895344906,10.419995307922363
3.0255370140075684,4.300663852299164,10.448953628540039
3.0260303020477295,4.328863998276315,10.360818862915039
2.955198049545288,4.359949975706903,10.34100341796875
2.9413998126983643,4.3301737766180715,10.427340507507324
3.018735885620117,4.310761676169932,10.332945823669434
2.9418530464172363,4.2547895589710345,10.349388122558594
2.985443353652954,4.329793570396889,10.330690383911133
3.049175977706909,4.226548509971638,10.355375289916992
2.9348373413085938,4.29963219495091,10.47239875793457
2.97824764251709,4.362564296029242,10.388336181640625
2.9755966663360596,4.24690338733074,10.445780754089355
2.9814655780792236,4.298731588292867,10.393728256225586
2.9978625774383545,4.33525754877233,10.387226104736328
3.00136137008667,4.316087494537767,10.382645606994629
2.9665791988372803,4.378516332046793,10.361693382263184
2.9141318798065186,4.270296244050509,10.385802268981934
3.0149731636047363,4.3427800431714525,10.341875076293945
3.0393786430358887,4.352756153459528,10.396978378295898
2.9505615234375,4.304373622838673,10.415444374084473
2.9670188426971436,4.306315847672521,10.396400451660156
2.96209454536438,4.293950710478904,10.44141674041748
2.9473602771759033,4.243257087821673,10.39196491241455
2.9686572551727295,4.317297075642273,10.400566101074219
2.9902913570404053,4.352311515149528,10.38401985168457
3.0214805603027344,4.3647872212542485,10.333532333374023
2.9924066066741943,4.318055241468495,10.390111923217773
3.015354871749878,4.327888361012031,10.433588981628418
3.0743041038513184,4.338003190533657,10.405508995056152
3.0261600017547607,4.390816510488678,10.512661933898926
3.0215139389038086,4.332477452699095,10.496408462524414
2.96390438079834,4.323435128101014,10.36748218536377
2.992112874984741,4.2775178370731215,10.440449714660645
3.0077476501464844,4.346781372225711,10.472150802612305
2.9912190437316895,4.401147459833218,10.355488777160645
2.9949393272399902,4.312331091812146,10.38563346862793
2.9646565914154053,4.369209286457459,10.400182723999023
2.9624576568603516,4.256708336428606,10.425237655639648
2.930347442626953,4.297600954405165,10.379317283630371
2.9568467140197754,4.302124233350956,10.47469425201416
2.952918767929077,4.280816639906594,10.293747901916504
2.9535930156707764,4.337097904678168,10.367087364196777
2.91867733001709,4.258126229280606,10.443682670593262
2.963750123977661,4.283138385208856,10.370908737182617
2.9330780506134033,4.283834950233411,10.384363174438477
3.0101277828216553,4.278166049392894,10.406242370605469
3.0257949829101562,4.263193372038326,10.375784873962402
2.992642879486084,4.290908278398481,10.420844078063965
2.979640483856201,4.331631843300004,10.38044548034668
3.0252935886383057,4.335273294177438,10.398409843444824
2.99713397026062,4.296045460106273,10.300283432006836
2.9976212978363037,4.334314662630537,10.348447799682617
2.9818787574768066,4.355925585741976,10.336309432983398
2.9722113609313965,4.304751403829349,10.491532325744629
2.9513487815856934,4.293490785240594,10.418560028076172
2.9310693740844727,4.304423312689843,10.374288558959961
2.9679815769195557,4.30088759586215,10.402904510498047
2.923285722732544,4.294102950254455,10.399102210998535
2.995230197906494,4.320012559415773,10.387958526611328
3.0186996459960938,4.347191830664608,10.447864532470703
2.915682554244995,4.257619311401088,10.431262016296387
2.9187188148498535,4.2778353941227705,10.36713981628418
2.9475855827331543,4.316783601118784,10.43868637084961
3.0213210582733154,4.328539569097172,10.373214721679688
2.962193250656128,4.321935800303307,10.446709632873535
2.956773281097412,4.296826935572816,10.43644905090332
3.0073893070220947,4.326267013226503,10.44992733001709
2.9295918941497803,4.30357686257256,10.442728996276855
2.985990524291992,4.345851937242384,10.450475692749023
2.9447004795074463,4.2800535342123895,10.443818092346191
2.9902586936950684,4.3728354352060705,10.426664352416992
2.9448719024658203,4.33981236060416,10.415908813476562
2.9576168060302734,4.2733998748340785,10.377934455871582
2.9972081184387207,4.308355481729709,10.395624160766602
2.9634525775909424,4.280534714493634,10.413654327392578
2.9480233192443848,4.390092914790979,10.404435157775879
2.9350168704986572,4.298287025120641,10.420126914978027
2.93894624710083,4.256703537988609,10.393375396728516
3.0131149291992188,4.305606904605936,10.42770004272461
2.950863838195801,4.307321113733841,10.401561737060547
2.9852001667022705,4.382286649895833,10.343525886535645
2.908511161804199,4.296611218114517,10.496804237365723
2.9302754402160645,4.337280826776155,10.331703186035156
2.9658586978912354,4.282491054552208,10.36966323852539
2.939983367919922,4.332236466230825,10.383556365966797
2.892472505569458,4.309175655545134,10.44962215423584
3.0270965099334717,4.347541289404035,10.385832786560059
2.9616751670837402,4.369079836444663,10.291210174560547
2.9375150203704834,4.320185491249764,10.399288177490234
2.953974962234497,4.32656667993537,10.434395790100098
2.9587459564208984,4.272469661897048,10.386704444885254
2.977109909057617,4.329118873258786,10.428853034973145
2.9753692150115967,4.323610051202454,10.394721984863281
2.9817795753479004,4.275852356139304,10.36153793334961
2.936608076095581,4.344624096694003,10.425965309143066
2.9211456775665283,4.3441656594430755,10.410566329956055
3.0056533813476562,4.360808050825393,10.493156433105469
2.9886691570281982,4.305210112660592,10.399443626403809
2.9961512088775635,4.372164944552683,10.368313789367676
2.9899561405181885,4.324839946514528,10.352607727050781
2.9654107093811035,4.364391571110381,10.392308235168457
3.0304157733917236,4.381554940349555,10.385509490966797
2.9513115882873535,4.30698216280767,10.364448547363281
2.986703634262085,4.323499909635368,10.405043601989746
2.9313480854034424,4.298992021175634,10.30410099029541
2.9581384658813477,4.35596685643707,10.463720321655273
2.9234731197357178,4.2863478404137165,10.379737854003906
2.939225673675537,4.327288472027118,10.395947456359863
2.951805353164673,4.330572829315705,10.349350929260254
2.943887233734131,4.30096237185145,10.409650802612305
3.0060436725616455,4.359322481023679,10.38601303100586
2.923917293548584,4.222045676882511,10.376415252685547
3.0149331092834473,4.328277378376307,10.375457763671875
2.9811887741088867,4.384404224975567,10.424949645996094
2.9932940006256104,4.308210051917871,10.38568115234375
2.981886625289917,4.280069976080475,10.362521171569824
2.974846124649048,4.344584687679474,10.410845756530762
2.9996914863586426,4.412931043588157,10.497014999389648
2.920644998550415,4.403068939656286,10.34593391418457
2.9915084838867188,4.339578974127238,10.45192813873291
2.9649128913879395,4.396449465770274,10.350769996643066
2.988295316696167,4.331920898153579,10.46201229095459
2.945258855819702,4.263040985845562,10.296558380126953
2.9312238693237305,4.299799615816613,10.419498443603516
2.952698230743408,4.304098641466616,10.387011528015137
2.987022638320923,4.317715772061741,10.372928619384766
2.9691672325134277,4.341320450317913,10.254592895507812
2.9414217472076416,4.251176297564857,10.396808624267578
2.934682607650757,4.35582459761229,10.37663745880127
2.972487449645996,4.313586405844295,10.464862823486328
2.9604685306549072,4.346393971404593,10.467068672180176
2.9251766204833984,4.270132087636739,10.440666198730469
2.9710378646850586,4.339948505894946,10.384040832519531
2.983475685119629,4.326950600071411,10.389483451843262
2.964533567428589,4.335681668782074,10.395445823669434
2.9700021743774414,4.384027079612549,10.438182830810547
2.9507155418395996,4.323042418541653,10.34381103515625
2.985354423522949,4.28838386805728,10.283817291259766
2.992363691329956,4.269903142437605,10.469192504882812
2.9525015354156494,4.33366877771914,10.411857604980469
2.9294755458831787,4.362466390776847,10.366436004638672
2.9487144947052,4.330337382919554,10.460104942321777
3.0128252506256104,4.374111399919327,10.358477592468262
2.9543795585632324,4.29329241240131,10.42803955078125
3.0019819736480713,4.308974073501304,10.452388763427734
2.8922433853149414,4.283516959719626,10.375555038452148
2.9035425186157227,4.288587654741216,10.448586463928223
2.988459348678589,4.382347875840164,10.38882827758789
2.9530539512634277,4.322147480045844,10.345008850097656
2.938737154006958,4.347304150961074,10.407450675964355
2.9626481533050537,4.359644049046827,10.39254093170166
2.9068398475646973,4.3711231722762545,10.372800827026367
2.9529402256011963,4.335503991992612,10.424620628356934
2.9346683025360107,4.382102352167879,10.440690994262695
2.915578603744507,4.261820805458618,10.379064559936523
2.9600632190704346,4.35066233309252,10.399340629577637
2.9529502391815186,4.359770636706215,10.35211181640625
3.011826276779175,4.327819890974622,10.368183135986328
3.00978684425354,4.4112175164877305,10.400160789489746
2.903069019317627,4.34279526071623,10.433074951171875
2.895314931869507,4.2963227153689205,10.453609466552734
2.9750993251800537,4.3580114919293145,10.40042495727539
2.9977059364318848,4.397673930207799,10.348630905151367
2.9918689727783203,4.328959363379648,10.40695858001709
2.981992483139038,4.367660901808579,10.362493515014648
2.9891350269317627,4.33528782360788,10.395432472229004
3.0351483821868896,4.3629607344046235,10.36819076538086
2.997830867767334,4.3888366227038205,10.42841625213623
2.971212387084961,4.366172994121111,10.38530158996582
2.9239368438720703,4.300321615434119,10.388921737670898
2.9061527252197266,4.262630716265577,10.357436180114746
3.0121452808380127,4.301253984615739,10.407804489135742
2.9290919303894043,4.349655245962952,10.490645408630371
3.000601291656494,4.421610059017048,10.495037078857422
2.9673256874084473,4.369348808757163,10.39285659790039
2.978606939315796,4.389000246301293,10.354303359985352
2.9302241802215576,4.368381996905165,10.386665344238281
2.965200662612915,4.350834003882483,10.445378303527832
2.9449622631073,4.321158312261105,10.273696899414062
2.9217169284820557,4.309932327463424,10.451501846313477
2.9109420776367188,4.299642870036353,10.34285831451416
2.9246904850006104,4.3253362012827505,10.336216926574707
2.969839572906494,4.392127886880189,10.388519287109375
2.974400758743286,4.345497745122494,10.402545928955078
2.8766422271728516,4.261214340305222,10.349104881286621
2.940601110458374,4.312347735677446,10.444775581359863
2.876987934112549,4.312738518829325,10.37428092956543
2.96213436126709,4.32636066775636,10.405735969543457
2.931164264678955,4.297674285281183,10.461444854736328
2.878450632095337,4.329826856763767,10.34419059753418
2.953383207321167,4.323694564368842,10.440240859985352
2.965816020965576,4.295400916498952,10.422995567321777
2.902045249938965,4.302201108907217,10.376021385192871
2.9422225952148438,4.38904196286707,10.38501262664795
2.9261929988861084,4.323540046877627,10.409110069274902
2.9923911094665527,4.404786776784541,10.43588638305664
2.9739413261413574,4.3604833484693835,10.52151107788086
2.947667360305786,4.364064604210268,10.438336372375488
3.0323779582977295,4.381590229924769,10.41531753540039
2.9215335845947266,4.3300783282278905,10.41989517211914
2.873166799545288,4.229504159851266,10.419864654541016
2.9509427547454834,4.32103552872182,10.43376636505127
2.8793845176696777,4.287653073269341,10.398545265197754
2.9487175941467285,4.3339991248212755,10.417251586914062
2.9715635776519775,4.3423120680464695,10.441161155700684
2.8796019554138184,4.374577937947055,10.427335739135742
2.9953792095184326,4.3428551019502,10.39330005645752
2.938457727432251,4.2767981894513865,10.389647483825684
2.9298183917999268,4.340947084727564,10.380256652832031
2.9362282752990723,4.38781795111884,10.401378631591797
2.8712716102600098,4.308856511388772,10.471084594726562
3.0026488304138184,4.412299729384748,10.368966102600098
2.9368135929107666,4.357627878331447,10.396919250488281
2.945986270904541,4.371306039326425,10.39082145690918
2.9233555793762207,4.309021100601448,10.444804191589355
2.919801950454712,4.30662223177829,10.402154922485352
2.9197006225585938,4.354248703623723,10.361515045166016
2.962599992752075,4.382089265622198,10.46143627166748
2.963000774383545,4.373194174209078,10.457782745361328
2.933138132095337,4.371226494865758,10.353901863098145
2.912343978881836,4.399474110387799,10.43038272857666
2.941697359085083,4.362679946801759,10.420184135437012
2.8628740310668945,4.273400447464415,10.29068374633789
2.9466285705566406,4.389291132900065,10.394428253173828
2.9308390617370605,4.283402242398422,10.489609718322754
2.972654104232788,4.325354197528214,10.339558601379395
2.9700469970703125,4.345588008207934,10.308591842651367
2.9426729679107666,4.423101439772706,10.433537483215332
2.924746513366699,4.360483657635216,10.438371658325195
2.884495973587036,4.372889690333977,10.434017181396484
2.948960542678833,4.3074862535244645,10.320734024047852
2.9477155208587646,4.407851566161428,10.427178382873535
2.8937559127807617,4.31581971252204,10.360883712768555
2.9228293895721436,4.310282676846587,10.4083251953125
2.906949758529663,4.330362791794219,10.387223243713379
2.883406400680542,4.370257742170777,10.339384078979492
2.9365596771240234,4.469264541253715,10.357380867004395
2.9838788509368896,4.362508204399742,10.441896438598633
2.965686321258545,4.357396370165848,10.380651473999023
2.8722102642059326,4.37190132588148,10.38754940032959
2.9658126831054688,4.4245451849087,10.326744079589844
2.9754385948181152,4.3471708704850505,10.368011474609375
2.9914159774780273,4.33306421213118,10.403340339660645
2.9792261123657227,4.444282091422273,10.354713439941406
2.958935022354126,4.348948088906971,10.350217819213867
2.9945733547210693,4.356041113214036,10.299497604370117
2.9174795150756836,4.357487258301782,10.417402267456055
2.9393746852874756,4.394363732376535,10.409828186035156
2.9388256072998047,4.36293208412826,10.380278587341309
2.898587942123413,4.344134334375018,10.365981101989746
2.94744610786438,4.3525073412872315,10.352473258972168
2.8910183906555176,4.361439899208824,10.341931343078613
2.9330265522003174,4.401795218798465,10.367820739746094
2.9330883026123047,4.44706080348364,10.403657913208008
2.9256768226623535,4.2998005450104495,10.370552062988281
2.974820375442505,4.391484785991322,10.461454391479492
2.941941499710083,4.3871511365287,10.391973495483398
2.9677646160125732,4.368688711364354,10.445079803466797
2.911322593688965,4.378996008574696,10.495718002319336
2.9239320755004883,4.411344730461549,10.392107009887695
2.9448869228363037,4.407433995910521,10.332459449768066
3.0061206817626953,4.445925262424031,10.467203140258789
2.9306697845458984,4.363740808829399,10.457001686096191
2.938420534133911,4.345809706420239,10.429156303405762
2.9168176651000977,4.300232671567105,10.404308319091797
2.8956968784332275,4.406057325790504,10.372817993164062
2.9123830795288086,4.4247379217496405,10.444901466369629
2.971369981765747,4.381480964299824,10.361669540405273
2.869279384613037,4.332215270393395,10.344232559204102
2.964324474334717,4.4168804775191735,10.382048606872559
2.947540521621704,4.347985638737945,10.372222900390625
2.9399502277374268,4.358238498015064,10.400422096252441
2.8490450382232666,4.33134423595454,10.447123527526855
2.9497599601745605,4.400477815818574,10.487465858459473
2.9581685066223145,4.397007015733315,10.289579391479492
2.9456779956817627,4.416414533375896,10.414402961730957
2.925232172012329,4.408388855002288,10.41342544555664
2.9261388778686523,4.375987057374524,10.487881660461426
2.8883676528930664,4.310550509486347,10.415212631225586
2.973836660385132,4.40127846858065,10.393759727478027
2.942690134048462,4.455853207169899,10.389254570007324
2.89015793800354,4.41111952974461,10.337757110595703
2.882385015487671,4.3366348634673555,10.418868064880371
2.919607400894165,4.330083868166964,10.410852432250977
2.9255576133728027,4.4366001327788185,10.413848876953125
2.9742298126220703,4.451540349417233,10.43743896484375
2.8873343467712402,4.2814907028805465,10.426152229309082
2.931145668029785,4.409317720348813,10.473105430603027
2.8465960025787354,4.305114974367565,10.332292556762695
2.9230093955993652,4.409567284198211,10.409126281738281
2.904123067855835,4.375992953078821,10.455759048461914
2.9349217414855957,4.405639326499243,10.418588638305664
2.9470956325531006,4.3675239096794805,10.437625885009766
2.857543468475342,4.409418845549226,10.426712989807129
2.8946824073791504,4.3712842654037685,10.377126693725586
2.9122397899627686,4.375165086272838,10.42210578918457
2.9025919437408447,4.385030565018368,10.37942123413086
2.8646252155303955,4.34656670167377,10.381181716918945
2.902200698852539,4.344802535504901,10.47165298461914
2.87020206451416,4.423539841348039,10.379602432250977
2.906203031539917,4.425467913903828,10.452864646911621
2.922640085220337,4.362047494056501,10.370784759521484
2.9440393447875977,4.39947964700072,10.424592971801758
2.915639638900757,4.333482606569305,10.349525451660156
2.9135942459106445,4.3878881773977945,10.26420783996582
2.8180298805236816,4.33668255559834,10.360363960266113
2.9013280868530273,4.457007676795391,10.387911796569824
2.8943872451782227,4.363010503318427,10.429450035095215
2.9198293685913086,4.377651124261319,10.349174499511719
2.8709428310394287,4.321682520676404,10.358327865600586
2.9039180278778076,4.324120242680822,10.438632011413574
2.8986339569091797,4.37678715556727,10.404664993286133
2.879077196121216,4.408280251215079,10.414469718933105
2.8944973945617676,4.383988127711096,10.369108200073242
2.8793792724609375,4.389520846174232,10.38705062866211
2.8333115577697754,4.343725291513174,10.40077018737793
2.9395010471343994,4.495285063616133,10.443572044372559
2.886585235595703,4.387663524897237,10.449356079101562
2.8712477684020996,4.40046538632097,10.448150634765625
2.835087299346924,4.349322908125552,10.458220481872559
2.8583984375,4.39210292001787,10.399024963378906
2.8862080574035645,4.414311724681673,10.428217887878418
2.91448974609375,4.425278706176738,10.441360473632812
2.870800733566284,4.432509870867112,10.441309928894043
2.886228322982788,4.439617447920942,10.444591522216797
2.8625216484069824,4.361263345261769,10.422821998596191
2.8830790519714355,4.267586455214769,10.451523780822754
2.905693531036377,4.336585222543883,10.366546630859375
2.8972184658050537,4.398673071326422,10.370999336242676
2.880375623703003,4.376155301096982,10.422977447509766
2.850337505340576,4.474973367759958,10.422697067260742
2.9622159004211426,4.455744362602543,10.436541557312012
2.960686206817627,4.463940312487207,10.377456665039062
2.9422717094421387,4.403793049477307,10.396574020385742
2.937101364135742,4.458142763436107,10.404818534851074
2.8479881286621094,4.390452938220862,10.381830215454102
2.9011027812957764,4.32521941968506,10.405872344970703
2.9233853816986084,4.3957891861043334,10.489816665649414
2.8618409633636475,4.38602645814951,10.434107780456543
2.920933723449707,4.414522793609649,10.360072135925293
2.849853277206421,4.395306701339515,10.453134536743164
2.876059055328369,4.410246365903211,10.356985092163086
2.8944971561431885,4.485082996244143,10.42362117767334
2.8672502040863037,4.405653694145648,10.42495346069336
2.925243854522705,4.433977193964113,10.361343383789062
2.874316930770874,4.397270010152299,10.460546493530273
2.9068753719329834,4.430983214539343,10.378620147705078
2.8922224044799805,4.456871562770435,10.37220573425293
2.8587565422058105,4.386226527126771,10.396242141723633
2.884702205657959,4.464829412588317,10.380939483642578
2.867286205291748,4.378540959442035,10.392204284667969
2.855318546295166,4.436723745261719,10.405061721801758
2.8982057571411133,4.36674198494958,10.422016143798828
2.897700309753418,4.42591406514735,10.454028129577637
2.902819871902466,4.373631637011255,10.381082534790039
2.8917236328125,4.480530123459175,10.308351516723633
2.9062256813049316,4.430794150601806,10.413553237915039
2.826244354248047,4.348835510833721,10.37156867980957
2.8900415897369385,4.4081860457746584,10.405988693237305
2.850417375564575,4.361289407791836,10.300703048706055
2.882723808288574,4.374638852796385,10.452131271362305
2.814302682876587,4.44807003292122,10.383794784545898
2.8767900466918945,4.424036941956729,10.308449745178223
2.8619813919067383,4.366407884351377,10.458381652832031
2.883056640625,4.458027326934305,10.413310050964355
2.8853065967559814,4.424564182026577,10.368575096130371
2.882887840270996,4.4421960499935915,10.420589447021484
2.8964951038360596,4.435155986309317,10.40802001953125
2.9129436016082764,4.427491515409201,10.39037036895752
2.9063971042633057,4.402834347948166,10.383552551269531
2.9325625896453857,4.395702247940269,10.320722579956055
2.898975372314453,4.516459297887715,10.383237838745117
2.889012098312378,4.399203441072522,10.392822265625
2.8565051555633545,4.452074221035997,10.486526489257812
2.8440866470336914,4.3297186475247145,10.413019180297852
2.9258840084075928,4.472833386323016,10.341215133666992
2.882918119430542,4.376316801079415,10.414226531982422
2.9010658264160156,4.403741814495464,10.396929740905762
2.914721965789795,4.501456141671431,10.447233200073242
2.8461663722991943,4.433437644204657,10.34288215637207
2.8686599731445312,4.471289304484214,10.41858196258545
2.8932793140411377,4.426287595415488,10.381673812866211
2.896801710128784,4.402939122269995,10.322693824768066
2.8774728775024414,4.438090720147427,10.396185874938965
2.805596113204956,4.45986388417493,10.310760498046875
2.8721201419830322,4.39875761030375,10.368515968322754
2.8151097297668457,4.414302389536585,10.392086029052734
2.877070426940918,4.454654681463061,10.45887565612793
2.9071457386016846,4.560395291540773,10.358222007751465
2.8438026905059814,4.446437164908275,10.39615249633789
2.88578200340271,4.405310239742643,10.311906814575195
2.902251720428467,4.490997654585434,10.39735221862793
2.90545916557312,4.458616490442571,10.299311637878418
2.828932523727417,4.4283129763789475,10.388557434082031
2.808884859085083,4.408442462362084,10.37414264678955
2.858463764190674,4.475548012514731,10.403305053710938
2.908149480819702,4.46572440476822,10.369089126586914
2.800558090209961,4.451857821284128,10.361083030700684
2.931100606918335,4.429050999261172,10.405952453613281
2.8115460872650146,4.4471647569776644,10.447855949401855
2.828112840652466,4.441812829946034,10.443437576293945
2.8090829849243164,4.4222414485910635,10.384551048278809
2.8783819675445557,4.421782796005052,10.492463111877441
2.8275699615478516,4.456955809179427,10.452905654907227
2.895475387573242,4.461395138009849,10.353479385375977
2.8632097244262695,4.441472664309134,10.431356430053711
2.9155404567718506,4.393638677529192,10.402652740478516
2.8582067489624023,4.540273169155366,10.444194793701172
2.882080078125,4.467689514160157,10.345924377441406
2.8798186779022217,4.44065617254403,10.339431762695312
2.848771095275879,4.423230640390622,10.353804588317871
2.831054925918579,4.501441319240258,10.500310897827148
2.8583438396453857,4.469768374792433,10.428384780883789
2.8941092491149902,4.426197269000113,10.404423713684082
2.8214221000671387,4.3888664107902775,10.447713851928711
2.8736839294433594,4.452674543485046,10.372810363769531
2.8857626914978027,4.482399927518729,10.375925064086914
2.8428096771240234,4.418894180030163,10.411332130432129
2.8179991245269775,4.416563049291393,10.433065414428711
2.8996362686157227,4.4881028127191325,10.384919166564941
2.836312770843506,4.471581293369777,10.420003890991211
2.851778745651245,4.425465997308493,10.35326099395752
2.8301632404327393,4.400545296891194,10.359954833984375
2.8135948181152344,4.417150040489754,10.378593444824219
2.8433618545532227,4.440022851473519,10.338919639587402
2.8572123050689697,4.432191760944469,10.432384490966797
2.8031837940216064,4.409632294771395,10.347404479980469
2.8399500846862793,4.408419042759175,10.425479888916016
2.8470897674560547,4.46788017448437,10.486830711364746
2.8287813663482666,4.487299757111551,10.385065078735352
2.805037021636963,4.421586702078847,10.369436264038086
2.8073110580444336,4.462426705685045,10.388063430786133
2.866851568222046,4.4524110201081,10.351760864257812
2.8725931644439697,4.4728847501267275,10.359092712402344
2.903287649154663,4.510243551772354,10.401620864868164
2.790132522583008,4.418213732939745,10.385515213012695
2.8120696544647217,4.429700297070667,10.477781295776367
2.843930244445801,4.417639893779,10.372238159179688
2.8410208225250244,4.479834984688621,10.364391326904297
2.815512180328369,4.475736058882571,10.394777297973633
2.8148860931396484,4.42154219380713,10.385318756103516
2.818936347961426,4.44359486490222,10.413503646850586
2.859462022781372,4.473646896991081,10.444465637207031
2.8734140396118164,4.473361383724426,10.35714054107666
2.843439817428589,4.485119213749255,10.416054725646973
2.7623565196990967,4.458409179833584,10.418801307678223
2.8040647506713867,4.4181692218075375,10.397384643554688
2.8150665760040283,4.50987768835122,10.409387588500977
2.893820285797119,4.414542408759839,10.408117294311523
2.8345298767089844,4.49766638226408,10.410558700561523
2.801257371902466,4.3942443089493155,10.393331527709961
2.766080141067505,4.4056154081065735,10.36555290222168
2.749242067337036,4.416951736867693,10.408084869384766
2.816103935241699,4.490957200859807,10.35900592803955
2.8126204013824463,4.467765826033428,10.4326810836792
2.7851083278656006,4.429436590722096,10.43897819519043
2.7733895778656006,4.42218434976946,10.385725021362305
2.8218421936035156,4.453743979867015,10.436874389648438
2.7989680767059326,4.427091915127156,10.380678176879883
2.794936418533325,4.462325840423415,10.405370712280273
2.830648899078369,4.4223257110321095,10.364144325256348
2.7874090671539307,4.479748365036876,10.436365127563477
2.8025972843170166,4.4537523758398105,10.492095947265625
2.7894015312194824,4.435891160807971,10.348335266113281
2.8175435066223145,4.454675404720807,10.376818656921387
2.811826705932617,4.417912637914664,10.43203353881836
2.8353652954101562,4.475851105060428,10.47062873840332
2.802168846130371,4.54589117038995,10.360859870910645
2.8258228302001953,4.444751544123782,10.39128589630127
2.795342206954956,4.466860918560997,10.312695503234863
2.823662519454956,4.4521054344118705,10.358654022216797
2.8036556243896484,4.503737759111184,10.44926643371582
2.825900077819824,4.4947348069399595,10.415733337402344
2.786907196044922,4.439558478205331,10.386754035949707
2.835625410079956,4.5294183897120615,10.415700912475586
2.788407802581787,4.495825434669054,10.355388641357422
2.8602294921875,4.415152809449604,10.400224685668945
2.8228304386138916,4.5153709778761755,10.446398735046387
2.812800407409668,4.521349948498287,10.395027160644531
2.822105646133423,4.571822654522423,10.464004516601562
2.7519588470458984,4.461940726697711,10.44509506225586
2.8216185569763184,4.47117608103768,10.422271728515625
2.811458110809326,4.46259887306951,10.460725784301758
2.8054773807525635,4.5027719149698635,10.34717082977295
2.8139190673828125,4.490082194696047,10.375077247619629
2.7756690979003906,4.399643220506342,10.3466215133667
2.833962917327881,4.474088488046878,10.433370590209961
2.850065231323242,4.498847194814257,10.445441246032715
2.829758644104004,4.422204372739153,10.313112258911133
2.7594611644744873,4.435891773219088,10.439146995544434
2.815845489501953,4.514264884637669,10.301725387573242
2.7844440937042236,4.479262715737735,10.363814353942871
2.7895288467407227,4.544072884134948,10.391136169433594
2.8417909145355225,4.529183690170092,10.403828620910645
2.7905147075653076,4.451228451715516,10.36402702331543
2.7338428497314453,4.461492388575738,10.367116928100586
2.796022653579712,4.486311337677762,10.407859802246094
2.7616147994995117,4.3985978275803586,10.431406021118164
2.7579140663146973,4.479901601427367,10.353991508483887
2.792863368988037,4.483223101356998,10.462675094604492
2.7796549797058105,4.455114974008341,10.266885757446289
2.8175413608551025,4.497579836253343,10.398139953613281
2.7702925205230713,4.3981515938815265,10.515129089355469
2.781322479248047,4.4648958875997256,10.313721656799316
2.700333833694458,4.3887892948197464,10.430681228637695
2.8057334423065186,4.485989211459777,10.379985809326172
2.7869648933410645,4.481007921941845,10.34422779083252
2.7764155864715576,4.418739276605525,10.428571701049805
2.818173885345459,4.517732051167904,10.403375625610352
2.8086202144622803,4.450970841871042,10.423530578613281
2.7979185581207275,4.472030384233221,10.410017013549805
2.8347015380859375,4.550946985205104,10.439189910888672
2.7576684951782227,4.431732202979869,10.40341854095459
2.8026039600372314,4.491436092615394,10.441648483276367
2.7606780529022217,4.41984181598361,10.36672306060791
2.7752370834350586,4.48352497117594,10.384160995483398
2.8347506523132324,4.482186068082228,10.460447311401367
2.7422077655792236,4.447966912395454,10.491068840026855
2.7506496906280518,4.428336168040654,10.416500091552734
2.7705533504486084,4.482112896395847,10.433013916015625
2.7855308055877686,4.524141105723435,10.409597396850586
2.783735513687134,4.507634628730427,10.48389720916748
2.796400547027588,4.488120970416016,10.447595596313477
2.7237448692321777,4.415341949755592,10.488236427307129
2.7727034091949463,4.494840602490253,10.380720138549805
2.771230936050415,4.509277190015252,10.390647888183594
2.8417413234710693,4.499674622268814,10.441791534423828
2.779285192489624,4.532014017192913,10.409028053283691
2.729968786239624,4.4721485703984,10.362680435180664
2.77848482131958,4.485130211338401,10.395576477050781
2.7606613636016846,4.416809072950855,10.373498916625977
2.8065524101257324,4.5297470993495415,10.417898178100586
2.7768592834472656,4.469086206684422,10.34537124633789
2.7659120559692383,4.490571065439975,10.337227821350098
2.715857744216919,4.4159389428262195,10.3234224319458
2.7509994506835938,4.461506779970867,10.427095413208008
2.831249713897705,4.522134922145467,10.41077995300293
2.7834627628326416,4.558038318030802,10.363725662231445
2.73702073097229,4.488629059400409,10.37159538269043
2.7542564868927,4.459693065611646,10.370660781860352
2.790001392364502,4.489509176828765,10.382904052734375
2.78360652923584,4.529071997385472,10.432271003723145
2.7749040126800537,4.4908163128753325,10.423659324645996
2.7339797019958496,4.433150156068483,10.312315940856934
2.7788116931915283,4.486781208010923,10.416647911071777
2.792444944381714,4.501068210894507,10.500917434692383
2.7872259616851807,4.474000087373756,10.320433616638184
2.7239928245544434,4.498853222500267,10.404406547546387
2.79697585105896,4.515791984873691,10.410530090332031
2.730806589126587,4.459218202358379,10.353907585144043
2.7699501514434814,4.4706337674787004,10.404687881469727
2.7665276527404785,4.517896027437278,10.351847648620605
2.7742767333984375,4.518040582238298,10.47665786743164
2.722745418548584,4.46891698750135,10.468228340148926
2.736882209777832,4.4925696639942805,10.419412612915039
2.733712911605835,4.438347620224315,10.411454200744629
2.700345754623413,4.495615777459794,10.370526313781738
2.7239766120910645,4.498867870408243,10.426407814025879
2.764939069747925,4.529423653713561,10.407011032104492
2.7292001247406006,4.5280389458473245,10.439695358276367
2.7950408458709717,4.487847943989826,10.348699569702148
2.6932144165039062,4.460606597929395,10.496915817260742
2.705068826675415,4.431933445257268,10.37244987487793
2.7662267684936523,4.524323693044217,10.396211624145508
2.7430062294006348,4.480601737442027,10.44686222076416
2.784468412399292,4.472462931847465,10.281875610351562
2.7588610649108887,4.472281395258116,10.441304206848145
2.7531144618988037,4.544265496744109,10.507351875305176
2.6961569786071777,4.404547872287887,10.47035026550293
2.7818281650543213,4.486151824904872,10.378020286560059
2.764728546142578,4.498124834183337,10.367853164672852
2.707141399383545,4.46449533181398,10.365911483764648
2.739837884902954,4.479949902443748,10.377140998840332
2.7648255825042725,4.495254941883363,10.407601356506348
2.728332042694092,4.440120436384209,10.425281524658203
2.7236948013305664,4.487962662974106,10.357404708862305
2.696204900741577,4.5195502106965115,10.381132125854492
2.68863844871521,4.440997028157914,10.466716766357422
2.7440924644470215,4.490326704091526,10.420928955078125
2.7458338737487793,4.487708969573889,10.35203742980957
2.70444917678833,4.472022565713685,10.41745376586914
2.699897050857544,4.478889251327408,10.482497215270996
2.717454433441162,4.487206213242773,10.382505416870117
2.7102041244506836,4.50740317857292,10.370539665222168
2.7735493183135986,4.516150943668825,10.416956901550293
2.7628536224365234,4.487490342331252,10.436256408691406
2.7219152450561523,4.56215049372986,10.289186477661133
2.7335433959960938,4.4583133244886985,10.34933853149414
2.7981321811676025,4.54417058436333,10.371731758117676
2.7157928943634033,4.48228609362351,10.412829399108887
2.721489906311035,4.4392559940128455,10.342851638793945
2.7389352321624756,4.497557931113987,10.429319381713867
2.705624580383301,4.444138561275655,10.404569625854492
2.7139296531677246,4.523397751717961,10.36988639831543
2.6597023010253906,4.423990288017584,10.408848762512207
2.683370590209961,4.494753075564014,10.435626983642578
2.755357027053833,4.500743151376291,10.444831848144531
2.7429025173187256,4.499625922845943,10.374908447265625
2.7382967472076416,4.507995980093256,10.358083724975586
2.7089433670043945,4.542266538300153,10.324140548706055
2.72928524017334,4.555375531648419,10.40542221069336
2.745481252670288,4.50392215163447,10.440613746643066
2.8013908863067627,4.554420652300386,10.343002319335938
2.7579076290130615,4.544706598622724,10.342928886413574
2.6875662803649902,4.512901229185186,10.471759796142578
2.731058120727539,4.5066191095725765,10.360240936279297
2.7368924617767334,4.466713680519856,10.460247039794922
2.7216062545776367,4.502499857850905,10.345132827758789
2.7260324954986572,4.507223327810477,10.399382591247559
2.7815656661987305,4.560164339075397,10.415745735168457
2.7114367485046387,4.45321309503301,10.440716743469238
2.7643001079559326,4.540337970879461,10.41203498840332
2.735079050064087,4.481261019894321,10.42140007019043
2.699570894241333,4.491006021920059,10.29075813293457
2.720461130142212,4.5531992705738435,10.432703018188477
2.702805280685425,4.485980113934992,10.438202857971191
2.7400896549224854,4.519041196908802,10.41642951965332
2.7228989601135254,4.537907972200109,10.436920166015625
2.751819372177124,4.548016570708049,10.411968231201172
2.7512457370758057,4.5352229732088745,10.441283226013184
2.717895269393921,4.452733189931937,10.439440727233887
2.681659460067749,4.537530828167552,10.391006469726562
2.721841812133789,4.512142337592585,10.38565444946289
2.6897082328796387,4.498181669972837,10.378655433654785
2.757667303085327,4.52294954511204,10.45496940612793
2.6697306632995605,4.505600559159315,10.39811897277832
2.7560267448425293,4.524065224886207,10.457759857177734
2.718798875808716,4.4830348664628605,10.398037910461426
2.7443201541900635,4.543578047005992,10.442727088928223
2.7572250366210938,4.4986670750326345,10.503180503845215
2.6987013816833496,4.468933608649032,10.442834854125977
2.7835168838500977,4.562272667186335,10.391030311584473
2.638765811920166,4.472545702343009,10.382956504821777
2.6868233680725098,4.547633495115275,10.40835952758789
2.6519601345062256,4.438868071019117,10.387433052062988
2.7403078079223633,4.533651190011629,10.346805572509766
2.722198247909546,4.54100549048079,10.391132354736328
2.6891984939575195,4.505465234962425,10.334123611450195
2.7068703174591064,4.4638075505250265,10.431756019592285
2.7574737071990967,4.519593625129866,10.465060234069824
2.7360117435455322,4.528253143586751,10.426311492919922
2.696780204772949,4.462274998592745,10.43138313293457
2.7315986156463623,4.55808753184309,10.421672821044922
2.7563259601593018,4.527881968633405,10.363141059875488
2.662078857421875,4.4610346335185955,10.387035369873047
2.6928205490112305,4.489134943844484,10.355293273925781
2.7235639095306396,4.561570779486958,10.337459564208984
2.6664960384368896,4.443050513675968,10.409725189208984
2.732668876647949,4.565154895153162,10.504866600036621
2.7050464153289795,4.513757774805916,10.460115432739258
2.6988861560821533,4.562688973033801,10.394649505615234
2.6493325233459473,4.523962078815592,10.409586906433105
2.6756439208984375,4.506375808069215,10.496158599853516
2.6782033443450928,4.562454284068997,10.360302925109863
2.676036834716797,4.506652779478047,10.431038856506348
2.7472875118255615,4.5495952569680025,10.345307350158691
2.7103278636932373,4.5293209763310305,10.39967155456543
2.701050043106079,4.53176874294877,10.41342544555664
2.6664938926696777,4.497506084153428,10.344255447387695
2.6147048473358154,4.46217507383387,10.342411041259766
2.6782548427581787,4.495536982347922,10.350024223327637
2.665837287902832,4.491851149625811,10.46081256866455
2.69449520111084,4.549941451588114,10.422576904296875
2.7099101543426514,4.558600916760042,10.322796821594238
2.659261703491211,4.43740470454629,10.47069263458252
2.7674953937530518,4.6188682309751,10.388047218322754
2.6985671520233154,4.613936949122165,10.467695236206055
2.7251174449920654,4.5180403684665045,10.438131332397461
2.6654860973358154,4.527321090422837,10.406826972961426
2.6774353981018066,4.488688446348532,10.478991508483887
2.6754140853881836,4.496135269058868,10.422775268554688
2.632230043411255,4.548807204867313,10.309003829956055
2.708787679672241,4.524193017943097,10.496133804321289
2.6876134872436523,4.503206007814566,10.329769134521484
2.7151691913604736,4.512884384885962,10.37917709350586
2.724626302719116,4.523937037380945,10.318817138671875
2.6552281379699707,4.481216762148376,10.432796478271484
2.7383339405059814,4.60896943210225,10.376227378845215
2.662177085876465,4.503877965201225,10.39249038696289
2.6710846424102783,4.5082581506909,10.360401153564453
2.6431798934936523,4.420874935774398,10.413663864135742
2.684235095977783,4.565611879906751,10.320690155029297
2.704150438308716,4.585148591847558,10.36414623260498
2.712902784347534,4.544986323220655,10.397015571594238
2.64845609664917,4.547386310528963,10.458667755126953
2.646232843399048,4.489024060179613,10.351707458496094
2.720085382461548,4.574934667940917,10.306946754455566
2.6592507362365723,4.545239747867786,10.37327766418457
2.7128703594207764,4.55432236923038,10.353119850158691
2.7150182723999023,4.544857039382415,10.479072570800781
2.6926825046539307,4.5531401500505,10.339672088623047
2.6790530681610107,4.533429046560611,10.457307815551758
2.6519529819488525,4.525446391198784,10.442177772521973
2.7430617809295654,4.534293620215197,10.452444076538086
2.6906509399414062,4.5651723242897,10.449764251708984
2.6567656993865967,4.543878562449079,10.494966506958008
2.63490891456604,4.555389450197773,10.383750915527344
2.684579849243164,4.509285288630053,10.356328964233398
2.6522459983825684,4.5251526452734,10.410436630249023
2.6801109313964844,4.514622567421091,10.347411155700684
2.627873659133911,4.490322871832177,10.381046295166016
2.688234329223633,4.559662455958979,10.386880874633789
2.6630287170410156,4.555316931933963,10.350053787231445
2.6481873989105225,4.523353115555698,10.371009826660156
2.668069362640381,4.5416464689187706,10.263274192810059
2.659541368484497,4.527323394847501,10.364609718322754
2.7003519535064697,4.6048116909805685,10.405755996704102
2.665980339050293,4.564744792878627,10.43410587310791
2.644679546356201,4.507934971845575,10.46432113647461
2.6748058795928955,4.470337482202532,10.467052459716797
2.6836459636688232,4.591693067357742,10.409856796264648
2.692756175994873,4.589675457216799,10.393394470214844
2.6872828006744385,4.577503768194998,10.476998329162598
2.688271999359131,4.542657600516187,10.352718353271484
2.6994261741638184,4.628707927152781,10.42467212677002
2.731208086013794,4.571684257692791,10.499839782714844
2.6750733852386475,4.548593310772309,10.267828941345215
2.647170305252075,4.583941633879606,10.440658569335938
2.6844425201416016,4.56067776926128,10.343124389648438
2.6418585777282715,4.57545461844919,10.356492042541504
2.6674702167510986,4.538765089486592,10.451839447021484
2.6651358604431152,4.615479802879106,10.485723495483398
2.665761947631836,4.494642663580764,10.397041320800781
2.676379680633545,4.515290460748864,10.409690856933594
2.68045973777771,4.561892391149221,10.422577857971191
2.642932653427124,4.559725126118532,10.336898803710938
2.634573221206665,4.572975139432986,10.414243698120117
2.6403348445892334,4.459622629352712,10.45075511932373
2.6505231857299805,4.571465835075027,10.403152465820312
2.6486475467681885,4.493298240804247,10.422965049743652
2.6681361198425293,4.562208503384942,10.36606502532959
2.6844873428344727,4.617976517216967,10.369425773620605
2.615917921066284,4.5264435242528895,10.434164047241211
2.6568071842193604,4.527617336084535,10.478486061096191
2.6601932048797607,4.593049120324264,10.373918533325195
2.6603174209594727,4.5283352249035875,10.443000793457031
2.7103219032287598,4.642825050811682,10.472854614257812
