ABloss,Bobloss,Eveloss
9.169171333312988,8.24511909039159,10.240496635437012
9.130653381347656,8.13104642674859,10.21871566772461
9.173774719238281,8.231278362417859,10.173698425292969
9.193327903747559,8.289377270266414,10.26070785522461
9.15113353729248,8.164696779268395,10.293081283569336
9.101645469665527,8.211038408767699,10.20350456237793
9.097384452819824,8.177094310455557,10.281184196472168
9.077167510986328,8.160981040015551,10.27810287475586
9.054004669189453,8.104837125899005,10.328648567199707
9.08347225189209,8.11575459931711,10.24461841583252
9.080114364624023,8.104514777560585,10.248933792114258
9.107012748718262,8.151753279746377,10.281551361083984
9.061285972595215,8.203191965386004,10.26080322265625
9.0872220993042,8.109829936110016,10.3560152053833
9.027800559997559,8.133068656216242,10.219425201416016
9.13783073425293,8.125463157825704,10.403956413269043
9.096150398254395,8.174433727482599,10.253345489501953
9.018292427062988,8.086136240279302,10.329702377319336
9.042888641357422,8.121961031508233,10.348567962646484
9.013089179992676,8.1170214743553,10.322566986083984
9.043301582336426,8.159398362971842,10.391759872436523
9.083230018615723,8.165104577517402,10.437625885009766
8.97085952758789,7.999778004196871,10.314566612243652
9.0029935836792,8.012445222885749,10.395798683166504
9.095818519592285,8.112074991920963,10.325077056884766
9.098243713378906,8.1855883365497,10.357635498046875
9.091523170471191,8.113094187441416,10.37143325805664
9.089566230773926,8.178319722513802,10.28114128112793
9.051755905151367,8.140316073782742,10.377943992614746
9.061453819274902,8.139357659466832,10.381814956665039
8.985310554504395,8.138596722457025,10.380922317504883
9.016179084777832,8.050037234755498,10.407052040100098
9.02890682220459,8.099311488880112,10.412422180175781
9.131717681884766,8.192373826600878,10.393118858337402
9.030665397644043,8.103625034780375,10.42197036743164
9.021639823913574,8.140384581272624,10.431252479553223
9.115429878234863,8.197440682344938,10.402153015136719
8.966930389404297,8.060277207089321,10.438167572021484
9.08321762084961,8.188103704114578,10.453971862792969
9.050253868103027,8.132477031588287,10.45010757446289
9.088516235351562,8.17132415891891,10.471263885498047
8.997759819030762,8.067244514556867,10.378605842590332
8.96275806427002,8.045223617194488,10.349842071533203
9.016084671020508,8.066898305002333,10.367378234863281
9.011956214904785,8.039815693262167,10.416865348815918
8.95694637298584,8.064510326499917,10.498462677001953
9.014670372009277,8.077961650410934,10.392117500305176
9.02189826965332,8.138768561450497,10.425332069396973
9.018058776855469,8.116205198224634,10.436250686645508
9.029522895812988,8.106287202431954,10.407693862915039
9.017400741577148,8.126730592123101,10.404373168945312
9.003262519836426,8.092469430528581,10.408796310424805
8.990582466125488,8.11797542354491,10.465015411376953
9.059749603271484,8.16707517429521,10.516873359680176
8.9983491897583,8.1007132136396,10.531502723693848
9.051237106323242,8.156618267264484,10.503303527832031
9.021327018737793,8.122397930693946,10.418612480163574
9.001863479614258,8.0835426163394,10.496015548706055
9.015973091125488,8.11531872375469,10.499296188354492
9.048980712890625,8.171086225459087,10.567464828491211
9.022997856140137,8.128129750589974,10.594542503356934
9.007102966308594,8.156093925902885,10.517143249511719
8.960785865783691,8.103624017975692,10.572064399719238
8.932398796081543,8.106905837243955,10.545515060424805
9.02804183959961,8.144931838814436,10.585511207580566
9.009799003601074,8.154282858462206,10.456195831298828
9.04373836517334,8.20647922590641,10.485615730285645
9.00733470916748,8.066293741343543,10.455389022827148
9.046171188354492,8.164069293665566,10.573015213012695
8.94858169555664,8.122957287555826,10.48153305053711
8.927793502807617,8.074642967698828,10.538690567016602
8.950758934020996,8.127383703365922,10.522762298583984
8.938944816589355,8.094526383659936,10.46992015838623
9.06904125213623,8.182956190813066,10.576799392700195
8.943465232849121,8.117200127104297,10.522300720214844
8.877533912658691,8.066732660867276,10.532588005065918
8.89548110961914,8.080964810414505,10.545564651489258
9.027901649475098,8.169959816582768,10.492151260375977
9.025559425354004,8.154406150969278,10.489870071411133
8.970715522766113,8.150459542803999,10.521050453186035
9.023933410644531,8.17605853114011,10.572687149047852
9.021194458007812,8.136648649150239,10.576255798339844
9.01235580444336,8.16858893895655,10.561753273010254
9.057122230529785,8.16938561623517,10.604752540588379
8.9645357131958,8.167014326467843,10.461644172668457
8.875723838806152,8.040321511116677,10.518569946289062
9.001103401184082,8.168955485968452,10.563493728637695
8.9811429977417,8.103857761215684,10.561527252197266
8.94627857208252,8.100491298362613,10.615701675415039
8.896442413330078,8.041253590025008,10.491016387939453
8.946603775024414,8.08583799623219,10.49062728881836
9.001218795776367,8.138884040759876,10.589877128601074
9.024091720581055,8.195965987996065,10.469594955444336
8.933634757995605,8.096894931946215,10.544677734375
9.027995109558105,8.145050587298881,10.60683822631836
8.981362342834473,8.131289893561709,10.567587852478027
8.976592063903809,8.125123550184071,10.49827766418457
8.957001686096191,8.086028422528347,10.576809883117676
8.921116828918457,8.038161539372854,10.615169525146484
8.937080383300781,8.14946209073865,10.59126091003418
8.921030044555664,8.08618317251759,10.71967887878418
8.992426872253418,8.195461734896526,10.555727005004883
8.976224899291992,8.105529559343786,10.559514999389648
8.958189010620117,8.111452895748828,10.556262016296387
8.965301513671875,8.152836867541607,10.506799697875977
8.98426628112793,8.103058037580922,10.556047439575195
8.943216323852539,8.145197458665018,10.609724044799805
8.90670394897461,8.123985152026373,10.563606262207031
9.014389991760254,8.154029014919486,10.551360130310059
8.954754829406738,8.100229806599339,10.664633750915527
8.88948917388916,8.108823818853125,10.54720687866211
8.901229858398438,8.07123640003348,10.487980842590332
8.947751998901367,8.149685030603514,10.514608383178711
8.926355361938477,8.159378519913714,10.435813903808594
9.000739097595215,8.169694620949615,10.494644165039062
9.03946304321289,8.182370057695412,10.505708694458008
8.882294654846191,8.043544819844621,10.543646812438965
8.995532035827637,8.171491945661337,10.624533653259277
8.863935470581055,8.094256065286961,10.50670337677002
8.883606910705566,8.05927388060705,10.547243118286133
8.871987342834473,8.139526740415022,10.594709396362305
8.920223236083984,8.13674546056427,10.606466293334961
8.982076644897461,8.16356222727336,10.527965545654297
8.877634048461914,8.098307510871175,10.596009254455566
8.970638275146484,8.149586031446233,10.519648551940918
8.82846450805664,8.005810287282136,10.528338432312012
8.945573806762695,8.126341626713318,10.542484283447266
8.951190948486328,8.131365365681372,10.651361465454102
8.887197494506836,8.141035418757903,10.551338195800781
8.939972877502441,8.096767361741513,10.659207344055176
8.931868553161621,8.152325293248785,10.596053123474121
8.867964744567871,8.076594048146424,10.55579662322998
8.8950777053833,8.098247454667996,10.60711669921875
8.853256225585938,8.057171508902684,10.66622543334961
9.016153335571289,8.191420958976128,10.438178062438965
8.882394790649414,8.0854267858501,10.501571655273438
8.893951416015625,8.150289570081181,10.493743896484375
8.914999008178711,8.108907913523062,10.493399620056152
8.900835990905762,8.113663188148557,10.527273178100586
8.88884162902832,8.109935431242256,10.576859474182129
8.85888671875,8.099629314616323,10.58642292022705
8.863697052001953,8.084371642409158,10.636756896972656
8.87864875793457,8.108479312221919,10.56456184387207
8.940049171447754,8.148234180673692,10.538300514221191
8.922957420349121,8.154785354721493,10.584442138671875
8.91705322265625,8.12726815789938,10.551310539245605
8.914098739624023,8.119928743790036,10.576189041137695
8.9072847366333,8.1545497263183,10.554621696472168
8.830370903015137,8.083254350781706,10.549793243408203
8.961188316345215,8.168783597914235,10.58038330078125
8.919677734375,8.092322185868397,10.606614112854004
8.939825057983398,8.156683369273585,10.660927772521973
8.90835952758789,8.163470326989358,10.496557235717773
8.865163803100586,8.037510693572196,10.583793640136719
8.878915786743164,8.078551511579592,10.55476188659668
8.880532264709473,8.078833844180085,10.552910804748535
8.947428703308105,8.146301959541493,10.508840560913086
8.844154357910156,8.063997366864767,10.509086608886719
8.898279190063477,8.106681956610243,10.562180519104004
8.902929306030273,8.145265905319581,10.71653938293457
8.871959686279297,8.101126434880175,10.593830108642578
8.864548683166504,8.144826894492976,10.513463020324707
8.929699897766113,8.204171704394476,10.462329864501953
8.85722541809082,8.078876120803345,10.56568717956543
8.937393188476562,8.195533815006327,10.630270004272461
8.935483932495117,8.176042773361717,10.57551383972168
8.83140754699707,8.095956602266856,10.52220344543457
8.908288955688477,8.161131873427491,10.651729583740234
8.803524017333984,8.101697225955181,10.518939971923828
8.87990665435791,8.176121981980812,10.628311157226562
8.835148811340332,8.110857191761689,10.535902976989746
8.881096839904785,8.16306243557483,10.563178062438965
8.939202308654785,8.185965932074136,10.60103988647461
8.853729248046875,8.104257421834127,10.524968147277832
8.842514038085938,8.122110263777099,10.461185455322266
8.934479713439941,8.166344260497551,10.609983444213867
8.896459579467773,8.11753254985836,10.63681697845459
8.820201873779297,8.091838195520852,10.537939071655273
8.883581161499023,8.119839660224637,10.61870002746582
8.881097793579102,8.157872444916784,10.6898193359375
8.829015731811523,8.0947526069358,10.563071250915527
8.868430137634277,8.125266562315769,10.625627517700195
8.862652778625488,8.127781507392815,10.592765808105469
8.873711585998535,8.145589457126334,10.515079498291016
8.901527404785156,8.136990744321208,10.597597122192383
8.824484825134277,8.111299946438521,10.560300827026367
8.8518705368042,8.10092065120781,10.604645729064941
8.758171081542969,8.085605885667196,10.524357795715332
8.876664161682129,8.178034861239471,10.59571647644043
8.72761058807373,8.093987525074876,10.508880615234375
8.78667163848877,8.041017379911084,10.537029266357422
8.891045570373535,8.207662723991755,10.532125473022461
8.83337688446045,8.135841668882806,10.524413108825684
8.90878963470459,8.184312942770443,10.491368293762207
8.850590705871582,8.117800238010075,10.566299438476562
8.871451377868652,8.136627740825393,10.549753189086914
8.787454605102539,8.043907968526971,10.531469345092773
8.81587028503418,8.041144675575197,10.608997344970703
8.862919807434082,8.188792563043535,10.555133819580078
8.807916641235352,8.107432929266775,10.523128509521484
8.774045944213867,8.080832356653575,10.599156379699707
8.833535194396973,8.093048362959443,10.648874282836914
8.843974113464355,8.137416255859923,10.548042297363281
8.829068183898926,8.101556263032503,10.503216743469238
8.780399322509766,8.052031359468986,10.492769241333008
8.899009704589844,8.166577729828923,10.584630012512207
8.79355525970459,8.107317729919616,10.677974700927734
8.835746765136719,8.110866816448313,10.579249382019043
8.871726036071777,8.128340211929753,10.541778564453125
8.797581672668457,8.097210150577926,10.560041427612305
8.851853370666504,8.156461590102742,10.507152557373047
8.786839485168457,8.071265102996092,10.597458839416504
8.840436935424805,8.123013714494716,10.55691909790039
8.875117301940918,8.154442551246445,10.541280746459961
8.82515811920166,8.147148862547642,10.553018569946289
8.749983787536621,8.012008024945057,10.709348678588867
8.80505084991455,8.080064996378496,10.505044937133789
8.787442207336426,8.128816546872258,10.516440391540527
8.827214241027832,8.120524424527371,10.513751983642578
8.796764373779297,8.105633230347719,10.58887767791748
8.818757057189941,8.12887931917794,10.607120513916016
8.83680248260498,8.158085228110265,10.488609313964844
8.772610664367676,8.13648290113945,10.56128215789795
8.815055847167969,8.138581222289108,10.510604858398438
8.794119834899902,8.141958233567754,10.510995864868164
8.80629825592041,8.087081961566582,10.45986270904541
8.873292922973633,8.149350783122436,10.513553619384766
8.82247257232666,8.091153270132573,10.606929779052734
8.814452171325684,8.116206467916658,10.577276229858398
8.889461517333984,8.216569778675746,10.639347076416016
8.896811485290527,8.187932549576674,10.605245590209961
8.814960479736328,8.12556121644697,10.573783874511719
8.780379295349121,8.113630376124222,10.53017807006836
8.769353866577148,8.096638167842425,10.570651054382324
8.7769775390625,8.081732446593898,10.567578315734863
8.713923454284668,8.101340421309162,10.585553169250488
8.793519973754883,8.052044263043042,10.59202766418457
8.737035751342773,8.100998393126897,10.625041961669922
8.80196762084961,8.1083004441711,10.579291343688965
8.77035903930664,8.094826465605625,10.581123352050781
8.779891967773438,8.071552784847363,10.625715255737305
8.751945495605469,8.074596459977329,10.612628936767578
8.720792770385742,8.066805981033083,10.541126251220703
8.798152923583984,8.125253618262443,10.54145622253418
8.799739837646484,8.10206933020215,10.5945463180542
8.807717323303223,8.127855535729655,10.596442222595215
8.749466896057129,7.998329247181704,10.556072235107422
8.821381568908691,8.098434568116707,10.58360481262207
8.777795791625977,8.120365402262125,10.45295524597168
8.835614204406738,8.14553746348247,10.686637878417969
8.852811813354492,8.114483759040013,10.636983871459961
8.753946304321289,8.073553394293413,10.51043701171875
8.75360107421875,8.028431998332962,10.515965461730957
8.847700119018555,8.215219432221991,10.549327850341797
8.78519344329834,8.09794408651734,10.611169815063477
8.767572402954102,8.073358806182764,10.669960021972656
8.843791961669922,8.12970864167437,10.65013313293457
8.81506061553955,8.124606457971304,10.507019996643066
8.7800931930542,8.117115427806441,10.549912452697754
8.830673217773438,8.15466491159584,10.619844436645508
8.769739151000977,8.136906523922725,10.431249618530273
8.875772476196289,8.16007493469598,10.547584533691406
8.779060363769531,8.101081147856478,10.57307243347168
8.829267501831055,8.123024791079972,10.56997299194336
8.786434173583984,8.083444344079389,10.600912094116211
8.812461853027344,8.132995406731164,10.55571174621582
8.747316360473633,8.067251927951084,10.492533683776855
8.779000282287598,8.107565842103213,10.553656578063965
8.75629997253418,8.0882960841991,10.579200744628906
8.792437553405762,8.11560365850372,10.56308364868164
8.822488784790039,8.167175773697506,10.524002075195312
8.699557304382324,8.051166627289993,10.544952392578125
8.833367347717285,8.162090071443734,10.564104080200195
8.793000221252441,8.107159845797078,10.584400177001953
8.851786613464355,8.16944333867702,10.514936447143555
8.761231422424316,8.07750438073916,10.506969451904297
8.793473243713379,8.153412625426427,10.533777236938477
8.77066421508789,8.06491191582089,10.594470977783203
8.77264404296875,8.128906609956175,10.584212303161621
8.716862678527832,8.019883876999042,10.54784870147705
8.764339447021484,8.08140750302534,10.573922157287598
8.789055824279785,8.135392011642189,10.539947509765625
8.76314926147461,8.124574722189989,10.541139602661133
8.78290843963623,8.133369497056783,10.570992469787598
8.825861930847168,8.155311071513488,10.488922119140625
8.774051666259766,8.107101561568145,10.636250495910645
8.77338695526123,8.122486781794578,10.5970458984375
8.809895515441895,8.177749922066662,10.572129249572754
8.820313453674316,8.18593634415551,10.548118591308594
8.82382583618164,8.152256974850648,10.540616989135742
8.783960342407227,8.157733423535579,10.575677871704102
8.66357421875,8.0367381292994,10.520309448242188
8.711377143859863,8.054455560299436,10.564352035522461
8.752398490905762,8.11154233657622,10.512560844421387
8.718501091003418,8.128031617795516,10.600037574768066
8.666372299194336,8.072963588671492,10.633262634277344
8.753437042236328,8.091037596808746,10.512358665466309
8.69947624206543,8.00859716281827,10.529726028442383
8.755226135253906,8.107636575121433,10.576156616210938
8.79341983795166,8.120169863038297,10.43305492401123
8.757331848144531,8.105175715571802,10.43381118774414
8.764469146728516,8.129255010014665,10.509916305541992
8.717686653137207,8.122553079522081,10.68095588684082
8.734100341796875,8.102469773697003,10.539261817932129
8.730735778808594,8.117319855905537,10.518805503845215
8.799838066101074,8.123618645759832,10.457079887390137
8.707554817199707,8.049706729461573,10.606853485107422
8.79931926727295,8.157145915852327,10.539946556091309
8.784517288208008,8.180165345048797,10.606705665588379
8.713296890258789,8.094073913625573,10.593746185302734
8.69514274597168,8.072689854373625,10.56684684753418
8.707653045654297,8.087047881746132,10.557038307189941
8.765056610107422,8.170234394293011,10.507059097290039
8.691582679748535,8.121854644202228,10.603171348571777
8.695150375366211,8.06380923198802,10.534902572631836
8.710479736328125,8.075724424993886,10.420751571655273
8.761937141418457,8.090132658768978,10.453104019165039
8.732610702514648,8.121058645957548,10.538286209106445
8.709860801696777,8.009758924233859,10.538348197937012
8.75290298461914,8.117233187326097,10.545111656188965
8.636322021484375,7.981322758564991,10.496618270874023
8.78176498413086,8.165239876435537,10.556001663208008
8.580470085144043,7.962591123567628,10.485490798950195
8.730384826660156,8.084585491867204,10.555242538452148
8.787307739257812,8.065005660256638,10.550277709960938
8.83216381072998,8.185867174894417,10.585418701171875
8.751972198486328,8.104169610954289,10.663820266723633
8.715069770812988,8.040619606717621,10.555597305297852
8.740493774414062,8.082073522764924,10.616348266601562
8.804472923278809,8.139873867155984,10.537593841552734
8.676889419555664,8.036724230174773,10.58060359954834
8.718182563781738,8.099547401502994,10.486709594726562
8.798696517944336,8.16124378141415,10.472959518432617
8.763557434082031,8.091574848463226,10.519512176513672
8.679774284362793,8.078499050145702,10.569498062133789
8.72098159790039,8.116171046392992,10.565646171569824
8.692038536071777,8.08183848798009,10.47850513458252
8.69603443145752,8.037545526067593,10.697514533996582
8.647273063659668,8.04768988233991,10.555597305297852
8.694863319396973,8.125193549419887,10.429892539978027
8.709329605102539,8.059235339252545,10.52286434173584
8.739410400390625,8.13718749592746,10.609869003295898
8.713973999023438,8.129216817806343,10.595985412597656
8.73116397857666,8.123800336216975,10.557454109191895
8.840004920959473,8.145886901865847,10.50216293334961
8.7020902633667,8.080653077257532,10.588808059692383
8.750482559204102,8.087762821166377,10.653997421264648
8.704845428466797,8.067865346558392,10.541799545288086
8.703129768371582,8.062598031113989,10.581403732299805
8.77697467803955,8.196389476968243,10.577777862548828
8.7181978225708,8.100837988778949,10.427125930786133
8.67751407623291,8.094415848775368,10.56856918334961
8.687006950378418,8.105040281246017,10.390050888061523
8.686882019042969,8.007940131871562,10.559694290161133
8.73694896697998,8.103275331801601,10.64258098602295
8.75723648071289,8.14687246360284,10.525826454162598
8.72338581085205,8.135417221313608,10.479623794555664
8.673042297363281,8.069785333670941,10.596537590026855
8.65028190612793,8.052981233689934,10.499578475952148
8.75802993774414,8.150560913940094,10.525219917297363
8.651589393615723,8.019945296625208,10.476738929748535
8.726698875427246,8.115455695494477,10.537680625915527
8.748985290527344,8.087401065243675,10.579845428466797
8.703598976135254,8.0792911917836,10.491844177246094
8.728975296020508,8.127623143007181,10.562216758728027
8.631735801696777,8.045233759430369,10.621976852416992
8.7540864944458,8.09952135936224,10.46321964263916
8.71072006225586,8.094158644721443,10.491281509399414
8.718865394592285,8.111146285265152,10.55047607421875
8.669463157653809,8.08817898847961,10.485542297363281
8.637564659118652,8.045642161542283,10.511089324951172
8.716938018798828,8.127320647372732,10.616557121276855
8.83581829071045,8.215375261481052,10.51694393157959
8.759637832641602,8.15644992435617,10.56070613861084
8.626006126403809,8.044506499344216,10.527456283569336
8.751194953918457,8.125202973971941,10.496578216552734
8.729364395141602,8.137560315662995,10.522382736206055
8.635339736938477,8.064701471810363,10.51451587677002
8.743429183959961,8.129992831232292,10.524455070495605
8.749231338500977,8.151832467443974,10.449103355407715
8.76799488067627,8.09172137430869,10.515654563903809
8.682124137878418,8.084724134499474,10.544716835021973
8.737337112426758,8.139524172991514,10.51449966430664
8.709909439086914,8.125543992500752,10.483683586120605
8.700668334960938,8.09347139039476,10.523944854736328
8.686049461364746,8.082827314900767,10.587262153625488
8.712376594543457,8.106484877677369,10.459977149963379
8.671682357788086,8.05774474513185,10.490530014038086
8.73408317565918,8.096885004812584,10.551294326782227
8.614095687866211,7.983792174840346,10.526726722717285
8.735955238342285,8.141301273434822,10.489495277404785
8.731280326843262,8.128624668278333,10.58329963684082
8.686975479125977,8.111202598815517,10.520238876342773
8.695405006408691,8.12020745238156,10.572051048278809
8.657121658325195,8.057566284767484,10.514530181884766
8.725738525390625,8.126453714212403,10.528775215148926
8.739047050476074,8.175476655064683,10.509239196777344
8.737942695617676,8.13701988587023,10.559450149536133
8.689703941345215,8.136513363303884,10.564115524291992
8.722134590148926,8.09425428396623,10.434967041015625
8.656463623046875,8.07344265983972,10.487775802612305
8.745645523071289,8.135719329950268,10.527158737182617
8.678857803344727,8.068269701109136,10.518475532531738
8.6663236618042,8.074039333001046,10.451191902160645
8.76956844329834,8.119655936025083,10.477697372436523
8.722640991210938,8.11894021592369,10.444185256958008
8.723236083984375,8.114385860539706,10.543180465698242
8.725057601928711,8.146767980951283,10.501232147216797
8.624754905700684,8.105313164182007,10.623725891113281
8.705880165100098,8.106381027659934,10.523279190063477
8.765992164611816,8.137162102120264,10.597700119018555
8.76099967956543,8.16941204966445,10.624579429626465
8.711024284362793,8.142727061507426,10.542803764343262
8.684165000915527,8.104565425975515,10.589319229125977
8.630277633666992,8.077846485722278,10.499427795410156
8.72066879272461,8.154136095794717,10.52557373046875
8.69646167755127,8.109575028764084,10.457168579101562
8.637297630310059,8.100664972028296,10.535242080688477
8.603798866271973,8.050491069842662,10.526334762573242
8.701766014099121,8.11069910175034,10.453848838806152
8.706779479980469,8.12481968710199,10.525217056274414
8.676541328430176,8.048127872403711,10.579160690307617
8.673391342163086,8.137607888584691,10.518250465393066
8.664092063903809,8.14517182830189,10.542247772216797
8.658803939819336,8.056938519135917,10.486409187316895
8.734330177307129,8.132212015567347,10.495194435119629
8.644160270690918,8.024394772481173,10.479436874389648
8.628462791442871,8.107354453931164,10.55769157409668
8.760090827941895,8.120411555049941,10.592987060546875
8.66928482055664,8.108646930561267,10.50607681274414
8.647950172424316,8.054598660041977,10.525827407836914
8.625646591186523,8.062531894139413,10.573858261108398
8.653534889221191,8.081524374229566,10.568845748901367
8.664596557617188,8.133937168167904,10.570549964904785
8.623967170715332,8.036068684587786,10.527381896972656
8.667255401611328,8.068949894946334,10.584219932556152
8.623414993286133,8.090971525093275,10.484192848205566
8.623899459838867,8.050286323430814,10.491392135620117
8.600341796875,8.047961328145382,10.482662200927734
8.618860244750977,8.079916805261746,10.536803245544434
8.657876014709473,8.046033694076218,10.529024124145508
8.596729278564453,8.050658538970831,10.585780143737793
8.694206237792969,8.113559523996498,10.51028823852539
8.599337577819824,8.044063097863857,10.622526168823242
8.653644561767578,8.09038891975901,10.485036849975586
8.620357513427734,8.053298855799119,10.382453918457031
8.735403060913086,8.101375473762994,10.476201057434082
8.667604446411133,8.100980880404157,10.486272811889648
8.616536140441895,8.073746751993895,10.50775146484375
8.65815258026123,8.065903626881273,10.424429893493652
8.615104675292969,8.063835827533953,10.503223419189453
8.685569763183594,8.097588762175292,10.569574356079102
8.572937965393066,8.066840184819219,10.52938461303711
8.684439659118652,8.080155797768384,10.535551071166992
8.639461517333984,8.138851236485477,10.564228057861328
8.691039085388184,8.144608615199104,10.479755401611328
8.6787691116333,8.116547313552083,10.563247680664062
8.686245918273926,8.153779778995418,10.511669158935547
8.712417602539062,8.1430816820357,10.557962417602539
8.755940437316895,8.185878497016217,10.424095153808594
8.64993953704834,8.039348802030352,10.576162338256836
8.656356811523438,8.121867576979898,10.462018966674805
8.674698829650879,8.127378355246037,10.557141304016113
8.778586387634277,8.172118416455175,10.523239135742188
8.659473419189453,8.073783935879224,10.480799674987793
8.704535484313965,8.115262489300221,10.547931671142578
8.629571914672852,8.072332253746156,10.527130126953125
8.654733657836914,8.119120921207859,10.559637069702148
8.628636360168457,8.085520609514788,10.589936256408691
8.641297340393066,8.064353576561968,10.545291900634766
8.640135765075684,7.99347116438938,10.519309043884277
8.566838264465332,8.03005229937844,10.471857070922852
8.677473068237305,8.108926994792585,10.5589599609375
8.635660171508789,8.101869402020904,10.520098686218262
8.640275001525879,8.091401956543061,10.553542137145996
8.677376747131348,8.145561442244798,10.496570587158203
8.567651748657227,8.086748640452111,10.524842262268066
8.637104034423828,8.098987270778577,10.52146053314209
8.708728790283203,8.17648608304028,10.533441543579102
8.675100326538086,8.139462540757709,10.525547981262207
8.676307678222656,8.032984793119665,10.506163597106934
8.675615310668945,8.117947210757329,10.524008750915527
8.651378631591797,8.089388395426795,10.486180305480957
8.673723220825195,8.109870658522206,10.573531150817871
8.57041072845459,8.085080898832528,10.509391784667969
8.678050994873047,8.17546964423465,10.589188575744629
8.694099426269531,8.134771786463846,10.535196304321289
8.728586196899414,8.157459551468492,10.551877975463867
8.611211776733398,8.035948909885649,10.512819290161133
8.592098236083984,8.109382780135743,10.598488807678223
8.561617851257324,8.069732827034645,10.639335632324219
8.624641418457031,8.129591092334262,10.520906448364258
8.689537048339844,8.121579961019702,10.470932006835938
8.594548225402832,8.094882735317308,10.454463958740234
8.600825309753418,8.062707051535003,10.5214204788208
8.602052688598633,8.009576638462022,10.48085880279541
8.632883071899414,8.055953372136823,10.587030410766602
8.568140029907227,8.034281868919997,10.53432559967041
8.593660354614258,8.04215272183397,10.540003776550293
8.581921577453613,8.068513775443925,10.6466064453125
8.588937759399414,8.067576132448655,10.537426948547363
8.586338996887207,8.049530390749819,10.511992454528809
8.594043731689453,8.102961309985924,10.55471420288086
8.569684982299805,8.029124084028549,10.434099197387695
8.667881965637207,8.086986344773322,10.594865798950195
8.656523704528809,8.120855140666077,10.518481254577637
8.61012077331543,8.070178765604007,10.548574447631836
8.619935035705566,8.072260006064814,10.450977325439453
8.597635269165039,8.04598766415646,10.521261215209961
8.619081497192383,8.08438259768965,10.516214370727539
8.664860725402832,8.10146439557762,10.494943618774414
8.572527885437012,8.10722685771595,10.499242782592773
8.666983604431152,8.139253021916375,10.476065635681152
8.650826454162598,8.133766621916688,10.575268745422363
8.633392333984375,8.103773494084765,10.595429420471191
8.612990379333496,8.098827790169576,10.53628921508789
8.65788745880127,8.144131081245307,10.531826972961426
8.62487506866455,8.072886591111974,10.537881851196289
8.629892349243164,8.07732094252216,10.518293380737305
8.532465934753418,8.029983830704753,10.56041431427002
8.644953727722168,8.113345136200744,10.491533279418945
8.603771209716797,8.13846180917296,10.46274471282959
8.601390838623047,8.081630363228864,10.518837928771973
8.648109436035156,8.149786631942593,10.594350814819336
8.652410507202148,8.154059794931008,10.518186569213867
8.607027053833008,8.081077070441097,10.480592727661133
8.652575492858887,8.090692885153528,10.50931453704834
8.622969627380371,8.036135864876478,10.53188419342041
8.596693992614746,8.040429636237345,10.530715942382812
8.530076026916504,8.00228362181224,10.58365535736084
8.646952629089355,8.113727418606036,10.546003341674805
8.6580171585083,8.154174382765113,10.545797348022461
8.56632137298584,8.092715350345575,10.540858268737793
8.58508014678955,8.14249558533941,10.610655784606934
8.608965873718262,8.081774101758908,10.50973892211914
8.612674713134766,8.105272057100333,10.456228256225586
8.621498107910156,8.141174316971696,10.549324035644531
8.590103149414062,8.033555287634954,10.639406204223633
8.568694114685059,8.05038224549831,10.563013076782227
8.632122993469238,8.075176711560095,10.496480941772461
8.62684154510498,8.164951538234682,10.44560432434082
8.526365280151367,8.034033141664363,10.517569541931152
8.557435989379883,8.045395502521258,10.553701400756836
8.596515655517578,8.097559801602204,10.489893913269043
8.617473602294922,8.134565336696271,10.625247955322266
8.535866737365723,8.03423185057805,10.53368854522705
8.585390090942383,8.068384996415782,10.503771781921387
8.672365188598633,8.139771493817015,10.522229194641113
8.650943756103516,8.097583702066913,10.522048950195312
8.624663352966309,8.173138833072569,10.55614948272705
8.569724082946777,8.030213258561812,10.4978609085083
8.609837532043457,8.063396992893622,10.536102294921875
8.606125831604004,8.103368517776419,10.6128568649292
8.584315299987793,8.095817980955221,10.553010940551758
8.58991813659668,8.10147580055387,10.491369247436523
8.59783935546875,8.11624383866521,10.52183723449707
8.597649574279785,8.077859101584181,10.624444961547852
8.612464904785156,8.080239134375006,10.514966011047363
8.594836235046387,8.115476812701672,10.568246841430664
8.51341724395752,7.9745065058315445,10.576539039611816
8.620750427246094,8.157065314207491,10.595744132995605
8.55421257019043,8.066049681876652,10.589913368225098
8.61847972869873,8.101162057702563,10.503461837768555
8.605735778808594,8.132898445939645,10.542160987854004
8.634834289550781,8.085989883302577,10.54008674621582
8.618059158325195,8.08349919871294,10.481969833374023
8.580516815185547,8.07970410046567,10.562847137451172
8.662699699401855,8.114128450896324,10.526689529418945
8.596929550170898,8.092200182178724,10.473137855529785
8.582653045654297,8.087264032801615,10.542692184448242
8.655292510986328,8.111532637450312,10.558165550231934
8.526620864868164,8.070929730643652,10.599346160888672
8.547865867614746,8.061294807254203,10.615428924560547
8.63795280456543,8.115636398017939,10.539222717285156
8.622167587280273,8.099901868995012,10.529722213745117
8.62557315826416,8.149199652851426,10.52420711517334
8.599221229553223,8.076638828198027,10.57375717163086
8.544859886169434,8.070533899457327,10.512255668640137
8.585308074951172,8.078720497532881,10.524887084960938
8.591596603393555,8.094842086313292,10.628829956054688
8.5362548828125,8.07690176025166,10.522712707519531
8.576509475708008,8.1524957699169,10.453267097473145
8.641449928283691,8.124097156637747,10.659185409545898
8.614689826965332,8.136433506617323,10.653779029846191
8.574602127075195,8.113141667563468,10.560133934020996
8.548110961914062,8.03965275628226,10.510517120361328
8.669575691223145,8.154165699745395,10.513896942138672
8.556280136108398,8.039257802867464,10.554069519042969
8.51684856414795,8.021221121739861,10.611557006835938
8.540556907653809,8.049793135640877,10.49578857421875
8.565193176269531,8.086072667002945,10.566274642944336
8.533281326293945,8.019166185819943,10.61211109161377
8.646342277526855,8.11087359850561,10.51015567779541
8.552595138549805,8.112531520725627,10.555583953857422
8.524853706359863,8.078691940189206,10.70081901550293
8.572148323059082,8.05364640911908,10.646913528442383
8.564802169799805,8.114863803443898,10.656231880187988
8.477216720581055,8.00276421482808,10.562911033630371
8.60916805267334,8.093707208288833,10.465751647949219
8.529402732849121,8.033135390507855,10.589309692382812
8.628625869750977,8.106015302107803,10.55282974243164
8.601329803466797,8.091844655573368,10.603157043457031
8.530157089233398,8.040084957377985,10.568220138549805
8.592849731445312,8.12615026846262,10.537129402160645
8.571734428405762,8.074762749153056,10.523822784423828
8.60243034362793,8.16690368055632,10.570714950561523
8.624049186706543,8.124739338377758,10.517786026000977
8.588000297546387,8.089702346894358,10.504552841186523
8.59197998046875,8.125356070131863,10.508079528808594
8.583490371704102,8.1033730901046,10.558396339416504
8.658350944519043,8.168466526216696,10.536172866821289
8.517437934875488,8.080084923122609,10.554388046264648
8.47170639038086,8.008068103576079,10.46839714050293
8.54549503326416,8.087120419035532,10.55752182006836
8.605823516845703,8.142826200097002,10.62588882446289
8.575695991516113,8.076596440414766,10.516206741333008
8.622526168823242,8.144385346244755,10.49205207824707
8.560660362243652,8.058284220518544,10.512261390686035
8.544756889343262,8.131578571994655,10.559656143188477
8.578690528869629,8.06198780188736,10.526729583740234
8.543622970581055,8.0751941592233,10.546981811523438
8.570948600769043,8.10302069616903,10.52505111694336
8.541879653930664,8.082082202425225,10.455390930175781
8.557806015014648,8.078581737620489,10.466225624084473
8.531132698059082,8.051327494205907,10.52350902557373
8.611245155334473,8.148541048069351,10.513211250305176
8.506498336791992,8.038668170571327,10.536821365356445
8.556975364685059,8.057093795887859,10.503340721130371
8.522234916687012,8.064031086729042,10.49858570098877
8.606057167053223,8.114567179598712,10.503702163696289
8.570956230163574,8.082571232292269,10.527935028076172
8.54951286315918,8.090113766458153,10.546844482421875
8.482739448547363,8.02680096196543,10.447372436523438
8.578027725219727,8.095876305364072,10.553255081176758
8.620009422302246,8.133818559581414,10.520024299621582
8.63917350769043,8.135520491250125,10.463898658752441
8.594217300415039,8.126552162791736,10.515141487121582
8.498165130615234,8.013337216273483,10.491756439208984
8.519790649414062,8.031260805736695,10.507266998291016
8.64260196685791,8.167755917745776,10.525421142578125
8.570568084716797,8.068931788871332,10.489477157592773
8.617308616638184,8.121655480370723,10.520137786865234
8.446352005004883,7.981857284404604,10.463356018066406
8.60362720489502,8.142080858516108,10.485355377197266
8.549467086791992,8.05531273492878,10.488672256469727
8.556611061096191,8.096882849665624,10.532574653625488
8.5753755569458,8.12369415842529,10.476950645446777
8.54349422454834,8.07875446007321,10.608366012573242
8.60696792602539,8.094258623264198,10.530621528625488
8.554277420043945,8.09033220297923,10.490221977233887
8.578004837036133,8.099979333912156,10.566659927368164
8.486465454101562,8.049283244480778,10.502969741821289
8.559585571289062,8.103941083087452,10.51976490020752
8.560583114624023,8.115333533313658,10.505678176879883
8.53750228881836,8.088808480350833,10.496988296508789
8.523265838623047,8.032807137151915,10.448646545410156
8.521082878112793,8.080252949880169,10.535015106201172
8.55536937713623,8.092910062554957,10.412285804748535
8.569318771362305,8.124640931175755,10.526668548583984
8.59614086151123,8.108990719808,10.506232261657715
8.516294479370117,8.026696199052303,10.582418441772461
8.56734848022461,8.113301675766708,10.496626853942871
8.507486343383789,8.074737561001841,10.502481460571289
8.566254615783691,8.060544990867909,10.459185600280762
8.519630432128906,8.098450449528173,10.610297203063965
8.553192138671875,8.062147491545018,10.439918518066406
8.481221199035645,8.05226093271215,10.539194107055664
8.53482437133789,8.102718803931825,10.448524475097656
8.551033973693848,8.100690261527363,10.469182968139648
8.474422454833984,8.068546148748801,10.38555908203125
8.584368705749512,8.094023339816236,10.52362060546875
8.501514434814453,8.04420939812969,10.539497375488281
8.488662719726562,8.078123753724087,10.51096248626709
8.458040237426758,8.044261903402262,10.535940170288086
8.612524032592773,8.10450183636775,10.484333038330078
8.526407241821289,8.075220516882837,10.432994842529297
8.474444389343262,8.011755876875084,10.501920700073242
8.552966117858887,8.07693611151938,10.455631256103516
8.536819458007812,8.059365226687596,10.429742813110352
8.513168334960938,8.034545911509278,10.51406478881836
8.468466758728027,8.07105622866324,10.386981010437012
8.558577537536621,8.067023398520957,10.523786544799805
8.558860778808594,8.119487982143514,10.506010055541992
8.530147552490234,8.10571275149206,10.505563735961914
8.501538276672363,8.046175674169458,10.50965690612793
8.516109466552734,8.0928135275109,10.499202728271484
8.460898399353027,8.068759476400114,10.480663299560547
8.530171394348145,8.107648357649202,10.463418960571289
8.558653831481934,8.102097046927415,10.435840606689453
8.565313339233398,8.09666611553569,10.477484703063965
8.526164054870605,8.066521101232086,10.47547721862793
8.4734468460083,8.034558657590035,10.495185852050781
8.49489974975586,8.038667600701697,10.537505149841309
8.492327690124512,8.048049583399136,10.362241744995117
8.53269100189209,8.134095495134327,10.405584335327148
8.529668807983398,8.098180044409153,10.454618453979492
8.570516586303711,8.110915637907706,10.452064514160156
8.545072555541992,8.096974421325804,10.481663703918457
8.5850191116333,8.18783195699299,10.520380020141602
8.514998435974121,8.10936609073542,10.477195739746094
8.504646301269531,8.085739012375209,10.267745018005371
8.538156509399414,8.140286069197048,10.408178329467773
8.480827331542969,8.072071411580378,10.424474716186523
8.500326156616211,8.03329914758381,10.459823608398438
8.462512969970703,8.039666628897455,10.43053913116455
8.486026763916016,8.097998472063669,10.523357391357422
8.487733840942383,8.068823971985173,10.441068649291992
8.536681175231934,8.11248849209265,10.481983184814453
8.566896438598633,8.118328002946718,10.500582695007324
8.487478256225586,8.092146783169094,10.479392051696777
8.451021194458008,7.984508473592411,10.562238693237305
8.474268913269043,8.06460907429989,10.34660530090332
8.517867088317871,8.085849703688707,10.443099975585938
8.48740005493164,8.072371587456603,10.438704490661621
8.487264633178711,8.072445391178398,10.422233581542969
8.512404441833496,8.053843126465965,10.38960075378418
8.533146858215332,8.109630538383499,10.463769912719727
8.496170997619629,8.022099911235273,10.466607093811035
8.45095157623291,8.067201393090986,10.421188354492188
8.442537307739258,8.009635445794888,10.476629257202148
8.502425193786621,8.091779747013268,10.456857681274414
8.485726356506348,8.065603153247919,10.45866584777832
8.51816177368164,8.083595426187719,10.45555305480957
8.507649421691895,8.096929285775072,10.539082527160645
8.427857398986816,8.031098810556744,10.412348747253418
8.399613380432129,8.027775337586977,10.392963409423828
8.58864974975586,8.131804682979627,10.41185188293457
8.48540210723877,8.085617037922411,10.469488143920898
8.472107887268066,8.019764891093862,10.407768249511719
8.513664245605469,8.058421853231266,10.544296264648438
8.565984725952148,8.136054240699327,10.446422576904297
8.485028266906738,8.050383039051667,10.331123352050781
8.513298988342285,8.118579873349518,10.413735389709473
8.530549049377441,8.080518738000787,10.458650588989258
8.480883598327637,8.058591462571972,10.445947647094727
8.469257354736328,8.05351164667601,10.485145568847656
8.493443489074707,8.077884945486273,10.401155471801758
8.507031440734863,8.09283849241079,10.40074348449707
8.527338027954102,8.134441018171076,10.436735153198242
8.462335586547852,8.07578455793139,10.467155456542969
8.46377182006836,8.043556559065888,10.40158462524414
8.401263236999512,7.9870546012118995,10.495563507080078
8.414237976074219,7.963551498084728,10.457717895507812
8.5062894821167,8.05147066722358,10.512957572937012
8.581725120544434,8.16132667457818,10.395586013793945
8.434017181396484,8.05142408033966,10.48605728149414
8.502689361572266,8.070355829117554,10.528814315795898
8.517117500305176,8.074769515810267,10.456869125366211
8.458373069763184,8.050045147937324,10.465937614440918
8.437175750732422,8.035839062782802,10.381840705871582
8.49216365814209,8.089764898010928,10.45565414428711
8.450425148010254,8.048732367710077,10.434590339660645
8.495050430297852,8.110856691209067,10.389142036437988
8.525995254516602,8.065673339446741,10.537483215332031
8.453736305236816,8.021158615293514,10.404704093933105
8.44041919708252,8.077695458628504,10.461589813232422
8.49380111694336,8.07247238396667,10.534406661987305
8.506368637084961,8.104572834812902,10.472025871276855
8.445878028869629,8.073211180811215,10.44425106048584
8.497822761535645,8.111669565218367,10.424060821533203
8.426408767700195,8.07479893782043,10.419838905334473
8.526320457458496,8.1063155391187,10.434293746948242
8.475387573242188,8.054838322103024,10.406763076782227
8.507267951965332,8.124072213224801,10.408053398132324
8.485963821411133,8.106199986800284,10.459192276000977
8.434830665588379,8.057088166940957,10.414542198181152
8.474443435668945,8.117418097897566,10.454380989074707
8.444747924804688,8.094660161894614,10.534296035766602
8.464537620544434,8.049064384540543,10.530799865722656
8.460234642028809,8.073909677132699,10.37813949584961
8.459711074829102,8.084047904071797,10.42674446105957
8.437518119812012,8.027622132395793,10.453737258911133
8.52035140991211,8.143379803780201,10.436251640319824
8.42496109008789,8.071725454181433,10.448457717895508
8.451074600219727,8.001523473200256,10.498592376708984
8.483725547790527,8.050163558617767,10.448647499084473
8.452367782592773,8.064861401183796,10.301702499389648
8.463619232177734,8.052930080564693,10.419849395751953
8.456947326660156,8.034165810727115,10.349794387817383
8.425479888916016,7.977674575056881,10.402499198913574
8.491143226623535,8.098571730844144,10.487689971923828
8.462687492370605,8.094873399240896,10.422235488891602
8.437627792358398,8.082855155458674,10.538535118103027
8.471951484680176,8.056863314006478,10.439897537231445
8.444700241088867,8.07837321093705,10.501008987426758
8.440878868103027,8.077600680557744,10.524622917175293
8.484542846679688,8.05951132113114,10.458043098449707
8.447553634643555,8.069905770011246,10.486318588256836
8.456194877624512,8.05186558331895,10.483442306518555
8.459314346313477,8.067925515318557,10.476536750793457
8.443723678588867,8.042349254313324,10.344470977783203
8.431034088134766,8.041690325963177,10.480783462524414
8.414520263671875,8.03401167408031,10.439634323120117
8.460308074951172,8.03535956759671,10.484607696533203
8.454324722290039,8.051538646121376,10.429513931274414
8.429656982421875,8.100687164846542,10.493244171142578
8.420968055725098,8.066245822003111,10.393440246582031
8.44829273223877,8.037259281247056,10.489168167114258
8.442459106445312,8.095618132668148,10.478336334228516
8.464005470275879,8.049854150540861,10.396987915039062
8.469247817993164,8.068481039654996,10.40140151977539
8.44260311126709,8.09304018950622,10.452380180358887
8.458882331848145,8.1015450432564,10.450736999511719
8.439210891723633,8.034058255775433,10.485310554504395
8.403045654296875,8.046560795312482,10.364302635192871
8.425325393676758,8.074774731782131,10.419316291809082
8.441648483276367,8.110093417943322,10.522821426391602
8.416021347045898,8.081604260818235,10.466708183288574
8.443039894104004,8.029645379566189,10.46008586883545
8.448906898498535,8.090721649649952,10.407890319824219
8.438155174255371,8.090229642344639,10.391427993774414
8.40595531463623,8.092062867878537,10.491509437561035
8.419039726257324,8.066298821009696,10.434154510498047
8.423048973083496,8.053212680488027,10.405261039733887
8.464601516723633,8.085478088219784,10.382776260375977
8.36112117767334,8.047731193813629,10.468456268310547
8.420023918151855,8.047518345460828,10.484800338745117
8.397385597229004,8.077403534237028,10.402690887451172
8.385528564453125,8.034672486163409,10.42232608795166
8.413272857666016,8.047941675476197,10.45504379272461
8.398477554321289,8.063499800561528,10.488110542297363
8.450352668762207,8.084479032683054,10.494400024414062
8.39289665222168,7.993538248452491,10.504096984863281
8.421947479248047,8.044799097580835,10.457954406738281
8.402188301086426,8.045004836350147,10.380544662475586
8.398568153381348,8.096784632220597,10.450654983520508
8.402275085449219,8.037801664788278,10.432888984680176
8.456543922424316,8.049739792144724,10.408853530883789
8.351127624511719,8.015454882722613,10.446001052856445
8.393074035644531,8.021098630103682,10.470566749572754
8.380308151245117,8.08518479970683,10.41269588470459
8.388938903808594,8.012231287080795,10.462532997131348
8.495427131652832,8.097977175510355,10.476743698120117
8.381542205810547,8.02736937510781,10.357953071594238
8.415643692016602,8.05800244461612,10.396796226501465
8.38366985321045,8.051953477019977,10.458433151245117
8.400833129882812,8.078975687934351,10.484582901000977
8.415514945983887,8.033911092705758,10.419907569885254
8.401520729064941,8.043044554368992,10.408835411071777
8.432828903198242,8.044673771065261,10.372976303100586
8.432827949523926,8.054312501701393,10.352800369262695
8.417341232299805,8.05976513729963,10.476551055908203
8.393752098083496,8.05372341396287,10.456443786621094
8.434741973876953,8.066299077223187,10.412622451782227
8.353808403015137,8.008593931062414,10.430512428283691
8.387436866760254,8.02182475434217,10.44369888305664
8.417985916137695,8.075260632272277,10.466520309448242
8.389215469360352,8.044170137228711,10.466719627380371
8.370092391967773,8.04476847695852,10.474178314208984
8.401419639587402,8.055343647820077,10.468677520751953
8.392370223999023,8.061500486352347,10.419255256652832
8.358399391174316,8.033860432582774,10.490018844604492
8.382214546203613,8.026369811501354,10.397880554199219
8.385404586791992,8.023365240876696,10.37398910522461
8.41670036315918,8.064808320054519,10.49262809753418
8.375680923461914,8.001421917961645,10.398212432861328
8.383193016052246,8.064406902662345,10.460113525390625
8.352916717529297,7.991166915944112,10.429850578308105
8.329827308654785,8.01773801728684,10.393573760986328
8.3986234664917,8.059913520667967,10.481169700622559
8.379050254821777,7.99633064363817,10.352703094482422
8.41042423248291,8.062424405577726,10.449383735656738
8.401290893554688,8.036117411883815,10.441433906555176
8.445969581604004,8.087692705814593,10.484369277954102
8.341497421264648,8.018476046255923,10.45557975769043
8.453784942626953,8.075331536354497,10.47003173828125
8.366974830627441,8.017472141455594,10.524896621704102
8.454899787902832,8.058747647696041,10.46512222290039
8.341599464416504,8.040114977397025,10.471807479858398
8.356319427490234,8.04657478856721,10.41609001159668
8.327250480651855,8.057474279244031,10.474586486816406
8.326650619506836,8.003600330524412,10.438709259033203
8.367124557495117,8.073664000557203,10.45858383178711
8.427120208740234,8.031068587941782,10.525362014770508
8.300329208374023,8.011674424932737,10.377531051635742
8.36086654663086,8.059224750713579,10.455137252807617
8.417112350463867,8.087136949878186,10.457517623901367
8.428803443908691,8.09305329401312,10.431741714477539
8.44554328918457,8.108416208199092,10.396135330200195
8.42314624786377,8.082030436955392,10.46306037902832
8.360318183898926,7.989854105615191,10.505334854125977
8.392685890197754,8.036127083103306,10.461520195007324
8.347343444824219,8.04560548266662,10.410426139831543
8.36263370513916,8.103645019831934,10.395284652709961
8.374585151672363,8.052868009045985,10.432283401489258
8.339747428894043,8.015307842920135,10.366203308105469
8.314953804016113,8.022822359210945,10.390061378479004
8.378957748413086,8.06567306623661,10.394962310791016
8.349315643310547,8.001082108854982,10.383064270019531
8.326188087463379,8.04918967849309,10.360036849975586
8.396561622619629,8.049679558923735,10.445526123046875
8.371739387512207,8.010381989247565,10.369091987609863
8.34628963470459,8.012659858346783,10.449243545532227
8.377994537353516,8.04460285450997,10.476140975952148
8.368237495422363,8.072788923180529,10.490852355957031
8.35193157196045,8.027713279439402,10.422018051147461
8.286551475524902,8.041623914314966,10.471733093261719
8.330589294433594,8.0384059233724,10.438580513000488
8.328999519348145,8.021163270176787,10.477513313293457
8.301275253295898,8.045925303295787,10.40982437133789
8.367648124694824,8.074726898322947,10.40148639678955
8.377436637878418,8.063439820360925,10.415452003479004
8.367663383483887,8.057832614818057,10.433857917785645
8.399873733520508,8.0928891303816,10.434020042419434
8.345627784729004,8.077069233969919,10.44504451751709
8.287814140319824,7.946571962176156,10.39838981628418
8.31757926940918,8.01883091032505,10.46634292602539
8.328551292419434,8.035646584849538,10.477666854858398
8.337175369262695,8.016686054445536,10.38914680480957
8.352432250976562,8.064256986736188,10.380369186401367
8.31574821472168,8.010477143240028,10.364585876464844
8.356849670410156,8.057860180702328,10.4776611328125
8.363520622253418,8.076529270703238,10.420833587646484
8.331820487976074,8.011254417710006,10.381682395935059
8.332653045654297,8.02762518806516,10.397663116455078
8.319295883178711,8.041838910330885,10.442941665649414
8.301322937011719,8.030204040330968,10.37967300415039
8.358570098876953,8.043875958205067,10.355225563049316
8.305350303649902,7.98964421540898,10.373563766479492
8.393296241760254,8.072394809486077,10.33656120300293
8.331256866455078,8.057583801448345,10.4073486328125
8.290719032287598,8.023471641819924,10.328961372375488
8.302043914794922,8.054351773744981,10.487615585327148
8.284347534179688,7.985698728622603,10.411099433898926
8.254228591918945,7.990452854761056,10.458335876464844
8.303646087646484,8.029372014504458,10.42978286743164
8.325815200805664,8.024009256756731,10.430962562561035
8.283722877502441,8.01656661205925,10.407537460327148
8.3546142578125,8.056186717635553,10.439784049987793
8.32676887512207,8.041069908998907,10.412553787231445
8.294394493103027,8.059290765319021,10.414563179016113
8.259306907653809,8.005228873974245,10.406826972961426
8.301447868347168,8.003522670960852,10.463111877441406
8.314312934875488,8.034091536554374,10.37929630279541
8.267706871032715,8.00169038573014,10.37883186340332
8.28845500946045,8.004687539401598,10.420309066772461
8.304004669189453,8.025416069131877,10.416679382324219
8.319942474365234,8.062777461184721,10.374687194824219
8.321852684020996,8.001782649396254,10.382111549377441
8.337629318237305,8.033704573687698,10.405116081237793
8.262468338012695,7.960122915383961,10.459793090820312
8.338479995727539,8.046691156591155,10.295491218566895
8.312005043029785,8.037728610115924,10.396623611450195
8.308963775634766,8.059632584419369,10.420930862426758
8.313462257385254,8.029662351257034,10.435141563415527
8.322324752807617,8.029639286321721,10.446788787841797
8.302886962890625,8.063439379246638,10.467947006225586
8.372910499572754,8.054500561872763,10.363804817199707
8.356783866882324,8.07257637847215,10.380658149719238
8.27949333190918,8.034449672093617,10.328718185424805
8.299593925476074,8.042127185733989,10.46438217163086
8.317733764648438,8.03106446510979,10.409987449645996
8.319668769836426,8.014585610844993,10.47451400756836
8.305413246154785,8.006367395266093,10.346227645874023
8.271145820617676,8.065658259072473,10.412903785705566
8.284339904785156,8.026920059030608,10.42037582397461
8.281319618225098,8.009414768977358,10.469855308532715
8.284784317016602,8.047808817421485,10.375347137451172
8.258235931396484,8.043877605714703,10.38119125366211
8.214649200439453,7.989289022416675,10.40562915802002
8.295809745788574,8.012299370652597,10.426458358764648
8.285181999206543,7.99895906594715,10.384248733520508
8.329946517944336,8.037189147401866,10.378257751464844
8.252317428588867,8.022982369143781,10.360335350036621
8.274487495422363,8.01040663230898,10.3724946975708
8.277043342590332,7.999046593937756,10.405441284179688
8.275250434875488,8.017064569118833,10.43872356414795
8.272563934326172,7.99709548851076,10.408379554748535
8.26833724975586,7.95982627524063,10.4219970703125
8.245504379272461,7.959648111269676,10.472501754760742
8.264211654663086,8.000852882662523,10.389982223510742
8.258519172668457,7.995262331927994,10.457014083862305
8.24463176727295,7.96459336844938,10.380988121032715
8.304814338684082,8.015501995670743,10.329541206359863
8.252517700195312,7.9485102180125455,10.392313003540039
8.29161262512207,8.046797038322048,10.299162864685059
8.281126976013184,8.035991246679,10.394705772399902
8.251899719238281,7.995099164745106,10.26680850982666
8.253902435302734,8.013505375611464,10.308694839477539
8.291625022888184,8.062209153348315,10.38076400756836
8.221543312072754,7.96511023338618,10.433309555053711
8.287383079528809,8.047598517366819,10.402388572692871
8.228423118591309,8.018209439735594,10.5530424118042
8.286120414733887,8.000109302545232,10.41790771484375
8.276032447814941,8.006760472198948,10.3563814163208
8.29884147644043,8.07213982084899,10.32121467590332
8.2562837600708,7.978860678317558,10.420663833618164
8.240961074829102,8.029211698399324,10.306057929992676
8.301301002502441,8.035582209338568,10.387782096862793
8.24456787109375,8.011884579900652,10.311851501464844
8.214523315429688,7.986970173793712,10.37388801574707
8.225168228149414,8.008743449513402,10.359596252441406
8.21047306060791,7.986386682106447,10.373237609863281
8.253758430480957,7.952275208663196,10.422904968261719
8.289754867553711,8.001622194224703,10.359684944152832
8.310477256774902,8.016159778993044,10.402027130126953
8.267464637756348,8.006804905732029,10.320703506469727
8.238824844360352,7.9879142376594245,10.399081230163574
8.216397285461426,7.966691716374563,10.331155776977539
8.207114219665527,7.9673769966632655,10.366493225097656
8.20430850982666,7.9636644848422815,10.416759490966797
8.275405883789062,8.004786800460092,10.34324836730957
8.256264686584473,7.999511614641442,10.323911666870117
8.253743171691895,7.973143528614726,10.380847930908203
8.231230735778809,8.001509258190968,10.36271858215332
8.24406623840332,8.00063806532749,10.379234313964844
8.255620002746582,8.022240022363674,10.346773147583008
8.216980934143066,7.954507186875812,10.397664070129395
8.24396800994873,7.9823048378540475,10.426091194152832
8.25888442993164,7.981326021952555,10.258193969726562
8.236652374267578,7.989305672069479,10.30902099609375
8.242073059082031,7.980266468466392,10.4041748046875
8.219464302062988,7.970448795539726,10.297093391418457
8.196547508239746,7.991761752005134,10.28756046295166
8.15883731842041,7.93939634475724,10.347310066223145
8.263440132141113,7.99553695650372,10.392145156860352
8.238492965698242,7.970792095110353,10.305514335632324
8.209615707397461,7.966846593456077,10.354840278625488
8.213191032409668,8.00603686469341,10.415578842163086
8.199240684509277,7.9236062769112845,10.377805709838867
8.240074157714844,7.97832848796887,10.334195137023926
8.19038200378418,7.954704390206773,10.375415802001953
8.215829849243164,7.96905803746943,10.396427154541016
8.225525856018066,7.984229014454677,10.354076385498047
8.239497184753418,8.06427878311037,10.357915878295898
8.182770729064941,7.9453145896217645,10.325065612792969
8.303357124328613,8.01883292151615,10.436655044555664
8.181463241577148,7.961595489510469,10.387594223022461
8.223154067993164,7.982566472508811,10.263924598693848
8.195343017578125,7.984127530362457,10.349410057067871
8.176651954650879,8.050366814780448,10.314225196838379
8.172690391540527,7.997995018892523,10.339742660522461
8.237475395202637,8.010903583407135,10.337432861328125
8.174385070800781,8.044820501901475,10.336109161376953
8.188273429870605,7.9312220899321675,10.334348678588867
8.199710845947266,7.970803791557306,10.323715209960938
8.19354248046875,8.010581546097194,10.321812629699707
8.155210494995117,8.000890899216756,10.358086585998535
8.187955856323242,8.00651999416628,10.280755043029785
8.166369438171387,7.987675724151943,10.325299263000488
8.17252254486084,7.938853437280548,10.322578430175781
8.14331340789795,7.997036059320505,10.354681968688965
8.21524429321289,7.941397124801629,10.36866569519043
8.21528148651123,8.005270935162635,10.301504135131836
8.207015991210938,8.008988905930892,10.358341217041016
8.22424030303955,7.962925246417789,10.430665969848633
8.179126739501953,7.9413563231604964,10.371227264404297
8.183834075927734,7.923778696384813,10.356061935424805
8.213295936584473,8.0264661919126,10.28414249420166
8.140867233276367,7.951777094709021,10.401144981384277
8.190529823303223,7.932537388621963,10.345519065856934
8.199646949768066,7.9649164297484925,10.363289833068848
8.157892227172852,7.982763482889692,10.409605979919434
8.172085762023926,7.968307465015511,10.302781105041504
8.179235458374023,7.982380798020001,10.412609100341797
8.17319107055664,7.920866495597043,10.31961441040039
8.242586135864258,7.9821830651988925,10.344982147216797
8.231157302856445,7.9764253347114265,10.326091766357422
8.173096656799316,7.949566595821774,10.305989265441895
8.223247528076172,8.022451844166167,10.407868385314941
8.17430591583252,7.9807626695837826,10.291657447814941
8.155241012573242,7.934760481052631,10.294864654541016
8.199840545654297,8.002560139201316,10.385644912719727
8.187085151672363,7.97795117194099,10.319358825683594
8.135369300842285,7.963320093628551,10.296554565429688
8.158895492553711,7.96818742884456,10.30533504486084
8.187092781066895,7.977415278853316,10.342172622680664
8.142799377441406,7.974787536942001,10.262080192565918
8.193626403808594,8.002847398464969,10.372154235839844
8.12961483001709,7.926209265366197,10.280618667602539
8.161008834838867,7.972520629509484,10.354467391967773
8.196606636047363,8.00159382939871,10.301834106445312
8.116842269897461,7.9753823980822105,10.333206176757812
8.167149543762207,7.972962605700428,10.349550247192383
8.084136962890625,7.954396363780169,10.396573066711426
8.113662719726562,7.937439086281561,10.351198196411133
8.151339530944824,7.9709355450301835,10.39242935180664
8.129293441772461,7.95019434651892,10.282320022583008
8.165407180786133,7.931820754261155,10.269330978393555
8.171001434326172,7.9638631065775245,10.297048568725586
8.16344928741455,7.977352308209188,10.249009132385254
8.16193962097168,7.944401282783864,10.285974502563477
8.114316940307617,7.935268779850698,10.326563835144043
8.116867065429688,7.9426869091777395,10.350388526916504
8.138165473937988,7.9590469858875235,10.384592056274414
8.172595977783203,7.972688972184967,10.38447380065918
8.137131690979004,7.9614111599179775,10.392186164855957
8.127110481262207,7.92628023560558,10.346355438232422
8.13149356842041,7.958350840556834,10.387101173400879
8.158935546875,7.989853979886642,10.426054954528809
8.151473999023438,7.9795861042969465,10.377107620239258
8.16048526763916,7.944962670960065,10.3054780960083
8.140291213989258,7.921435928271551,10.388980865478516
8.144840240478516,7.950203424319625,10.36463737487793
8.140748023986816,7.947058242246774,10.406268119812012
8.11103630065918,7.948857566408281,10.374207496643066
8.142711639404297,8.018008707324043,10.407537460327148
8.143662452697754,7.976670500789103,10.322463989257812
8.11202621459961,7.949030217581562,10.44082260131836
8.10616683959961,7.9706771277290365,10.338473320007324
8.133939743041992,7.9699966217324665,10.394190788269043
8.102288246154785,7.948512489774398,10.299250602722168
8.118783950805664,7.998952086682298,10.30722427368164
8.132699012756348,7.999104561783106,10.34887981414795
8.049529075622559,7.904491303621659,10.339324951171875
8.17299747467041,7.97155022361715,10.2979097366333
8.094242095947266,7.944853156073286,10.462448120117188
8.094182014465332,7.9106403233683,10.358830451965332
8.058099746704102,7.923224616263594,10.261956214904785
8.104853630065918,7.968611946495782,10.387088775634766
8.145217895507812,7.960335354121137,10.40787124633789
8.100152969360352,7.908627012478453,10.363847732543945
8.083880424499512,7.901886244703617,10.316773414611816
8.08733081817627,7.963441191374192,10.3545503616333
8.116469383239746,7.927773981255346,10.323395729064941
8.080464363098145,7.966887876657503,10.364629745483398
8.100229263305664,7.939522902547781,10.293981552124023
8.143094062805176,7.952266549758081,10.379608154296875
8.044625282287598,7.952976078260691,10.384843826293945
8.099902153015137,7.98722498438188,10.330110549926758
8.069666862487793,7.959964893059805,10.339604377746582
8.06745433807373,7.965616486201595,10.368645668029785
8.080245018005371,7.990196156481813,10.383644104003906
8.149694442749023,7.986024239499654,10.318981170654297
8.100003242492676,7.906640590833765,10.25637149810791
8.112700462341309,7.925812952087394,10.324995040893555
8.107573509216309,7.937337345244097,10.386067390441895
8.09582233428955,7.933572786294723,10.307047843933105
8.066378593444824,7.911046763516165,10.395947456359863
8.09929084777832,7.957788366059374,10.352140426635742
8.156517028808594,7.950007014242665,10.329330444335938
8.127617835998535,7.938541201708306,10.304544448852539
8.096078872680664,7.950756917474791,10.408971786499023
8.111119270324707,7.88277388613538,10.36506462097168
8.11418342590332,8.030205955130182,10.364234924316406
8.042886734008789,7.9852687242174785,10.357126235961914
8.089071273803711,7.944058440326313,10.369888305664062
8.102855682373047,7.958468389830418,10.296177864074707
8.0686674118042,7.92370302476255,10.350591659545898
8.11296558380127,7.932811278816579,10.304061889648438
8.071877479553223,7.926687570987269,10.336782455444336
8.066015243530273,7.898906797303685,10.323854446411133
8.112630844116211,7.942726500365618,10.345413208007812
8.068869590759277,7.974556856356296,10.397673606872559
8.143645286560059,7.977558269830687,10.363393783569336
8.127216339111328,7.952129301348967,10.377120018005371
8.015024185180664,7.881727210977779,10.39601993560791
8.07226848602295,7.942232360431392,10.283580780029297
8.060802459716797,7.946465231378429,10.349817276000977
8.0579833984375,7.961967564819913,10.234569549560547
8.074627876281738,7.950578822654538,10.339025497436523
8.068031311035156,7.9496286395338505,10.32227611541748
8.033844947814941,7.912832345414374,10.34078598022461
8.072547912597656,7.902269848056935,10.368494033813477
8.089566230773926,7.924085439515433,10.3723783493042
8.116975784301758,7.988249044765585,10.395313262939453
8.03305721282959,7.92458327789791,10.431304931640625
8.023341178894043,7.892068989641433,10.323678016662598
8.025086402893066,7.861576381106197,10.293991088867188
8.044923782348633,7.908742906359423,10.375676155090332
8.04045581817627,7.917813747090155,10.357909202575684
8.03067684173584,7.870660431516756,10.312677383422852
8.039405822753906,7.936112014377224,10.301924705505371
8.002429008483887,7.908463231321158,10.327045440673828
8.038915634155273,7.880124454186962,10.275858879089355
8.017751693725586,7.9359519189290175,10.294297218322754
8.025073051452637,7.946986984694376,10.386606216430664
8.071576118469238,7.914320969189118,10.307937622070312
8.03970718383789,7.848353376545544,10.397605895996094
8.065808296203613,7.902523006744949,10.318819046020508
8.072125434875488,7.934320282390607,10.390373229980469
8.070899963378906,7.922519553120115,10.244013786315918
8.033380508422852,7.905696817806789,10.32968521118164
8.027471542358398,7.885756971081719,10.245851516723633
8.027915000915527,7.864194395985188,10.243488311767578
8.0343656539917,7.9383377604785235,10.373676300048828
8.04524040222168,7.917169750069402,10.33753490447998
8.044401168823242,7.939146459435246,10.365598678588867
8.000799179077148,7.933635303484541,10.406303405761719
8.019274711608887,7.894311448758735,10.372108459472656
8.02751350402832,7.8755395853492836,10.302330017089844
8.02017593383789,7.877435469534248,10.29317855834961
7.963045597076416,7.896538040733763,10.383301734924316
8.023565292358398,7.889220984852208,10.389225006103516
8.044499397277832,7.9414196504013885,10.383748054504395
8.017176628112793,7.926629479142971,10.382038116455078
7.982968807220459,7.895908300265937,10.410629272460938
8.009678840637207,7.901206209390823,10.368791580200195
8.052386283874512,7.896775357192382,10.317684173583984
8.010580062866211,7.903038777477507,10.27120590209961
8.042866706848145,7.966878975442211,10.355792999267578
7.99303674697876,7.849263535945543,10.323369026184082
8.018044471740723,7.878471764802401,10.460298538208008
7.976387977600098,7.892009442505826,10.34898567199707
8.01956844329834,7.919768005609512,10.293954849243164
7.970795154571533,7.843601231862392,10.415410995483398
8.004337310791016,7.881012427554066,10.324342727661133
7.9698872566223145,7.858121821257684,10.333377838134766
8.006556510925293,7.867431803406882,10.396051406860352
8.007142066955566,7.898499950766563,10.397948265075684
7.967893600463867,7.815475926734507,10.315370559692383
7.964756011962891,7.890068536624312,10.297182083129883
7.989691257476807,7.90940753447025,10.36998176574707
7.997142791748047,7.8743007803402305,10.409646987915039
7.9853949546813965,7.903941726079211,10.347419738769531
7.998532772064209,7.879821367694863,10.364521026611328
7.952383518218994,7.844581195618958,10.441717147827148
7.9646735191345215,7.88830875216185,10.345646858215332
7.993353843688965,7.944706627733208,10.393716812133789
7.952786922454834,7.8703782828192095,10.42502212524414
8.003167152404785,7.912534660526684,10.377254486083984
7.98018741607666,7.880793994691755,10.37250804901123
7.975655555725098,7.903751147145938,10.28320026397705
8.002074241638184,7.861529442016036,10.282171249389648
7.981795787811279,7.8680355237198185,10.354324340820312
8.01913070678711,7.868006347545555,10.366107940673828
7.954178810119629,7.8834615038441775,10.340049743652344
7.987170219421387,7.87876131149408,10.327716827392578
7.959277153015137,7.841612970456481,10.261702537536621
7.966811180114746,7.864231608541949,10.384740829467773
7.961027145385742,7.876382123412831,10.374813079833984
7.955156326293945,7.84342577172044,10.407206535339355
8.035039901733398,7.939185301739989,10.363945960998535
7.938600540161133,7.851143279678322,10.3402099609375
7.99423885345459,7.8895473344184985,10.385311126708984
7.9612956047058105,7.887468214080269,10.299704551696777
7.953207015991211,7.87539793481119,10.424251556396484
7.982499122619629,7.852048388782091,10.460989952087402
8.019155502319336,7.926406395222459,10.351037979125977
7.937074661254883,7.839423392766287,10.397393226623535
7.932034015655518,7.827633345865512,10.365922927856445
8.042115211486816,7.910079783826535,10.300337791442871
7.982614994049072,7.864518723450601,10.45061206817627
7.942941188812256,7.865911452598604,10.324714660644531
7.949866771697998,7.849710812625874,10.404067993164062
7.950284957885742,7.893441458232702,10.355239868164062
7.985883712768555,7.895239769913522,10.429961204528809
7.957997798919678,7.8813953031785795,10.284978866577148
7.909250736236572,7.820451266631218,10.328204154968262
7.9471116065979,7.843316094118302,10.327709197998047
7.953205108642578,7.845764211013115,10.370892524719238
7.9213433265686035,7.854482380839597,10.326276779174805
8.005975723266602,7.875503888653059,10.397315979003906
7.95145320892334,7.881003379622209,10.217815399169922
7.944995880126953,7.848989325242916,10.440149307250977
7.904610633850098,7.835428654149707,10.294778823852539
7.887174606323242,7.809585528847363,10.409263610839844
7.947725296020508,7.903830580712695,10.214252471923828
7.9499382972717285,7.858128811731669,10.301094055175781
7.9233078956604,7.832778029243595,10.29369831085205
7.991249084472656,7.854817494949593,10.32676887512207
7.910747051239014,7.856685649204467,10.271825790405273
7.978240966796875,7.889379979843008,10.342144966125488
7.912904262542725,7.836597503429012,10.360737800598145
7.94113826751709,7.859624806159576,10.289299011230469
7.9506916999816895,7.893713275270005,10.313436508178711
7.8946533203125,7.828169325366616,10.28011703491211
7.9286298751831055,7.904855145407575,10.353861808776855
7.897462368011475,7.852890808268317,10.326875686645508
7.940194606781006,7.868386656312007,10.304015159606934
7.942319393157959,7.826339640122439,10.413596153259277
7.916009426116943,7.838492042385041,10.226552963256836
7.9014973640441895,7.860900515291307,10.411550521850586
7.896236419677734,7.829076541887064,10.306034088134766
7.910656929016113,7.835157780874787,10.336645126342773
7.915469169616699,7.81258362817711,10.274724960327148
7.933751106262207,7.847440383596611,10.308090209960938
7.917607307434082,7.839940266084991,10.414928436279297
7.955708026885986,7.849059986216681,10.398115158081055
7.889800071716309,7.857142117140549,10.329889297485352
7.9063520431518555,7.811349438370339,10.398876190185547
7.8911824226379395,7.83199298065821,10.315256118774414
7.872331142425537,7.793007727579347,10.397751808166504
7.889841556549072,7.843253539309704,10.350330352783203
7.878369331359863,7.793468023949702,10.368258476257324
7.936730861663818,7.874623579172683,10.349983215332031
7.8794450759887695,7.842714636420299,10.374744415283203
7.921795845031738,7.876470769389666,10.275687217712402
7.87188720703125,7.799909091587844,10.422849655151367
7.89564323425293,7.799136277221675,10.337538719177246
7.8968987464904785,7.84028393256345,10.277188301086426
7.895872592926025,7.840407028129058,10.33311653137207
7.84623384475708,7.8400629328763385,10.290810585021973
7.854311943054199,7.793597540518801,10.277099609375
7.868420600891113,7.806201141227835,10.36745548248291
7.872273921966553,7.777669608260371,10.371274948120117
7.846728324890137,7.7840397996561865,10.326857566833496
7.901392936706543,7.814268627669662,10.338275909423828
7.882269859313965,7.8152118029871165,10.365983009338379
7.866633415222168,7.866237830171096,10.252646446228027
7.869833469390869,7.831782906981451,10.353524208068848
7.947179317474365,7.885964977022793,10.282440185546875
7.871762275695801,7.7399309690642575,10.400664329528809
7.866032123565674,7.8078106395634155,10.383309364318848
7.847113132476807,7.842847983718716,10.340690612792969
7.840206623077393,7.816789947350376,10.351582527160645
7.83819580078125,7.776574389476861,10.216059684753418
7.872170925140381,7.820146104187838,10.40068244934082
7.861027717590332,7.846153690313389,10.41360855102539
7.901590824127197,7.825833178823814,10.33398151397705
7.832405090332031,7.853650097269565,10.36054515838623
7.872674942016602,7.81244529810335,10.298836708068848
7.857700347900391,7.759231556772388,10.3916654586792
7.8560404777526855,7.813687914250685,10.41061782836914
7.85575008392334,7.844409351303641,10.312406539916992
7.8190741539001465,7.800000743740904,10.373676300048828
7.834584712982178,7.74327365854489,10.299870491027832
7.809730529785156,7.749086683516258,10.357653617858887
7.798623085021973,7.761598300488134,10.393230438232422
7.865757465362549,7.867739304168415,10.323297500610352
7.853933811187744,7.796731786203704,10.38833999633789
7.851250648498535,7.7844786365915635,10.295137405395508
7.806957244873047,7.789552311945175,10.384603500366211
7.828021049499512,7.805407722746687,10.356794357299805
7.841080188751221,7.807832333458853,10.359945297241211
7.843714714050293,7.784827979647421,10.363451957702637
7.854754447937012,7.851114450721071,10.377496719360352
7.813026428222656,7.7468090989028235,10.299606323242188
7.8279948234558105,7.764419497123787,10.315290451049805
7.826277256011963,7.763460326673728,10.329986572265625
7.841460227966309,7.779786855647606,10.422447204589844
7.8668599128723145,7.784831326454878,10.322154998779297
7.810754776000977,7.821984503318422,10.391586303710938
7.809088706970215,7.824714286951349,10.355108261108398
7.8261542320251465,7.794157883285412,10.360542297363281
7.792637825012207,7.747984201647341,10.384125709533691
7.801639556884766,7.728014948678069,10.34401798248291
7.8605499267578125,7.772887678218207,10.359237670898438
7.856817245483398,7.817983949823039,10.3740234375
7.8246564865112305,7.7667104829036235,10.31016731262207
7.832530975341797,7.800032340322755,10.329143524169922
7.80617094039917,7.7934956563902755,10.342023849487305
7.790053844451904,7.778386249506314,10.358524322509766
7.794369220733643,7.739339986483433,10.318944931030273
7.811964511871338,7.7828537641159645,10.364261627197266
7.778430461883545,7.802930863141747,10.3179931640625
7.812873840332031,7.739055106682438,10.366816520690918
7.777042865753174,7.733931687228115,10.347688674926758
7.7861104011535645,7.703204910304131,10.317874908447266
7.78643274307251,7.770187150520671,10.244776725769043
7.783249855041504,7.7771635387824585,10.350518226623535
7.803530216217041,7.792472058341706,10.313688278198242
7.821296691894531,7.77400855014899,10.313065528869629
7.820367813110352,7.799692820890674,10.362041473388672
7.761293888092041,7.727758215407707,10.370817184448242
7.800084114074707,7.743242289804454,10.331598281860352
7.777980804443359,7.738777032720724,10.349339485168457
7.779349327087402,7.76121127143103,10.320182800292969
7.775482177734375,7.756073576497979,10.286961555480957
7.811913967132568,7.777121898086209,10.33836841583252
7.773151397705078,7.772264211904258,10.352622985839844
7.757747650146484,7.738998292745757,10.402710914611816
7.762176513671875,7.754794748400205,10.369901657104492
7.77247953414917,7.742348448340116,10.401603698730469
7.779642105102539,7.731906231060358,10.28536605834961
7.795663356781006,7.771139168879016,10.348426818847656
7.78890323638916,7.715218039296035,10.346357345581055
7.778968334197998,7.752439861618249,10.348991394042969
7.74971342086792,7.713192300006215,10.347926139831543
7.768960952758789,7.738519405014811,10.38353157043457
7.775491237640381,7.702520917968027,10.361546516418457
7.786479473114014,7.734596911917574,10.408592224121094
7.793733596801758,7.716888448057164,10.364742279052734
7.7625532150268555,7.692547408863901,10.338933944702148
7.755356311798096,7.7451601088645745,10.316370010375977
7.751909255981445,7.736124408531136,10.399097442626953
7.784966468811035,7.728995011919842,10.304862976074219
7.7677202224731445,7.701899919426069,10.360188484191895
7.761530876159668,7.692059542484848,10.37777328491211
7.748659610748291,7.723386458520378,10.343169212341309
7.74056339263916,7.743195820333703,10.329200744628906
7.718413352966309,7.740461383779932,10.356691360473633
7.758174419403076,7.746100715827196,10.325664520263672
7.747361183166504,7.765946100100076,10.479571342468262
7.746098518371582,7.697430796389069,10.309775352478027
7.745870590209961,7.734584393212572,10.28213882446289
7.740209102630615,7.707386802848696,10.378780364990234
7.759504318237305,7.759545813946585,10.389801979064941
7.70161771774292,7.682681793945709,10.370749473571777
7.756750106811523,7.702659369080461,10.423924446105957
7.725590705871582,7.690588263694995,10.332118034362793
7.748366355895996,7.743044876659821,10.289190292358398
7.727487564086914,7.7003809690941125,10.404268264770508
7.745939254760742,7.721138318169064,10.355975151062012
7.7546868324279785,7.705983493310798,10.336556434631348
7.758352756500244,7.757071241636628,10.42696762084961
7.680388450622559,7.662315636906507,10.312667846679688
7.728250980377197,7.70222475259964,10.30872631072998
7.705778121948242,7.727744885687051,10.35906982421875
7.742191314697266,7.680202834906855,10.334527969360352
7.709822177886963,7.668788615747222,10.273207664489746
7.726304531097412,7.677728328587754,10.327783584594727
7.675402641296387,7.683084516320378,10.334672927856445
7.709303855895996,7.725420606189541,10.385699272155762
7.681736469268799,7.710016528876232,10.33908462524414
7.701279640197754,7.693294110974032,10.416488647460938
7.73509407043457,7.725113576876797,10.312003135681152
7.686264514923096,7.657948851851481,10.266337394714355
7.715358257293701,7.678822632014219,10.309326171875
7.686624526977539,7.718016365177132,10.383769989013672
7.706362247467041,7.685176354766424,10.346672058105469
7.69679594039917,7.696054618306723,10.336337089538574
7.703774452209473,7.689014363268922,10.365209579467773
7.706908226013184,7.697357926284894,10.30259895324707
7.681180000305176,7.686258305296569,10.386171340942383
7.724970817565918,7.671714519882309,10.352692604064941
7.701039791107178,7.678353761721933,10.352062225341797
7.691163063049316,7.664019507921434,10.2968111038208
7.684532165527344,7.652712567443294,10.274103164672852
7.676894187927246,7.694547432574577,10.285611152648926
7.655965328216553,7.65289268250178,10.411404609680176
7.681070804595947,7.6467914910587895,10.356340408325195
7.68312406539917,7.697493867915389,10.343818664550781
7.6616387367248535,7.636980137022745,10.32348346710205
7.688826560974121,7.698310850387705,10.315879821777344
7.686036109924316,7.69241791936968,10.326416015625
7.6322340965271,7.633134802770135,10.339963912963867
7.703269004821777,7.686212291874524,10.425869941711426
7.67416524887085,7.634398837307733,10.37746524810791
7.6525068283081055,7.617808635246806,10.344075202941895
7.601346015930176,7.6153254571171205,10.30829906463623
7.666225910186768,7.648329903870556,10.351201057434082
7.621854305267334,7.628095596496548,10.328351974487305
7.654101848602295,7.608329913612189,10.27858829498291
7.631545543670654,7.627808509061912,10.328457832336426
7.627189636230469,7.6524670269406805,10.315232276916504
7.642529487609863,7.634349325472224,10.328238487243652
7.632979393005371,7.658378915761464,10.265490531921387
7.644952297210693,7.659979474298391,10.244956970214844
7.652945518493652,7.62792394662808,10.33925724029541
7.669454097747803,7.645398323623729,10.308891296386719
7.637422561645508,7.665561100567825,10.311933517456055
7.638311862945557,7.640232758696324,10.329195022583008
7.629557132720947,7.627666449041239,10.397290229797363
7.640902519226074,7.6486860994648715,10.375811576843262
7.6436357498168945,7.640555204624045,10.281187057495117
7.594015598297119,7.641405670936885,10.272846221923828
7.621208667755127,7.644507818023808,10.375732421875
7.60326623916626,7.617434630636125,10.389244079589844
7.627005100250244,7.596923162595235,10.340761184692383
7.583148956298828,7.601127209574251,10.38358211517334
7.634138584136963,7.636469655603703,10.365185737609863
7.618901252746582,7.617009606544992,10.447277069091797
7.638866424560547,7.614119176952435,10.372801780700684
7.597611904144287,7.627356965560466,10.350948333740234
7.593463897705078,7.642442955169828,10.404142379760742
7.580550670623779,7.629166588985495,10.3135347366333
7.599010944366455,7.572675841195242,10.236515998840332
7.570680141448975,7.618449537648952,10.276410102844238
7.5979180335998535,7.591963216096961,10.430005073547363
7.583280563354492,7.611698076661145,10.284723281860352
7.5926008224487305,7.642479812726378,10.315850257873535
7.594849109649658,7.624544764902176,10.345325469970703
7.5790324211120605,7.567933484479519,10.341907501220703
7.570566177368164,7.546720144272383,10.279958724975586
7.582805633544922,7.625625424286618,10.330804824829102
7.625513076782227,7.60381691487107,10.330891609191895
7.597883701324463,7.567924045092825,10.239843368530273
7.61341667175293,7.62459860342954,10.348923683166504
7.569188117980957,7.5921400356372555,10.353240966796875
7.601258754730225,7.613882296119949,10.344392776489258
7.601963520050049,7.5777741236878295,10.366735458374023
7.574047565460205,7.608205732523596,10.341521263122559
7.545689105987549,7.582666302332655,10.355999946594238
7.571064472198486,7.54568448622844,10.301573753356934
7.606873035430908,7.601943835516328,10.35384464263916
7.586080074310303,7.630447227241737,10.362611770629883
7.5670647621154785,7.58339910581708,10.305452346801758
7.558554172515869,7.57585662576769,10.33726978302002
7.5859694480896,7.595989505461019,10.383584976196289
7.57835054397583,7.554083626883637,10.233856201171875
7.581510066986084,7.579498522682115,10.425942420959473
7.558353900909424,7.598095907829702,10.369634628295898
7.544651508331299,7.587200574576855,10.330818176269531
7.5445122718811035,7.570835311996882,10.294382095336914
7.548424243927002,7.555813227913209,10.391712188720703
7.560659408569336,7.589396151647504,10.34779167175293
7.563781261444092,7.520200519157307,10.266037940979004
7.524624347686768,7.572085337081392,10.331220626831055
7.541018009185791,7.560636139907208,10.425738334655762
7.53813362121582,7.542512246640399,10.33728313446045
7.528742790222168,7.568703923474199,10.341082572937012
7.52876091003418,7.557405476258801,10.327433586120605
7.499935150146484,7.565744599959414,10.293628692626953
7.504009246826172,7.537412757320063,10.265277862548828
7.513208389282227,7.532863001272615,10.317575454711914
7.497941970825195,7.547112903956856,10.336313247680664
7.548067569732666,7.592298615025356,10.244312286376953
7.489381313323975,7.509548785963229,10.363847732543945
7.526741981506348,7.57464176326591,10.320642471313477
7.46203088760376,7.513717127797593,10.323919296264648
7.5158610343933105,7.518539263866842,10.350990295410156
7.5658440589904785,7.53926297736221,10.348594665527344
7.512077808380127,7.564062560309789,10.310319900512695
7.530422210693359,7.574888254416043,10.37195110321045
7.504772186279297,7.525850019384442,10.411209106445312
7.463753700256348,7.480752573780981,10.329763412475586
7.534178733825684,7.54868389852345,10.33999252319336
7.485146522521973,7.546756450785324,10.322489738464355
7.482284069061279,7.533500556202073,10.287651062011719
7.489117622375488,7.541927932395733,10.336000442504883
7.489404201507568,7.501879757602832,10.376164436340332
7.4818010330200195,7.519977164887157,10.302863121032715
7.478271484375,7.48378728739252,10.340043067932129
7.44209098815918,7.484338683741433,10.353164672851562
7.513007164001465,7.537060043308884,10.381802558898926
7.451322078704834,7.495648772023353,10.320680618286133
7.448628902435303,7.536280771850475,10.326810836791992
7.453464508056641,7.531955906289763,10.34587287902832
7.452497482299805,7.5012132123312245,10.299139022827148
7.4726433753967285,7.511477779763352,10.386651992797852
7.448999881744385,7.503129181585141,10.404231071472168
7.481838226318359,7.55265418496648,10.32392692565918
7.488803863525391,7.557040998313044,10.422928810119629
7.450804710388184,7.508801718175944,10.355841636657715
7.449114799499512,7.494038435198101,10.327198028564453
7.493480205535889,7.486426107219553,10.382179260253906
7.4174885749816895,7.5051530088697165,10.332113265991211
7.477691173553467,7.551285787685109,10.319395065307617
7.448376655578613,7.528435654173206,10.317325592041016
7.474553108215332,7.506649655023857,10.341468811035156
7.462854862213135,7.492320761683264,10.431182861328125
7.45576810836792,7.4934030024534355,10.301023483276367
7.462935924530029,7.481193047881659,10.380942344665527
7.456812858581543,7.565974660550377,10.375789642333984
7.454113960266113,7.510894374156903,10.303572654724121
7.443789482116699,7.489534203628343,10.428386688232422
7.44264030456543,7.463715572176234,10.3650541305542
7.424960136413574,7.4636893067508945,10.431065559387207
7.407927989959717,7.464052774411227,10.345332145690918
7.473453521728516,7.489862208919865,10.38480281829834
7.414589881896973,7.477335665142164,10.3396635055542
7.444289207458496,7.525015862359266,10.40776252746582
7.421566963195801,7.435403715320198,10.30526065826416
7.414947032928467,7.493675397442919,10.251241683959961
7.413071632385254,7.522107768005559,10.329559326171875
7.416783809661865,7.462956701006208,10.315030097961426
7.42850923538208,7.487288196937048,10.342292785644531
7.404902458190918,7.502920657961762,10.328161239624023
7.43705415725708,7.472340106032789,10.418760299682617
7.422085285186768,7.500496262285326,10.398343086242676
7.362811088562012,7.454519110133072,10.353447914123535
7.410401344299316,7.46868115587027,10.279258728027344
7.412895202636719,7.473683512836162,10.38366985321045
7.369067192077637,7.431651846771794,10.375113487243652
7.392256736755371,7.462213384419946,10.374539375305176
7.388078689575195,7.433598872440468,10.354412078857422
7.3735575675964355,7.477697230842231,10.38449478149414
7.370969295501709,7.423250942091856,10.236984252929688
7.40752649307251,7.443353784536677,10.273580551147461
7.377073287963867,7.4379147421901255,10.355610847473145
7.38301420211792,7.476691026041018,10.267358779907227
7.369570255279541,7.435902849671298,10.274795532226562
7.366919994354248,7.434068458553936,10.38418960571289
7.352473258972168,7.414692285237833,10.404633522033691
7.368825912475586,7.445191988255829,10.382173538208008
7.360553741455078,7.452407815094505,10.341042518615723
7.384799957275391,7.451616648118943,10.356307029724121
7.366084098815918,7.420226317996691,10.354037284851074
7.363617897033691,7.425911532182779,10.4539213180542
7.350269317626953,7.39927893431325,10.397241592407227
7.32411527633667,7.38855704399092,10.3201265335083
7.369478225708008,7.4758722055038165,10.373698234558105
7.325326919555664,7.449836471384126,10.324432373046875
7.36048698425293,7.418456964394344,10.464102745056152
7.3062944412231445,7.372964883123391,10.42240047454834
7.336150169372559,7.399789402693775,10.33856201171875
7.326869964599609,7.418623076186383,10.275259017944336
7.323614120483398,7.425595120626635,10.304125785827637
7.341437816619873,7.379508048329236,10.336593627929688
7.354754447937012,7.4315718895356575,10.322541236877441
7.321804046630859,7.422034323448316,10.396729469299316
7.335509300231934,7.4136651490282794,10.3834810256958
7.315187454223633,7.397073417469592,10.369879722595215
7.358672142028809,7.459341401600145,10.379924774169922
7.3527140617370605,7.400629328962948,10.349222183227539
7.340726852416992,7.401897003541569,10.315102577209473
7.327104091644287,7.441715065223564,10.410057067871094
7.306658744812012,7.389952632698363,10.370716094970703
7.2924723625183105,7.359327930690986,10.29086685180664
7.332122802734375,7.383183847746945,10.343785285949707
7.334681987762451,7.402989908354357,10.374984741210938
7.307319164276123,7.36640312812025,10.348538398742676
7.324332237243652,7.428112410840445,10.378327369689941
7.334369659423828,7.428605637213749,10.380990028381348
7.327878475189209,7.429106023827835,10.320626258850098
7.301608085632324,7.403297326095137,10.382516860961914
7.269497871398926,7.393064900866842,10.391350746154785
7.304382801055908,7.41623239618327,10.39517593383789
7.302730560302734,7.449641820342678,10.351716995239258
7.269180774688721,7.355824277603201,10.43167495727539
7.301908016204834,7.400117441346602,10.339031219482422
7.273494243621826,7.372160055009382,10.361237525939941
7.306730270385742,7.409612035412075,10.28829574584961
7.263390064239502,7.366601580886968,10.228707313537598
7.27871561050415,7.3924893774757425,10.34957504272461
7.302059650421143,7.398612769753007,10.366238594055176
7.261031627655029,7.366562204335683,10.401177406311035
7.27608060836792,7.394971568203931,10.323007583618164
7.183071136474609,7.336849162022451,10.348878860473633
7.2512593269348145,7.3808642019783814,10.265649795532227
7.251646518707275,7.34669582625585,10.386136054992676
7.2511420249938965,7.35466109954619,10.287109375
7.2839789390563965,7.376333720283583,10.28764533996582
7.266786098480225,7.355154557818812,10.408748626708984
7.247174263000488,7.393523650709539,10.276532173156738
7.278367042541504,7.3867947190467795,10.349560737609863
7.264725685119629,7.347512523044965,10.390986442565918
7.275869369506836,7.35435820094842,10.338335990905762
7.2214813232421875,7.378852785764527,10.25651741027832
7.249375820159912,7.385098365567891,10.2657470703125
7.257928371429443,7.3648007029135325,10.337413787841797
7.22967529296875,7.32122465858369,10.273842811584473
7.273237705230713,7.394620424402612,10.337677001953125
7.23951530456543,7.365171923235591,10.314138412475586
7.20646333694458,7.317087944197867,10.315699577331543
7.222522735595703,7.317192862375773,10.357112884521484
7.235529899597168,7.360572975428243,10.24486255645752
7.2032060623168945,7.330721956178812,10.336013793945312
7.238192558288574,7.3716477640971005,10.241962432861328
7.219138145446777,7.337605925942106,10.378841400146484
7.1994242668151855,7.339748934709599,10.349669456481934
7.227748870849609,7.3683177766922325,10.30868911743164
7.214301109313965,7.3222873302708775,10.315661430358887
7.208047389984131,7.302060949117212,10.320623397827148
7.204539775848389,7.3507414994362215,10.336074829101562
7.209108829498291,7.315748894986296,10.354762077331543
7.194794654846191,7.316742276772857,10.303383827209473
7.208426475524902,7.319072695515517,10.277530670166016
7.192076206207275,7.299662702750148,10.366254806518555
7.1688232421875,7.327456823949302,10.429701805114746
7.194913387298584,7.332523282451023,10.346500396728516
7.19633674621582,7.30010356477994,10.437252044677734
7.241003513336182,7.325373149709776,10.326622009277344
7.168335437774658,7.242058255210785,10.287271499633789
7.18739128112793,7.304376688419975,10.384896278381348
7.1791768074035645,7.332717671524733,10.322665214538574
7.149341106414795,7.260644677294684,10.355807304382324
7.144942760467529,7.296566229080781,10.288826942443848
7.156682968139648,7.244468144706583,10.34083366394043
7.160090923309326,7.249471875905458,10.319314956665039
7.152059078216553,7.270931110418003,10.300259590148926
7.1312384605407715,7.302314541202836,10.32675838470459
7.16494607925415,7.268796708867219,10.325118064880371
7.147494316101074,7.305790338831555,10.366406440734863
7.148440361022949,7.30046799093751,10.316923141479492
7.151276111602783,7.311444413016684,10.250994682312012
7.140444278717041,7.278857538809202,10.361920356750488
7.120368480682373,7.248604725281309,10.356538772583008
7.168724536895752,7.293888548788216,10.329231262207031
7.1410322189331055,7.262147237047818,10.350322723388672
7.108859539031982,7.271648814835186,10.311552047729492
7.161047458648682,7.3099208209397535,10.290874481201172
7.135140419006348,7.248334067707351,10.336565017700195
7.114696979522705,7.2560130344105085,10.33757209777832
7.089846134185791,7.2645417548316935,10.429424285888672
7.146183490753174,7.309844389757408,10.34958267211914
7.121986389160156,7.257594431783739,10.363470077514648
7.1134772300720215,7.269836752775259,10.344223022460938
7.13279914855957,7.2724693993638665,10.41225528717041
7.117591857910156,7.251152770161363,10.361381530761719
7.111082553863525,7.267811693217872,10.376736640930176
7.116921424865723,7.280783862640549,10.328573226928711
7.102901458740234,7.270643872874123,10.243378639221191
7.1493706703186035,7.287997172247353,10.371999740600586
7.108619213104248,7.247548704667549,10.266785621643066
7.102370738983154,7.248268289524796,10.362171173095703
7.104344367980957,7.23178487786624,10.357563018798828
7.119565010070801,7.26119102165103,10.31142520904541
7.119894027709961,7.302874429284461,10.326567649841309
7.111339569091797,7.262766483372876,10.372447967529297
7.053682327270508,7.227706037361973,10.390591621398926
7.090682506561279,7.257582824876798,10.38208293914795
7.056909561157227,7.209023434036809,10.38001823425293
7.07386589050293,7.250345670418547,10.336799621582031
7.102160930633545,7.251830300981445,10.390451431274414
7.055240154266357,7.2341306484969605,10.408029556274414
7.055253505706787,7.218783813495454,10.314946174621582
7.0775980949401855,7.2412147078929205,10.410611152648926
7.095016002655029,7.274348166006219,10.339580535888672
7.086330890655518,7.261076726351998,10.32339859008789
7.088812351226807,7.233398461281987,10.353403091430664
7.070091724395752,7.273564245185948,10.289867401123047
7.079331874847412,7.253971574029752,10.389381408691406
7.06365966796875,7.197520293262121,10.405366897583008
7.0782880783081055,7.2355143821332595,10.381233215332031
7.074120998382568,7.25013276961233,10.273214340209961
7.085714817047119,7.22879021990645,10.283907890319824
7.046592712402344,7.222033587084817,10.433728218078613
7.04220724105835,7.231741378349917,10.30710220336914
7.046443939208984,7.180360108813537,10.29043197631836
7.032594203948975,7.203643853277234,10.238621711730957
7.019874572753906,7.21042564617736,10.354574203491211
7.039050102233887,7.180842321399333,10.352211952209473
7.016740798950195,7.2191406391960165,10.342804908752441
7.033766269683838,7.19038595857897,10.315025329589844
7.034350872039795,7.199721973090034,10.353937149047852
7.03364896774292,7.195639287986394,10.322875022888184
7.021315097808838,7.189121225150302,10.235311508178711
7.0379252433776855,7.231643747272236,10.349959373474121
7.012507438659668,7.196736332960425,10.2724027633667
7.032411098480225,7.211827009883043,10.387420654296875
7.03558349609375,7.182774842949584,10.241385459899902
7.028655529022217,7.209199438270714,10.359691619873047
7.026689052581787,7.237137029047257,10.404169082641602
7.0020623207092285,7.182002036632704,10.307428359985352
7.004779815673828,7.158768431383318,10.314054489135742
7.019031047821045,7.16640284607586,10.303582191467285
6.999606132507324,7.186414241990341,10.34742546081543
7.002617835998535,7.158685333162015,10.327059745788574
6.998305320739746,7.197769905240939,10.26019287109375
6.999736785888672,7.19280446972698,10.355119705200195
7.019268989562988,7.185422559568125,10.37658405303955
6.983874797821045,7.147401377891324,10.370260238647461
6.99199104309082,7.184006945728989,10.432890892028809
7.008227825164795,7.2168063545333485,10.335888862609863
6.9693989753723145,7.190905789711646,10.294992446899414
6.994271755218506,7.140606522959258,10.347902297973633
6.977274417877197,7.184567731372746,10.345905303955078
6.995584487915039,7.139398920582607,10.371416091918945
6.969840049743652,7.159619133254247,10.368817329406738
6.948488235473633,7.172436702796924,10.353958129882812
6.96525239944458,7.169287147000433,10.28719425201416
6.961731433868408,7.164988366820451,10.264836311340332
6.9890031814575195,7.150736742785998,10.394420623779297
6.938758850097656,7.125720060862866,10.317262649536133
6.918894290924072,7.12961361201347,10.386585235595703
6.966772556304932,7.158200573043099,10.364314079284668
6.941239833831787,7.153759847927305,10.418472290039062
6.928286552429199,7.13638452041362,10.319122314453125
6.946157932281494,7.140327656042896,10.425359725952148
6.985730171203613,7.194297084950709,10.34371566772461
6.969121932983398,7.147247905876221,10.33353042602539
6.952683925628662,7.1122710168295145,10.319104194641113
6.935190200805664,7.138738968409598,10.442727088928223
6.937607765197754,7.131455211966697,10.300992012023926
6.930219650268555,7.132091298133933,10.269288063049316
6.9198760986328125,7.137029055073591,10.334981918334961
6.931219577789307,7.159594301965885,10.29389762878418
6.88643741607666,7.132608486605541,10.300575256347656
6.929072380065918,7.182268581985097,10.390995025634766
6.903140068054199,7.13170853972302,10.420463562011719
6.9249067306518555,7.149301164650492,10.388989448547363
6.928375720977783,7.1414058033177366,10.359315872192383
6.927194118499756,7.174268026703171,10.366416931152344
6.925968170166016,7.121216605483952,10.355453491210938
6.929956436157227,7.084663584163147,10.341573715209961
6.919532775878906,7.118379654662152,10.308954238891602
6.897961139678955,7.119167991315148,10.394142150878906
6.905417442321777,7.1106148587340225,10.269426345825195
6.928818225860596,7.07602407873076,10.338623046875
6.921895980834961,7.138845442494909,10.32904052734375
6.897477149963379,7.112292023242585,10.334794998168945
6.8728227615356445,7.120417257005881,10.343647003173828
6.873513698577881,7.102161174274183,10.302389144897461
6.912140846252441,7.16224709233003,10.276823043823242
6.887325763702393,7.113623861289982,10.312520027160645
6.880433559417725,7.105876112390044,10.322558403015137
6.892028331756592,7.0908191774838745,10.331405639648438
6.895718097686768,7.123578299369131,10.39219856262207
6.85304594039917,7.0736316416213025,10.335333824157715
6.854274749755859,7.096476262102702,10.433852195739746
6.867364406585693,7.102864018608151,10.427690505981445
6.882840633392334,7.157352769714115,10.394636154174805
6.867728233337402,7.073725697118789,10.416975021362305
6.8592329025268555,7.0873920484113375,10.340826988220215
6.859439849853516,7.092219018177795,10.330307960510254
6.878262042999268,7.096716506040788,10.319511413574219
6.83253288269043,7.058465662046468,10.351495742797852
6.877255439758301,7.066520847712777,10.395301818847656
6.853769302368164,7.057072341974292,10.360230445861816
6.84093713760376,7.09112629896429,10.386579513549805
6.820860385894775,7.072675565457238,10.280008316040039
6.821938991546631,7.068742525797071,10.3590726852417
6.832106113433838,7.062643225670659,10.311193466186523
6.833085060119629,7.1021551938860545,10.337383270263672
6.837013244628906,7.0601934130702695,10.376382827758789
6.821910381317139,7.022509803729398,10.334232330322266
6.8427734375,7.09810797999879,10.353384017944336
6.808936595916748,7.043955756484399,10.388171195983887
6.848116397857666,7.091055965849332,10.34908390045166
6.81557559967041,7.061639081121289,10.37817668914795
6.809872150421143,7.087010624652196,10.282244682312012
6.826078414916992,7.04865862602102,10.254311561584473
6.800666332244873,7.063216131712709,10.400416374206543
6.846311569213867,7.062849463529087,10.41172981262207
6.821877479553223,7.032622791760201,10.36556625366211
6.799036502838135,7.021402675758249,10.32355785369873
6.791146755218506,7.0546483744401485,10.327030181884766
6.8037333488464355,7.060221398515361,10.380094528198242
6.807565689086914,7.0309268204229225,10.380831718444824
6.776343822479248,7.075193452216419,10.333251953125
6.819280624389648,7.059936099918558,10.391363143920898
6.826024532318115,7.118137428636795,10.315301895141602
6.803719520568848,7.0763281974276255,10.348193168640137
6.815382480621338,7.067841417887914,10.39497184753418
6.783019065856934,7.011444707866758,10.368858337402344
6.811072826385498,7.0662842221292,10.309427261352539
6.799254417419434,7.006975130144772,10.406858444213867
6.784754753112793,7.013765316090679,10.320839881896973
6.810435771942139,7.034382814541459,10.240469932556152
6.78533935546875,7.039682000675903,10.364825248718262
6.774219989776611,7.05226883268915,10.366813659667969
6.7654337882995605,6.989641373478143,10.368326187133789
6.773427486419678,7.051105004435938,10.37927532196045
6.77841329574585,7.011140581020819,10.336441993713379
6.756659507751465,6.992587979783171,10.318861961364746
6.7394208908081055,6.990137562920739,10.317134857177734
6.757901668548584,7.016525494267365,10.37331771850586
6.751929759979248,7.002349543684561,10.393684387207031
6.736505031585693,6.996065203133703,10.425527572631836
6.759440898895264,7.053124737659736,10.322625160217285
6.745151042938232,6.998493307469678,10.304460525512695
6.748654365539551,7.008176444863368,10.380960464477539
6.745611667633057,6.99791528553968,10.309904098510742
6.7353835105896,6.994743069933196,10.367623329162598
6.759725570678711,7.013964321663869,10.37685775756836
6.758808612823486,7.0192480188727915,10.297599792480469
6.715649127960205,6.997881573125986,10.403337478637695
6.719782829284668,6.999891430139542,10.329992294311523
6.728363513946533,7.006911872786338,10.419208526611328
6.749562740325928,7.024222891977323,10.264610290527344
6.732713222503662,6.986560122575611,10.307631492614746
6.712014198303223,7.006667705618644,10.327840805053711
6.710628509521484,6.9846033905632785,10.393028259277344
6.709267616271973,6.975712003851575,10.368656158447266
6.721133708953857,7.004159173296231,10.379523277282715
6.732588291168213,7.036827473502074,10.298959732055664
6.687342643737793,6.992096977973623,10.44969654083252
6.709916591644287,6.982724306040576,10.29001522064209
6.69258451461792,6.9911291969474405,10.35546875
6.699038982391357,6.981222657653103,10.357612609863281
6.719916820526123,7.003484326048888,10.338481903076172
6.726855278015137,7.009212015662342,10.259490966796875
6.689025402069092,6.958392420983208,10.307802200317383
6.710937023162842,7.008816266698496,10.353446960449219
6.6936187744140625,7.0015253994081705,10.379731178283691
6.702587604522705,6.976288138689207,10.385297775268555
6.675388336181641,6.9810512419457424,10.350299835205078
6.654387474060059,6.901384593819135,10.433659553527832
6.669601917266846,6.973965038179553,10.373791694641113
6.688810348510742,6.955877978487738,10.406877517700195
6.690057277679443,6.988316850171291,10.354269981384277
6.6680073738098145,6.9355360129182895,10.417683601379395
6.692305088043213,6.947687170301963,10.376727104187012
6.686186790466309,6.984314270949523,10.325494766235352
6.68282413482666,6.974094065006025,10.410102844238281
6.664172649383545,6.975170702873064,10.336963653564453
6.664566993713379,6.953406657092274,10.339216232299805
6.650675296783447,6.94771654385009,10.33803653717041
6.652730941772461,6.915540035182078,10.335086822509766
6.659614086151123,6.9479322685594,10.393619537353516
6.648189067840576,6.9184964648780545,10.348869323730469
6.642327785491943,6.938232374577118,10.376493453979492
6.645932197570801,6.934861352035243,10.386663436889648
6.6450910568237305,6.931247960310429,10.339174270629883
6.651489734649658,6.9552909735856305,10.351101875305176
6.624842643737793,6.9287626073429625,10.468843460083008
6.646827220916748,6.963408850998219,10.393770217895508
6.63248348236084,6.943571420286649,10.398584365844727
6.6087260246276855,6.974672678425642,10.291267395019531
6.641613483428955,6.894520022573748,10.33256721496582
6.636778354644775,6.897043872425067,10.326522827148438
6.636458396911621,6.957231795348759,10.45395278930664
6.623761177062988,6.931874279598041,10.401444435119629
6.629855155944824,6.952221090539492,10.311211585998535
6.632615089416504,6.937203955770071,10.433109283447266
6.621388912200928,6.9205641875908315,10.42475414276123
6.62137508392334,6.910765969759918,10.348368644714355
6.599241733551025,6.877180069285844,10.32349967956543
6.632519245147705,6.938924898526498,10.333320617675781
6.59439754486084,6.937776440388657,10.335144996643066
6.580317974090576,6.919926643737459,10.382275581359863
6.621175289154053,6.907513740838372,10.346736907958984
6.600375175476074,6.9343134642113,10.41384506225586
6.613528728485107,6.9150092278806765,10.312885284423828
6.618055820465088,6.876141935021483,10.402233123779297
6.5918288230896,6.886479955299624,10.381162643432617
6.5939040184021,6.895350025567625,10.345771789550781
6.610609531402588,6.939718930083993,10.38235855102539
6.582571506500244,6.897381725122354,10.344655990600586
6.590465068817139,6.864600477806692,10.315550804138184
6.589828014373779,6.9066849935999395,10.376398086547852
6.57773494720459,6.922745312896691,10.400503158569336
6.5685296058654785,6.879528149330456,10.398887634277344
6.570842266082764,6.896208152906704,10.331703186035156
6.57833194732666,6.877002396155149,10.332086563110352
6.5638885498046875,6.944787466532683,10.28612232208252
6.547717094421387,6.902039069150176,10.296425819396973
6.560778617858887,6.883788234920107,10.391904830932617
6.567287445068359,6.85703937543024,10.434003829956055
6.560698509216309,6.942834384573091,10.31749153137207
6.59303092956543,6.888126071209886,10.388324737548828
6.577439785003662,6.913823189080826,10.360782623291016
6.573267936706543,6.862976428287635,10.346504211425781
6.548163414001465,6.910189755759867,10.36669921875
6.553323745727539,6.93022657405319,10.349596977233887
6.539081573486328,6.856273739498907,10.320287704467773
6.562490940093994,6.901544603219788,10.365705490112305
6.561585426330566,6.896958650888077,10.310647964477539
6.545422554016113,6.864326543607084,10.325020790100098
6.519869327545166,6.813505970307492,10.304411888122559
6.537343978881836,6.846497317942392,10.391727447509766
6.508082866668701,6.82787326194479,10.33868408203125
6.519644260406494,6.878179822117089,10.421927452087402
6.538505554199219,6.886338311546881,10.306931495666504
6.5327935218811035,6.8750186341349036,10.37889289855957
6.526493549346924,6.876383793939437,10.330183029174805
6.507845878601074,6.8716796158613365,10.400009155273438
6.515749454498291,6.873423249826633,10.362545013427734
6.491530418395996,6.894485292324265,10.363110542297363
6.498625755310059,6.861111894615792,10.349674224853516
6.4983320236206055,6.868596753670967,10.42148208618164
6.516219139099121,6.8709779759602885,10.299171447753906
6.520453929901123,6.854700357653201,10.37415885925293
6.5030107498168945,6.841571136377752,10.389375686645508
6.478061199188232,6.817165243771992,10.354276657104492
6.5270514488220215,6.850249536368731,10.302931785583496
6.521255970001221,6.864249524560624,10.354650497436523
6.486825942993164,6.826474475740854,10.336324691772461
6.485925674438477,6.830370201529669,10.33999252319336
6.497087001800537,6.870738236898823,10.371033668518066
6.470089435577393,6.804682832111471,10.388900756835938
6.489274501800537,6.813655799953267,10.363203048706055
6.440350532531738,6.79322392067739,10.333320617675781
6.483206272125244,6.832817451695778,10.425586700439453
6.4854302406311035,6.87682874094961,10.360291481018066
6.48017692565918,6.822134339949116,10.29940414428711
6.472378253936768,6.82831625743503,10.430935859680176
6.456414222717285,6.8413289583155095,10.396344184875488
6.4647650718688965,6.831918677581209,10.391170501708984
6.459971904754639,6.81668634885656,10.42348861694336
6.467785358428955,6.863033676952389,10.386436462402344
6.462620735168457,6.781756860370349,10.354338645935059
6.464611053466797,6.808878006945763,10.35984992980957
6.461169242858887,6.785225288410272,10.452564239501953
6.456826210021973,6.837556045469164,10.344743728637695
6.44683313369751,6.8523348642047495,10.358844757080078
6.4430413246154785,6.80174348430176,10.350346565246582
6.4510602951049805,6.82146723229172,10.372331619262695
6.454619407653809,6.809203652132835,10.383218765258789
6.424086570739746,6.7721549305466135,10.337681770324707
6.455446720123291,6.860204026236066,10.348943710327148
6.433970928192139,6.801645293798563,10.346090316772461
6.431121349334717,6.797378229176891,10.321093559265137
6.44910192489624,6.809593003276469,10.453678131103516
6.433879852294922,6.767771439892905,10.393599510192871
6.410037517547607,6.775187945093162,10.31850814819336
6.432603359222412,6.819456031013813,10.352338790893555
6.430205821990967,6.800542191136628,10.388568878173828
6.403841495513916,6.807696162057774,10.381217956542969
6.405184268951416,6.793941800715402,10.427690505981445
6.4414143562316895,6.785868378988067,10.354241371154785
6.444598197937012,6.805620428773442,10.34427261352539
6.425599098205566,6.784824872223128,10.353160858154297
6.383762836456299,6.771804916572624,10.392455101013184
6.419755458831787,6.783054997046877,10.34718132019043
6.410642147064209,6.7747936252105445,10.368297576904297
6.3863043785095215,6.784111485517185,10.315937042236328
6.401671409606934,6.782581789319272,10.358427047729492
6.395458698272705,6.800292014610022,10.372599601745605
6.3890838623046875,6.739861668519943,10.309179306030273
6.422517776489258,6.805738057442275,10.317558288574219
6.385119438171387,6.756756816125874,10.399443626403809
6.399615287780762,6.792143329512328,10.362812995910645
6.403898239135742,6.787705736733708,10.360876083374023
6.365259170532227,6.754908788350543,10.381606101989746
6.395860195159912,6.782237160119361,10.408947944641113
6.368084907531738,6.802187386933449,10.42382526397705
6.361579895019531,6.780185480402516,10.37554931640625
6.406635761260986,6.784628330097933,10.322776794433594
6.382121562957764,6.74903315265796,10.326534271240234
6.375545024871826,6.791227336640336,10.310190200805664
6.369264125823975,6.743127038602584,10.351730346679688
6.370189189910889,6.792001137476681,10.357179641723633
6.391970157623291,6.753038155580206,10.292132377624512
6.376672267913818,6.700679336142327,10.315765380859375
6.390568733215332,6.746814787155017,10.308048248291016
6.366294860839844,6.752367691735604,10.44454574584961
6.378047943115234,6.79945993536551,10.323330879211426
6.373063087463379,6.741411237345477,10.438169479370117
6.343206405639648,6.7327265679237565,10.41918659210205
6.3639140129089355,6.7421058952542285,10.456737518310547
6.333721160888672,6.7288134250058125,10.296673774719238
6.353346347808838,6.77809384890965,10.405813217163086
6.342026710510254,6.736335066113887,10.359458923339844
6.324151039123535,6.74903563459936,10.383623123168945
6.346290588378906,6.740784048967596,10.381147384643555
6.336978435516357,6.739276725832107,10.385841369628906
6.3327813148498535,6.76277776860765,10.388113975524902
6.31866979598999,6.747781574326966,10.347753524780273
6.354262351989746,6.754507108358666,10.363907814025879
6.334837436676025,6.7043551971936335,10.285747528076172
6.326605796813965,6.744934716029094,10.356304168701172
6.331466197967529,6.7578721282604555,10.280128479003906
6.319255352020264,6.735390970184069,10.383325576782227
6.308804512023926,6.744704158278182,10.331412315368652
6.309763431549072,6.744534869778103,10.415145874023438
6.309213161468506,6.720354124304972,10.355789184570312
6.299837112426758,6.769309862117682,10.43351936340332
6.332093715667725,6.767208996528228,10.41545295715332
6.318042278289795,6.730907878771957,10.376527786254883
6.302356719970703,6.698615977906489,10.362709999084473
6.288054943084717,6.6923846428482126,10.326528549194336
6.304866790771484,6.705703191126563,10.355213165283203
6.292048931121826,6.710882663726807,10.303939819335938
6.307798385620117,6.697629852819123,10.492227554321289
6.291563987731934,6.749267489150433,10.340767860412598
6.272495269775391,6.728538051746519,10.279417991638184
6.272763729095459,6.715868115558155,10.30805492401123
6.30382776260376,6.734661859227345,10.38328742980957
6.287787437438965,6.73153273425331,10.372258186340332
6.274340629577637,6.720100727697302,10.389894485473633
6.267096042633057,6.699586903742913,10.335918426513672
6.292250633239746,6.701296844752506,10.314753532409668
6.262533187866211,6.706052868394182,10.3395414352417
6.2662129402160645,6.688967263658664,10.328129768371582
6.270367622375488,6.752081473823637,10.337384223937988
6.276313304901123,6.726817081482816,10.338683128356934
6.264041423797607,6.7070440885810445,10.395517349243164
6.2787089347839355,6.675231258384883,10.373777389526367
6.271822929382324,6.709705392464197,10.413886070251465
6.262529373168945,6.7054028557946115,10.417610168457031
6.259871482849121,6.656873416920591,10.37833023071289
6.2626166343688965,6.738875774034698,10.39179515838623
6.256458759307861,6.682617649469259,10.423131942749023
6.267908096313477,6.6887521059584945,10.361385345458984
6.2672200202941895,6.731990948153127,10.364571571350098
6.253350734710693,6.728739101073837,10.360387802124023
6.2495436668396,6.680043797773708,10.376801490783691
6.239137649536133,6.676112569369642,10.368592262268066
6.237373352050781,6.675093513348007,10.333089828491211
6.260368347167969,6.673154258269018,10.36016845703125
6.237048625946045,6.671591330951613,10.334948539733887
6.243135929107666,6.70963851891325,10.474380493164062
6.237277984619141,6.714102793751019,10.387389183044434
6.227119445800781,6.651946852382805,10.36373519897461
6.241121768951416,6.632100444320323,10.379265785217285
6.2224955558776855,6.660752013691567,10.313835144042969
6.210152626037598,6.655729117636968,10.239739418029785
6.225802421569824,6.663188206863457,10.39074993133545
6.22512149810791,6.649350378396255,10.34528636932373
6.207376480102539,6.639659674638617,10.341349601745605
6.222529888153076,6.673309163755871,10.395567893981934
6.206142902374268,6.694313202352663,10.443231582641602
6.214749336242676,6.642182215948456,10.387115478515625
6.1943230628967285,6.657627018667491,10.393561363220215
6.206557273864746,6.677687664782363,10.396111488342285
6.206307411193848,6.667497702075966,10.379301071166992
6.226068496704102,6.646200952386218,10.406132698059082
6.181053161621094,6.664641002326139,10.303385734558105
6.188729763031006,6.650615438186962,10.311857223510742
6.20096492767334,6.660410316627739,10.33211898803711
6.224981307983398,6.662346809237663,10.334956169128418
6.193188190460205,6.651009681634605,10.353131294250488
6.209770202636719,6.683700651628897,10.422370910644531
6.184843063354492,6.641345542556207,10.306828498840332
6.19472074508667,6.701945628172584,10.35219955444336
6.191172122955322,6.629186702426522,10.369380950927734
6.164057731628418,6.651552308217754,10.261303901672363
6.184727191925049,6.668071809291307,10.328190803527832
6.180788040161133,6.659255582473374,10.469110488891602
6.195334434509277,6.641919228381344,10.29056167602539
6.191198825836182,6.672348105847568,10.394437789916992
6.1708831787109375,6.635387813639162,10.345953941345215
6.158394813537598,6.590568660059944,10.393362998962402
6.182929992675781,6.627218483015895,10.347602844238281
6.173059463500977,6.6640829598597655,10.32896614074707
6.156887054443359,6.687002373726241,10.31336784362793
6.194855213165283,6.656389909563586,10.329797744750977
6.148278713226318,6.644502394034395,10.37812614440918
6.1672821044921875,6.651461780204304,10.302034378051758
6.172362327575684,6.637527433490114,10.32784652709961
6.151095867156982,6.646731217990496,10.383275985717773
6.152227878570557,6.615661268022709,10.346702575683594
6.133187770843506,6.636664086354099,10.315597534179688
6.1518402099609375,6.662360107925322,10.335346221923828
6.139237403869629,6.678957493044436,10.447676658630371
6.140976905822754,6.688415932934731,10.349255561828613
6.131350517272949,6.584757639627371,10.39904499053955
6.138599872589111,6.6216127102130224,10.39234447479248
6.143643856048584,6.5893614264870335,10.302694320678711
6.123619556427002,6.642901305342093,10.405994415283203
6.114739418029785,6.619240706553683,10.411105155944824
6.120279312133789,6.597068372914302,10.312923431396484
6.1473188400268555,6.628386551015345,10.367090225219727
6.129607200622559,6.636455887396421,10.400423049926758
6.109493732452393,6.6093571735546,10.315896987915039
6.122039794921875,6.589886337818045,10.357378005981445
6.119894027709961,6.614453096408397,10.423672676086426
6.131775856018066,6.589868189334604,10.343587875366211
6.131237983703613,6.637062170210162,10.29529094696045
6.104740142822266,6.59851771270457,10.411016464233398
6.106220245361328,6.601081417308055,10.330175399780273
6.107242107391357,6.631530508365747,10.392946243286133
6.131731986999512,6.595272377299676,10.40323257446289
6.103799343109131,6.6126063005732645,10.388570785522461
6.126166343688965,6.638457813200408,10.36754035949707
6.084549427032471,6.593792489297422,10.338825225830078
6.074039936065674,6.573674159889509,10.373350143432617
6.131743431091309,6.593158080309098,10.439741134643555
6.100586891174316,6.647101048280352,10.379223823547363
6.099264144897461,6.619730288262611,10.388908386230469
6.099694728851318,6.605624490816679,10.353229522705078
6.105151176452637,6.6094184867771615,10.33487606048584
6.103485107421875,6.602058442575591,10.409309387207031
6.094250202178955,6.589951591100543,10.37914752960205
6.073721408843994,6.57153554483583,10.416231155395508
6.077537536621094,6.5887996044475585,10.356183052062988
6.083886623382568,6.589479225587898,10.365509033203125
6.071795463562012,6.5897424427592854,10.39707088470459
6.071837425231934,6.581180308246986,10.395898818969727
6.073955059051514,6.570404502064255,10.438436508178711
6.073363304138184,6.627963521916952,10.442495346069336
6.056745529174805,6.639875371275203,10.426637649536133
6.071783065795898,6.594502932957506,10.384769439697266
6.068495273590088,6.590015566275855,10.473340034484863
6.072985649108887,6.603273478835556,10.44511604309082
6.05724573135376,6.600110816602994,10.34280014038086
6.057751178741455,6.603721816026207,10.337381362915039
6.061991214752197,6.554268532798493,10.352129936218262
6.081119537353516,6.57024614832231,10.362074851989746
6.032997131347656,6.596339655308319,10.434651374816895
6.032487392425537,6.574874722997524,10.307083129882812
6.034359931945801,6.56575907810059,10.352084159851074
6.045338153839111,6.591060601507446,10.359819412231445
6.056870937347412,6.6024339357391,10.273162841796875
6.050907135009766,6.550355782865414,10.342401504516602
6.070644855499268,6.562273757000055,10.361061096191406
6.030871391296387,6.539718973284056,10.41801929473877
6.040040969848633,6.56075439545592,10.366284370422363
6.038065433502197,6.620719945656934,10.341316223144531
6.025219917297363,6.60248760513163,10.369802474975586
6.024837493896484,6.593703562992491,10.269168853759766
6.031399250030518,6.55411594321153,10.403377532958984
6.021369934082031,6.552419275610841,10.432402610778809
6.013033390045166,6.545726120771308,10.338489532470703
6.006307601928711,6.519452183773475,10.35972785949707
6.035736560821533,6.50981545335214,10.352505683898926
6.0202765464782715,6.621759701553467,10.429439544677734
6.002981185913086,6.530878565540271,10.348114013671875
6.001505374908447,6.566138874805932,10.409353256225586
5.984813213348389,6.552151953635205,10.284980773925781
6.013704776763916,6.560892731816108,10.336041450500488
5.991439342498779,6.563566451127242,10.374809265136719
6.012590408325195,6.508087221998721,10.444257736206055
5.982604503631592,6.571046447447899,10.329889297485352
5.982168197631836,6.542619352195679,10.42220687866211
5.981071949005127,6.560290068188416,10.344940185546875
6.001039981842041,6.558262888175834,10.381911277770996
6.015275478363037,6.508383722111051,10.327533721923828
5.982091426849365,6.588222367489444,10.39035701751709
5.97942590713501,6.5818830196679174,10.360276222229004
5.982732772827148,6.527621975900339,10.38117790222168
5.9944987297058105,6.538979807203369,10.371718406677246
5.983124732971191,6.5576358303494215,10.28244686126709
5.971954345703125,6.521054555296099,10.403190612792969
5.971522331237793,6.554781642143748,10.407842636108398
5.9932541847229,6.563542968161138,10.458538055419922
5.983737468719482,6.529344383294561,10.340561866760254
5.95534086227417,6.540265817261701,10.369230270385742
5.952120304107666,6.5198498895790955,10.337835311889648
5.975820064544678,6.462104005739094,10.419916152954102
5.984706401824951,6.5285507197425305,10.384145736694336
5.97428035736084,6.548956006732104,10.383472442626953
5.975278854370117,6.523233678956916,10.316802978515625
5.946279525756836,6.508112330654902,10.369792938232422
5.976541519165039,6.538937331277078,10.350500106811523
5.952000617980957,6.523978054756298,10.353747367858887
5.945338726043701,6.517728462150055,10.36992073059082
5.954166412353516,6.519087512877636,10.38029670715332
5.952056407928467,6.5491281001096855,10.308971405029297
5.937427043914795,6.547247743566653,10.44211196899414
5.939746856689453,6.500166321572448,10.417864799499512
5.940494537353516,6.4894252324676405,10.397172927856445
5.936973571777344,6.533460274904169,10.341742515563965
5.948325157165527,6.536024911262627,10.382223129272461
5.922462463378906,6.504316951913228,10.315315246582031
5.935849666595459,6.50869286076964,10.39468002319336
5.941193103790283,6.508948113436677,10.462417602539062
5.913181304931641,6.455433016476621,10.374582290649414
5.926277160644531,6.485151595901698,10.303239822387695
5.932289123535156,6.51998667708332,10.4014892578125
5.9175896644592285,6.5340015436855285,10.285216331481934
5.92490291595459,6.526051306431846,10.381101608276367
5.937153339385986,6.4991343386271705,10.352031707763672
5.928346633911133,6.491092779706897,10.418684005737305
5.904732704162598,6.49289661749,10.37883472442627
5.915215969085693,6.489087766768145,10.36565113067627
5.903692245483398,6.511667025840974,10.415237426757812
5.929111480712891,6.506327778433583,10.385591506958008
5.896504878997803,6.497180962735522,10.42013168334961
5.906606674194336,6.503753962826782,10.335776329040527
5.9147629737854,6.538809249576714,10.393758773803711
5.9079389572143555,6.49871398252435,10.419631958007812
5.907253742218018,6.49897926191001,10.325340270996094
5.880798816680908,6.500946938791977,10.351617813110352
5.897964954376221,6.538140619173646,10.318449020385742
5.886784553527832,6.4993575272882085,10.298260688781738
5.9035258293151855,6.479953929382775,10.363460540771484
5.8920979499816895,6.502810233971104,10.381721496582031
5.887696266174316,6.5172355765410295,10.429634094238281
5.887842655181885,6.522925952582487,10.396112442016602
5.884450435638428,6.496697551969971,10.355245590209961
5.8916335105896,6.481261802072237,10.36466121673584
5.859663009643555,6.463282168377191,10.378690719604492
5.8732147216796875,6.4654718828054945,10.369792938232422
5.880071640014648,6.4870446016679395,10.365602493286133
5.882462501525879,6.533729910750741,10.24563980102539
5.8872971534729,6.475286306281175,10.367571830749512
5.869053840637207,6.427091790196885,10.329182624816895
5.877519607543945,6.458026260603219,10.397968292236328
5.865200519561768,6.485577838661681,10.453522682189941
5.8577165603637695,6.488722943933681,10.340240478515625
5.878331661224365,6.486686805695561,10.39305305480957
5.869775295257568,6.487870191223919,10.356884002685547
5.873970031738281,6.472936659519161,10.454861640930176
5.880639553070068,6.471309935940163,10.404539108276367
5.867904186248779,6.517978919503678,10.44267749786377
5.845779895782471,6.4293575070332745,10.385370254516602
5.839103698730469,6.460312394258966,10.44929313659668
5.864846229553223,6.485094301269522,10.401666641235352
5.830916881561279,6.497302666073666,10.280200004577637
5.850892543792725,6.445424365312127,10.438955307006836
5.847573280334473,6.445656472351403,10.337311744689941
5.833083152770996,6.425290319303582,10.372034072875977
5.837124824523926,6.504819984082133,10.359636306762695
5.841645240783691,6.458702112647838,10.35634994506836
5.828171253204346,6.442728871945291,10.396883964538574
5.837492942810059,6.47416823560239,10.368986129760742
5.809924602508545,6.50063798480135,10.330120086669922
5.831661224365234,6.433388646060068,10.33948802947998
5.822922229766846,6.465645009019812,10.343476295471191
5.848471164703369,6.483835656960895,10.379779815673828
5.821931838989258,6.47083178212467,10.444664001464844
5.823760509490967,6.450542980904824,10.397430419921875
5.816404819488525,6.455884304496326,10.358166694641113
5.82748556137085,6.453414415641288,10.457098007202148
5.826009273529053,6.472961281426251,10.377861022949219
5.8338494300842285,6.448826757193144,10.34765625
5.8263115882873535,6.471193745699046,10.35586929321289
5.834305763244629,6.475779002000178,10.318601608276367
5.795644283294678,6.443960888510837,10.38078498840332
5.8045806884765625,6.444705136286627,10.32573127746582
5.8153605461120605,6.474643112359835,10.446359634399414
5.808967113494873,6.425291266259072,10.310997009277344
5.811604022979736,6.486114507008876,10.471306800842285
5.805891513824463,6.441035750987274,10.424935340881348
5.816310882568359,6.4599981360536605,10.344377517700195
5.791861534118652,6.477439478605187,10.383426666259766
5.797788619995117,6.440912614509996,10.355318069458008
5.786995887756348,6.456861830915192,10.28955078125
5.801676273345947,6.501883403797234,10.436944961547852
5.7664361000061035,6.42609628160218,10.33636474609375
5.815758228302002,6.439910197697047,10.430967330932617
5.761572360992432,6.431381167877199,10.38957405090332
5.794093608856201,6.463693483067411,10.326826095581055
5.793978214263916,6.454134220057832,10.368967056274414
5.779202938079834,6.424685061643166,10.359530448913574
5.786517143249512,6.423967482056469,10.359641075134277
5.750785827636719,6.4325130062310825,10.411735534667969
5.7861833572387695,6.453848377668432,10.416299819946289
5.774931907653809,6.436059549084997,10.391996383666992
5.76536750793457,6.4326321783009925,10.376941680908203
5.777255058288574,6.444161663696702,10.322449684143066
5.766455173492432,6.474919897404367,10.405336380004883
5.735895156860352,6.434333249061767,10.285223960876465
5.778159141540527,6.40781321004033,10.295992851257324
5.767110824584961,6.415308750766728,10.38251781463623
5.76031494140625,6.398817544171054,10.380775451660156
5.74800443649292,6.455050216389022,10.409278869628906
5.7514448165893555,6.397410040322159,10.40410041809082
5.767396450042725,6.4345033269242515,10.430620193481445
5.760595321655273,6.437840322132355,10.356490135192871
5.759305477142334,6.404610048480599,10.3824462890625
5.766637325286865,6.42715646589308,10.36970043182373
5.744187355041504,6.421768929210625,10.336517333984375
5.737079620361328,6.40824114517974,10.3657808303833
5.728960037231445,6.445436139158638,10.361562728881836
5.738049507141113,6.429214194317216,10.352205276489258
5.7425923347473145,6.416518719068595,10.41440200805664
5.730757236480713,6.45036867503742,10.292469024658203
5.738306045532227,6.42766525044239,10.335855484008789
5.743406295776367,6.432685353826465,10.390175819396973
5.732197284698486,6.384796540918094,10.413710594177246
5.735535621643066,6.448519628428454,10.325492858886719
5.7287421226501465,6.434388669240953,10.321389198303223
5.725741863250732,6.411395954932751,10.368159294128418
5.734546184539795,6.430275284718456,10.423819541931152
5.7177324295043945,6.406556401268713,10.406235694885254
5.704606056213379,6.4035362635872195,10.33820915222168
5.737610816955566,6.458451398482014,10.408441543579102
5.726740837097168,6.398547060687894,10.413695335388184
5.693551540374756,6.377536799459318,10.535451889038086
5.719912528991699,6.439239856687241,10.331304550170898
5.729246139526367,6.411029963421503,10.284795761108398
5.695750713348389,6.403166011574545,10.426557540893555
5.720492362976074,6.403344656939486,10.28968334197998
5.719788074493408,6.394807939783537,10.398700714111328
5.689399242401123,6.378229355838682,10.331341743469238
5.69914436340332,6.389235243467348,10.376986503601074
5.712130069732666,6.437090337575811,10.436134338378906
5.7040181159973145,6.407320525164583,10.39021110534668
5.718103408813477,6.417826579916957,10.406084060668945
5.7141547203063965,6.371484672983311,10.283449172973633
5.708385944366455,6.396741168307407,10.417359352111816
5.682295322418213,6.418863597059889,10.408507347106934
5.685892581939697,6.41130720514671,10.410654067993164
5.681612968444824,6.403836093909507,10.39527416229248
5.6652512550354,6.412599017377943,10.309317588806152
5.680788993835449,6.394424340654431,10.314834594726562
5.691183090209961,6.39171422455859,10.365076065063477
5.668449878692627,6.410714234957205,10.319040298461914
5.679608345031738,6.371806551336444,10.365076065063477
5.665816307067871,6.436406802352783,10.313820838928223
5.683803081512451,6.402453566069847,10.368183135986328
5.669252872467041,6.387859824778778,10.437200546264648
5.679303169250488,6.381129001001162,10.43398666381836
5.676120758056641,6.354496649932115,10.434621810913086
5.672189235687256,6.4123077382932285,10.39748477935791
5.69332218170166,6.385185615492186,10.347858428955078
5.637824058532715,6.380750097500692,10.394070625305176
5.633392333984375,6.375357995741068,10.310134887695312
5.667981147766113,6.366829930438792,10.412969589233398
5.657571792602539,6.401275100119944,10.349808692932129
5.642365455627441,6.390724706064377,10.430675506591797
5.6461310386657715,6.404724043561146,10.379437446594238
5.67743444442749,6.359457448756855,10.336211204528809
5.663574695587158,6.346543006998087,10.357192993164062
5.6377363204956055,6.382042696400147,10.409284591674805
5.644746780395508,6.35943818873992,10.333686828613281
5.631762981414795,6.347891661005892,10.281574249267578
5.635861396789551,6.378077068931557,10.45327377319336
5.661710262298584,6.365163154434414,10.385732650756836
5.619239807128906,6.367743363005242,10.451835632324219
5.631763458251953,6.3515089008558006,10.355977058410645
5.6406331062316895,6.328892318897747,10.36887264251709
5.639370918273926,6.323424475600144,10.346190452575684
5.652430534362793,6.370235140269091,10.388969421386719
5.6521501541137695,6.379315745717447,10.385494232177734
5.634908676147461,6.377520634327083,10.415508270263672
5.616685390472412,6.331105018899377,10.344797134399414
5.63282585144043,6.339546386751214,10.412799835205078
5.625863075256348,6.339413910106357,10.407215118408203
5.6276326179504395,6.373631410566825,10.400823593139648
5.6318230628967285,6.326406008630459,10.339699745178223
5.613640785217285,6.341785129924704,10.417333602905273
5.627655506134033,6.361199780034699,10.330968856811523
5.597254753112793,6.338044875035329,10.44070816040039
5.60087776184082,6.379965220444968,10.369858741760254
5.623356819152832,6.4197790947011,10.385400772094727
5.59314489364624,6.3729200989806225,10.350069999694824
5.609381675720215,6.371425142711294,10.304609298706055
5.619558811187744,6.346237690420821,10.375383377075195
5.593637943267822,6.308660440279969,10.407739639282227
5.5951972007751465,6.354104024524401,10.377052307128906
5.618480682373047,6.327801946550608,10.343968391418457
5.616447448730469,6.337272937609149,10.391969680786133
5.609057426452637,6.335157945984975,10.312161445617676
5.6025919914245605,6.298019385896624,10.426274299621582
5.606023788452148,6.346047951041587,10.37966537475586
5.614251613616943,6.350506751798093,10.41966438293457
5.602494239807129,6.3438848713745495,10.327165603637695
5.598637580871582,6.339515953989965,10.371870040893555
5.5754852294921875,6.3277938332009525,10.429306030273438
5.5806989669799805,6.338155812883218,10.356053352355957
5.602626323699951,6.362991503406582,10.450462341308594
5.599086761474609,6.359978951413982,10.32411003112793
5.590962886810303,6.330704942877804,10.393508911132812
5.595834732055664,6.37722531426698,10.320856094360352
5.589386940002441,6.313421504771604,10.423726081848145
5.570334434509277,6.334602212633139,10.309792518615723
5.589563369750977,6.349185680804243,10.36109733581543
5.599283218383789,6.345575253246353,10.285741806030273
5.58857536315918,6.345178908435628,10.404380798339844
5.55574369430542,6.395811598814492,10.343722343444824
5.561400890350342,6.337660664226859,10.33759593963623
5.563164710998535,6.307851214061624,10.454147338867188
5.566808223724365,6.342617607675493,10.34666633605957
5.564644813537598,6.320112843698422,10.299141883850098
5.583106517791748,6.4156959341905475,10.386651039123535
5.58079195022583,6.339548337872007,10.308290481567383
5.561792850494385,6.316502793126606,10.359694480895996
5.578450679779053,6.293374836145501,10.357559204101562
5.535412311553955,6.375415365876896,10.290313720703125
5.551425933837891,6.385058501036838,10.364846229553223
5.53465461730957,6.303966831582199,10.408024787902832
5.5352864265441895,6.350680137319224,10.358436584472656
5.560532093048096,6.322332665024859,10.360271453857422
5.550573348999023,6.329837770234527,10.435888290405273
5.534188747406006,6.319947491832343,10.464569091796875
5.545988082885742,6.329036108417703,10.40201473236084
5.542618274688721,6.3098730887286365,10.396240234375
5.546200275421143,6.311993404990062,10.3648681640625
5.538282871246338,6.307479866647294,10.400917053222656
5.524820804595947,6.336974071072681,10.338029861450195
5.529088973999023,6.292538051160851,10.407330513000488
5.530446529388428,6.329678668707077,10.335968017578125
5.534793853759766,6.299018794970055,10.387828826904297
5.512903690338135,6.323182675189206,10.361152648925781
5.52193546295166,6.267797476113109,10.318320274353027
5.520345211029053,6.2652799479463805,10.387575149536133
5.517468452453613,6.3261998544912785,10.372288703918457
5.531547546386719,6.299327747763267,10.35909366607666
5.5208916664123535,6.313380233743893,10.425899505615234
5.526398658752441,6.294505824700797,10.320905685424805
5.510825157165527,6.265592703196619,10.424650192260742
5.517579078674316,6.2930148472078145,10.337340354919434
5.5170512199401855,6.309042153248031,10.390935897827148
5.516016483306885,6.307379138057253,10.354462623596191
5.513120651245117,6.301259963507099,10.346456527709961
5.499608039855957,6.265406410409403,10.414183616638184
5.5173211097717285,6.295819704753479,10.44304084777832
5.500211238861084,6.33280847244896,10.46534538269043
5.502231597900391,6.275896704290062,10.36571979522705
5.491971969604492,6.257720661715472,10.409467697143555
5.4949750900268555,6.264985813792528,10.318880081176758
5.466561794281006,6.294127160849581,10.39333724975586
5.491954803466797,6.320598169828632,10.40592098236084
5.4782185554504395,6.303262153374297,10.376984596252441
5.506351947784424,6.309449134860189,10.351795196533203
5.496095657348633,6.304721300556723,10.383418083190918
5.503432273864746,6.247115455966976,10.352499008178711
5.505918502807617,6.302089965636176,10.457751274108887
5.495406627655029,6.306012690366645,10.398675918579102
5.489348411560059,6.2939129938438,10.355385780334473
5.4609055519104,6.3471728328815,10.338301658630371
5.474593639373779,6.2774070548891485,10.363733291625977
5.479468822479248,6.323042349723567,10.426309585571289
5.493241310119629,6.268460511662332,10.424728393554688
5.486186981201172,6.265386186440343,10.429527282714844
5.484817028045654,6.240496954348471,10.35172176361084
5.463423728942871,6.297883155156991,10.429258346557617
5.468760013580322,6.255541342909315,10.480566024780273
5.492183685302734,6.268223016755655,10.409524917602539
5.467039585113525,6.316111901375864,10.329418182373047
5.478033065795898,6.32948062525663,10.354476928710938
5.477471351623535,6.253523297275283,10.36309814453125
5.472118854522705,6.2422973114132345,10.365457534790039
5.468705654144287,6.256180788722953,10.390932083129883
5.439415454864502,6.282286933656516,10.412755966186523
5.444143295288086,6.259947886125051,10.344866752624512
5.469963073730469,6.259825042149584,10.25417709350586
5.474029064178467,6.29156285431236,10.439410209655762
5.428426742553711,6.2453613242999255,10.359357833862305
5.444476127624512,6.276192141896379,10.386211395263672
5.4637064933776855,6.242121213714459,10.349275588989258
5.469905853271484,6.25376109186826,10.403432846069336
5.465028762817383,6.243120542727411,10.395004272460938
5.436289310455322,6.268429655814543,10.404220581054688
5.448154926300049,6.267345714815227,10.37850570678711
5.459035396575928,6.2809820400351395,10.412487983703613
5.432458400726318,6.253211311397275,10.413983345031738
5.454260349273682,6.3045402920937965,10.470352172851562
5.431793212890625,6.279382913805811,10.29868221282959
5.421082019805908,6.290040796655895,10.346111297607422
5.452016353607178,6.2952864956709425,10.395204544067383
5.4488019943237305,6.259547483209254,10.331125259399414
5.451548099517822,6.236900081292593,10.36984920501709
5.415708541870117,6.27267532147068,10.403482437133789
5.4303812980651855,6.265611146543441,10.38381576538086
5.43925666809082,6.256766266422346,10.363871574401855
5.431645393371582,6.285189117171934,10.413385391235352
5.408004283905029,6.2542422043625265,10.356697082519531
5.400404453277588,6.225177164355825,10.312132835388184
5.434418678283691,6.289020910792585,10.363648414611816
5.396070957183838,6.295120296667197,10.384556770324707
5.425222396850586,6.263027687690087,10.447071075439453
5.410074710845947,6.22753577203756,10.40555477142334
5.386439800262451,6.254412678735596,10.262395858764648
5.413995265960693,6.276699879173456,10.344618797302246
5.415890693664551,6.228020557734583,10.384702682495117
5.413206577301025,6.267336085871128,10.432791709899902
5.439546585083008,6.23640821484982,10.411904335021973
5.42540168762207,6.273591150363375,10.329767227172852
5.400613307952881,6.186245277424209,10.413854598999023
5.3912529945373535,6.223532936103376,10.33951187133789
5.404385566711426,6.270533572283707,10.41012191772461
5.406915187835693,6.267589045921341,10.43104362487793
5.3776774406433105,6.23642055351021,10.394458770751953
5.4033026695251465,6.214996267675557,10.342860221862793
5.385799407958984,6.258282918449758,10.32111930847168
5.390750408172607,6.2641650060457845,10.394744873046875
5.399736404418945,6.262404714711011,10.350973129272461
5.380681037902832,6.230026948132685,10.413691520690918
5.414718151092529,6.197043237675515,10.322685241699219
5.38913106918335,6.2193486147693235,10.415488243103027
5.387888431549072,6.256942901793601,10.366964340209961
5.395552635192871,6.24147720694808,10.458013534545898
5.356236457824707,6.2211277207160105,10.392065048217773
5.371640682220459,6.220470375547717,10.377086639404297
5.381939888000488,6.186803875923423,10.311641693115234
5.3940277099609375,6.276245931928446,10.452342987060547
5.354036331176758,6.22949754383548,10.427359580993652
5.388111591339111,6.242547189717048,10.31934642791748
5.367897033691406,6.236313976746584,10.419244766235352
5.37156343460083,6.2014026237718225,10.452977180480957
5.360423564910889,6.267251378191368,10.40777587890625
5.344245433807373,6.231967848659094,10.355701446533203
5.3681840896606445,6.226545950131757,10.372065544128418
5.377877712249756,6.256905842705496,10.370265007019043
5.3984222412109375,6.260193942646895,10.393789291381836
5.3286590576171875,6.200896238775126,10.256034851074219
5.341856956481934,6.191440540066521,10.37701416015625
5.3319597244262695,6.190467752582793,10.359950065612793
5.361045837402344,6.232484402800245,10.278541564941406
5.353209018707275,6.237018223885181,10.389373779296875
5.347409248352051,6.21053770886335,10.407772064208984
5.352206230163574,6.199526886156361,10.39297866821289
5.32028341293335,6.198195317593803,10.393106460571289
5.342646598815918,6.22354314113701,10.363730430603027
5.335609436035156,6.184085470058823,10.47183609008789
5.335343837738037,6.2003794620146175,10.401460647583008
5.348315238952637,6.207056248560548,10.481729507446289
5.34901237487793,6.249645806982048,10.309389114379883
5.329241752624512,6.194214298722467,10.459393501281738
5.333166599273682,6.1841423387107035,10.38734245300293
5.33534574508667,6.213657345123856,10.423463821411133
5.3440375328063965,6.224498127986277,10.320670127868652
5.323832035064697,6.2391487148124725,10.421223640441895
5.317251682281494,6.1820422147533725,10.342424392700195
5.336476802825928,6.182909651160507,10.399352073669434
5.326711177825928,6.2630950742334655,10.372750282287598
5.323164939880371,6.227010259105425,10.393473625183105
5.3280029296875,6.211008776943864,10.321110725402832
5.3029255867004395,6.230182985542343,10.298274993896484
5.326338291168213,6.154168984087716,10.40521240234375
5.331796169281006,6.208325862851259,10.384236335754395
5.317534446716309,6.188662924371394,10.472370147705078
5.3109612464904785,6.218471908675773,10.415765762329102
5.3102569580078125,6.244733076808709,10.333659172058105
5.316422939300537,6.196764509625999,10.422689437866211
5.2987823486328125,6.208980763331056,10.453789710998535
5.298067569732666,6.2231195899657905,10.335089683532715
5.305311679840088,6.161791676256273,10.4173583984375
5.295145034790039,6.198340284006138,10.374978065490723
5.318348407745361,6.241473286379396,10.408125877380371
5.313690185546875,6.203155373289649,10.400638580322266
5.283686637878418,6.1948021581130375,10.417682647705078
5.297291278839111,6.188074521254747,10.411846160888672
5.2905120849609375,6.231869915799637,10.413915634155273
5.298486709594727,6.193885699746065,10.369227409362793
5.282200336456299,6.186221673619002,10.372928619384766
5.2995195388793945,6.185392756513986,10.35046100616455
5.284397602081299,6.218770341548537,10.440353393554688
5.295065879821777,6.195915718463117,10.380247116088867
5.284217357635498,6.192032715704824,10.405628204345703
5.284656524658203,6.1902809036296915,10.417801856994629
5.269256591796875,6.175808327139488,10.349453926086426
5.2658796310424805,6.212377660043005,10.43252944946289
5.284190654754639,6.206007336033507,10.38181209564209
5.284386157989502,6.154821989758472,10.356374740600586
5.290097713470459,6.2070747710365275,10.429460525512695
5.269566059112549,6.178019912614089,10.504562377929688
5.249831199645996,6.142238766986078,10.503988265991211
5.273434162139893,6.153372085619983,10.37006950378418
5.288458824157715,6.179210470390639,10.279038429260254
5.24543571472168,6.1978603106191645,10.436979293823242
5.246621608734131,6.156101819460414,10.355104446411133
5.269359588623047,6.217243633898241,10.382857322692871
5.23975944519043,6.2205882708741616,10.372167587280273
5.2565083503723145,6.137518956292686,10.392160415649414
5.2387003898620605,6.206436818166237,10.343297004699707
5.245199680328369,6.167839249795569,10.355473518371582
5.255267143249512,6.170366632086891,10.379836082458496
5.230659008026123,6.157716627997745,10.394927978515625
5.245386123657227,6.185536421070408,10.372730255126953
5.251980781555176,6.177101467104097,10.408367156982422
5.245559215545654,6.162188113367717,10.352190017700195
5.244500637054443,6.176157158666423,10.296381950378418
5.256922245025635,6.143567132630518,10.397037506103516
5.2543840408325195,6.202538021474278,10.400450706481934
5.237720012664795,6.164766823906186,10.418434143066406
5.240363121032715,6.145120256048227,10.37423038482666
5.232423782348633,6.203715924472948,10.326725006103516
5.220337867736816,6.173166530838769,10.415143966674805
5.221520900726318,6.0956425896978805,10.367892265319824
5.251662254333496,6.139436340591471,10.314386367797852
5.2190775871276855,6.207396967702413,10.323616981506348
5.221428871154785,6.167228710904185,10.39231014251709
5.226623058319092,6.169796294632501,10.339618682861328
5.216083526611328,6.216598097966718,10.445486068725586
5.226046085357666,6.15744951996021,10.345388412475586
5.217997074127197,6.162917496569987,10.415274620056152
5.198241233825684,6.149938221023019,10.348430633544922
5.207428455352783,6.148314774235977,10.400754928588867
5.2391839027404785,6.157493885839358,10.416955947875977
5.206493377685547,6.152624751707273,10.38244915008545
5.217337131500244,6.136384643281676,10.382143020629883
5.215966701507568,6.174573577341757,10.348806381225586
5.237823486328125,6.183897472851511,10.401655197143555
5.2165985107421875,6.160128358984366,10.416230201721191
5.2103776931762695,6.1336352029881835,10.440336227416992
5.208124160766602,6.12279649341612,10.352151870727539
5.221117973327637,6.163932971789369,10.383514404296875
5.226051330566406,6.182716011601899,10.31664752960205
5.198948383331299,6.1576634032452215,10.315620422363281
5.229062557220459,6.1488119985109995,10.387763977050781
5.206944465637207,6.163945845361533,10.361684799194336
5.218488693237305,6.161979548034391,10.42414379119873
5.20841646194458,6.17956904235429,10.43368911743164
5.200132369995117,6.127875630244879,10.322072982788086
5.189521789550781,6.125187052879482,10.368412971496582
5.205720901489258,6.156930025467383,10.385876655578613
5.202965259552002,6.149016469783549,10.32106876373291
5.22528600692749,6.1881980056807935,10.406749725341797
5.178938865661621,6.092313304177619,10.354463577270508
5.20142126083374,6.140036576992965,10.414762496948242
5.199792861938477,6.120621609867417,10.49970817565918
5.176074981689453,6.1382910684416325,10.458991050720215
5.174178600311279,6.133032967203429,10.251185417175293
5.194146633148193,6.133683894927214,10.399700164794922
5.186168670654297,6.156602298109126,10.457128524780273
5.186328887939453,6.124761256123228,10.382484436035156
5.208496570587158,6.152734203430425,10.389265060424805
5.172152996063232,6.166877335436376,10.441129684448242
5.178403377532959,6.153037479812546,10.424054145812988
5.182700157165527,6.090644919346752,10.336417198181152
5.180956840515137,6.141482947560559,10.391337394714355
5.176114082336426,6.204546838632918,10.401315689086914
5.140865802764893,6.122274019755423,10.29104232788086
5.165863037109375,6.1210270074994435,10.34987735748291
5.181308269500732,6.174378567574811,10.383264541625977
5.169694423675537,6.129634850558692,10.35791015625
5.153396129608154,6.095459129561537,10.357206344604492
5.123755931854248,6.093466838090015,10.4171142578125
5.125558853149414,6.120514274009371,10.392206192016602
5.1494011878967285,6.127859405042338,10.321240425109863
5.1374406814575195,6.118145981337875,10.378814697265625
5.124820232391357,6.137630267301574,10.44306755065918
5.129781246185303,6.118609907937103,10.350364685058594
5.139272689819336,6.109080768157062,10.392498016357422
5.160706520080566,6.083974838522927,10.344293594360352
5.158568859100342,6.113852265823101,10.478668212890625
5.138392448425293,6.11662932418819,10.349973678588867
5.126894474029541,6.102453637834905,10.470528602600098
5.183516025543213,6.091723576587226,10.37765884399414
5.14105749130249,6.1506549170506855,10.371798515319824
5.1334228515625,6.1081770641197055,10.388412475585938
5.1131134033203125,6.085279262458374,10.283424377441406
5.132392883300781,6.125465434842876,10.353290557861328
5.150162696838379,6.1180113037116834,10.352219581604004
5.140547752380371,6.127391225259218,10.379846572875977
5.157348155975342,6.1396695805181345,10.356978416442871
5.126070976257324,6.1193559181078205,10.391134262084961
5.127699851989746,6.124257830969457,10.37157917022705
5.118280410766602,6.085872700304858,10.42264461517334
5.141668319702148,6.093515211217372,10.412353515625
5.109811782836914,6.130046452129526,10.351241111755371
5.1343841552734375,6.1376800621593635,10.374964714050293
5.132480621337891,6.13714828817839,10.35140609741211
5.1061224937438965,6.121709495649806,10.367193222045898
5.108952045440674,6.148274653757523,10.379094123840332
5.1063761711120605,6.083765117850687,10.413230895996094
5.119749069213867,6.127015762862616,10.302499771118164
5.123176097869873,6.117729922623506,10.351802825927734
5.114573955535889,6.128648342597963,10.387588500976562
5.107292652130127,6.103949992717909,10.450565338134766
5.1298604011535645,6.072340330375092,10.375594139099121
5.1282219886779785,6.053103487373196,10.416099548339844
5.1219162940979,6.07524036616087,10.437403678894043
5.089539051055908,6.094029399998751,10.394793510437012
5.104224681854248,6.093215386050621,10.424540519714355
5.110363960266113,6.074755035540354,10.37618637084961
5.0976667404174805,6.10458929158215,10.390888214111328
5.106264114379883,6.089224728622606,10.339500427246094
5.128380298614502,6.094760644748541,10.35515308380127
5.093506813049316,6.082683896213504,10.414905548095703
5.119283676147461,6.1501513232610066,10.364775657653809
5.088526248931885,6.103073509443285,10.393739700317383
5.088536262512207,6.109938500748415,10.347221374511719
5.075780391693115,6.119688949813801,10.401350021362305
5.107617378234863,6.05112159694545,10.431602478027344
5.112552642822266,6.093740080782612,10.286470413208008
5.05379056930542,6.066880368494562,10.399686813354492
5.10734224319458,6.05565323677313,10.360248565673828
5.090118885040283,6.082707564213446,10.353015899658203
5.071268081665039,6.0863860015025635,10.384316444396973
5.063593864440918,6.127547192220976,10.31871223449707
5.097969055175781,6.06504309446817,10.3789644241333
5.070561408996582,6.048817468807101,10.379444122314453
5.064964294433594,6.103611655699622,10.366982460021973
5.041944980621338,6.054592459928244,10.404205322265625
5.076218605041504,6.087897664933865,10.352575302124023
5.059398174285889,6.097530134388114,10.365053176879883
5.045468807220459,6.053164207842201,10.3619384765625
5.077649116516113,6.127874585799873,10.472681045532227
5.052884578704834,6.0826929705550095,10.337516784667969
5.061585426330566,6.047566241684502,10.349922180175781
5.041157245635986,6.086609199377043,10.321428298950195
5.0714216232299805,6.083816310557138,10.398957252502441
5.064624309539795,6.087532581262557,10.363905906677246
5.088685989379883,6.102200805209577,10.364370346069336
5.0582051277160645,6.067768877405407,10.34444808959961
5.068049430847168,6.075463750133557,10.44747543334961
5.042518615722656,6.093596891167441,10.335334777832031
5.065268039703369,6.092286482220516,10.357809066772461
5.023261070251465,6.034068131087614,10.419168472290039
5.05263090133667,6.086210627175335,10.370275497436523
5.063727378845215,6.048531300754153,10.316901206970215
5.019011974334717,6.0695631009792645,10.38025188446045
5.018806457519531,6.031040633429906,10.366782188415527
5.079785346984863,6.104381610805701,10.39499568939209
5.03033447265625,6.030345900582947,10.411669731140137
5.049190044403076,6.0891322693787515,10.31074047088623
5.022621154785156,6.071372752144399,10.378753662109375
5.03127908706665,6.068183564048793,10.357561111450195
5.03596305847168,6.065564341277683,10.357122421264648
5.029110908508301,6.060427468735725,10.367751121520996
5.0494704246521,6.049408802962197,10.363862991333008
5.058948040008545,6.044317272990677,10.330789566040039
5.039353370666504,6.058880479573937,10.367671966552734
5.0417799949646,6.05826462672225,10.294486045837402
5.011219501495361,6.04823700405125,10.400825500488281
5.000568389892578,6.078272074095106,10.350224494934082
5.031154632568359,6.064979198355494,10.367300033569336
5.038638114929199,6.073794663185254,10.458471298217773
5.024178981781006,6.0991622810584625,10.367015838623047
5.006134033203125,6.008959698756891,10.345867156982422
5.008457660675049,6.116611369187012,10.330084800720215
5.018906116485596,6.054585426646684,10.379890441894531
5.010162353515625,6.059866080193648,10.323149681091309
5.032072067260742,6.055082744220272,10.366412162780762
5.032591342926025,6.023861398621063,10.414958953857422
5.020798206329346,6.069210954043748,10.324920654296875
4.987491607666016,6.022641217003444,10.35740852355957
5.036206245422363,6.074351649232475,10.38050651550293
4.996334552764893,5.998853825465111,10.359886169433594
5.042942047119141,6.057348573147984,10.429146766662598
5.009285926818848,6.06128392235509,10.368906021118164
5.002945423126221,6.045543502351003,10.348691940307617
4.988218784332275,6.008806817932054,10.425355911254883
5.009129047393799,6.034552879631518,10.447324752807617
4.984361171722412,6.055948681397629,10.312137603759766
5.021902084350586,6.113904856245167,10.302934646606445
5.005248546600342,6.087899851213608,10.34405517578125
4.968376159667969,6.084825966407411,10.427248001098633
5.019595146179199,6.024273642538382,10.358247756958008
4.963894367218018,6.0163437120084255,10.494209289550781
4.995635986328125,6.0279792768415055,10.406363487243652
5.008274078369141,6.0327896589878955,10.434673309326172
4.986006259918213,5.994044107684334,10.379631042480469
4.981839179992676,6.02683560487016,10.3060884475708
4.978658676147461,6.060195611324161,10.432679176330566
4.977175235748291,6.025523871083611,10.467817306518555
4.956243515014648,6.008472881911855,10.36732006072998
4.987072467803955,6.032029223162681,10.275928497314453
5.0180439949035645,6.0550142692934195,10.34660530090332
4.971281051635742,6.039924712984689,10.400394439697266
4.9471845626831055,6.054172229254618,10.372657775878906
4.986276149749756,6.030949225715761,10.438556671142578
4.975701808929443,5.996426951738873,10.417154312133789
4.967953681945801,6.049239695171959,10.36288833618164
4.981628894805908,6.048497855031331,10.287455558776855
4.975525856018066,6.070315536976393,10.35010051727295
4.961487293243408,6.040454327893842,10.364304542541504
4.956648349761963,6.046066264222776,10.30449104309082
4.973400115966797,6.01888253240447,10.347588539123535
4.972288131713867,6.051510404030393,10.39512825012207
4.965887546539307,6.03444991590056,10.357247352600098
4.929227828979492,5.9747164760982345,10.4429931640625
4.928234100341797,6.043065399097811,10.342168807983398
4.933356761932373,6.024969635265214,10.43387222290039
4.932293891906738,6.044494895264506,10.445937156677246
4.935031890869141,6.018620621645823,10.423097610473633
4.931759357452393,5.9592116194045435,10.388648986816406
4.92661714553833,6.045695644603777,10.378534317016602
4.947540283203125,6.025677495270169,10.350112915039062
4.935973167419434,6.036793503112027,10.387173652648926
4.888269424438477,5.995506600243971,10.292243957519531
4.92805290222168,5.994130325370601,10.398587226867676
4.957901954650879,6.044677274833833,10.36701774597168
4.935924053192139,6.016484135562288,10.404454231262207
4.934189319610596,6.018798057688399,10.399697303771973
4.932160377502441,5.971784413093701,10.329090118408203
4.964162349700928,6.032069456364427,10.324385643005371
4.962671756744385,6.057407137605229,10.38288402557373
4.901792526245117,6.031946781889668,10.410665512084961
4.88371467590332,6.0025875805544535,10.376750946044922
4.962160110473633,6.019408756534436,10.261667251586914
4.9137091636657715,6.045619180326217,10.397920608520508
4.909196853637695,6.025052308337763,10.414377212524414
4.929590225219727,6.002557857427747,10.414459228515625
4.916055679321289,6.000792953884229,10.43449592590332
4.92252779006958,6.019101624476857,10.418927192687988
4.925328731536865,6.003577920009515,10.33502197265625
4.875019073486328,6.002472163410857,10.439962387084961
4.873653888702393,5.984286978109075,10.468914031982422
4.916390419006348,6.035962026566267,10.397972106933594
4.921784400939941,5.97994001213062,10.43093490600586
4.928203105926514,5.993929500358978,10.313952445983887
4.892327785491943,6.038009117191125,10.344671249389648
4.879484176635742,6.019855950027704,10.363032341003418
4.870036602020264,5.988550811008151,10.405354499816895
4.9160966873168945,6.016615590113881,10.370033264160156
4.903242111206055,6.005169642191114,10.378302574157715
4.882214069366455,5.988281110966844,10.341002464294434
4.901950836181641,5.95310814419229,10.324803352355957
4.892054557800293,5.953166724681588,10.403112411499023
4.917349338531494,6.008725999322321,10.467887878417969
4.874118328094482,6.032122358380418,10.413780212402344
4.909443378448486,6.009231740375981,10.38050651550293
4.884897232055664,5.987562357747395,10.315784454345703
4.878058433532715,6.0018252013251185,10.449417114257812
4.880707263946533,5.9743601052157045,10.317498207092285
4.879878044128418,5.975628005839619,10.427434921264648
4.895047664642334,5.969394382288946,10.348588943481445
4.89434814453125,6.001169597164595,10.38952350616455
4.880517959594727,5.99064790520684,10.332784652709961
4.867807865142822,5.9615271976882855,10.3832368850708
4.900303363800049,5.996697000427437,10.361217498779297
4.897522449493408,5.98377920826897,10.38825798034668
4.906424045562744,5.9925621868044665,10.329353332519531
4.876542568206787,6.011832395768059,10.441546440124512
4.882218837738037,6.019944772290598,10.396498680114746
4.843454837799072,5.939854123130706,10.469249725341797
4.8743767738342285,5.983539167558774,10.37647533416748
4.883136749267578,5.985305702945749,10.433320999145508
4.894226551055908,5.95560972522279,10.409619331359863
4.8887810707092285,6.00929208535568,10.321586608886719
4.8755998611450195,6.02503560776157,10.364999771118164
4.848501205444336,5.986046988284215,10.401283264160156
4.8312530517578125,5.984720460305523,10.41640853881836
4.84920597076416,5.993400796682441,10.306307792663574
4.865673542022705,6.034033243378092,10.383729934692383
4.834054946899414,5.97842599082339,10.352659225463867
4.825234413146973,5.952439482257302,10.407203674316406
4.855299949645996,5.996626030886547,10.420117378234863
4.851342678070068,5.965735425474121,10.389860153198242
4.8116841316223145,5.964188932241606,10.42233657836914
4.847249507904053,5.956776682154409,10.417783737182617
4.841546058654785,5.94834878774626,10.459563255310059
4.859335422515869,5.993567267066933,10.382606506347656
4.903441905975342,5.992624467105738,10.371245384216309
4.8348798751831055,6.014548292915736,10.462472915649414
4.855706691741943,5.97527874636996,10.393228530883789
4.837456703186035,5.975251381850935,10.306070327758789
4.838974952697754,6.028024984556915,10.359366416931152
4.828739643096924,5.921264450697761,10.353041648864746
4.85752010345459,5.984861552948132,10.384737014770508
4.8153581619262695,5.964736578254295,10.405261993408203
4.811392784118652,5.977486532647163,10.4248628616333
4.8360595703125,5.997964473773859,10.43075180053711
4.818028450012207,5.978032898756543,10.305351257324219
4.824812889099121,5.978080647997558,10.346774101257324
4.82381010055542,5.98339262704498,10.345376968383789
4.80943489074707,5.89671037858352,10.457474708557129
4.804193496704102,5.973442795453594,10.344011306762695
4.8515448570251465,5.985298103885725,10.40017032623291
4.828807830810547,5.918684982661424,10.334294319152832
4.809986114501953,5.881093692866021,10.40174674987793
4.810300350189209,5.921632438000025,10.39919662475586
4.80044412612915,5.984294830854716,10.45168399810791
4.844532489776611,5.971551346625867,10.363901138305664
4.80150032043457,5.951101835717315,10.391593933105469
4.838923454284668,5.9290188903188605,10.351505279541016
4.823953628540039,5.952965111006051,10.429546356201172
4.836017608642578,5.98219846538268,10.347996711730957
4.783119201660156,5.912482445793493,10.454632759094238
4.834323406219482,5.910691838511931,10.339638710021973
4.812636852264404,5.94093920726196,10.403621673583984
4.813514709472656,5.9277088238990725,10.348653793334961
4.808028697967529,5.944735706351431,10.318146705627441
4.784148693084717,5.919468654386168,10.468047142028809
4.811646461486816,5.955872147743191,10.455564498901367
4.810291767120361,5.965503964040961,10.358419418334961
4.7995991706848145,5.888390158369606,10.442340850830078
4.762565612792969,5.95232605275565,10.364964485168457
4.817348480224609,5.961656589393637,10.48871898651123
4.802154064178467,5.964933555107564,10.371338844299316
4.808715343475342,5.94643350707234,10.231729507446289
4.798159599304199,6.006523979062746,10.406181335449219
4.812274932861328,5.92469506564417,10.437751770019531
4.8021087646484375,5.906998105313894,10.324636459350586
4.785411834716797,5.947410962544381,10.35431957244873
4.771450519561768,5.954921118116804,10.3535795211792
4.770986080169678,5.8966607129134765,10.333759307861328
4.809537410736084,5.975421356702489,10.406038284301758
4.800994396209717,5.9558293296889,10.413797378540039
4.752312660217285,5.898151129949839,10.402257919311523
4.785017967224121,5.9743988789684535,10.364887237548828
4.765517234802246,5.922237759456039,10.323539733886719
4.781139850616455,5.980076348542103,10.386987686157227
4.805881500244141,5.989169590374721,10.359704971313477
4.792194366455078,5.956337521950315,10.37559986114502
4.76501989364624,5.880026737560652,10.339971542358398
4.786654472351074,5.934740724407935,10.353448867797852
4.778380870819092,5.976137021456712,10.367927551269531
4.768556594848633,5.939709416590631,10.343233108520508
4.7890448570251465,5.948837641360504,10.383087158203125
4.7748565673828125,5.954437882839038,10.3048734664917
4.7574591636657715,5.914275408190276,10.333930015563965
4.756912708282471,5.928525885001624,10.326417922973633
4.744683742523193,5.931209768467982,10.385685920715332
4.814016819000244,5.923243624623864,10.35200309753418
4.763689994812012,5.8717303900713365,10.345090866088867
4.774932861328125,5.9401560411123295,10.281837463378906
4.745048522949219,5.973792562327747,10.377096176147461
4.774757385253906,5.931989554748205,10.38355541229248
4.729321479797363,5.933182919497734,10.352481842041016
4.7340898513793945,5.916181053567146,10.362470626831055
4.738809108734131,5.946276975928672,10.328446388244629
4.741064548492432,5.962534490573619,10.397659301757812
4.732014179229736,5.946278421574139,10.34522533416748
4.74185037612915,5.927118681271428,10.41923999786377
4.756740570068359,5.957203206207071,10.326661109924316
4.737045764923096,5.909766716017787,10.418872833251953
4.7718634605407715,5.871488968076716,10.362260818481445
4.756411552429199,5.936071217126613,10.353715896606445
4.74711799621582,5.927500562309953,10.363092422485352
4.748255729675293,5.870304554468021,10.378725051879883
4.7476935386657715,5.947806677149076,10.333660125732422
4.738208770751953,5.952490813165371,10.394862174987793
4.742481708526611,5.865379509116922,10.37852668762207
4.763436794281006,5.918609912906374,10.337081909179688
4.726396083831787,5.910247346685667,10.362749099731445
4.732250690460205,5.9111059126776775,10.32988166809082
4.7114057540893555,5.869940273230895,10.398260116577148
4.690733909606934,5.893990681140816,10.465449333190918
4.750622749328613,5.931214927363076,10.394784927368164
4.721468448638916,5.951557835697063,10.438333511352539
4.746529579162598,5.926753447690446,10.374284744262695
4.690097808837891,5.877376290670196,10.371783256530762
4.705697536468506,5.9031326878549795,10.392740249633789
4.736564636230469,5.875510840244325,10.365266799926758
4.699418544769287,5.915394670030634,10.413962364196777
4.70299768447876,5.919742514412584,10.430338859558105
4.723511219024658,5.8891108775444865,10.354364395141602
4.699053764343262,5.841131046015238,10.470930099487305
4.702805519104004,5.853441179962829,10.420165061950684
4.725465774536133,5.886863864559148,10.419086456298828
4.751247882843018,5.867916007692526,10.4541654586792
4.735220909118652,5.904881610967485,10.32893180847168
4.665534496307373,5.9027905482798815,10.372945785522461
4.7422075271606445,5.967166675387748,10.369281768798828
4.689591884613037,5.872323662840895,10.369026184082031
4.714515209197998,5.905692035764721,10.401250839233398
4.665124416351318,5.894041046466945,10.362147331237793
4.703081130981445,5.908240465014907,10.376495361328125
4.722574234008789,5.943330232286825,10.379827499389648
4.659088134765625,5.870742616409968,10.400712966918945
4.674859523773193,5.882012633640053,10.345550537109375
4.6975226402282715,5.891824131631958,10.39004898071289
4.685235500335693,5.849110174691305,10.373217582702637
4.678274154663086,5.906956521328539,10.4395112991333
4.696873664855957,5.899963201821914,10.327746391296387
4.69540548324585,5.87728841376624,10.384830474853516
4.710087776184082,5.847472784408766,10.313822746276855
4.666458606719971,5.909371674526483,10.309507369995117
4.679834842681885,5.893610388439681,10.399499893188477
4.6717705726623535,5.903400603149618,10.436201095581055
4.685276985168457,5.899295431827861,10.434661865234375
4.666841983795166,5.886943097392629,10.343037605285645
4.676661014556885,5.905531664179372,10.382817268371582
4.717761039733887,5.8678052653891175,10.385492324829102
4.665624141693115,5.848972373808334,10.352729797363281
4.6929521560668945,5.980446967961534,10.378438949584961
4.63606071472168,5.82104900768692,10.33499813079834
4.66059684753418,5.893096745014191,10.371489524841309
4.688060283660889,5.871105034004098,10.291991233825684
4.665869235992432,5.8803275610054175,10.352641105651855
4.67081356048584,5.853658689385546,10.401453971862793
4.671460151672363,5.846955626072096,10.399005889892578
4.644008636474609,5.88000651884691,10.358293533325195
4.631751537322998,5.899376033306389,10.34280014038086
4.6512603759765625,5.9251567984132905,10.396321296691895
4.694921970367432,5.856091335216271,10.414369583129883
4.644113063812256,5.8993809502904435,10.45352554321289
4.658603668212891,5.835756449161896,10.426685333251953
4.604122638702393,5.873946866087084,10.429258346557617
4.61797571182251,5.827273440281195,10.400154113769531
4.631317615509033,5.860866253929478,10.416624069213867
4.6619157791137695,5.839571333124436,10.375675201416016
4.622875213623047,5.823996694791796,10.45053482055664
4.623666763305664,5.836997339601762,10.333582878112793
4.664478778839111,5.880571617378986,10.318666458129883
4.654112339019775,5.909049676997322,10.401988983154297
4.679937839508057,5.884749874905018,10.425029754638672
4.6221466064453125,5.827821053564548,10.298835754394531
4.571322917938232,5.890100550571723,10.408613204956055
4.642318248748779,5.884294375211798,10.310995101928711
4.61244010925293,5.8863396954589655,10.349568367004395
4.656397342681885,5.895628190100459,10.422593116760254
4.6676154136657715,5.901066509208509,10.413251876831055
4.622896194458008,5.836476953899754,10.30594253540039
4.636102199554443,5.84886190594573,10.384305953979492
4.587778568267822,5.810580793535337,10.395135879516602
4.64008903503418,5.926536436092906,10.354133605957031
4.606500148773193,5.888346520119479,10.419171333312988
4.6208815574646,5.927798486547545,10.360579490661621
4.637042999267578,5.850363137499828,10.35041618347168
4.639838695526123,5.832086695757296,10.351869583129883
4.644506931304932,5.894168390593092,10.363000869750977
4.608795166015625,5.877803830030772,10.30938720703125
4.616801738739014,5.875374419115751,10.453374862670898
4.601943492889404,5.863354663131759,10.340259552001953
4.596851348876953,5.80811087670736,10.403643608093262
4.592257499694824,5.8207111388245325,10.283915519714355
4.637667655944824,5.853817437409557,10.371193885803223
4.584444522857666,5.94563852513342,10.39090347290039
4.560428142547607,5.8359700477615535,10.402033805847168
4.600467681884766,5.838458964967036,10.36816692352295
4.643923282623291,5.849461855267042,10.41642951965332
4.609457492828369,5.908046275477059,10.365129470825195
4.606110095977783,5.867566073679232,10.397455215454102
4.593426704406738,5.862687998551077,10.39867877960205
4.61292028427124,5.859390211424658,10.288346290588379
4.601360321044922,5.873660283861682,10.325780868530273
4.5846357345581055,5.787212398967572,10.36490249633789
4.574231147766113,5.916342645584207,10.369115829467773
4.605523586273193,5.831857673225127,10.44005012512207
4.612851142883301,5.866539364081941,10.3811616897583
4.618094444274902,5.836123332747126,10.337225914001465
4.598345756530762,5.849098753084296,10.353046417236328
4.582711696624756,5.863960057696594,10.427227020263672
4.560069561004639,5.839845433731431,10.370427131652832
4.580620288848877,5.848882002689477,10.390869140625
4.572654724121094,5.823863880143368,10.422938346862793
4.596966743469238,5.8291546416668485,10.43540096282959
4.578003406524658,5.875517032375294,10.432711601257324
4.602748870849609,5.817101883768503,10.389841079711914
4.602895259857178,5.82202399671743,10.438220977783203
4.596228122711182,5.880889783646646,10.308090209960938
4.6001691818237305,5.864021761608975,10.34095573425293
4.5915398597717285,5.8603889721645315,10.396135330200195
4.587677001953125,5.918713069820244,10.358981132507324
4.584009170532227,5.820496958946543,10.379586219787598
4.566113471984863,5.814456541723173,10.382987976074219
4.547548294067383,5.812649284689023,10.302101135253906
4.528055667877197,5.81963770404192,10.367000579833984
4.571894645690918,5.841719011809411,10.34014892578125
4.518123626708984,5.796847742183932,10.370735168457031
4.5973944664001465,5.871251362276131,10.357423782348633
4.61000394821167,5.874651180713304,10.298139572143555
4.587795257568359,5.8152881613599945,10.389410018920898
4.595216274261475,5.832627630360158,10.40772819519043
4.534548282623291,5.796873326014195,10.345199584960938
4.535346984863281,5.804914718260989,10.326663970947266
4.545916557312012,5.868940760481305,10.372180938720703
4.552373886108398,5.837837156240962,10.34858226776123
4.543876647949219,5.79600656837491,10.427921295166016
4.56981086730957,5.812626234954222,10.354677200317383
4.541225910186768,5.819775140312101,10.354655265808105
4.51416015625,5.813244603141876,10.418831825256348
4.542429447174072,5.857936660692628,10.391172409057617
4.555343151092529,5.818578292715496,10.386991500854492
4.5667009353637695,5.82636307293017,10.36856746673584
4.54706335067749,5.842104513763583,10.3829345703125
4.527521133422852,5.799335119613846,10.446786880493164
4.515097141265869,5.811529511851925,10.4052152633667
4.549014091491699,5.869507767526166,10.334026336669922
4.5083160400390625,5.79630687806223,10.386042594909668
4.550365447998047,5.851133311699543,10.423665046691895
4.554234027862549,5.847277433644713,10.398609161376953
4.539988040924072,5.821836947230622,10.4210205078125
4.528532028198242,5.837996314712135,10.354657173156738
4.516773700714111,5.761555896772603,10.481952667236328
4.511594295501709,5.810654073354921,10.375978469848633
4.503139972686768,5.8549462128430605,10.430567741394043
4.562594413757324,5.7698851810834775,10.407878875732422
4.553410530090332,5.7844906963873655,10.383199691772461
4.555995941162109,5.7950809550405085,10.387849807739258
4.567776203155518,5.804529180151544,10.437263488769531
4.578280448913574,5.785178574899743,10.372241973876953
4.508333206176758,5.7727367142547985,10.299342155456543
4.558772563934326,5.802494245847421,10.366427421569824
4.498611927032471,5.7820799810412735,10.376340866088867
4.483824729919434,5.80431002514836,10.371757507324219
4.522726058959961,5.827021874287831,10.415260314941406
4.512566566467285,5.808598172850907,10.42598819732666
4.522688388824463,5.802454389864579,10.357114791870117
4.513116836547852,5.804169928621767,10.369256973266602
4.500587463378906,5.801531544919791,10.378127098083496
4.5221147537231445,5.85412089213995,10.405891418457031
4.484100818634033,5.806541464125205,10.360869407653809
4.5259809494018555,5.788739016213055,10.305703163146973
4.480870723724365,5.748446450003289,10.448974609375
4.485001087188721,5.788173593846814,10.386451721191406
4.492642879486084,5.798828334148441,10.383625030517578
4.463710308074951,5.7803938405787845,10.35923957824707
4.5209641456604,5.855409051225122,10.447275161743164
4.470125675201416,5.796761662632759,10.416529655456543
4.502630233764648,5.773572302589725,10.29963493347168
4.4859771728515625,5.799119949806482,10.350743293762207
4.480026721954346,5.812983518932014,10.437051773071289
4.487162113189697,5.795329606193783,10.34766960144043
4.471400260925293,5.818017075436988,10.462381362915039
4.488004207611084,5.783930742082053,10.382867813110352
4.476999759674072,5.800386451218011,10.414575576782227
4.529134273529053,5.845396010770595,10.373796463012695
4.5202531814575195,5.794521305843123,10.4000244140625
4.486781597137451,5.8226568392211835,10.420631408691406
4.471310615539551,5.7858948703921795,10.36406135559082
4.492484092712402,5.83690531445401,10.411003112792969
4.448812007904053,5.774877551111525,10.45457935333252
4.479565143585205,5.772740112318258,10.432592391967773
4.470362186431885,5.744159305601248,10.377514839172363
4.481460094451904,5.758118029051859,10.390223503112793
4.543594837188721,5.827043517326405,10.38487434387207
4.483320713043213,5.836437905174015,10.332180976867676
4.448826313018799,5.808137186536832,10.381628036499023
4.494770526885986,5.807520565510329,10.321977615356445
4.486682415008545,5.7960992756831855,10.39958381652832
4.523616313934326,5.807353014325989,10.425698280334473
4.452726364135742,5.789705039334616,10.364906311035156
4.468239784240723,5.822334798385522,10.363181114196777
4.4331560134887695,5.826206396666489,10.357614517211914
4.493990421295166,5.819356020839352,10.42849349975586
4.5057373046875,5.806004923236157,10.417637825012207
4.469152450561523,5.816337141042043,10.35806655883789
4.454488277435303,5.74458306026645,10.380964279174805
4.498673439025879,5.8526462958793015,10.404458045959473
4.421790599822998,5.788365701712402,10.34107494354248
4.482783794403076,5.863361499272286,10.433751106262207
4.444304466247559,5.77346292540564,10.336457252502441
4.475674152374268,5.786681722350685,10.337294578552246
4.435400485992432,5.778839044572254,10.413091659545898
4.444469451904297,5.75382172562448,10.39952564239502
4.458540439605713,5.804447627327005,10.381462097167969
4.478662490844727,5.786465548943462,10.348116874694824
4.456418991088867,5.791795798677153,10.376548767089844
4.464675426483154,5.849266472405621,10.37135124206543
4.411887168884277,5.781192101438396,10.392831802368164
4.440980911254883,5.764674533324849,10.36783218383789
4.431912422180176,5.767664789222182,10.339910507202148
4.450822830200195,5.768130840733647,10.363805770874023
4.43356990814209,5.778226464986801,10.422342300415039
4.429680824279785,5.777898392673316,10.410637855529785
4.426949977874756,5.776714804715344,10.39067268371582
4.449218273162842,5.737849580523159,10.468450546264648
4.424627304077148,5.783212422260216,10.3468017578125
4.38080358505249,5.7289980157012375,10.347196578979492
4.427741527557373,5.772686258723427,10.409292221069336
4.425584316253662,5.776314271747002,10.465678215026855
4.419460773468018,5.773323743371293,10.34634017944336
4.458627223968506,5.796090056421236,10.337871551513672
4.421141147613525,5.804879831383005,10.370469093322754
4.435203552246094,5.786681178890701,10.420339584350586
4.359710216522217,5.784886442923121,10.374755859375
4.383410930633545,5.71008110119562,10.41162109375
4.422088146209717,5.704912042411576,10.386409759521484
4.445230960845947,5.809827857417986,10.311633110046387
4.421800136566162,5.733213317580521,10.300504684448242
4.402430534362793,5.721290397357994,10.339406967163086
4.420028209686279,5.772851396485098,10.457563400268555
4.403503894805908,5.722393370433046,10.403850555419922
4.3640642166137695,5.747151836885938,10.347936630249023
4.425985813140869,5.781518576101266,10.326711654663086
4.366941452026367,5.773522236983159,10.282683372497559
4.407601356506348,5.734009074180253,10.446148872375488
4.416683673858643,5.69729699580265,10.395220756530762
4.420139789581299,5.758867876304845,10.382156372070312
4.39988374710083,5.76048059209383,10.326543807983398
4.42752742767334,5.761861753084563,10.34603500366211
4.437475204467773,5.7690718840874196,10.353443145751953
4.411991119384766,5.8129569367239515,10.359844207763672
4.396783351898193,5.773384991933459,10.454665184020996
4.397892475128174,5.777706736465916,10.332183837890625
4.384520530700684,5.7617763861614675,10.369802474975586
4.432209014892578,5.784390481388463,10.367795944213867
4.373315811157227,5.750957356732605,10.38138198852539
4.375816822052002,5.762129443730893,10.34450912475586
4.415322780609131,5.769838993437588,10.410022735595703
4.395511150360107,5.803180090550866,10.352331161499023
4.381647109985352,5.770690458826721,10.374176025390625
4.399541854858398,5.740292144573426,10.40662670135498
4.395274639129639,5.792393670883031,10.376992225646973
4.382641315460205,5.787278457311913,10.47220230102539
4.384988784790039,5.7339573217821975,10.378188133239746
4.3256378173828125,5.700020760530606,10.440546989440918
4.375595569610596,5.700363660863201,10.341073989868164
4.39170503616333,5.738008965771379,10.314798355102539
4.383525848388672,5.779880175633091,10.30024528503418
4.376801490783691,5.809891713284222,10.443801879882812
4.379679203033447,5.761152325031747,10.371492385864258
4.384247303009033,5.758600340058495,10.36483383178711
4.390506744384766,5.704143181542999,10.348758697509766
4.351640224456787,5.776147475033732,10.3683500289917
4.392122745513916,5.768517278035038,10.372835159301758
4.356882572174072,5.731188481740122,10.395095825195312
4.403373718261719,5.744374680199794,10.429691314697266
4.388262748718262,5.752861900687484,10.387672424316406
4.344482898712158,5.686286803301689,10.3544921875
4.390153408050537,5.741363259963691,10.373499870300293
4.422434329986572,5.791355912606897,10.374204635620117
4.38999080657959,5.725551552139222,10.392029762268066
4.346127033233643,5.762180990672538,10.359701156616211
4.4290032386779785,5.736932520255713,10.422776222229004
4.367025375366211,5.737187819488878,10.448054313659668
4.360509872436523,5.706043166075168,10.32962417602539
4.329028606414795,5.764362763646724,10.353681564331055
4.354741096496582,5.768522929167375,10.287041664123535
4.350581645965576,5.723415681094463,10.350318908691406
4.353689670562744,5.713837379755985,10.35776138305664
4.35516357421875,5.719224896747619,10.322047233581543
4.350345611572266,5.706070923312966,10.322599411010742
4.34442138671875,5.736515687412715,10.327213287353516
4.3675408363342285,5.763212561008653,10.377422332763672
4.34840202331543,5.672313021229845,10.28984546661377
4.302660942077637,5.734284170271297,10.33224105834961
4.359793663024902,5.77912363629522,10.344975471496582
4.319935321807861,5.747324612856444,10.416316986083984
4.378828048706055,5.713813459467409,10.4053955078125
4.314630508422852,5.6852380817290395,10.481597900390625
4.316493511199951,5.721012022512566,10.366942405700684
4.330262184143066,5.744325857443203,10.408099174499512
4.315870761871338,5.6839045231297085,10.343168258666992
4.350455284118652,5.712436401551323,10.38618278503418
4.345393657684326,5.695250139904341,10.413236618041992
4.35054874420166,5.770370651734993,10.33215045928955
4.320104598999023,5.7588630157655905,10.381890296936035
4.3106889724731445,5.704085609143866,10.344836235046387
4.3236308097839355,5.7399421665551404,10.362603187561035
4.293571949005127,5.699530861473509,10.44161319732666
4.343624114990234,5.696600897869628,10.387999534606934
4.300727844238281,5.652053752049271,10.375327110290527
4.332413673400879,5.725572647659907,10.350682258605957
4.31720495223999,5.729624390302758,10.471553802490234
4.3218841552734375,5.710656327927219,10.361812591552734
4.297255516052246,5.687424228460129,10.399011611938477
4.346974849700928,5.731561049220285,10.42236614227295
4.3349289894104,5.727266081874924,10.401877403259277
4.3322834968566895,5.743164116915848,10.444194793701172
4.269514083862305,5.749877935075866,10.401712417602539
4.29072904586792,5.719976366763668,10.370372772216797
4.303412437438965,5.7245323400212715,10.448958396911621
4.317920207977295,5.716382565874873,10.412542343139648
4.2957234382629395,5.734921415037077,10.346756935119629
4.346726417541504,5.711961079156026,10.398392677307129
4.323493003845215,5.725069900010047,10.345078468322754
4.304128170013428,5.702196393095489,10.376920700073242
4.279235363006592,5.660617031256801,10.381377220153809
4.269596099853516,5.69105196624462,10.36705493927002
4.299447059631348,5.702436427452735,10.392854690551758
4.236807823181152,5.681216678016686,10.457941055297852
4.311068534851074,5.719017910371934,10.403656005859375
4.286269187927246,5.74618611900535,10.410183906555176
4.291354179382324,5.651624979617606,10.44560718536377
4.300500869750977,5.717644390483787,10.342455863952637
4.308988094329834,5.731324858597613,10.3482666015625
4.297164440155029,5.663688873905422,10.42845344543457
4.301759719848633,5.658773570820423,10.340413093566895
4.249224662780762,5.7001815780531615,10.373331069946289
4.258915901184082,5.6887089691257895,10.406068801879883
4.276035308837891,5.618831198895351,10.374189376831055
4.260840892791748,5.6773622366267125,10.41285514831543
4.3433518409729,5.735610801892887,10.388833045959473
4.274011611938477,5.649977112887428,10.36445426940918
4.221960067749023,5.654072321153112,10.381888389587402
4.262922286987305,5.734574123385495,10.427372932434082
4.328367233276367,5.71381861347306,10.325567245483398
4.2231574058532715,5.695504756211969,10.412801742553711
4.283069610595703,5.6837024355107655,10.288697242736816
4.273720741271973,5.65381564276426,10.360544204711914
4.303927898406982,5.64712522784248,10.269775390625
4.276193618774414,5.698404116190171,10.335384368896484
4.279965400695801,5.688359679787287,10.348982810974121
4.302929401397705,5.675450760970956,10.351311683654785
4.271851539611816,5.747139473412453,10.427984237670898
4.271734714508057,5.6637295203483,10.382769584655762
4.260149955749512,5.67888047080487,10.362504959106445
4.264524936676025,5.66486694071708,10.331714630126953
4.298854827880859,5.732007063459605,10.369678497314453
4.227044105529785,5.675062573747709,10.416548728942871
4.25650691986084,5.685494057368486,10.346171379089355
4.266046524047852,5.687411048383052,10.404993057250977
4.236082553863525,5.646230474347249,10.308381080627441
4.259114742279053,5.647750174793016,10.419717788696289
4.208073139190674,5.7159213114729415,10.332426071166992
4.252943992614746,5.666312359672572,10.29371452331543
4.24133825302124,5.6806263917990565,10.354782104492188
4.249722957611084,5.642177012117048,10.39454174041748
4.304960250854492,5.7423009454339216,10.433969497680664
4.2430949211120605,5.635863722268757,10.402790069580078
4.266473293304443,5.661000760006053,10.384488105773926
4.267142295837402,5.695480729286958,10.373671531677246
4.284243106842041,5.762628499485021,10.45118522644043
4.248742580413818,5.6547510122015545,10.393608093261719
4.236673355102539,5.621770323087861,10.274450302124023
4.21840238571167,5.681768747878127,10.439247131347656
4.251191139221191,5.6796876389333715,10.324484825134277
4.208273410797119,5.643676757546407,10.40102767944336
4.1935319900512695,5.69874083513527,10.434576988220215
4.256923198699951,5.705732351701174,10.392386436462402
4.194211959838867,5.597408398852817,10.326828956604004
4.213418960571289,5.666641731912802,10.384726524353027
4.237819671630859,5.668070451888655,10.413240432739258
4.2611846923828125,5.704237360207896,10.444657325744629
4.205580711364746,5.619852869571853,10.315394401550293
4.234017848968506,5.6360857675317675,10.368268966674805
4.230495452880859,5.646583548913311,10.338159561157227
4.217349529266357,5.6688138888483595,10.369396209716797
4.217551231384277,5.6212812238705485,10.383418083190918
4.2415876388549805,5.706517651011902,10.371274948120117
4.236635684967041,5.648838176125927,10.329620361328125
4.244627952575684,5.61430442456289,10.401763916015625
4.232005596160889,5.668085862084159,10.31085205078125
4.219080448150635,5.668635966788445,10.350909233093262
4.241884231567383,5.742174343505342,10.321516990661621
4.209990978240967,5.6182689032450845,10.3192720413208
4.257163047790527,5.632181163744203,10.388306617736816
4.212018966674805,5.640831432704415,10.413520812988281
4.23398494720459,5.689632340600447,10.335671424865723
4.247812271118164,5.644599107626294,10.397708892822266
4.19493293762207,5.660453856590071,10.342494010925293
4.204085350036621,5.636704542906955,10.413683891296387
4.266640663146973,5.673068073977317,10.412306785583496
4.223435401916504,5.707658878128443,10.337872505187988
4.200204849243164,5.619220785497288,10.324621200561523
4.184007167816162,5.610328092871766,10.49477767944336
4.2094645500183105,5.642124253059072,10.402530670166016
4.218337535858154,5.646833064633288,10.421323776245117
4.1879401206970215,5.7022548054478,10.50072956085205
4.232673168182373,5.730215966834553,10.36874008178711
4.202144622802734,5.684409585515303,10.40400218963623
4.191291332244873,5.688003415907068,10.33858871459961
4.210824966430664,5.647738595892276,10.427591323852539
4.124096870422363,5.677649212136333,10.320951461791992
4.218549728393555,5.626743439418663,10.42082405090332
4.207789421081543,5.684646557118477,10.425431251525879
4.196872234344482,5.689835478984086,10.410100936889648
4.181642055511475,5.657387797521161,10.265559196472168
4.197788238525391,5.629782050681699,10.439610481262207
4.203868389129639,5.664221616428612,10.419974327087402
4.148360729217529,5.7281293198798915,10.270570755004883
4.191981315612793,5.676914035076542,10.353306770324707
4.180823802947998,5.549696933245286,10.32127571105957
4.166891574859619,5.685337215229603,10.347308158874512
4.107998847961426,5.5959747425679645,10.402786254882812
4.178471088409424,5.648100317289521,10.331559181213379
4.182714939117432,5.612012827269999,10.326506614685059
4.170167922973633,5.641992140162204,10.37418270111084
4.152896881103516,5.679208581069751,10.328944206237793
4.186563491821289,5.653189754379646,10.354753494262695
4.143710613250732,5.666418554294588,10.410518646240234
4.167192459106445,5.603787133869315,10.469744682312012
4.170649528503418,5.665138737730948,10.313125610351562
4.167639255523682,5.562802150512912,10.403783798217773
4.140908718109131,5.660174476847584,10.426399230957031
4.136500835418701,5.71452871290967,10.39162826538086
4.157974720001221,5.667235208941357,10.393796920776367
4.164543628692627,5.656505771679804,10.374602317810059
4.143680572509766,5.6268657905914425,10.362231254577637
4.139150619506836,5.628398570963847,10.344239234924316
4.110485076904297,5.5923981071516335,10.366453170776367
4.183927059173584,5.666801753287603,10.352224349975586
4.130011558532715,5.6152071680740585,10.430171012878418
4.1673994064331055,5.64118662898961,10.39098072052002
4.128720760345459,5.598491449241659,10.46849250793457
4.147876262664795,5.634487948646504,10.32952880859375
4.173028469085693,5.696718543269006,10.374052047729492
4.163272857666016,5.679444619654013,10.37533950805664
4.158303260803223,5.612392075858743,10.392045021057129
4.146291255950928,5.598726481398834,10.350934982299805
4.092166423797607,5.614111941873229,10.33623218536377
4.12455940246582,5.6336347398215105,10.41951847076416
4.098362922668457,5.6075932382872065,10.396621704101562
4.200345993041992,5.654381395483922,10.398622512817383
4.077678203582764,5.584842208174191,10.31828498840332
4.176269054412842,5.693608181950236,10.392801284790039
4.115335941314697,5.646696766040154,10.32166576385498
4.103723049163818,5.6217369944788524,10.340330123901367
4.151119709014893,5.62711923988536,10.365019798278809
4.124985694885254,5.630274291449625,10.378002166748047
4.110122203826904,5.573848930952538,10.354066848754883
4.118858814239502,5.610848978960089,10.385986328125
4.156691074371338,5.599512620463169,10.438888549804688
4.13011360168457,5.706486924052505,10.305841445922852
4.139525413513184,5.690090950844543,10.308598518371582
4.138247013092041,5.651472447007628,10.337301254272461
4.1051411628723145,5.641009928758389,10.511771202087402
4.125580787658691,5.572731996121417,10.37822151184082
4.100362300872803,5.612444020774482,10.353224754333496
4.113924980163574,5.597036980824279,10.399784088134766
4.153201580047607,5.6494016921081185,10.431635856628418
4.126195430755615,5.639854582824877,10.367578506469727
4.090522289276123,5.544744866068608,10.368528366088867
4.0880913734436035,5.655461747831266,10.386201858520508
4.071682453155518,5.652580471975463,10.427026748657227
4.126357078552246,5.587519532435441,10.335408210754395
4.145374774932861,5.657199788871886,10.368505477905273
4.125286102294922,5.629259004390665,10.409393310546875
4.080958366394043,5.647035666741431,10.376094818115234
4.147311687469482,5.638913270019527,10.424068450927734
4.118353843688965,5.651186455939231,10.340087890625
4.099477767944336,5.618674760784156,10.400348663330078
4.115402698516846,5.623731019640608,10.416055679321289
4.058088779449463,5.600195328372398,10.434616088867188
4.120487213134766,5.59438079818418,10.406295776367188
4.10427188873291,5.61592763000434,10.346689224243164
4.024055480957031,5.599446372860776,10.33730697631836
4.071872234344482,5.629384819251884,10.36926555633545
4.145056247711182,5.639712647867523,10.38296127319336
4.136777400970459,5.642892019690148,10.308786392211914
4.08408784866333,5.587050676611916,10.376958847045898
4.10986852645874,5.667716650691416,10.364320755004883
4.044246196746826,5.549725704260969,10.369231224060059
4.077060699462891,5.597190661189546,10.408060073852539
4.130934238433838,5.608064869518525,10.50555419921875
4.128178596496582,5.641932895972527,10.38968276977539
4.051548480987549,5.584986535133794,10.456562995910645
4.100059986114502,5.590691845597966,10.369362831115723
4.083061218261719,5.546903841330536,10.369071960449219
4.147787570953369,5.626641770858051,10.349851608276367
4.128296852111816,5.592906831431069,10.386749267578125
4.057241916656494,5.607579471510169,10.419046401977539
4.072314262390137,5.6091103184901705,10.251869201660156
4.066357612609863,5.5498328525573015,10.29234504699707
4.067207336425781,5.619494056861315,10.473627090454102
4.085376739501953,5.635535056569747,10.42681884765625
4.057136058807373,5.615620498412421,10.270489692687988
4.1120781898498535,5.64149078148018,10.428051948547363
4.039853572845459,5.540814674758751,10.366503715515137
4.03646993637085,5.567915510951674,10.404008865356445
4.084041118621826,5.611455047935514,10.36741828918457
4.057349681854248,5.590339903453631,10.330094337463379
4.09185266494751,5.587244318764923,10.39395523071289
4.129554271697998,5.643098048233826,10.471147537231445
4.093784809112549,5.594998427600201,10.384729385375977
4.024346351623535,5.563119426469451,10.424566268920898
4.034790992736816,5.549516917805054,10.43731689453125
4.059851169586182,5.576071658637375,10.308929443359375
4.046985626220703,5.537196941939847,10.44832706451416
4.039800643920898,5.534764047146641,10.362418174743652
4.060800552368164,5.638662833021955,10.322758674621582
4.024582862854004,5.561889233200678,10.372931480407715
4.027787208557129,5.5584481754672845,10.328845024108887
4.043311595916748,5.611633741596181,10.301212310791016
4.068264961242676,5.566934564782839,10.440251350402832
4.069911479949951,5.617115708334105,10.301612854003906
4.05631160736084,5.581494075944648,10.39478874206543
4.0296406745910645,5.56384354606936,10.403677940368652
4.066494464874268,5.630764957284555,10.444717407226562
4.032114505767822,5.564189639175311,10.311604499816895
4.006719589233398,5.6121036360106835,10.340291976928711
4.080260753631592,5.579177559686026,10.391639709472656
4.043417453765869,5.574266143043392,10.380966186523438
4.025018215179443,5.55418063104818,10.361628532409668
4.040319919586182,5.58142720698379,10.35322093963623
4.009715557098389,5.56747021762255,10.26148796081543
4.019617080688477,5.526259234674009,10.41757583618164
4.006524085998535,5.543303498765453,10.365838050842285
4.034984111785889,5.566036458426555,10.403765678405762
4.074254989624023,5.576963239449209,10.43421745300293
4.027678966522217,5.575198678333047,10.493827819824219
4.028496265411377,5.5869183247642855,10.3939790725708
3.9887192249298096,5.542433427912849,10.355627059936523
4.040536403656006,5.615201699314639,10.438514709472656
4.034027099609375,5.538637281561803,10.4261474609375
4.024683952331543,5.54010019477989,10.37452507019043
4.032688617706299,5.577073515525886,10.394779205322266
4.043654441833496,5.518059643118509,10.287126541137695
4.056820869445801,5.546721728219252,10.386189460754395
4.029520034790039,5.593486592140314,10.337796211242676
4.069051265716553,5.590175925521181,10.39879322052002
3.9848501682281494,5.563508603987949,10.346424102783203
4.006937503814697,5.573755692524303,10.413527488708496
4.005244255065918,5.57472435544644,10.418401718139648
4.048948764801025,5.59306031961127,10.381267547607422
3.977466583251953,5.554111405475332,10.39016342163086
4.018438339233398,5.551318150545869,10.42074203491211
4.0027971267700195,5.541312010859007,10.369585037231445
4.0304341316223145,5.636060408050461,10.338287353515625
4.010889053344727,5.592771982042384,10.36854362487793
3.986234664916992,5.515502598302971,10.324904441833496
4.023593425750732,5.5968525529439965,10.376856803894043
4.007955074310303,5.56040913252426,10.321194648742676
4.0351667404174805,5.568374707862469,10.338201522827148
4.045536994934082,5.591554677479767,10.442678451538086
3.9548068046569824,5.508398133695923,10.354793548583984
3.975555181503296,5.5716789895668635,10.418681144714355
3.9510726928710938,5.517355540301651,10.380228042602539
3.9608652591705322,5.509008473251014,10.335681915283203
3.9911928176879883,5.551172762477239,10.311271667480469
3.9771225452423096,5.524598492808375,10.345860481262207
4.021723747253418,5.560089526332116,10.3613920211792
3.9814565181732178,5.516181882071708,10.36840534210205
3.9711813926696777,5.573968397985611,10.35013198852539
3.9695708751678467,5.5954010030587344,10.382295608520508
4.005032539367676,5.58593607155074,10.412753105163574
3.9743096828460693,5.520777101695005,10.345832824707031
3.964618444442749,5.506176861867841,10.351672172546387
4.020566463470459,5.552256348077207,10.376313209533691
3.960150957107544,5.59522169765218,10.383339881896973
3.9964311122894287,5.51974219017263,10.341020584106445
3.958317756652832,5.566756208460513,10.34012508392334
3.989346742630005,5.517959527804384,10.414082527160645
3.996955633163452,5.658052558511761,10.43865966796875
3.9899184703826904,5.5358348053414375,10.353851318359375
3.9956917762756348,5.555892067429211,10.451719284057617
3.955251693725586,5.535830645422851,10.40662956237793
3.9526305198669434,5.569696417477514,10.384211540222168
3.962523937225342,5.520619018502267,10.405731201171875
4.003269195556641,5.563387693903808,10.320101737976074
3.9651145935058594,5.519962116344167,10.340973854064941
3.934039354324341,5.602161275555513,10.374622344970703
3.9722774028778076,5.503975238484729,10.37032699584961
3.9777956008911133,5.567401674376534,10.413021087646484
4.002048969268799,5.513254904786923,10.342062950134277
3.9613518714904785,5.582219655625523,10.366805076599121
3.9659457206726074,5.538773573735463,10.39676284790039
3.9734814167022705,5.56394635297225,10.280693054199219
3.9693052768707275,5.50805196984272,10.345760345458984
3.952913284301758,5.561812793969044,10.35244083404541
3.958775758743286,5.632082979993097,10.375588417053223
3.9618003368377686,5.527654015492382,10.3503999710083
3.974398374557495,5.572823026383828,10.38416862487793
3.9384961128234863,5.547023062427928,10.40528678894043
3.962123155593872,5.563783577244197,10.32466983795166
3.937016010284424,5.522196581653719,10.43026351928711
3.958059549331665,5.554080359970352,10.405060768127441
3.943061113357544,5.502951643629266,10.340381622314453
3.8926970958709717,5.543696775267432,10.38242244720459
3.979673385620117,5.5561567596159875,10.436683654785156
3.9482452869415283,5.505159001165469,10.30084228515625
3.963883399963379,5.581940578562872,10.436436653137207
3.8851711750030518,5.547020585509017,10.352128982543945
3.955422878265381,5.528425479806693,10.358856201171875
3.9775118827819824,5.493188243226281,10.362264633178711
3.941946029663086,5.569129872900834,10.448522567749023
3.897874593734741,5.555701199253756,10.348833084106445
3.9223055839538574,5.50673174392432,10.360455513000488
3.941054105758667,5.541361466549071,10.383429527282715
3.913309335708618,5.523174801907901,10.368295669555664
3.9586241245269775,5.533075518473717,10.467707633972168
3.91750431060791,5.514671031551967,10.426531791687012
3.93908429145813,5.525155316971774,10.344217300415039
3.8962807655334473,5.488881227892957,10.420368194580078
3.9288744926452637,5.523483613007038,10.336132049560547
3.9191665649414062,5.548551661561111,10.447822570800781
3.8755292892456055,5.4847380705177775,10.3143310546875
3.862396478652954,5.485541816235386,10.391942024230957
3.945486307144165,5.505597218305671,10.387541770935059
3.950213670730591,5.516587378423927,10.398164749145508
3.9673373699188232,5.556901839328931,10.320206642150879
3.9590907096862793,5.484156091098806,10.354913711547852
3.8708951473236084,5.521114748436958,10.367667198181152
3.945906639099121,5.5308240623479445,10.367989540100098
3.9371273517608643,5.5557306758793334,10.370238304138184
3.950944185256958,5.523775833026905,10.39244270324707
3.8523807525634766,5.488364242815545,10.359518051147461
3.9118237495422363,5.607203851753314,10.419450759887695
3.9128427505493164,5.5284709615433325,10.378152847290039
3.924574851989746,5.4375561136818895,10.419742584228516
3.8745059967041016,5.55837870079891,10.308021545410156
3.901252508163452,5.520500932554049,10.414947509765625
3.899624824523926,5.5369708033810765,10.302067756652832
3.946934461593628,5.483706812806694,10.457008361816406
3.888075828552246,5.543369118257293,10.38542652130127
3.889848470687866,5.492626301179241,10.383895874023438
3.913456678390503,5.572066194677193,10.399754524230957
3.8505265712738037,5.479829678810868,10.377098083496094
3.9019672870635986,5.530148355423339,10.303988456726074
3.9347705841064453,5.463799168289239,10.376801490783691
3.9264767169952393,5.560777288828311,10.402525901794434
3.862377405166626,5.480018028989434,10.330501556396484
3.8901684284210205,5.4956500816957226,10.405153274536133
3.902472972869873,5.4712700450992475,10.299181938171387
3.895737409591675,5.543857644844268,10.29350471496582
3.865846633911133,5.4771975052010795,10.411466598510742
3.894498586654663,5.5143193585265955,10.417722702026367
3.9014604091644287,5.4950038932064285,10.334623336791992
3.9347846508026123,5.5304907197797935,10.363899230957031
3.903846263885498,5.475803337558838,10.316561698913574
3.849799633026123,5.509055115947766,10.377735137939453
3.870906114578247,5.471084954017507,10.395662307739258
3.900557279586792,5.5118530916183115,10.375917434692383
3.8863351345062256,5.480003701223593,10.40614128112793
3.9258387088775635,5.503254935444732,10.349740982055664
3.871227502822876,5.5180351364958495,10.36450481414795
3.8883392810821533,5.526925467021231,10.343541145324707
3.8816771507263184,5.510864203662745,10.321513175964355
3.885493516921997,5.484031899433051,10.344686508178711
3.8877503871917725,5.535655512740569,10.348315238952637
3.904871940612793,5.5284269221592695,10.329428672790527
3.8951640129089355,5.572142886230722,10.329244613647461
3.923703670501709,5.565646761995075,10.4408597946167
3.8801467418670654,5.537135045476524,10.431055068969727
3.8654463291168213,5.502552688188318,10.286187171936035
3.893552541732788,5.4880907663942455,10.427570343017578
3.8488821983337402,5.458924374775962,10.397453308105469
3.8603131771087646,5.48782705971306,10.433873176574707
3.891636371612549,5.477502886704834,10.346860885620117
3.8531923294067383,5.513249653857201,10.402203559875488
3.774458169937134,5.393050580052658,10.408323287963867
3.894534111022949,5.4747436746090115,10.2885103225708
3.868875503540039,5.446939496024112,10.340845108032227
3.8373959064483643,5.446250993658655,10.368729591369629
3.8785245418548584,5.540490881805973,10.359529495239258
3.8905515670776367,5.520301773678511,10.383275985717773
3.8396379947662354,5.536104465834797,10.410577774047852
3.8805813789367676,5.536698912802552,10.313114166259766
3.8537778854370117,5.477887190745346,10.474891662597656
3.8420443534851074,5.4844566637517085,10.36421012878418
3.8626010417938232,5.560643582771133,10.353158950805664
3.8358089923858643,5.475383727179309,10.340044021606445
3.859578847885132,5.514600708215896,10.371813774108887
3.84387469291687,5.472023999085649,10.424368858337402
3.873094081878662,5.440207541920245,10.374479293823242
3.84627366065979,5.496487452582057,10.342823028564453
3.824735164642334,5.414188721716137,10.364424705505371
3.8184590339660645,5.516652873052018,10.462632179260254
3.8057758808135986,5.460533258239073,10.3564453125
3.812051773071289,5.5005126467107655,10.331066131591797
3.8014440536499023,5.414767493460593,10.367199897766113
3.860746145248413,5.495723908035351,10.398115158081055
3.831695079803467,5.563902168701004,10.383007049560547
3.841627597808838,5.531283887202984,10.337045669555664
3.8743808269500732,5.479126661616776,10.340150833129883
3.8056070804595947,5.456329524018137,10.375286102294922
3.807619333267212,5.443876120261849,10.370213508605957
3.844320774078369,5.470034711561832,10.394655227661133
3.827695846557617,5.452875424841685,10.390403747558594
3.8514060974121094,5.5362491301992645,10.436203002929688
3.8311991691589355,5.448625137730103,10.23764419555664
3.8487489223480225,5.498206554246801,10.40178108215332
3.840677499771118,5.529055960908798,10.349043846130371
3.8795080184936523,5.473865435292412,10.35542106628418
3.795233964920044,5.499812557262235,10.374395370483398
3.719460964202881,5.458612116718931,10.399580001831055
3.778409004211426,5.433353177171999,10.331761360168457
3.805814266204834,5.469500030690272,10.491456031799316
3.827130079269409,5.497200968209654,10.417354583740234
3.7999987602233887,5.460540637340662,10.314781188964844
3.838834762573242,5.477544539940676,10.383584022521973
3.849313259124756,5.507837487650769,10.387565612792969
3.793517589569092,5.38886862022004,10.386602401733398
3.8181087970733643,5.4578560889099865,10.367437362670898
3.776931047439575,5.41961417679808,10.38208293914795
3.8349268436431885,5.500394795988021,10.362674713134766
3.813845634460449,5.467308739865465,10.359170913696289
3.8286943435668945,5.487614535759868,10.342155456542969
3.847822666168213,5.529281036861773,10.387961387634277
3.7435829639434814,5.411331515227046,10.402886390686035
3.8190808296203613,5.47459362014862,10.399298667907715
3.799525499343872,5.442001106882733,10.339883804321289
3.8473520278930664,5.490422212618536,10.37202262878418
3.8304357528686523,5.427186920074747,10.37708854675293
3.7958459854125977,5.453448904611702,10.35235595703125
3.790264368057251,5.495765722755875,10.265107154846191
3.780346393585205,5.422290356863024,10.365867614746094
3.8255796432495117,5.498187580278941,10.341781616210938
3.7833783626556396,5.427265750410567,10.331255912780762
3.8075149059295654,5.456727584724182,10.428199768066406
3.8300857543945312,5.503691218760131,10.392038345336914
3.8075644969940186,5.487841914141818,10.324167251586914
3.7706990242004395,5.492819256880987,10.307634353637695
3.785400629043579,5.524888160239374,10.430984497070312
3.786134719848633,5.4798414024324815,10.385120391845703
3.816457986831665,5.488040210479604,10.385162353515625
3.801945209503174,5.479162493288251,10.28147029876709
3.7770726680755615,5.469243078026921,10.382501602172852
3.7675528526306152,5.384332335287971,10.395307540893555
3.7968623638153076,5.480997667681159,10.341031074523926
3.7324347496032715,5.457012431263657,10.430822372436523
3.7979767322540283,5.43539606806423,10.390558242797852
3.789252519607544,5.471947221018906,10.368946075439453
3.786475419998169,5.426968409580046,10.447336196899414
3.760511875152588,5.4635987028013915,10.4222412109375
3.738330364227295,5.443928103727687,10.330846786499023
3.7688581943511963,5.437605766945385,10.431096076965332
3.770528554916382,5.441071646354561,10.385799407958984
3.8109822273254395,5.49787257292441,10.377164840698242
3.7441680431365967,5.412868588131719,10.327817916870117
3.790097713470459,5.435164257451627,10.336843490600586
3.731574296951294,5.4778563386561085,10.346445083618164
3.7617475986480713,5.452710253652186,10.353311538696289
3.747143268585205,5.462987334168117,10.38801383972168
3.7413296699523926,5.40755049548378,10.37625503540039
3.724452257156372,5.399009524478711,10.388989448547363
3.820497512817383,5.4363864352594,10.403499603271484
3.766843557357788,5.37904843684685,10.357259750366211
3.7488906383514404,5.474693558943858,10.404754638671875
3.7760252952575684,5.472994345506387,10.370109558105469
3.7661235332489014,5.422724716099245,10.39914321899414
3.7954394817352295,5.402191040039595,10.445508003234863
3.7581491470336914,5.458183758393196,10.328655242919922
3.7760539054870605,5.522631156391331,10.325077056884766
3.8220670223236084,5.489729775747817,10.448453903198242
3.7465505599975586,5.472058888923909,10.352797508239746
3.7170398235321045,5.389938537230981,10.34472942352295
3.760128974914551,5.415680663327554,10.428643226623535
3.7894928455352783,5.405800790725542,10.356963157653809
3.6959218978881836,5.433023205858523,10.389850616455078
3.7696433067321777,5.495189890498295,10.411153793334961
3.739506483078003,5.477405844522374,10.388607025146484
3.7817745208740234,5.465771446204079,10.366622924804688
3.722287654876709,5.346845739687393,10.42367172241211
3.7914180755615234,5.519047691021114,10.355701446533203
3.7785604000091553,5.449373856719051,10.351808547973633
3.7937285900115967,5.4381080630701035,10.411022186279297
3.7321579456329346,5.421248487163601,10.47980785369873
3.7620198726654053,5.549442876496219,10.384263038635254
3.7053534984588623,5.427122676179612,10.401918411254883
3.738332509994507,5.491802151547745,10.294462203979492
3.7331621646881104,5.394515549464683,10.353307723999023
3.70251202583313,5.424404732151224,10.383298873901367
3.665651321411133,5.378896514685558,10.316272735595703
3.7910959720611572,5.4153097980389635,10.401816368103027
3.754364490509033,5.48716180984463,10.351948738098145
3.712632417678833,5.386423394749206,10.446991920471191
3.7314705848693848,5.432212556945161,10.350648880004883
3.6893534660339355,5.438512030855885,10.367486000061035
3.7326037883758545,5.4320738550741225,10.3750638961792
3.7340099811553955,5.390486516856722,10.38621997833252
3.755427837371826,5.4829332813221425,10.410514831542969
3.7768425941467285,5.539291959788118,10.43912410736084
3.693643093109131,5.447887007080551,10.342605590820312
3.718980550765991,5.403366502906595,10.323453903198242
3.6931354999542236,5.405452663976965,10.382711410522461
3.6958508491516113,5.37009583523364,10.356413841247559
3.6882805824279785,5.42512499361432,10.376402854919434
3.7292065620422363,5.408310154719012,10.338597297668457
3.663569450378418,5.391659911189761,10.289487838745117
3.708508014678955,5.4325125845415245,10.417669296264648
3.6400094032287598,5.386409571660416,10.367483139038086
3.6948132514953613,5.36802886932024,10.346242904663086
3.7039437294006348,5.44458489502514,10.419543266296387
3.6815853118896484,5.434509664141972,10.42140007019043
3.695159912109375,5.415164637412611,10.387285232543945
3.62247371673584,5.370148700029989,10.33750057220459
3.6967086791992188,5.436996929879699,10.373987197875977
3.706705331802368,5.492560225738479,10.279582977294922
3.732099771499634,5.3555666583789785,10.414205551147461
3.710422992706299,5.441057179622086,10.390630722045898
3.718169927597046,5.424752643398408,10.424906730651855
3.6865627765655518,5.4834490467993815,10.392925262451172
3.7179129123687744,5.414814583857411,10.441620826721191
3.7094032764434814,5.455809407268784,10.393946647644043
3.686758041381836,5.4015017012134185,10.36452579498291
3.6537976264953613,5.4269495705209145,10.40075969696045
3.7107181549072266,5.407484505724693,10.36474609375
3.699418067932129,5.419859560771978,10.425175666809082
3.6738390922546387,5.448962201231292,10.326485633850098
3.6123151779174805,5.406769703774313,10.412830352783203
3.7071335315704346,5.453378449892625,10.39246940612793
3.7293825149536133,5.471018519917769,10.387038230895996
3.7514584064483643,5.461339044684013,10.3519287109375
3.7017550468444824,5.38687568763271,10.414236068725586
3.647378921508789,5.346747974831878,10.420994758605957
3.6413803100585938,5.437225543328427,10.312408447265625
3.706345319747925,5.3883471466002195,10.447280883789062
3.707383871078491,5.431202679107497,10.420835494995117
3.6272013187408447,5.408932329920519,10.42137622833252
3.7288148403167725,5.470818178861269,10.325846672058105
3.6197428703308105,5.365371639673997,10.326248168945312
3.7252533435821533,5.4049021177592556,10.364294052124023
3.6907567977905273,5.367381356789598,10.363847732543945
3.6714375019073486,5.388578712208464,10.425880432128906
3.7085280418395996,5.408517365842792,10.424108505249023
3.643584966659546,5.36209757918758,10.35476016998291
3.7308757305145264,5.463088669647862,10.41524887084961
3.661764621734619,5.411878824466839,10.345566749572754
3.6975491046905518,5.388231503477852,10.371671676635742
3.577310800552368,5.374666527013428,10.385601043701172
3.701791763305664,5.369715490079086,10.355376243591309
3.685157299041748,5.441143331517067,10.3292818069458
3.6863858699798584,5.427026517423136,10.416635513305664
3.660322666168213,5.387112926658509,10.37572956085205
3.6752052307128906,5.466827577146302,10.439107894897461
3.63690447807312,5.41758387941601,10.395954132080078
3.6469473838806152,5.387370499516171,10.365384101867676
3.6454274654388428,5.379552483991055,10.380614280700684
3.702200174331665,5.303954425267876,10.388596534729004
3.646493434906006,5.353566384774499,10.273158073425293
3.6834611892700195,5.421010395245893,10.422942161560059
3.677086591720581,5.425095904984379,10.372198104858398
3.612299680709839,5.332559439220598,10.320133209228516
3.6271424293518066,5.420444972147899,10.380908966064453
3.70247483253479,5.345952446539221,10.333736419677734
3.629821300506592,5.367878085368179,10.395694732666016
3.6039998531341553,5.4117073427686195,10.386444091796875
3.586449384689331,5.335037212818861,10.303266525268555
3.6500866413116455,5.390383147534781,10.380105972290039
3.60634183883667,5.362145500058042,10.421768188476562
3.6195931434631348,5.4272789778520485,10.331684112548828
3.669445514678955,5.379668110715492,10.347514152526855
3.631336212158203,5.359156733644861,10.346521377563477
3.6023786067962646,5.351183095215154,10.33447551727295
3.607323408126831,5.422146710700223,10.369958877563477
3.6351675987243652,5.344092366751283,10.361527442932129
3.6153554916381836,5.37426440757034,10.373788833618164
3.600764274597168,5.338012908186232,10.330053329467773
3.6500492095947266,5.443473954718294,10.376484870910645
3.661473035812378,5.478527201705479,10.328160285949707
3.6238462924957275,5.3987073241733015,10.367673873901367
3.6003615856170654,5.377065687739689,10.377774238586426
3.5994873046875,5.323197731548654,10.317840576171875
3.6460344791412354,5.422848295320624,10.397268295288086
3.5762863159179688,5.341905580168323,10.437200546264648
3.5925095081329346,5.374676207013961,10.373479843139648
3.5905563831329346,5.380562413417334,10.328125
3.650989055633545,5.345617670964981,10.353041648864746
3.654841661453247,5.410583610646427,10.354887008666992
3.5822160243988037,5.3793141410153895,10.352668762207031
3.5664401054382324,5.305434382354308,10.447203636169434
3.520883560180664,5.276248714753559,10.389294624328613
3.6536126136779785,5.3902141755845925,10.363887786865234
3.652510643005371,5.477433028963527,10.383259773254395
3.6262757778167725,5.33060733648017,10.370437622070312
3.6319925785064697,5.428367966120796,10.359966278076172
3.6155989170074463,5.291804088346128,10.320733070373535
3.593780517578125,5.36985079598214,10.405447006225586
3.625931739807129,5.425115964807836,10.312885284423828
3.596783399581909,5.320400368754885,10.437381744384766
3.660186290740967,5.388857366251093,10.414402961730957
3.60469913482666,5.354287551815755,10.360774040222168
3.6309549808502197,5.4040852681334535,10.38163948059082
3.5481715202331543,5.342919991085571,10.374242782592773
3.6241965293884277,5.4038032840471715,10.342554092407227
3.631282329559326,5.358644981136811,10.318156242370605
3.5571155548095703,5.3445771305954874,10.342401504516602
3.58743953704834,5.309560182271526,10.351006507873535
3.6348788738250732,5.37324618484958,10.3387451171875
3.561556577682495,5.356546958675608,10.395618438720703
3.6109976768493652,5.351107511270258,10.357475280761719
3.6239864826202393,5.421745389500367,10.37746524810791
3.6289572715759277,5.384226556301915,10.340679168701172
3.5712151527404785,5.377236648462712,10.414146423339844
3.565573215484619,5.343246114473524,10.351375579833984
3.5878257751464844,5.367142339270296,10.485719680786133
3.6182701587677,5.372351302033556,10.369819641113281
3.6354899406433105,5.353586134267971,10.324005126953125
3.5543372631073,5.28540584604655,10.359911918640137
3.5974724292755127,5.348196567535134,10.401885986328125
3.551968812942505,5.312761398764061,10.358041763305664
3.577425479888916,5.353635817766189,10.448102951049805
3.655259370803833,5.418724280183336,10.342672348022461
3.541167974472046,5.365364632103592,10.398475646972656
3.6170785427093506,5.3771193635849555,10.308955192565918
3.570915460586548,5.3938404531550725,10.474905967712402
3.602889060974121,5.45273342339455,10.292961120605469
3.6106808185577393,5.389554690004194,10.42428970336914
3.5246376991271973,5.3498503278408736,10.402800559997559
3.530980110168457,5.299243622193379,10.393986701965332
3.6378531455993652,5.459435184020549,10.345998764038086
3.6308419704437256,5.4333133669237474,10.409238815307617
3.5813913345336914,5.305945460351983,10.372547149658203
3.5411345958709717,5.3676082752645025,10.361363410949707
3.603347063064575,5.432114092766175,10.448690414428711
3.6171584129333496,5.319063638270434,10.360471725463867
3.6139345169067383,5.396527278869013,10.389913558959961
3.5690643787384033,5.382925028546847,10.33665943145752
3.563249111175537,5.398787058257897,10.395256996154785
3.568849802017212,5.373290773747223,10.403402328491211
3.6353938579559326,5.36060432431155,10.377099990844727
3.6131651401519775,5.397942528926901,10.34073257446289
3.58821964263916,5.340444111963734,10.405763626098633
3.5431599617004395,5.340756261056023,10.393759727478027
3.489205837249756,5.273309747621949,10.344249725341797
3.5762269496917725,5.399126939076398,10.321361541748047
3.5542266368865967,5.369725069430258,10.377065658569336
3.576122999191284,5.367602017475292,10.34097957611084
3.5870256423950195,5.3145770058368464,10.398094177246094
3.584066867828369,5.4462546274465105,10.369281768798828
3.5448310375213623,5.345474044493001,10.379090309143066
3.5795955657958984,5.328974023793957,10.343429565429688
3.5495412349700928,5.373714048814561,10.331844329833984
3.6192128658294678,5.356099288212135,10.367620468139648
3.545413017272949,5.319490357867575,10.34490966796875
3.552278518676758,5.2958920518202435,10.414236068725586
3.5651674270629883,5.32015816308558,10.308504104614258
3.595027208328247,5.326688887750996,10.314576148986816
3.545062780380249,5.35156500445945,10.344799041748047
3.5440990924835205,5.402497567236424,10.408019065856934
3.548759698867798,5.370523522009275,10.397171020507812
3.506507158279419,5.381649502686093,10.32158088684082
3.5385279655456543,5.3740907933429956,10.413711547851562
3.6528029441833496,5.453700531506911,10.420870780944824
3.575834274291992,5.372921524702438,10.302395820617676
3.575936794281006,5.402551387070811,10.32750415802002
3.6229798793792725,5.432362175247233,10.319330215454102
3.5610921382904053,5.42569875976603,10.388582229614258
3.5405123233795166,5.307769942030842,10.345047950744629
3.551671028137207,5.374127348984724,10.321924209594727
3.594590187072754,5.412166749226994,10.35521125793457
3.5371084213256836,5.31695357906366,10.293065071105957
3.588641881942749,5.353440444916487,10.375717163085938
3.530568838119507,5.33653975188333,10.36556625366211
3.551358461380005,5.33906327078252,10.3922700881958
3.55165433883667,5.379798660420679,10.317296028137207
3.5120065212249756,5.264478702996192,10.353242874145508
3.530485153198242,5.358084359206259,10.29721736907959
3.5365374088287354,5.417171327929411,10.35842227935791
3.5386345386505127,5.305589237449957,10.327872276306152
3.5634775161743164,5.41544192992816,10.47844409942627
3.5486769676208496,5.378226321589734,10.378705024719238
3.544726848602295,5.3651996147153636,10.375980377197266
3.5726747512817383,5.384349540275122,10.32282829284668
3.5551016330718994,5.405421990003171,10.374369621276855
3.563875675201416,5.315984323354704,10.370813369750977
3.5146052837371826,5.310548466597019,10.435483932495117
3.518123149871826,5.342573703798864,10.378189086914062
3.5186033248901367,5.331736792311339,10.363377571105957
3.575408935546875,5.396682335995139,10.361316680908203
3.5665552616119385,5.353093458539141,10.419384002685547
3.5191473960876465,5.29955795640126,10.359878540039062
3.534186363220215,5.321242115127721,10.409088134765625
3.5513458251953125,5.4227878367195705,10.385712623596191
3.5170674324035645,5.3772680714859495,10.3636474609375
3.5689070224761963,5.346445352138419,10.405200004577637
3.523808240890503,5.36374595867736,10.37173080444336
3.5809011459350586,5.351618146390787,10.32379150390625
3.5476386547088623,5.350635945231521,10.315747261047363
3.5395686626434326,5.421526499824333,10.407241821289062
3.5736148357391357,5.43040269723029,10.352705001831055
3.5100529193878174,5.331990003386246,10.385101318359375
3.48079252243042,5.274545490941299,10.403694152832031
3.493421792984009,5.352666139236785,10.46217155456543
3.5099036693573,5.342649627377146,10.373330116271973
3.525512218475342,5.337357308482752,10.390881538391113
3.5590689182281494,5.314464332968262,10.340989112854004
3.5205047130584717,5.371230337236608,10.32181453704834
3.5292482376098633,5.332966711571707,10.353333473205566
3.5953927040100098,5.409908045449161,10.454940795898438
3.516847610473633,5.286504090331229,10.36182689666748
3.4977364540100098,5.292878099883507,10.335046768188477
3.5746545791625977,5.315287495996538,10.265676498413086
3.466722011566162,5.291320500529505,10.355281829833984
3.572892427444458,5.336931017992486,10.385009765625
3.5229110717773438,5.348876445454413,10.448677062988281
3.5373079776763916,5.313760986618165,10.295066833496094
3.546098232269287,5.340587335871533,10.371294975280762
3.5491859912872314,5.3172625936567774,10.38824462890625
3.491779088973999,5.292351950658485,10.336502075195312
3.5337910652160645,5.317413064252053,10.322497367858887
3.534475088119507,5.400858940623168,10.337211608886719
3.524108648300171,5.346703454918628,10.370054244995117
3.5531017780303955,5.339052442793867,10.420378684997559
3.497760057449341,5.277483980903137,10.418280601501465
3.520427703857422,5.337364631838033,10.33203411102295
3.5521764755249023,5.391926807218365,10.325149536132812
3.52537202835083,5.30807360551054,10.306962013244629
3.533905029296875,5.3399377075755705,10.453165054321289
3.5196008682250977,5.319433934221577,10.360387802124023
3.4961013793945312,5.339280121494085,10.395953178405762
3.5074546337127686,5.318130802462942,10.379289627075195
3.514362335205078,5.278668116778135,10.376049041748047
3.5061049461364746,5.337638513950099,10.363445281982422
3.6000571250915527,5.397670933311539,10.394189834594727
3.5306921005249023,5.335208282573149,10.37735652923584
3.5335793495178223,5.334228839725256,10.374741554260254
3.5248429775238037,5.339785523679374,10.409059524536133
3.5299088954925537,5.344010245686929,10.346688270568848
3.5635058879852295,5.315300805893327,10.363683700561523
3.483995199203491,5.374903985897878,10.427167892456055
3.538518190383911,5.3224623598424445,10.370718002319336
3.4421939849853516,5.307566397557301,10.44686222076416
3.5718729496002197,5.3539122461141755,10.378521919250488
3.500830888748169,5.329645958961918,10.342196464538574
3.534397602081299,5.334228046637561,10.441097259521484
3.5278892517089844,5.35607120946848,10.405610084533691
3.503218173980713,5.376872060121968,10.412687301635742
3.5251379013061523,5.343216356555266,10.384506225585938
3.492483615875244,5.375247375840055,10.399280548095703
3.5549728870391846,5.408375313305961,10.36237907409668
3.522594928741455,5.395506648945489,10.35183048248291
3.510383129119873,5.266777102768954,10.394237518310547
3.467189311981201,5.266258131546368,10.321398735046387
3.497957229614258,5.312478629739156,10.428240776062012
3.46749210357666,5.3351963933424225,10.350170135498047
3.4882566928863525,5.351632321619296,10.480074882507324
3.574601650238037,5.352504240282412,10.447746276855469
3.481893539428711,5.314053888465942,10.30463695526123
3.4692821502685547,5.323595178879,10.400466918945312
3.497422456741333,5.3138378316070884,10.338037490844727
3.5240535736083984,5.350524190813302,10.456801414489746
3.5444295406341553,5.310079288070224,10.314680099487305
3.4879508018493652,5.384049535595945,10.4278564453125
3.5058257579803467,5.292070327492964,10.389017105102539
3.567694902420044,5.381197437444436,10.330171585083008
3.5006513595581055,5.25615654187277,10.38397216796875
3.434968948364258,5.272388271189162,10.350666999816895
3.4724581241607666,5.321188755034069,10.411102294921875
3.495032548904419,5.284120187795322,10.268184661865234
3.5116028785705566,5.33827197764601,10.378622055053711
3.5652403831481934,5.3953380351220925,10.310962677001953
3.478599786758423,5.266539655991696,10.367074012756348
3.547393560409546,5.2931806114834865,10.438726425170898
3.513082504272461,5.330844319724877,10.371050834655762
3.5162625312805176,5.339439036657235,10.43244743347168
3.515284299850464,5.402402166343693,10.382523536682129
3.4873318672180176,5.322313000381525,10.395450592041016
3.529508113861084,5.373794507800734,10.411523818969727
3.5043599605560303,5.367488357471301,10.37302017211914
3.4772415161132812,5.236684216452496,10.34344482421875
3.52925968170166,5.366260724009147,10.43584156036377
3.468904972076416,5.261729404529823,10.396517753601074
3.4981496334075928,5.232375550948615,10.390172958374023
3.5402090549468994,5.392531171075201,10.35866928100586
3.4857280254364014,5.307722435066743,10.428488731384277
3.5128040313720703,5.413583946514076,10.326802253723145
3.506983757019043,5.292412591865286,10.439888954162598
3.519946575164795,5.34896085647467,10.378317832946777
3.560619354248047,5.455013466167397,10.32609748840332
3.5273847579956055,5.285829415145729,10.385016441345215
3.5014476776123047,5.349334622899604,10.29849910736084
3.504845142364502,5.336835975426116,10.28123950958252
3.4911510944366455,5.368980186791824,10.344900131225586
3.5017240047454834,5.353363555723003,10.381538391113281
3.4925198554992676,5.297892405352156,10.360355377197266
3.528759717941284,5.342380593198219,10.382120132446289
3.491245985031128,5.302953723651757,10.3556489944458
3.523191213607788,5.338552475574294,10.380874633789062
3.5088388919830322,5.372245969450368,10.379627227783203
3.537101984024048,5.301262801712645,10.329557418823242
3.4780001640319824,5.244787360907399,10.41500186920166
3.504298686981201,5.333380046799513,10.407875061035156
3.5164265632629395,5.297991232214762,10.358863830566406
3.4781317710876465,5.316003868688962,10.405920028686523
3.426393508911133,5.307493279754582,10.446819305419922
3.456801176071167,5.3297220361751645,10.37264633178711
3.4998703002929688,5.293988854491285,10.344339370727539
3.4982056617736816,5.3337691416963935,10.372413635253906
3.5419435501098633,5.317399994303871,10.295785903930664
3.4955015182495117,5.389001866702789,10.417162895202637
3.4752535820007324,5.322751555292468,10.435501098632812
3.5246658325195312,5.344289568818307,10.317461967468262
3.457355499267578,5.2439885220623434,10.338751792907715
3.444655656814575,5.271786301662879,10.453179359436035
3.4769749641418457,5.293052873308105,10.327778816223145
3.503225326538086,5.319562008371577,10.481683731079102
3.499560832977295,5.357266390696168,10.329996109008789
3.52295184135437,5.383422252788608,10.469182968139648
3.468869209289551,5.349585985665077,10.32520866394043
3.508436441421509,5.356949837778562,10.339561462402344
3.5186166763305664,5.355877014974665,10.450250625610352
3.521524667739868,5.357402485961626,10.280248641967773
3.490360736846924,5.36790075931432,10.38718032836914
3.539663314819336,5.3509699510011295,10.380936622619629
3.5028488636016846,5.311651971490521,10.306049346923828
3.5119669437408447,5.368900456033381,10.444313049316406
3.549626588821411,5.307170947714311,10.37669563293457
3.4972105026245117,5.285070453770459,10.29456615447998
3.515660285949707,5.378556590926435,10.356270790100098
3.5290825366973877,5.335330645287676,10.35453987121582
3.493154287338257,5.328230365545356,10.519146919250488
3.504495143890381,5.302633389863851,10.276386260986328
3.4876344203948975,5.365497548831626,10.3593168258667
3.484043598175049,5.334425114095211,10.372836112976074
3.487314462661743,5.292991858541167,10.436702728271484
3.40944504737854,5.192804230011202,10.40330982208252
3.493018627166748,5.421401819147702,10.364598274230957
3.462981700897217,5.267559365701994,10.450427055358887
3.535534143447876,5.3508023890067955,10.394327163696289
3.4985463619232178,5.33644936127322,10.361888885498047
3.481621742248535,5.3265140409514835,10.313362121582031
3.4501538276672363,5.221907339890354,10.38482666015625
3.47198748588562,5.286307268443384,10.434001922607422
3.5101940631866455,5.332338151621766,10.367856979370117
3.4874420166015625,5.266102520150265,10.349308013916016
3.516798496246338,5.257205803845343,10.304845809936523
3.4836905002593994,5.307961978982867,10.361804008483887
3.474738836288452,5.306994887268437,10.46388053894043
3.483119487762451,5.3406058249862065,10.338519096374512
3.582080602645874,5.287676485321884,10.391671180725098
3.5107953548431396,5.3654812873740285,10.381275177001953
3.492551803588867,5.3244259486174474,10.338984489440918
3.5000381469726562,5.347654954896175,10.409696578979492
3.491391658782959,5.248827604277592,10.428401947021484
3.4440317153930664,5.360367370203935,10.348222732543945
3.4592504501342773,5.323014152602159,10.435032844543457
3.4013478755950928,5.284336878352666,10.38268756866455
3.4267396926879883,5.344070621267227,10.373273849487305
3.4904935359954834,5.303496859069647,10.407623291015625
3.4412126541137695,5.239307393719043,10.287374496459961
3.4320919513702393,5.312579198540854,10.360225677490234
3.4279699325561523,5.255397861357779,10.36598014831543
3.518251657485962,5.366281303743433,10.42131233215332
3.452754020690918,5.318490113231486,10.382307052612305
3.4543399810791016,5.321783367278321,10.34945011138916
3.5236499309539795,5.335052065118881,10.369475364685059
3.4453461170196533,5.30718637773368,10.421737670898438
3.48785138130188,5.244551168289036,10.383098602294922
3.47428822517395,5.3033003464806825,10.340221405029297
3.4789540767669678,5.268033296734627,10.395638465881348
3.5170540809631348,5.33313683560118,10.30682373046875
3.466047525405884,5.267968890722841,10.407615661621094
3.4993858337402344,5.33879815504354,10.33443832397461
3.520759344100952,5.358403808204457,10.372175216674805
3.517146348953247,5.354701251589827,10.3223295211792
3.4356300830841064,5.31132962351798,10.384635925292969
3.4354586601257324,5.3178703891379495,10.332242965698242
3.4708142280578613,5.330307321889059,10.370817184448242
3.4341671466827393,5.265201052318194,10.336418151855469
3.4572107791900635,5.3603461770606895,10.408951759338379
3.509760618209839,5.369932795542159,10.323591232299805
3.4353702068328857,5.325207635727046,10.303499221801758
3.4333395957946777,5.307049444144857,10.441947937011719
3.501805305480957,5.289062204970313,10.404247283935547
3.5306732654571533,5.393089170933568,10.39673137664795
3.5261220932006836,5.331171191330734,10.414408683776855
3.5063347816467285,5.278792724146374,10.347085952758789
3.4402425289154053,5.327974292848791,10.353924751281738
3.494081974029541,5.317948540572876,10.38161563873291
3.475645065307617,5.312167040205428,10.3042573928833
3.5178868770599365,5.3536115056236415,10.451940536499023
3.4968085289001465,5.309655624075925,10.494831085205078
3.4422531127929688,5.202843825831743,10.360455513000488
3.4489753246307373,5.2798434064523985,10.411491394042969
3.4798989295959473,5.348636284803173,10.355635643005371
3.5062243938446045,5.344237074522036,10.41347885131836
3.514007806777954,5.425566237286798,10.436832427978516
3.4413342475891113,5.258425814731579,10.335742950439453
3.471224308013916,5.369278296296086,10.355969429016113
3.4974253177642822,5.340854291538043,10.331792831420898
3.4529640674591064,5.360536716678846,10.400476455688477
3.3945140838623047,5.249674970217582,10.358007431030273
3.5127978324890137,5.380909726389551,10.40556526184082
3.4601500034332275,5.2296561116485725,10.345376968383789
3.4640910625457764,5.306190995000568,10.413615226745605
3.488090753555298,5.3540468290115575,10.315034866333008
3.448110818862915,5.339082004136539,10.362258911132812
3.488149642944336,5.290049966191873,10.390586853027344
3.4659807682037354,5.396749247830095,10.389660835266113
3.535029888153076,5.282666521546032,10.449106216430664
3.4910948276519775,5.256338721573619,10.408557891845703
3.4707484245300293,5.279334912941392,10.416553497314453
3.4740724563598633,5.308755675929465,10.319916725158691
3.4444427490234375,5.367236729012802,10.378388404846191
3.417073965072632,5.316915847028473,10.312202453613281
3.451719045639038,5.261073567971054,10.387137413024902
3.545197010040283,5.316335224646276,10.44507884979248
3.434312105178833,5.2389874858781695,10.390375137329102
3.522399425506592,5.321085398351508,10.314208030700684
3.456651449203491,5.2722593548242,10.502542495727539
3.464733123779297,5.306825095721121,10.409307479858398
3.466310739517212,5.316821525937745,10.383138656616211
3.3700485229492188,5.184334569843486,10.396466255187988
3.4675111770629883,5.320426770652245,10.404407501220703
3.511359453201294,5.336675403706197,10.385062217712402
3.4465606212615967,5.279267052820485,10.323136329650879
3.5211360454559326,5.355624405833493,10.349712371826172
3.484955072402954,5.356785716189603,10.380050659179688
3.4322521686553955,5.273061297102165,10.426332473754883
3.4462101459503174,5.327696379839576,10.364255905151367
3.5082802772521973,5.37686154153198,10.396111488342285
3.462894916534424,5.3487650118768215,10.462837219238281
3.4763247966766357,5.299895528005436,10.370034217834473
3.492940664291382,5.293642954302154,10.403785705566406
3.4696238040924072,5.316737799406319,10.377883911132812
3.5097951889038086,5.314728207986003,10.373754501342773
3.4833149909973145,5.320189576961899,10.327390670776367
3.4610507488250732,5.333428851362052,10.463394165039062
3.502512216567993,5.418552507746166,10.425531387329102
3.4784159660339355,5.279392020078376,10.469396591186523
3.4880664348602295,5.294143291589405,10.432358741760254
3.472893714904785,5.319548794035135,10.360289573669434
3.4728715419769287,5.330643011423359,10.411456108093262
3.4739105701446533,5.313120278895699,10.27419662475586
3.4568850994110107,5.355227343139371,10.444320678710938
3.4678821563720703,5.332624464794728,10.422026634216309
3.444427728652954,5.257766415431564,10.413972854614258
3.499281167984009,5.375476161417152,10.334897994995117
3.485333204269409,5.30347603798977,10.374799728393555
3.4431345462799072,5.281012001680209,10.36866569519043
3.4972198009490967,5.310524018248543,10.433069229125977
3.448631525039673,5.338028331786128,10.372998237609863
3.4238758087158203,5.295524578308687,10.357034683227539
3.450324773788452,5.334312579228676,10.443036079406738
3.499741792678833,5.30399576072315,10.447917938232422
3.470043897628784,5.351150151441939,10.35031795501709
3.4310014247894287,5.2105309829847615,10.39442253112793
3.4341583251953125,5.326508991719623,10.454744338989258
3.515242099761963,5.417305495623233,10.401633262634277
3.4620018005371094,5.36317628708535,10.36008071899414
3.486524820327759,5.237001290112468,10.377580642700195
3.53332781791687,5.359038920108494,10.37269401550293
3.4388082027435303,5.22958771528543,10.411079406738281
3.467907190322876,5.3179752565255125,10.40548038482666
3.540170669555664,5.376729426140498,10.33613109588623
3.471285581588745,5.3771903115391195,10.517681121826172
3.526193141937256,5.35123400014293,10.335137367248535
3.515953302383423,5.285050514021091,10.405892372131348
3.4740660190582275,5.371415092643084,10.424270629882812
3.5031514167785645,5.296968836337328,10.388557434082031
3.4347121715545654,5.350501415619094,10.336578369140625
3.4593679904937744,5.269640874949151,10.386822700500488
3.4607930183410645,5.298604927058997,10.424684524536133
3.465744733810425,5.335158495864431,10.404006958007812
3.468258857727051,5.344358769311969,10.404504776000977
3.494074821472168,5.407202705574621,10.28781509399414
3.4149506092071533,5.294711768660428,10.418697357177734
3.5383777618408203,5.337073679215141,10.317484855651855
3.472961664199829,5.197222898215322,10.495604515075684
3.4524481296539307,5.21655648554276,10.43659782409668
3.476879358291626,5.335780799621716,10.386068344116211
3.424274444580078,5.285212561089013,10.362442016601562
3.489720106124878,5.287946938603585,10.366615295410156
3.472100019454956,5.357252540599022,10.39002799987793
3.440315008163452,5.299933660442808,10.421876907348633
3.4638123512268066,5.312296597586413,10.407148361206055
3.523683547973633,5.324725308621835,10.384506225585938
3.4362008571624756,5.283392284065485,10.450407028198242
3.4505202770233154,5.320105894601771,10.416933059692383
3.425204277038574,5.344296926898616,10.337221145629883
3.489884853363037,5.250165940029547,10.452262878417969
3.4673471450805664,5.302182201628707,10.467342376708984
3.421517848968506,5.3278989624232045,10.433006286621094
3.461329221725464,5.336142989041815,10.408318519592285
3.4376156330108643,5.286278097790533,10.322741508483887
3.4384005069732666,5.190481533196622,10.386062622070312
3.4641454219818115,5.300628850635673,10.35718822479248
3.4560773372650146,5.2885393255523265,10.37939453125
3.4436280727386475,5.323076908809266,10.388729095458984
3.4258902072906494,5.357325156152782,10.434249877929688
3.4314329624176025,5.31429262479235,10.330589294433594
3.4539921283721924,5.357613215356,10.307507514953613
3.4697837829589844,5.346809725177341,10.333895683288574
3.4817652702331543,5.322005417164681,10.403030395507812
3.4611973762512207,5.3353270657826215,10.494892120361328
3.4570746421813965,5.381306548503095,10.297258377075195
3.391291618347168,5.359633855987339,10.372438430786133
3.446593999862671,5.335407447369238,10.36709213256836
3.4491281509399414,5.3168890797533095,10.331595420837402
3.4278388023376465,5.300159307096952,10.419134140014648
3.4556756019592285,5.373519800437082,10.371259689331055
3.4529411792755127,5.3374821484820645,10.374509811401367
3.4692108631134033,5.233703762392647,10.46544361114502
3.4935519695281982,5.328726045554503,10.39108943939209
3.5482497215270996,5.319324901360753,10.335044860839844
3.4867682456970215,5.364587385573291,10.380134582519531
3.4676830768585205,5.328480583349509,10.364167213439941
3.441143035888672,5.271402732336095,10.383676528930664
3.4737231731414795,5.315137100239682,10.363521575927734
3.488868236541748,5.336816838609853,10.260212898254395
3.467921018600464,5.347137098533235,10.38923454284668
3.4272913932800293,5.316552524454891,10.449820518493652
3.479597806930542,5.35008601804397,10.352697372436523
3.4754719734191895,5.39447634663832,10.435966491699219
3.4505741596221924,5.328561913521429,10.428781509399414
3.425286293029785,5.275320354383438,10.331869125366211
3.456926107406616,5.365787916850032,10.48437786102295
3.409980058670044,5.251702142247398,10.484445571899414
3.502250909805298,5.307171128623719,10.366174697875977
3.421135663986206,5.309106927198757,10.422451972961426
3.50262713432312,5.285141457238101,10.400647163391113
3.4087636470794678,5.282968355109916,10.41452407836914
3.406499147415161,5.273570796740907,10.344223022460938
3.434023857116699,5.251162978554411,10.387014389038086
3.433332920074463,5.266447885194793,10.387279510498047
3.4777839183807373,5.313864334719256,10.371467590332031
3.453946352005005,5.327289448518838,10.457451820373535
3.383774757385254,5.272849429598344,10.346386909484863
3.4039201736450195,5.25060068998885,10.284653663635254
3.4779088497161865,5.333969457640445,10.394126892089844
3.4007558822631836,5.241135418880731,10.308170318603516
3.435668468475342,5.347155331633985,10.37553882598877
3.438987970352173,5.274795898203072,10.393363952636719
3.450016498565674,5.289999976155481,10.32496452331543
3.437878131866455,5.3378867391563425,10.473299026489258
3.446718215942383,5.265495395653748,10.407670974731445
3.4381771087646484,5.30273807604265,10.416170120239258
3.493046283721924,5.401682889754219,10.399092674255371
3.4628818035125732,5.327828467757042,10.454490661621094
3.450376510620117,5.2974516970903744,10.3764009475708
3.407555341720581,5.2877085498933285,10.393204689025879
3.487306833267212,5.2692055768399895,10.371611595153809
3.4216325283050537,5.269905145679201,10.323862075805664
3.4369263648986816,5.288148724041613,10.384500503540039
3.419245958328247,5.326816146328513,10.362783432006836
3.5248749256134033,5.338667516729663,10.373942375183105
3.458329677581787,5.307527717735087,10.402579307556152
3.4451091289520264,5.3165404681515485,10.409900665283203
3.4106523990631104,5.218495921065499,10.395977020263672
3.4810335636138916,5.35867032009576,10.3217191696167
3.468201160430908,5.2838055964093655,10.46865177154541
3.4578936100006104,5.311307402427441,10.377279281616211
3.508364677429199,5.380729263049683,10.326164245605469
3.4447383880615234,5.344965967981676,10.379729270935059
3.4651825428009033,5.298177486851014,10.473601341247559
3.4372620582580566,5.31541420236629,10.413763046264648
3.3987715244293213,5.259663910837845,10.336081504821777
3.503871440887451,5.362900427143488,10.40900707244873
3.4166321754455566,5.31074716137456,10.376564025878906
3.4281013011932373,5.2566427691906155,10.343995094299316
3.4392168521881104,5.280036239685225,10.400808334350586
3.4487357139587402,5.279792432706537,10.360616683959961
3.4414877891540527,5.2657361304653545,10.34281063079834
3.4218523502349854,5.327243293302932,10.391647338867188
3.4696896076202393,5.365582210178087,10.39026927947998
3.3546557426452637,5.241040812871819,10.307269096374512
3.4061765670776367,5.259124467149378,10.414663314819336
3.492048501968384,5.364142911541941,10.391581535339355
3.483025312423706,5.318359911508325,10.401037216186523
3.4779956340789795,5.294670134450175,10.387372970581055
3.4148807525634766,5.353844939498231,10.443609237670898
3.3401405811309814,5.2767853499390185,10.400948524475098
3.4463934898376465,5.3241765132240415,10.440513610839844
3.4501726627349854,5.342353928168969,10.327391624450684
3.453015089035034,5.305858082138003,10.390424728393555
3.4474618434906006,5.247525790273878,10.388733863830566
3.5076377391815186,5.343647322118549,10.41008472442627
3.4884979724884033,5.326368512652282,10.352622985839844
3.416490316390991,5.274411666872246,10.382994651794434
3.4777703285217285,5.264826752644565,10.414398193359375
3.3487539291381836,5.269906222088529,10.485308647155762
3.4722533226013184,5.30760142127318,10.390955924987793
3.406970739364624,5.287179904557498,10.381640434265137
3.4300284385681152,5.244560569790857,10.397542953491211
3.432154417037964,5.302331135674778,10.455307960510254
3.437941789627075,5.293436290263864,10.392447471618652
3.452915906906128,5.293402061631371,10.399534225463867
3.462010145187378,5.330068350303918,10.417530059814453
3.468951463699341,5.395607199586396,10.397575378417969
3.475857734680176,5.341982118186674,10.448294639587402
3.4721720218658447,5.3389560050397575,10.405340194702148
3.42708420753479,5.277531238006694,10.435604095458984
3.4155688285827637,5.225693173274132,10.432878494262695
3.480525016784668,5.349835064228889,10.434371948242188
3.4394729137420654,5.342176834154609,10.364968299865723
3.4301443099975586,5.325228154127087,10.431193351745605
3.4561967849731445,5.263654233821268,10.413134574890137
3.4514217376708984,5.310356859151008,10.341826438903809
3.382939577102661,5.301690095071016,10.3203125
3.475224494934082,5.295628008698779,10.399007797241211
3.455841541290283,5.318504022700446,10.347476959228516
3.462395191192627,5.268561798979396,10.384517669677734
3.472552537918091,5.3191199612338105,10.393126487731934
3.426854133605957,5.281778540794871,10.365091323852539
3.4043867588043213,5.253150685457513,10.346369743347168
3.4680542945861816,5.315338344778866,10.401537895202637
3.461534023284912,5.341682612496828,10.338696479797363
3.432821035385132,5.272451093420386,10.378767967224121
3.457002639770508,5.3014612841486395,10.343842506408691
3.439771890640259,5.297782130240063,10.398303031921387
3.43381404876709,5.266447515260162,10.339327812194824
3.4132537841796875,5.319547658054424,10.382145881652832
3.45170521736145,5.312445267735582,10.297385215759277
3.4030139446258545,5.234908593851808,10.422859191894531
3.4728519916534424,5.315599268967552,10.321176528930664
3.4450228214263916,5.32157682836987,10.334670066833496
3.430943727493286,5.30803096204597,10.375211715698242
3.445631504058838,5.3545885262678246,10.39863395690918
3.4721264839172363,5.302826022030786,10.342402458190918
3.472151279449463,5.341108529728704,10.293864250183105
3.4471096992492676,5.227538719207848,10.409791946411133
3.421125888824463,5.259807943798868,10.440038681030273
3.4214556217193604,5.286582727783493,10.331299781799316
3.4070630073547363,5.236253858344363,10.36783218383789
3.4268577098846436,5.303604549695073,10.426277160644531
3.453869581222534,5.291164045987118,10.427383422851562
3.4160029888153076,5.316344282057669,10.40887451171875
3.452087879180908,5.306294855262552,10.37004566192627
3.4433538913726807,5.277614816358047,10.409244537353516
3.4382951259613037,5.280202170135453,10.370512962341309
3.4278078079223633,5.26116682805254,10.374444961547852
3.413480758666992,5.355323187774048,10.406219482421875
3.4770302772521973,5.297277924904067,10.398641586303711
3.4807522296905518,5.255599519969629,10.395241737365723
3.4108943939208984,5.272706359624864,10.488720893859863
3.399958610534668,5.23291581775993,10.413492202758789
3.4581403732299805,5.291552546434104,10.43290901184082
3.4266018867492676,5.221200382569805,10.373886108398438
3.4296841621398926,5.348480743056696,10.367464065551758
3.424886703491211,5.314770549702059,10.341015815734863
3.410055160522461,5.2759726304294805,10.366934776306152
3.4134769439697266,5.326391353737563,10.374746322631836
3.41347336769104,5.240990147094375,10.391202926635742
3.4259159564971924,5.2668173681013295,10.418586730957031
3.367366075515747,5.237104792347444,10.381223678588867
3.4721615314483643,5.31496308181834,10.384979248046875
3.4275479316711426,5.307259737214605,10.394240379333496
3.461930990219116,5.37503697433775,10.423392295837402
3.390056848526001,5.275619748547407,10.381978034973145
3.3914308547973633,5.300830902165866,10.388893127441406
3.42384672164917,5.298080796475656,10.407625198364258
3.4427108764648438,5.299415994435549,10.365503311157227
3.425579309463501,5.29600813682191,10.333833694458008
3.4002673625946045,5.2597982351934265,10.425251960754395
3.4512722492218018,5.345586145862139,10.363173484802246
3.4163081645965576,5.27289939808127,10.335403442382812
3.3771893978118896,5.23587084751177,10.383869171142578
3.421973466873169,5.37975688341872,10.387336730957031
3.3789596557617188,5.277519111621327,10.314278602600098
3.4213502407073975,5.320897767486583,10.322668075561523
3.419699192047119,5.324912695280675,10.387495040893555
3.4841694831848145,5.273629534490673,10.262886047363281
3.4231390953063965,5.31967234169133,10.3334321975708
3.4156904220581055,5.357242588419467,10.495006561279297
3.4052557945251465,5.3375577660876194,10.361306190490723
3.423945903778076,5.320801486094881,10.402946472167969
3.394090175628662,5.299055243143812,10.391709327697754
3.4163818359375,5.311440458621031,10.343608856201172
3.3908839225769043,5.3210137258283785,10.436819076538086
3.45685076713562,5.3565772882596185,10.413934707641602
3.4180359840393066,5.281211892442246,10.395048141479492
3.4687185287475586,5.339064143465034,10.359203338623047
3.4547626972198486,5.309276942961982,10.428125381469727
3.466242551803589,5.346701202681288,10.3560791015625
3.4507362842559814,5.292110328030374,10.345743179321289
3.4368736743927,5.280455009579392,10.409782409667969
3.4955086708068848,5.299699492652767,10.325501441955566
3.4092495441436768,5.327341333031654,10.394797325134277
3.449753761291504,5.306668017458703,10.384849548339844
3.4656548500061035,5.327351156256295,10.417587280273438
3.441606283187866,5.2534908951991905,10.450668334960938
3.473012685775757,5.328397146958326,10.35944938659668
3.466555595397949,5.374804874416441,10.374752044677734
3.434129476547241,5.318548272463626,10.445348739624023
3.4385576248168945,5.257408392781923,10.343122482299805
3.46120548248291,5.346752255955445,10.395238876342773
3.4468891620635986,5.37301651438299,10.404970169067383
3.4267516136169434,5.351546214095183,10.422327041625977
3.4908063411712646,5.367459231122796,10.363821983337402
3.4468400478363037,5.345817687488825,10.331683158874512
3.3808717727661133,5.321101079395572,10.480949401855469
3.4112048149108887,5.310547458274024,10.425610542297363
3.39729905128479,5.2804232480204005,10.317955017089844
3.407792806625366,5.2345688767465095,10.411425590515137
3.424520254135132,5.3659716774044295,10.455525398254395
3.40747332572937,5.244542764998705,10.424116134643555
3.386422872543335,5.243200069426426,10.289393424987793
3.449685573577881,5.331501039343753,10.306476593017578
3.384119749069214,5.297323296046151,10.306102752685547
3.358898401260376,5.213734394704391,10.350116729736328
3.421445846557617,5.284445136585938,10.39487361907959
3.4293763637542725,5.29367967129552,10.351349830627441
3.4505176544189453,5.303494811058044,10.440226554870605
3.4472594261169434,5.340375040325203,10.392892837524414
3.4177088737487793,5.344467729330063,10.308667182922363
3.4331912994384766,5.254693023893717,10.366540908813477
3.3826725482940674,5.210704834100658,10.445550918579102
3.4053823947906494,5.31244048057124,10.380030632019043
3.4110631942749023,5.316297789104284,10.396040916442871
3.3998680114746094,5.2096731976739,10.405896186828613
3.4258768558502197,5.2451834150456955,10.40657901763916
3.464535713195801,5.2941560715969125,10.344297409057617
3.389202833175659,5.262743930798024,10.418561935424805
3.3434998989105225,5.212822819793863,10.404573440551758
3.386995553970337,5.265654422209732,10.376561164855957
3.4505133628845215,5.31996762403287,10.36634635925293
3.4233593940734863,5.331511036226792,10.421422004699707
3.458970785140991,5.358329393302223,10.299114227294922
3.3653604984283447,5.222801732597873,10.357361793518066
3.442934513092041,5.3279992639353235,10.413203239440918
3.4501559734344482,5.284976750346167,10.433771133422852
3.4510691165924072,5.252594825844945,10.3341646194458
3.458070755004883,5.29976099140809,10.375591278076172
3.393238067626953,5.382026575505734,10.385750770568848
3.4671144485473633,5.286016673082486,10.326769828796387
3.441226005554199,5.303694999610473,10.284981727600098
3.435814619064331,5.315454819073369,10.412870407104492
3.423718214035034,5.3393573623283626,10.419184684753418
3.433671712875366,5.268773494255064,10.453564643859863
3.4675097465515137,5.344666944351046,10.38831901550293
3.429192304611206,5.25797005190647,10.373229026794434
3.407562255859375,5.23220915373947,10.465169906616211
3.4406604766845703,5.328583651887519,10.308174133300781
3.4249539375305176,5.31643126216451,10.353483200073242
3.483867883682251,5.340730623209051,10.343745231628418
3.4576194286346436,5.286992019807387,10.38672924041748
3.4333579540252686,5.350034081210781,10.291389465332031
3.442356824874878,5.279539307080475,10.479395866394043
3.4292402267456055,5.273555965462167,10.318193435668945
3.483844041824341,5.372018340975046,10.429008483886719
3.433257818222046,5.236820909627048,10.38701057434082
3.4296720027923584,5.259319743307839,10.368036270141602
3.4211277961730957,5.351207779421071,10.40153694152832
3.4682414531707764,5.3502575400218895,10.484798431396484
3.392655849456787,5.270989433995315,10.426347732543945
3.439584493637085,5.324663222867198,10.274365425109863
3.36297607421875,5.282415839045175,10.359729766845703
3.435314893722534,5.347330565331504,10.417585372924805
3.454726457595825,5.237603222552155,10.386690139770508
3.4334402084350586,5.294510441566152,10.41293716430664
3.397585391998291,5.294774902818192,10.408550262451172
3.4049811363220215,5.230463783589324,10.384997367858887
3.4267666339874268,5.260383800304096,10.38446044921875
3.3882389068603516,5.244190046962883,10.433204650878906
3.388028144836426,5.2612454073969275,10.416613578796387
3.383776903152466,5.245638998524685,10.40266227722168
3.4345076084136963,5.3110612276608915,10.43215560913086
3.405470371246338,5.24687486511123,10.360349655151367
3.41715145111084,5.323481549575392,10.332880020141602
3.374581813812256,5.248679642133149,10.325261116027832
3.42411470413208,5.27632011433265,10.340812683105469
3.436368942260742,5.35387090081349,10.373688697814941
3.41461443901062,5.268944159183385,10.389104843139648
3.4086079597473145,5.315752413323416,10.339839935302734
3.414489984512329,5.270820613318522,10.383901596069336
3.423133134841919,5.287192296170231,10.433982849121094
3.411898374557495,5.29594329561639,10.435065269470215
3.4301023483276367,5.270961584656367,10.353245735168457
3.409017324447632,5.297169177759705,10.3970365524292
3.435056447982788,5.255778527120127,10.22866439819336
3.378950357437134,5.223953944797228,10.397443771362305
3.431971788406372,5.2442512794264715,10.347786903381348
3.4163546562194824,5.321020073190864,10.351408004760742
3.4337496757507324,5.362886595107349,10.408618927001953
3.4075632095336914,5.256017266672902,10.393891334533691
3.405399799346924,5.234524700391506,10.430215835571289
3.3934383392333984,5.304141952822517,10.362841606140137
3.467928171157837,5.301054106559604,10.358722686767578
3.431185245513916,5.335737418982068,10.429454803466797
3.3791794776916504,5.295258985366672,10.419334411621094
3.4584481716156006,5.307519743518372,10.37413501739502
3.4605486392974854,5.344273363240063,10.407111167907715
3.3652772903442383,5.254032597644255,10.316588401794434
3.435497522354126,5.292518045786502,10.315690040588379
3.5038044452667236,5.349905104908561,10.444984436035156
3.4322736263275146,5.282449527942974,10.446629524230957
3.4173521995544434,5.269962443970144,10.390771865844727
3.4124433994293213,5.301122910675726,10.39328670501709
3.4359753131866455,5.283927115711516,10.37823486328125
3.421285629272461,5.300035323482007,10.340007781982422
3.4301702976226807,5.282868269864204,10.428522109985352
3.467921018600464,5.3504587253555655,10.319221496582031
3.3802900314331055,5.276100336141618,10.372532844543457
3.4205660820007324,5.256715311469245,10.38784408569336
3.401742935180664,5.311057631591601,10.417702674865723
3.462526559829712,5.3182672179703205,10.36499309539795
3.422182083129883,5.370272293686867,10.323953628540039
3.412428617477417,5.2544254087843,10.438319206237793
3.415109872817993,5.338377850695647,10.337607383728027
3.3806416988372803,5.381058746416653,10.316800117492676
3.416550397872925,5.251630163285881,10.334702491760254
3.4115447998046875,5.23654973912718,10.403982162475586
3.392988920211792,5.260485736952563,10.424570083618164
3.416720390319824,5.31768101317409,10.484463691711426
3.406303644180298,5.356335598642804,10.424888610839844
3.4248251914978027,5.3334356554052125,10.398088455200195
3.3678557872772217,5.2602263215064475,10.323692321777344
3.4169747829437256,5.369215404581545,10.338798522949219
3.394987106323242,5.2879881275086,10.383926391601562
3.438093900680542,5.254204704925152,10.423948287963867
3.3948721885681152,5.258799521684913,10.405052185058594
3.4337830543518066,5.340837700691607,10.48689079284668
3.4148199558258057,5.305161569832957,10.399618148803711
3.3289408683776855,5.246443042465087,10.347039222717285
3.4086382389068604,5.227393838044788,10.391820907592773
3.429046392440796,5.2531013298846245,10.406133651733398
3.3919456005096436,5.307530856358686,10.38559341430664
3.4545507431030273,5.251201650992567,10.398305892944336
3.3757526874542236,5.31503565868895,10.424395561218262
3.3956146240234375,5.332790934181373,10.348367691040039
3.4169881343841553,5.300874034973926,10.433490753173828
3.451063871383667,5.388174640546952,10.379426956176758
3.3996098041534424,5.326257188704663,10.306970596313477
3.4194562435150146,5.269521592883393,10.420583724975586
3.436783790588379,5.337936937542898,10.464089393615723
3.4244699478149414,5.282760185987821,10.330453872680664
3.4474000930786133,5.338850318687037,10.422648429870605
3.36857008934021,5.222566412961377,10.372884750366211
3.4520435333251953,5.317617809266917,10.431575775146484
3.3960845470428467,5.3896372675163935,10.406673431396484
3.4316890239715576,5.340812306917671,10.323004722595215
3.4315438270568848,5.306845117260568,10.37106704711914
3.3894498348236084,5.307778177583324,10.321737289428711
3.346972942352295,5.1721160623045375,10.370041847229004
3.4165337085723877,5.370936891429925,10.37539291381836
3.455986261367798,5.313165547126638,10.3536376953125
3.437636375427246,5.292274278821423,10.411640167236328
3.366926431655884,5.261154967459982,10.46143913269043
3.4644837379455566,5.314482632259439,10.387903213500977
3.3940110206604004,5.243498005105981,10.441032409667969
3.4653398990631104,5.328989449356284,10.382561683654785
3.393047571182251,5.233703817307417,10.427009582519531
3.3940505981445312,5.276747349815975,10.38569450378418
3.3704631328582764,5.309601182916334,10.321784973144531
3.3693628311157227,5.256378825886973,10.437234878540039
3.363819122314453,5.252084129756051,10.396331787109375
3.398210287094116,5.247311246814207,10.430452346801758
3.3460822105407715,5.221668587232541,10.3781156539917
3.4380555152893066,5.264869443739631,10.405555725097656
3.4503352642059326,5.316219822037964,10.377031326293945
3.378506660461426,5.254213186213747,10.438692092895508
3.4001426696777344,5.308274073326694,10.436308860778809
3.446629285812378,5.386664812153737,10.390263557434082
3.442119598388672,5.306890161807782,10.390692710876465
3.369154691696167,5.210994871100411,10.359167098999023
3.4273455142974854,5.308994905258129,10.349281311035156
3.3962128162384033,5.315733048599213,10.328336715698242
3.36702299118042,5.285855081996748,10.354754447937012
3.4387083053588867,5.290490939814066,10.384927749633789
3.3678786754608154,5.198313597689516,10.386462211608887
3.3726274967193604,5.2649548842039495,10.408117294311523
3.4324402809143066,5.336806744603174,10.361703872680664
3.356947660446167,5.2936742780397505,10.387311935424805
3.432664155960083,5.323248266608322,10.429109573364258
3.340894937515259,5.288106199254149,10.432478904724121
3.371083974838257,5.182724761177919,10.379039764404297
3.4277448654174805,5.296885946699019,10.316609382629395
3.397120237350464,5.233011487405748,10.33842658996582
3.369389533996582,5.319146508849891,10.368112564086914
3.3326478004455566,5.259162998159549,10.379873275756836
3.40425968170166,5.281261804812987,10.366721153259277
3.412961721420288,5.306020819016599,10.389124870300293
3.334981918334961,5.220772760720658,10.386468887329102
3.429182767868042,5.295880103217705,10.416707038879395
3.4147379398345947,5.30084188854588,10.404577255249023
3.391414165496826,5.2561349493584455,10.493664741516113
3.4125266075134277,5.335723223563816,10.373727798461914
3.417348861694336,5.31213967345788,10.388832092285156
3.4142603874206543,5.31818190542981,10.377555847167969
3.4087891578674316,5.319335014858682,10.361595153808594
3.4306252002716064,5.3329290934239655,10.35159969329834
3.3779001235961914,5.314390606912119,10.403261184692383
3.368716239929199,5.302330955064723,10.379035949707031
3.4058187007904053,5.3041271044140945,10.416574478149414
3.409086227416992,5.252273994364908,10.390080451965332
3.399097204208374,5.285272206213059,10.442419052124023
3.4416866302490234,5.273273792650019,10.326093673706055
3.4174752235412598,5.292820726155437,10.386226654052734
3.4224135875701904,5.25971685476335,10.464333534240723
3.341111421585083,5.22301565955526,10.328948020935059
3.425428867340088,5.281575887131372,10.424798965454102
3.36376690864563,5.312826626801065,10.35385513305664
3.412390947341919,5.269390640614022,10.415637969970703
3.395434856414795,5.28949204273522,10.423213958740234
3.3550755977630615,5.28827950887249,10.362783432006836
3.4129929542541504,5.329271291681964,10.39607048034668
3.3989274501800537,5.311455086605357,10.38138198852539
3.4538326263427734,5.318844791535022,10.356443405151367
3.4272732734680176,5.305863233515992,10.392913818359375
3.3793230056762695,5.324097835159462,10.44131851196289
3.358532428741455,5.265293168702296,10.391677856445312
3.4713099002838135,5.352109344010907,10.379929542541504
3.42771577835083,5.285292475351266,10.36128044128418
3.3410983085632324,5.265480314913605,10.332775115966797
3.4000039100646973,5.272697218727054,10.313116073608398
3.4368679523468018,5.311591954935076,10.381094932556152
3.391497850418091,5.274561548938177,10.304374694824219
3.3787221908569336,5.31468343861135,10.420387268066406
3.4242098331451416,5.279506460730253,10.376843452453613
3.4322257041931152,5.29714766680263,10.371377944946289
3.3875691890716553,5.332245275112135,10.40707778930664
3.399216413497925,5.271301745403823,10.405632019042969
3.351917028427124,5.329033736405628,10.356256484985352
3.3611388206481934,5.264536346907594,10.372161865234375
3.3335213661193848,5.286000164125913,10.387136459350586
3.4059388637542725,5.27962252125144,10.470796585083008
3.423419713973999,5.316307070565277,10.382530212402344
3.4563870429992676,5.32199670058409,10.36681079864502
3.394646406173706,5.2672779063162,10.417534828186035
3.4148895740509033,5.357406561296167,10.4092378616333
3.4152252674102783,5.278597258630076,10.428617477416992
3.3918519020080566,5.359069166571967,10.385152816772461
3.3808581829071045,5.312204604669075,10.397664070129395
3.4149527549743652,5.2785706909240355,10.430642127990723
3.354506492614746,5.239368871053947,10.351625442504883
3.3439459800720215,5.2641350911331495,10.44675064086914
3.3487677574157715,5.31161064308669,10.434480667114258
3.4223756790161133,5.300424670035551,10.34738540649414
3.3804378509521484,5.330184733994039,10.487095832824707
3.39323091506958,5.251492051640526,10.323390007019043
3.424262285232544,5.328394975679528,10.353002548217773
3.422083616256714,5.357478163205087,10.419561386108398
3.398078203201294,5.338701395384435,10.394277572631836
3.368619441986084,5.244761141948403,10.38785171508789
3.3545823097229004,5.252489293659373,10.336173057556152
3.384542226791382,5.228929057717324,10.370759010314941
3.3405303955078125,5.242120306473225,10.377366065979004
3.3795948028564453,5.319833560880007,10.335268020629883
3.354055881500244,5.271915211309014,10.392481803894043
3.4264326095581055,5.314120087639562,10.28419303894043
3.425098419189453,5.299126561132392,10.334218978881836
3.37888503074646,5.327996070563261,10.3408203125
3.387430429458618,5.313805550037484,10.374128341674805
3.402789354324341,5.196717602999083,10.28422737121582
3.3647310733795166,5.2230589546462785,10.365013122558594
3.3840246200561523,5.339393884941404,10.406667709350586
3.3987302780151367,5.332745303433122,10.35842514038086
3.4263787269592285,5.309559776314668,10.394989013671875
3.393373727798462,5.332585930724495,10.30720329284668
3.368305206298828,5.232479329786397,10.366691589355469
3.383800745010376,5.209060073031911,10.470317840576172
3.4106674194335938,5.282170896252085,10.421982765197754
3.4182441234588623,5.326186286751181,10.373802185058594
3.3897688388824463,5.292160925455391,10.422677993774414
3.4508936405181885,5.331876382364759,10.440099716186523
3.3936209678649902,5.309794835746288,10.393424987792969
3.4170820713043213,5.38266246393323,10.376846313476562
3.4317588806152344,5.343833484919742,10.304811477661133
3.369173526763916,5.276755205854507,10.423171997070312
3.4372200965881348,5.30914672131517,10.431963920593262
3.386242151260376,5.218811921043588,10.499473571777344
3.3527920246124268,5.230782687896863,10.38287353515625
3.4143474102020264,5.309578567377424,10.334634780883789
3.3438467979431152,5.240045385734577,10.355113983154297
3.4069156646728516,5.270597437263599,10.31952953338623
3.4100253582000732,5.237033271064449,10.458229064941406
3.3729097843170166,5.279687870393641,10.438070297241211
3.357759952545166,5.277903965607818,10.415298461914062
3.397580146789551,5.273588737705723,10.337028503417969
3.3814897537231445,5.196193759263094,10.275457382202148
3.33335018157959,5.234152131081958,10.402881622314453
3.448672294616699,5.279242043882342,10.33586311340332
3.3607075214385986,5.304783000244892,10.367937088012695
3.417133331298828,5.3148575166706,10.367162704467773
3.3344199657440186,5.200703142111057,10.300013542175293
3.3313472270965576,5.32021413680299,10.378741264343262
3.4324376583099365,5.3085293886916975,10.407577514648438
3.3862204551696777,5.3014601662621965,10.394512176513672
3.3951642513275146,5.262284039819081,10.399137496948242
3.372603178024292,5.291813594289124,10.398879051208496
3.390148162841797,5.243687731646268,10.397825241088867
3.326759099960327,5.275092775966706,10.367578506469727
3.367955446243286,5.253588925847517,10.43142032623291
3.337399482727051,5.284677085300375,10.352240562438965
3.420675277709961,5.25169865956663,10.33775520324707
3.4239449501037598,5.279690137099741,10.407159805297852
3.3797128200531006,5.314122116093391,10.312068939208984
3.4289791584014893,5.303651226950544,10.274503707885742
3.4117848873138428,5.244456445997847,10.341814994812012
3.3329355716705322,5.240004673068013,10.388996124267578
3.3337063789367676,5.20285311411135,10.3311767578125
3.329411268234253,5.3025520404667725,10.381654739379883
3.4230237007141113,5.312623477807002,10.392692565917969
3.371868133544922,5.254563768394291,10.37849235534668
3.340128183364868,5.264997994726789,10.389761924743652
3.367856740951538,5.259864401105526,10.359977722167969
3.379689931869507,5.2705025638320615,10.37771224975586
3.3276662826538086,5.27019251533784,10.477560043334961
3.340585231781006,5.227207950515939,10.371213912963867
3.363029956817627,5.259702490443097,10.325590133666992
3.410863161087036,5.280896712360638,10.301761627197266
3.427006483078003,5.269141654716805,10.374394416809082
3.3881890773773193,5.326714881230147,10.351495742797852
3.4492969512939453,5.302132195660046,10.331149101257324
3.3368701934814453,5.246794245205819,10.470832824707031
3.4103095531463623,5.353045603127352,10.416189193725586
3.4264910221099854,5.307970608251968,10.382838249206543
3.416271448135376,5.279989700431802,10.358940124511719
3.379164457321167,5.25385967951401,10.462898254394531
3.3614134788513184,5.263931855393042,10.400936126708984
3.4112141132354736,5.258766261760944,10.389687538146973
3.3754231929779053,5.321566964998575,10.3084135055542
3.4124085903167725,5.2255891188646535,10.408398628234863
3.3734066486358643,5.241011704484533,10.414634704589844
3.314032793045044,5.272711836799447,10.351432800292969
3.3826656341552734,5.320045131125621,10.385719299316406
3.3307225704193115,5.231235049964328,10.320638656616211
3.425893783569336,5.312806431703003,10.360689163208008
3.3213162422180176,5.254356929034527,10.420202255249023
3.341475486755371,5.23780446912029,10.3908052444458
3.377917766571045,5.340673466179786,10.380605697631836
3.389254093170166,5.331031757074275,10.343329429626465
3.3877146244049072,5.252304319491876,10.425455093383789
3.3240675926208496,5.17577850861874,10.327254295349121
3.4132931232452393,5.27823148005908,10.302474975585938
3.4693548679351807,5.374606870979602,10.369091987609863
3.3603856563568115,5.308464202930086,10.351709365844727
3.3028717041015625,5.242123898850488,10.429972648620605
3.3744282722473145,5.296315270010383,10.422880172729492
3.389950752258301,5.2319282117366255,10.419157028198242
3.3675038814544678,5.2845304220183085,10.297883987426758
3.3815555572509766,5.30119052748861,10.351929664611816
3.3132200241088867,5.307822754772912,10.345176696777344
3.3699982166290283,5.265388747677208,10.427356719970703
3.369372844696045,5.255891386353012,10.354866027832031
3.386646032333374,5.295857228072626,10.408977508544922
3.363542079925537,5.278811322624928,10.327449798583984
3.334275007247925,5.228918339059289,10.436363220214844
3.3996715545654297,5.334471027466601,10.312995910644531
3.403164863586426,5.287452688174588,10.376701354980469
3.39992094039917,5.341768693544768,10.416252136230469
3.443384885787964,5.320863769921873,10.38947868347168
3.4040539264678955,5.314225583935954,10.402862548828125
3.378678560256958,5.328737579785021,10.335238456726074
3.40793514251709,5.353300776000001,10.326324462890625
3.36962628364563,5.2704766240370065,10.343628883361816
3.297869920730591,5.218536790593395,10.266427993774414
3.4133388996124268,5.281021402949202,10.407264709472656
3.4305717945098877,5.303105630778841,10.333118438720703
3.357330322265625,5.27185615488062,10.362939834594727
3.3946566581726074,5.319418307061174,10.350193977355957
3.4365274906158447,5.341947016871667,10.363997459411621
3.388958692550659,5.222896218133559,10.399377822875977
3.3447227478027344,5.27801262194823,10.394083976745605
3.3689639568328857,5.322372772930456,10.35977840423584
3.4021167755126953,5.233492578013933,10.408042907714844
3.3511717319488525,5.222449224675074,10.3695650100708
3.4003822803497314,5.235287491198895,10.395990371704102
3.3591296672821045,5.255640984978527,10.303448677062988
3.376875400543213,5.260468509214531,10.446778297424316
3.356271266937256,5.2336650959415625,10.320075988769531
3.3683128356933594,5.2788568176329145,10.433393478393555
3.3212790489196777,5.258837779717786,10.364851951599121
3.395569324493408,5.366019008914009,10.4210844039917
3.3707902431488037,5.254875687383381,10.350238800048828
3.3805434703826904,5.362321588576638,10.394737243652344
3.3641374111175537,5.260906560579314,10.382308959960938
3.3560101985931396,5.193956169965011,10.340315818786621
3.3683347702026367,5.252984537842817,10.373297691345215
3.39439058303833,5.298679274540127,10.362275123596191
3.3978376388549805,5.36159733642957,10.298277854919434
3.3981451988220215,5.326676395754995,10.297139167785645
3.410454511642456,5.279594296423186,10.378254890441895
3.3499515056610107,5.204001223202795,10.327853202819824
3.378016471862793,5.179109505011834,10.354318618774414
3.406782627105713,5.318181865449462,10.455167770385742
3.3532073497772217,5.251428904776861,10.297989845275879
3.3711817264556885,5.325286122205268,10.371097564697266
3.4133598804473877,5.291962305316701,10.387961387634277
3.4083030223846436,5.2109750912724335,10.476971626281738
3.41243314743042,5.269369442614593,10.36322021484375
3.3794960975646973,5.253625846767266,10.379081726074219
3.3945538997650146,5.230432653600084,10.378837585449219
3.378542900085449,5.33460192651754,10.36776351928711
3.41827654838562,5.36747952953114,10.332135200500488
3.3370778560638428,5.214276136364788,10.332944869995117
3.334202289581299,5.317393915328596,10.407478332519531
3.364330291748047,5.270176660602114,10.370915412902832
3.414675235748291,5.277184229410652,10.451828002929688
3.374073028564453,5.299596790556929,10.408014297485352
3.411921977996826,5.283809471143677,10.404386520385742
3.3895556926727295,5.296650776306965,10.412656784057617
3.381910800933838,5.296101778978482,10.409147262573242
3.359149932861328,5.277954698473748,10.401823043823242
3.328496217727661,5.236334824834818,10.442441940307617
3.361387014389038,5.307565920321005,10.292291641235352
3.4106879234313965,5.300927537526669,10.331693649291992
3.3979294300079346,5.2040506179244925,10.328132629394531
3.409498929977417,5.294313371647149,10.395227432250977
3.422605037689209,5.293054685894665,10.329062461853027
3.326810121536255,5.209654504566321,10.418885231018066
3.366802215576172,5.274353929030309,10.40716552734375
3.313715696334839,5.261927582423335,10.426239013671875
3.37676739692688,5.301546632278977,10.479002952575684
3.360649585723877,5.312980869452336,10.44092082977295
3.345142126083374,5.261281741616715,10.42776107788086
3.32259202003479,5.321770694073556,10.387682914733887
3.3692874908447266,5.261512568054188,10.34766674041748
3.3599135875701904,5.264861348317936,10.401067733764648
3.351987361907959,5.245401330724625,10.401327133178711
3.396390438079834,5.263670960740586,10.352996826171875
3.3688414096832275,5.2169157209739625,10.361472129821777
3.3403961658477783,5.261079508312313,10.43027400970459
3.3338546752929688,5.222863725486345,10.388300895690918
3.3780744075775146,5.289580266955973,10.37711238861084
3.3868801593780518,5.264893142240388,10.42059326171875
3.383087635040283,5.289182464059974,10.38329792022705
3.3745527267456055,5.2557254392054995,10.425640106201172
3.3510260581970215,5.2477863328531384,10.376676559448242
3.361449718475342,5.253001137669863,10.357260704040527
3.413301467895508,5.264245221258274,10.280022621154785
3.3924856185913086,5.276551194489001,10.399543762207031
3.3830251693725586,5.276662372019408,10.354076385498047
3.3732194900512695,5.187399904409956,10.412060737609863
3.4102590084075928,5.3476548361525476,10.369216918945312
3.327942132949829,5.2246393972142995,10.428959846496582
3.3732025623321533,5.334483396361715,10.428592681884766
3.3844120502471924,5.257011970172503,10.34501838684082
3.344923496246338,5.2269326216275145,10.375510215759277
3.386517286300659,5.33519078934166,10.413761138916016
3.386535167694092,5.273371350186478,10.387550354003906
3.3620898723602295,5.249779457193135,10.406570434570312
3.3636081218719482,5.241808978341786,10.396167755126953
3.3542659282684326,5.293867629354022,10.37822437286377
3.407330274581909,5.339927910993408,10.417289733886719
3.3920984268188477,5.232646282462936,10.378157615661621
3.3930158615112305,5.299848597796101,10.381046295166016
3.366252899169922,5.253927009379757,10.414236068725586
3.3490896224975586,5.2532503549342175,10.320990562438965
3.3636627197265625,5.258329735569922,10.372949600219727
3.3780035972595215,5.280613205694992,10.39498233795166
3.305255651473999,5.190956710538428,10.4310302734375
3.319293260574341,5.235059011960402,10.281305313110352
3.42162823677063,5.275803583075426,10.386920928955078
3.3464887142181396,5.221280070953071,10.453391075134277
3.2748019695281982,5.22729426166708,10.360930442810059
3.364203453063965,5.275568902126647,10.344664573669434
3.375770330429077,5.237450709366906,10.376920700073242
3.3868439197540283,5.300554961498294,10.348057746887207
3.430267810821533,5.283915316719296,10.349150657653809
3.3670005798339844,5.265214662499991,10.378063201904297
3.355224132537842,5.1859695164021105,10.406519889831543
3.361339807510376,5.237169231787058,10.329042434692383
3.352586507797241,5.243945771329371,10.408714294433594
3.3694076538085938,5.310248090985365,10.405091285705566
3.404426336288452,5.277303842095924,10.425146102905273
3.396268129348755,5.345874518322359,10.377180099487305
3.321225881576538,5.2471274046693,10.347084045410156
3.3960726261138916,5.282081048603037,10.311066627502441
3.3617172241210938,5.318280741738688,10.335920333862305
3.3814895153045654,5.301672997252484,10.389350891113281
3.370734453201294,5.299880991390507,10.353440284729004
3.316775321960449,5.245764742705172,10.334776878356934
3.4347450733184814,5.335385956535383,10.366704940795898
3.308901786804199,5.2539271814748645,10.404073715209961
3.3724172115325928,5.24457346478344,10.283523559570312
3.3673665523529053,5.2849744453893175,10.391702651977539
3.3733832836151123,5.299547194935648,10.384537696838379
3.351776123046875,5.314566027206767,10.331499099731445
3.3041889667510986,5.241631200603609,10.384115219116211
3.3900692462921143,5.289763542989801,10.412700653076172
3.3807690143585205,5.3230761291924855,10.423515319824219
3.271118640899658,5.273680871119722,10.352797508239746
3.39729905128479,5.249630661082587,10.349157333374023
3.388221502304077,5.244298030954917,10.38845443725586
3.3972740173339844,5.374305572527062,10.378867149353027
3.4255943298339844,5.281292762008628,10.405983924865723
3.4358582496643066,5.215632878243923,10.443522453308105
3.3204126358032227,5.259049054567835,10.361701011657715
3.3229637145996094,5.241872245246278,10.389209747314453
3.291790008544922,5.278237792829583,10.337366104125977
3.3733417987823486,5.233125633726429,10.394676208496094
3.383110284805298,5.298666271181511,10.379216194152832
3.3412578105926514,5.199332808077868,10.332808494567871
3.3367202281951904,5.182092944459457,10.334508895874023
3.3366880416870117,5.211921186419204,10.39528751373291
3.3401904106140137,5.22512195552034,10.402360916137695
3.3547823429107666,5.302086820094182,10.368219375610352
3.324202060699463,5.323833012587524,10.40988540649414
3.3342103958129883,5.260080399789981,10.41339111328125
3.3055689334869385,5.283234648406506,10.430543899536133
3.3728678226470947,5.226518787643206,10.39948558807373
3.3097822666168213,5.22039096363421,10.461241722106934
3.3543567657470703,5.2844803621659855,10.380267143249512
3.325000762939453,5.243486165634489,10.348634719848633
3.4014506340026855,5.21324420460899,10.312906265258789
3.4009079933166504,5.282938570715486,10.365375518798828
3.376296281814575,5.308123377916802,10.325255393981934
3.3723795413970947,5.2738643711366295,10.329658508300781
3.3522510528564453,5.216870177670249,10.351430892944336
3.397378444671631,5.319185645951491,10.378403663635254
3.3766837120056152,5.219313415532399,10.4005126953125
3.3577775955200195,5.3251504674886485,10.436298370361328
3.38171648979187,5.250641495588102,10.41738224029541
3.3650379180908203,5.3184934443062435,10.341655731201172
3.3768129348754883,5.313284070164498,10.385919570922852
3.345637321472168,5.232235675245257,10.358181953430176
3.3569326400756836,5.296601769713951,10.379308700561523
3.3173463344573975,5.256131750398448,10.400028228759766
3.3421173095703125,5.2518143670833,10.380228042602539
3.3679537773132324,5.307619870673599,10.35563850402832
3.340935707092285,5.265178175709609,10.394186019897461
3.306704044342041,5.199591972499288,10.426092147827148
3.417529344558716,5.3206024274695665,10.384925842285156
3.399054765701294,5.323171706504321,10.466808319091797
3.3761842250823975,5.287894831704241,10.389765739440918
3.3671605587005615,5.3066021494035205,10.340967178344727
3.3315541744232178,5.268998168508655,10.399587631225586
3.3193233013153076,5.295388145605102,10.293119430541992
3.3348031044006348,5.248656893282065,10.409635543823242
3.2627499103546143,5.227782612101041,10.365574836730957
3.394054889678955,5.284874182493826,10.357535362243652
3.3617260456085205,5.291100081488756,10.340288162231445
3.3476836681365967,5.299794491280668,10.367642402648926
3.315892457962036,5.196337178515803,10.389009475708008
3.354464530944824,5.283321694238111,10.432161331176758
3.320572853088379,5.251604602372805,10.414670944213867
3.3569087982177734,5.321910760199119,10.351205825805664
3.3781633377075195,5.30963164232006,10.46463680267334
3.27942156791687,5.176765848549881,10.489280700683594
3.342151641845703,5.22726724050673,10.347442626953125
3.330667734146118,5.222871305520779,10.43413257598877
3.3500189781188965,5.287507617679824,10.380084037780762
3.401962995529175,5.317850387921291,10.377396583557129
3.297327995300293,5.185786531340065,10.392932891845703
3.355827808380127,5.256000890828935,10.367051124572754
3.298046827316284,5.222411585106913,10.438201904296875
3.3725779056549072,5.256382564215787,10.427421569824219
3.342456579208374,5.2625536353194295,10.334039688110352
3.3682453632354736,5.184213334029274,10.32531452178955
3.341125965118408,5.230112714559904,10.364139556884766
3.3555731773376465,5.257099903953661,10.400164604187012
3.3626368045806885,5.304096378718636,10.375240325927734
3.4000508785247803,5.31369062010864,10.374316215515137
3.3072516918182373,5.1623367145324925,10.395711898803711
3.39318585395813,5.299981287846874,10.365522384643555
3.333221912384033,5.204916977024237,10.335649490356445
3.326359272003174,5.253184631333819,10.381693840026855
3.368363618850708,5.2428517515571516,10.394758224487305
3.3368570804595947,5.2955666859966835,10.431938171386719
3.347499370574951,5.341031534830109,10.405805587768555
3.381699323654175,5.342343672012379,10.392223358154297
3.3304779529571533,5.217998677033133,10.40789794921875
3.3439412117004395,5.262317475563447,10.426424026489258
3.3324921131134033,5.262219263074387,10.468469619750977
3.3242547512054443,5.257197262885581,10.364228248596191
3.4197351932525635,5.225355149446321,10.396467208862305
3.320216655731201,5.238345938634925,10.341468811035156
3.286928653717041,5.226177378424577,10.346659660339355
3.331744909286499,5.293690216029063,10.36585521697998
3.3486905097961426,5.282468394076984,10.390931129455566
3.355815887451172,5.257250943287675,10.346358299255371
3.3420016765594482,5.167500635176631,10.441998481750488
3.3972554206848145,5.291454165808059,10.427431106567383
3.396493673324585,5.301100883499852,10.378067970275879
3.364612102508545,5.23300428116428,10.325927734375
3.427347183227539,5.303268753823691,10.440038681030273
3.3582394123077393,5.236249123766486,10.315349578857422
3.3794732093811035,5.270272422216035,10.358933448791504
3.374096155166626,5.239622145159436,10.467758178710938
3.3362534046173096,5.169732986583507,10.37785530090332
3.3265717029571533,5.267663266942171,10.26227855682373
3.3227062225341797,5.231131648910897,10.42536735534668
3.3798983097076416,5.352969143539668,10.341163635253906
3.3444533348083496,5.241250301278861,10.365787506103516
3.364003896713257,5.286077862405883,10.362412452697754
3.2895443439483643,5.230482045694122,10.426756858825684
3.3751676082611084,5.209395180755694,10.328203201293945
3.3449301719665527,5.2377122147674005,10.374113082885742
3.3434386253356934,5.284305089120088,10.380152702331543
3.3004260063171387,5.251047500575494,10.402717590332031
3.336946964263916,5.312087491686855,10.340847969055176
3.3561673164367676,5.276052834499361,10.34878158569336
3.317915916442871,5.211698404213946,10.411584854125977
3.339677572250366,5.197303283760058,10.412997245788574
3.340090036392212,5.229122608301362,10.420459747314453
3.338951349258423,5.1897706975162565,10.41606616973877
3.321415662765503,5.28883467774306,10.399209022521973
3.364377498626709,5.237730467292879,10.371068954467773
3.353543758392334,5.302099266721468,10.457529067993164
3.365471124649048,5.229109488993085,10.368972778320312
3.397542715072632,5.290488640012753,10.367790222167969
3.337534189224243,5.214530619859163,10.38422966003418
3.2924721240997314,5.192087980386402,10.408943176269531
3.4013516902923584,5.319237204301835,10.331186294555664
3.402249574661255,5.295692688120262,10.373229026794434
3.3622710704803467,5.300712804975253,10.273387908935547
3.3666458129882812,5.322898336752717,10.398078918457031
3.3301239013671875,5.258377652349217,10.348018646240234
3.3591203689575195,5.219084675057924,10.342535018920898
3.2874715328216553,5.1883696844867835,10.373493194580078
3.2907755374908447,5.244359525386244,10.3351469039917
3.3693454265594482,5.265437666426545,10.296506881713867
3.38641095161438,5.271388384513557,10.34870719909668
3.3931949138641357,5.32816440948019,10.355042457580566
3.341453790664673,5.263436264358461,10.40853214263916
3.367788076400757,5.277785968135244,10.359922409057617
3.3434717655181885,5.183077607969088,10.346426010131836
3.384143114089966,5.276463416205453,10.40560531616211
3.3643910884857178,5.315777489183738,10.390931129455566
3.402975082397461,5.28469028613264,10.378589630126953
3.3541758060455322,5.189906017721764,10.384417533874512
3.2957000732421875,5.174485596129671,10.408941268920898
3.4349679946899414,5.303890333876812,10.377226829528809
3.3457894325256348,5.237932096867423,10.342162132263184
3.367449998855591,5.278269104559772,10.416172981262207
3.403517484664917,5.251950070528047,10.44897747039795
3.331263780593872,5.313383192123313,10.388787269592285
3.394453763961792,5.277097972509052,10.39995002746582
3.3123021125793457,5.277673283492082,10.348139762878418
3.3557236194610596,5.186124604361663,10.466943740844727
3.3965976238250732,5.331584949345728,10.359668731689453
3.354994058609009,5.215217275112602,10.336020469665527
3.3188517093658447,5.257869347464293,10.350391387939453
3.309326648712158,5.2812118540584505,10.402507781982422
3.3389949798583984,5.231638230815795,10.366427421569824
3.3781180381774902,5.295852252814387,10.413787841796875
3.340092182159424,5.262269516608545,10.310395240783691
3.329681396484375,5.294910767581314,10.434666633605957
3.385030746459961,5.27687281479926,10.309324264526367
3.337803840637207,5.23379048266049,10.306439399719238
3.337517023086548,5.2346099874869525,10.373847961425781
3.341827630996704,5.240987472668556,10.370214462280273
3.3695905208587646,5.297731077198738,10.357114791870117
3.29738450050354,5.183809301649619,10.371696472167969
3.3262782096862793,5.312435116552348,10.413784980773926
3.301072120666504,5.2238379855573704,10.323282241821289
3.3310277462005615,5.219492182202105,10.403865814208984
3.316920042037964,5.216905048649226,10.409489631652832
3.3449761867523193,5.2653087039943784,10.374756813049316
3.272083282470703,5.168337568607448,10.388826370239258
3.3758723735809326,5.312332025529551,10.438261032104492
3.309725761413574,5.23450161047679,10.437299728393555
3.3825788497924805,5.294184906275145,10.391999244689941
3.3899431228637695,5.29005752394109,10.39366626739502
3.38342022895813,5.26467010934305,10.421821594238281
3.346747398376465,5.260325583662572,10.395303726196289
3.364755392074585,5.231828651025093,10.325931549072266
3.4147489070892334,5.267690305664603,10.383716583251953
3.365516424179077,5.241489751098145,10.41403579711914
3.298776626586914,5.2483273535368165,10.43441390991211
3.3758366107940674,5.25809364689381,10.40404224395752
3.332298755645752,5.335144694096276,10.452256202697754
3.301767587661743,5.243938210719664,10.461594581604004
3.3080193996429443,5.177648533634575,10.339738845825195
3.3391611576080322,5.325137649662792,10.432369232177734
3.2927768230438232,5.260058309849617,10.399547576904297
3.2909491062164307,5.213920038459556,10.33896255493164
3.3519697189331055,5.240801414840721,10.444709777832031
3.3722288608551025,5.276749001450039,10.386743545532227
3.331702470779419,5.229069752119748,10.391579627990723
3.2616429328918457,5.170390886221347,10.358134269714355
3.460146903991699,5.301888334764434,10.388322830200195
3.3628787994384766,5.23465058054509,10.36745548248291
3.354013681411743,5.227551028764407,10.401261329650879
3.3251140117645264,5.225168452964031,10.341299057006836
3.343637466430664,5.200352784212944,10.366232872009277
3.2928426265716553,5.165821541599663,10.361099243164062
3.373483180999756,5.263378541351163,10.39632511138916
3.321094036102295,5.282757979352027,10.349394798278809
3.3441672325134277,5.218665726349822,10.340234756469727
3.288472890853882,5.195433421060443,10.448678016662598
3.3174684047698975,5.22244979617452,10.391130447387695
3.3277597427368164,5.294895459565201,10.337087631225586
3.32442045211792,5.230373771994241,10.43217658996582
3.353100061416626,5.198907105618023,10.404048919677734
3.2993717193603516,5.163344386998297,10.286188125610352
3.3446152210235596,5.323515315074474,10.400277137756348
3.34543776512146,5.188451437845028,10.479399681091309
3.346968650817871,5.234349505210828,10.357610702514648
3.379234790802002,5.271619515160896,10.411399841308594
3.370206356048584,5.298069674588207,10.354446411132812
3.3201417922973633,5.294543249432795,10.344569206237793
3.371161460876465,5.261415987109233,10.353740692138672
3.34011173248291,5.2021442922830055,10.386178970336914
3.297977924346924,5.226571063976734,10.466866493225098
3.338879346847534,5.2744590948402355,10.41756820678711
3.335200071334839,5.26450463497479,10.364009857177734
3.3380589485168457,5.24053167728042,10.42358112335205
3.3678627014160156,5.248450759798288,10.319104194641113
3.3155338764190674,5.213838070996903,10.374917984008789
3.364534854888916,5.29906335655999,10.332518577575684
3.3529043197631836,5.225720482445988,10.353460311889648
3.3920059204101562,5.2374332632669915,10.365625381469727
3.325556755065918,5.276164178470416,10.319419860839844
3.3185553550720215,5.270952597127429,10.388521194458008
3.335264205932617,5.171877532864787,10.361546516418457
3.337078094482422,5.196431420909773,10.41382122039795
3.3716790676116943,5.320735939778388,10.401015281677246
3.3527472019195557,5.3005140617024145,10.39242935180664
3.380697727203369,5.342787704097905,10.339591979980469
3.376685857772827,5.248072223638051,10.416845321655273
3.3502860069274902,5.267037560065676,10.33647632598877
3.2957193851470947,5.227972103615425,10.443155288696289
3.3124213218688965,5.2060637153419,10.441086769104004
3.319521903991699,5.2590797804961245,10.418046951293945
3.373899221420288,5.324467520528873,10.325594902038574
3.3164186477661133,5.171438616800255,10.35646915435791
3.3142662048339844,5.24898239571069,10.3423433303833
3.3091797828674316,5.2205203955527395,10.437666893005371
3.3455610275268555,5.254878920935361,10.329801559448242
3.3418731689453125,5.2169960283873875,10.423776626586914
3.3370859622955322,5.21158740802535,10.352785110473633
3.290687322616577,5.2007349352684935,10.45183277130127
3.323838233947754,5.19161299017391,10.379560470581055
3.321491241455078,5.285946906211652,10.413629531860352
3.3486928939819336,5.331548932706937,10.398089408874512
3.3362984657287598,5.256292873760686,10.333468437194824
3.3051059246063232,5.280479117562728,10.361191749572754
3.3054897785186768,5.257894274911711,10.449077606201172
3.366992950439453,5.285098234756982,10.36593246459961
3.313659906387329,5.234524878473686,10.449459075927734
3.318772792816162,5.252032380218485,10.36600112915039
3.335113286972046,5.256241720402613,10.393228530883789
3.3397881984710693,5.213736835468028,10.348793029785156
3.303972005844116,5.201183260618044,10.3126220703125
3.332188844680786,5.167084633838385,10.373080253601074
3.3739233016967773,5.333286023865054,10.3740234375
3.377506732940674,5.2663720339603195,10.40311050415039
3.3214547634124756,5.301896065905956,10.398412704467773
3.3796966075897217,5.307091714980612,10.442787170410156
3.368297815322876,5.298228496086916,10.416111946105957
3.349532127380371,5.2956894331478646,10.394155502319336
3.353430986404419,5.247763416497037,10.415611267089844
3.355018138885498,5.299652047089434,10.376083374023438
3.30692458152771,5.276641364408923,10.319616317749023
3.3144710063934326,5.260026695738946,10.32180118560791
3.3383233547210693,5.278708701387846,10.347963333129883
3.3308451175689697,5.257501009884956,10.383928298950195
3.33553409576416,5.228730474997844,10.429369926452637
3.3469231128692627,5.269059086650876,10.370404243469238
3.333895683288574,5.247539627399029,10.34439754486084
3.2977235317230225,5.235288230369665,10.341629028320312
3.290595293045044,5.2722518963273615,10.352293014526367
3.353602170944214,5.317054876026565,10.396181106567383
3.3459317684173584,5.302644571555511,10.381946563720703
3.3453173637390137,5.290996553476101,10.374079704284668
3.3299944400787354,5.209346020161839,10.470955848693848
3.304187297821045,5.239710789040796,10.366337776184082
3.361830234527588,5.329660761003782,10.386363983154297
3.344759225845337,5.271114080312795,10.325275421142578
3.309967517852783,5.334492197193738,10.324094772338867
3.3250598907470703,5.243346004680332,10.367853164672852
3.358611583709717,5.2825620106221844,10.377099990844727
3.2970874309539795,5.233413856609592,10.362478256225586
3.3683266639709473,5.255637976407472,10.342263221740723
3.3453192710876465,5.2396672073352555,10.3663911819458
3.318415403366089,5.286953043325671,10.332661628723145
3.2956252098083496,5.192973150073418,10.452878952026367
3.374431848526001,5.200517184001261,10.369974136352539
3.3139891624450684,5.222322215825053,10.365437507629395
3.340160608291626,5.268998240320278,10.355046272277832
3.339881420135498,5.218931772712883,10.383295059204102
3.265662908554077,5.288334056868085,10.410300254821777
3.3390867710113525,5.248140840358767,10.363309860229492
3.346895217895508,5.276727089092934,10.35867977142334
3.336378812789917,5.23901725893042,10.367842674255371
3.3132987022399902,5.2647603685368916,10.328408241271973
3.37827467918396,5.338870660634711,10.405179977416992
3.2978928089141846,5.242349649546668,10.374792098999023
3.282393217086792,5.193715666686851,10.392814636230469
3.3516252040863037,5.211306898322489,10.295884132385254
3.343261480331421,5.2000480618860045,10.316044807434082
3.3448150157928467,5.2553403774342895,10.378623962402344
3.3075456619262695,5.251338581421545,10.390166282653809
3.341777801513672,5.175206965500755,10.3232421875
3.338991641998291,5.2464772379691045,10.322843551635742
3.313223361968994,5.241945650827671,10.342655181884766
3.2676804065704346,5.272180882947786,10.367837905883789
3.3475887775421143,5.254375351493113,10.44675350189209
3.3350956439971924,5.171665524964087,10.445221900939941
3.3047657012939453,5.220077980908432,10.386747360229492
3.3854920864105225,5.2896512938064655,10.317567825317383
3.318620443344116,5.309668199757913,10.391982078552246
3.3833131790161133,5.312213633841436,10.398109436035156
3.3331398963928223,5.198041034330215,10.401212692260742
3.331000328063965,5.241327617417223,10.428886413574219
3.3009679317474365,5.240083433853994,10.377605438232422
3.314695358276367,5.23651556414552,10.41633129119873
3.357966423034668,5.249725626914628,10.41751766204834
3.294074535369873,5.214122407737055,10.386357307434082
3.3303909301757812,5.16756080230698,10.33684253692627
3.3143203258514404,5.2829203748343785,10.38053035736084
3.3552138805389404,5.300944523054309,10.347686767578125
3.2928454875946045,5.2505282825856865,10.376254081726074
3.3540308475494385,5.395460791553238,10.374784469604492
3.2950971126556396,5.257309445778706,10.362346649169922
3.351097583770752,5.249349703446828,10.424240112304688
3.305736541748047,5.265508962362739,10.33369255065918
3.340308904647827,5.24809104929279,10.383864402770996
3.356757164001465,5.247753099871002,10.420282363891602
3.381887435913086,5.281059760134666,10.397284507751465
3.277777671813965,5.1779582092006295,10.427751541137695
3.3307318687438965,5.284834293947955,10.390762329101562
3.328968048095703,5.23017924072753,10.327259063720703
3.317117214202881,5.219759283986475,10.375129699707031
3.367932081222534,5.296878807013854,10.408273696899414
3.2999610900878906,5.2236777592250805,10.364523887634277
3.3011436462402344,5.257327618476536,10.36485767364502
3.3667845726013184,5.355215798631044,10.361918449401855
3.3159234523773193,5.266003209132967,10.426412582397461
3.346299648284912,5.279572130879387,10.313680648803711
3.308140993118286,5.209900161650564,10.43659496307373
3.283353090286255,5.237227918413867,10.387154579162598
3.317866802215576,5.2941348991090695,10.34945011138916
3.3629605770111084,5.30974380628738,10.396307945251465
3.338243007659912,5.24644406409269,10.440241813659668
3.343977928161621,5.282598658631157,10.3785400390625
3.3290135860443115,5.228905697785584,10.388843536376953
3.369542360305786,5.329226193417395,10.35580062866211
3.372807741165161,5.168368503850485,10.401171684265137
3.3516688346862793,5.2958503187900146,10.334850311279297
3.2988877296447754,5.267178906859564,10.40216064453125
3.2716400623321533,5.238512618234381,10.419836044311523
3.322925567626953,5.191937128913455,10.366874694824219
3.3396260738372803,5.274698300752789,10.452558517456055
3.3644680976867676,5.253716721199453,10.399981498718262
3.3242027759552,5.225836672620582,10.318154335021973
3.2853989601135254,5.207572918917451,10.41797924041748
3.356058120727539,5.302613442497594,10.410356521606445
3.336575508117676,5.275616366416215,10.305375099182129
3.300271511077881,5.229839245522661,10.412144660949707
3.3178248405456543,5.2538934821329475,10.321471214294434
3.2869248390197754,5.261773964889081,10.421915054321289
3.275188446044922,5.267641679150985,10.384307861328125
3.35355544090271,5.243743600889242,10.437861442565918
3.322187900543213,5.1872596852481365,10.420363426208496
3.2961819171905518,5.228324704238081,10.463810920715332
3.2833878993988037,5.230795140810576,10.51402759552002
3.3268003463745117,5.229708565565359,10.435293197631836
3.3149704933166504,5.283902329425993,10.379448890686035
3.3357512950897217,5.281508180312812,10.280525207519531
3.3095180988311768,5.232588855150555,10.345870971679688
3.329010486602783,5.211972877981939,10.381032943725586
3.250370979309082,5.193228986446879,10.385708808898926
3.3552608489990234,5.311804448054837,10.379385948181152
3.3846943378448486,5.250057796615042,10.349430084228516
3.30306339263916,5.24245510449899,10.420286178588867
3.3265998363494873,5.188603255066222,10.365946769714355
3.306579351425171,5.2554069075933,10.377969741821289
3.3474225997924805,5.250598783205662,10.432061195373535
3.291806221008301,5.2504789909747025,10.400901794433594
3.3044488430023193,5.217731952966591,10.350360870361328
3.2906241416931152,5.157214319932141,10.397462844848633
3.3080267906188965,5.228292656064567,10.385366439819336
3.3583295345306396,5.2841409367642225,10.329275131225586
3.3195974826812744,5.258031388644927,10.38880443572998
3.327596426010132,5.251555499720521,10.390478134155273
3.323319673538208,5.23967700681117,10.39348316192627
3.3781847953796387,5.262918038360242,10.378564834594727
3.3281826972961426,5.235168633849493,10.392691612243652
3.2480123043060303,5.2878819803507735,10.387426376342773
3.274948835372925,5.286611931564819,10.36910629272461
3.2764782905578613,5.204642578260973,10.386311531066895
3.371547222137451,5.33031141867728,10.485395431518555
3.3684253692626953,5.229732900059648,10.391021728515625
3.281268358230591,5.178388926732753,10.317032814025879
3.3147082328796387,5.272624286057959,10.437663078308105
3.3703064918518066,5.218831526248582,10.333688735961914
3.3257687091827393,5.237025537395052,10.335779190063477
3.290628671646118,5.235066713565694,10.36170482635498
3.3471853733062744,5.294489132040846,10.426010131835938
3.281907081604004,5.192372937287603,10.328681945800781
3.273578405380249,5.280835740135184,10.341135025024414
3.331346035003662,5.272155817365274,10.36776351928711
3.30342960357666,5.189092216880194,10.31309700012207
3.312213659286499,5.202675970005138,10.297393798828125
3.3302876949310303,5.264556391863152,10.34859848022461
3.3462982177734375,5.282202282787434,10.375272750854492
3.2972354888916016,5.2255225412747155,10.307662963867188
3.3133275508880615,5.269675114757514,10.433218002319336
3.3243911266326904,5.287337388144807,10.433855056762695
3.3422510623931885,5.2163423825321455,10.420676231384277
3.3183860778808594,5.299329997572515,10.398098945617676
3.32183837890625,5.251114012573712,10.355077743530273
3.255373477935791,5.212903646552669,10.272628784179688
3.3137106895446777,5.200556286843493,10.399669647216797
3.394848108291626,5.265882816298732,10.413069725036621
3.372769355773926,5.32457904308103,10.417743682861328
3.324923276901245,5.275987857287483,10.412946701049805
3.326200246810913,5.202160505677707,10.347488403320312
3.2728896141052246,5.2297922479587475,10.403779029846191
3.3043158054351807,5.218167413092618,10.410070419311523
3.319140672683716,5.224287653741027,10.40149211883545
3.303135871887207,5.164688807845648,10.328987121582031
3.305445909500122,5.271798849804327,10.430994033813477
3.2968008518218994,5.206360612663308,10.331274032592773
3.344886064529419,5.238976752185928,10.389452934265137
3.275167465209961,5.14573816070333,10.3927001953125
3.288012981414795,5.205118984183562,10.41496467590332
3.2745819091796875,5.2276960326957385,10.417546272277832
3.31734561920166,5.2373407008791615,10.312124252319336
3.211468458175659,5.155871718356917,10.311395645141602
3.2809746265411377,5.3111172864280105,10.464692115783691
3.3138957023620605,5.272576802376924,10.392026901245117
3.38763689994812,5.297684463040371,10.420820236206055
3.2520065307617188,5.164452564436943,10.347675323486328
3.293207883834839,5.2207788709285,10.373002052307129
3.32409930229187,5.247101566188835,10.479318618774414
3.293548822402954,5.240502157381602,10.296626091003418
3.3679163455963135,5.266498404521761,10.323684692382812
3.306879997253418,5.189170804772792,10.317975044250488
3.30826473236084,5.248956568805235,10.370099067687988
3.3242690563201904,5.213973062645112,10.405391693115234
3.341343879699707,5.181204119963306,10.38233757019043
3.3107404708862305,5.272463654434042,10.311983108520508
3.3106319904327393,5.26305335923098,10.340215682983398
3.378269910812378,5.268648251425475,10.355743408203125
3.352130174636841,5.24747524776363,10.345993041992188
3.2891244888305664,5.205369650685627,10.459699630737305
3.2945077419281006,5.144112872292421,10.31236743927002
3.347409725189209,5.259792525287984,10.363664627075195
3.3247532844543457,5.251140479829961,10.379570007324219
3.3190464973449707,5.2247549397538275,10.421878814697266
3.2765066623687744,5.180495029614705,10.346561431884766
3.305684804916382,5.2911551797629475,10.3271484375
3.31669020652771,5.2377610839903355,10.285699844360352
3.3096113204956055,5.190086130751297,10.380216598510742
3.3115484714508057,5.2453268869181295,10.426828384399414
3.3281941413879395,5.25413510063663,10.358526229858398
3.290374994277954,5.204088659657698,10.373819351196289
3.305171489715576,5.217682749931035,10.408348083496094
3.287708282470703,5.19705827584091,10.288288116455078
3.331697940826416,5.25692755223385,10.312878608703613
3.268319606781006,5.231739874397006,10.363542556762695
3.323336601257324,5.334021290132243,10.310900688171387
3.3257734775543213,5.254415378440172,10.439722061157227
3.3129968643188477,5.189265602567632,10.34338665008545
3.3145105838775635,5.271687428500237,10.462331771850586
3.3337152004241943,5.2319370041867455,10.397814750671387
3.3498377799987793,5.227469292569107,10.353148460388184
3.3717687129974365,5.27210582227313,10.461681365966797
3.31894588470459,5.254636497669189,10.385910034179688
3.2812414169311523,5.214539066289684,10.364360809326172
3.3193724155426025,5.199328569994708,10.378963470458984
3.328907012939453,5.235538525739685,10.337081909179688
3.336660385131836,5.196539794593783,10.431711196899414
3.3277955055236816,5.211237390159762,10.416951179504395
3.3012921810150146,5.234054017878536,10.409120559692383
3.360940456390381,5.208758130503286,10.353474617004395
3.286804676055908,5.1909930114634335,10.39616870880127
3.2461555004119873,5.216547892262627,10.317461013793945
3.2238388061523438,5.145564554591797,10.375677108764648
3.340402603149414,5.279875573901726,10.384519577026367
3.2924177646636963,5.200135157077706,10.41062068939209
3.338503122329712,5.2439122733526995,10.336651802062988
3.272599935531616,5.216534407576546,10.321661949157715
3.3635447025299072,5.269553614181599,10.454211235046387
3.300428628921509,5.221107329641069,10.330814361572266
3.3439159393310547,5.236130333971232,10.372946739196777
3.3188300132751465,5.175996467071984,10.362493515014648
3.334771156311035,5.346648366622893,10.398138046264648
3.290290355682373,5.169558901206723,10.33039665222168
3.3934085369110107,5.356592952972278,10.459406852722168
3.320112943649292,5.251495024355661,10.373624801635742
3.3207805156707764,5.21315428454961,10.372512817382812
3.292999029159546,5.191417333370606,10.325140953063965
3.278210163116455,5.163710738964644,10.305108070373535
3.2820987701416016,5.23740951676986,10.400516510009766
3.2607131004333496,5.264018063932391,10.397636413574219
3.3103411197662354,5.143874999701178,10.436739921569824
3.3254570960998535,5.192689802564148,10.488906860351562
3.2998552322387695,5.280762439759981,10.339319229125977
3.306084632873535,5.143266115171302,10.400249481201172
3.316375970840454,5.27549423646581,10.354781150817871
3.3071413040161133,5.1412674749070515,10.319051742553711
3.284140110015869,5.207353800734771,10.356391906738281
3.3621535301208496,5.364280966842281,10.386466979980469
3.317016124725342,5.238052414497361,10.39321517944336
3.3102054595947266,5.267306568167571,10.40786361694336
3.364478826522827,5.219657748604992,10.350099563598633
3.3702759742736816,5.293098462412932,10.40506362915039
3.308367967605591,5.201628830882587,10.340065002441406
3.2550084590911865,5.180775208165869,10.31363296508789
3.3086061477661133,5.232040684769994,10.354423522949219
3.292693614959717,5.192609342480345,10.421257019042969
3.30846905708313,5.241229826418151,10.382452964782715
3.318788766860962,5.2855308602697075,10.423919677734375
3.2785751819610596,5.109579643500703,10.385130882263184
3.239931344985962,5.228964850905218,10.33380126953125
3.2911601066589355,5.225588463280084,10.411279678344727
3.309025287628174,5.223739550182861,10.33944320678711
3.356200933456421,5.237615163803898,10.455400466918945
3.327596664428711,5.148273711591694,10.433466911315918
3.3234446048736572,5.2028598690605055,10.36059284210205
3.2908761501312256,5.202175796597397,10.393632888793945
3.3358418941497803,5.3066500317904035,10.41313362121582
3.2822694778442383,5.223038947841685,10.339692115783691
3.3604960441589355,5.2560119397738685,10.381888389587402
3.300300121307373,5.204377469274083,10.374296188354492
3.3471577167510986,5.262621399447588,10.322977066040039
3.277642011642456,5.2126674420932035,10.424232482910156
3.3093926906585693,5.221794502244198,10.358940124511719
3.3415486812591553,5.248762598527329,10.375102996826172
3.2566308975219727,5.181855451614995,10.373116493225098
3.30985951423645,5.283344599118989,10.386645317077637
3.3113467693328857,5.286793806723185,10.461524963378906
3.292518377304077,5.219551773941411,10.310614585876465
3.2832391262054443,5.266582874514695,10.35738754272461
3.3129982948303223,5.1872364884308935,10.384453773498535
3.356018304824829,5.27173436765692,10.463691711425781
3.313626527786255,5.232124504533463,10.411893844604492
3.319016456604004,5.273251653848482,10.354318618774414
3.282057046890259,5.20087592460082,10.36463451385498
3.3083574771881104,5.288839320153264,10.35824966430664
3.2923851013183594,5.240663144737482,10.448777198791504
3.2764763832092285,5.144828467895943,10.420354843139648
3.2855491638183594,5.204156431602315,10.326921463012695
3.3242266178131104,5.263602749078667,10.367597579956055
3.318244457244873,5.204092123113306,10.421592712402344
3.365863800048828,5.305180768781741,10.481640815734863
3.271489143371582,5.20884880493395,10.45266056060791
3.3338005542755127,5.263090000587649,10.358678817749023
3.3041911125183105,5.219616681204311,10.331332206726074
3.2750699520111084,5.213711397522794,10.408279418945312
3.3135557174682617,5.268578191387599,10.372100830078125
3.3109426498413086,5.251118352836264,10.361591339111328
3.214373826980591,5.112179799504312,10.3396577835083
3.343411445617676,5.201358443891098,10.345185279846191
3.3767781257629395,5.265960204814162,10.340166091918945
3.274592399597168,5.249813457984211,10.341534614562988
3.3146584033966064,5.259877424487578,10.342700958251953
3.3063395023345947,5.15710458801394,10.357073783874512
3.339146375656128,5.276846017721774,10.308820724487305
3.3212921619415283,5.271221051790885,10.41091537475586
3.2709786891937256,5.2065109294240495,10.32337474822998
3.293782949447632,5.207685431365722,10.432427406311035
3.2810046672821045,5.328820141697569,10.410282135009766
3.2397241592407227,5.101230018772185,10.352115631103516
3.290644884109497,5.199918015527405,10.445261001586914
3.338341474533081,5.23285204404965,10.35886287689209
3.293646812438965,5.256509890746591,10.371915817260742
3.2612855434417725,5.16831294127873,10.422842025756836
3.2911059856414795,5.2247627516210615,10.343940734863281
3.31532621383667,5.25910184489164,10.378571510314941
3.294271469116211,5.254540096502751,10.426848411560059
3.315162181854248,5.186469290405512,10.371679306030273
3.30519700050354,5.174211667784091,10.437582015991211
3.3069164752960205,5.291958195955626,10.471879959106445
3.306020736694336,5.2325674141424585,10.354930877685547
3.3243110179901123,5.259949459694326,10.424729347229004
3.2336254119873047,5.23524399577374,10.45256233215332
3.325927734375,5.2051885814539025,10.289833068847656
3.2485084533691406,5.2390298556004256,10.387544631958008
3.269049882888794,5.239168924279511,10.485397338867188
3.323357343673706,5.286682347467702,10.382895469665527
3.252873659133911,5.227783055144496,10.342425346374512
3.27577543258667,5.202779780175271,10.38977336883545
3.3260083198547363,5.265277298067564,10.409721374511719
3.307424545288086,5.2264037671432435,10.408758163452148
3.3189053535461426,5.190934800110491,10.398114204406738
3.297891139984131,5.215100184848,10.39737319946289
3.2503418922424316,5.2327382805690705,10.430877685546875
3.279888153076172,5.205887804473085,10.329763412475586
3.3353781700134277,5.232369640742296,10.37832260131836
3.336951971054077,5.224472192515219,10.364518165588379
3.3271536827087402,5.225288431392983,10.341602325439453
3.2889204025268555,5.2108423103179256,10.314026832580566
3.325636863708496,5.23109379766642,10.437335968017578
3.2931973934173584,5.288918846552925,10.345362663269043
3.262645959854126,5.2413179079137215,10.34739875793457
3.3068697452545166,5.2225108864783705,10.423608779907227
3.3320534229278564,5.265692208860335,10.431476593017578
3.208839178085327,5.143668036309204,10.464432716369629
3.3448081016540527,5.211878583267598,10.351994514465332
3.2839279174804688,5.181732387015862,10.386941909790039
3.2522425651550293,5.229458531165229,10.368807792663574
3.25752329826355,5.182169513544068,10.374092102050781
3.305177688598633,5.158104940749971,10.321043968200684
3.3122029304504395,5.213708329480141,10.372455596923828
3.320672035217285,5.2626580582000315,10.387642860412598
3.3300552368164062,5.28706173525591,10.422501564025879
3.319951295852661,5.283568478289193,10.41069221496582
3.2710700035095215,5.2326384727909625,10.405231475830078
3.3362233638763428,5.23741528082506,10.384443283081055
3.2623515129089355,5.200769071999406,10.534524917602539
3.2703418731689453,5.178976474828752,10.398258209228516
3.3637495040893555,5.230255522765219,10.425631523132324
3.309419870376587,5.228355937537604,10.35254955291748
3.322075605392456,5.119311079416158,10.333894729614258
3.394552230834961,5.252122340856918,10.353704452514648
3.278170347213745,5.149637587800888,10.397869110107422
3.3482229709625244,5.26452153914475,10.385610580444336
3.285245895385742,5.2279427626303265,10.313060760498047
3.3045806884765625,5.223044470285199,10.415971755981445
3.3139023780822754,5.197244983864948,10.380132675170898
3.3335657119750977,5.270963142958602,10.395084381103516
3.315241575241089,5.19317474615361,10.349478721618652
3.3202967643737793,5.286588427577434,10.405171394348145
3.35310435295105,5.288195892636264,10.415214538574219
3.3282599449157715,5.146580434936498,10.39576244354248
3.2997543811798096,5.175440498660984,10.381596565246582
3.262901544570923,5.203634556349632,10.333820343017578
3.2683067321777344,5.147673060751653,10.383403778076172
3.248302936553955,5.220207502300452,10.34821605682373
3.3028388023376465,5.237225196424073,10.481915473937988
3.3100242614746094,5.2033012436835895,10.398594856262207
3.307420492172241,5.225562635243737,10.368268966674805
3.294583559036255,5.271609170628446,10.3670654296875
3.40267276763916,5.2978428437241485,10.36461067199707
3.3581676483154297,5.27755684661679,10.367839813232422
3.2868051528930664,5.170275482748237,10.331342697143555
3.304492235183716,5.241975313684504,10.441232681274414
3.3059825897216797,5.234842833597214,10.362892150878906
3.3004887104034424,5.249725718417072,10.428339004516602
3.2996633052825928,5.212929886532947,10.387683868408203
3.294314384460449,5.243578142286943,10.418258666992188
3.283444881439209,5.172507680420365,10.334815979003906
3.3080620765686035,5.216533191036432,10.426416397094727
3.249920606613159,5.1353652832164824,10.379404067993164
3.3202271461486816,5.271377332974225,10.43069839477539
3.2426435947418213,5.162603776170207,10.375085830688477
3.3028404712677,5.28734308381432,10.41218376159668
3.2965192794799805,5.2326617321398645,10.475180625915527
3.3119776248931885,5.2774800536821465,10.36331844329834
3.2568302154541016,5.206129279918969,10.436572074890137
3.279261350631714,5.2048840314216385,10.420998573303223
3.299476146697998,5.205252670383613,10.386455535888672
3.3262979984283447,5.2125050699937026,10.383079528808594
3.30242657661438,5.174196560235162,10.320271492004395
3.30199933052063,5.2313348092803995,10.387256622314453
3.2644426822662354,5.240676223366921,10.353426933288574
3.2927756309509277,5.183885586115399,10.392879486083984
3.342909812927246,5.235546734184027,10.369485855102539
3.2829196453094482,5.22096031737913,10.364742279052734
3.302931070327759,5.1735521761500936,10.282681465148926
3.2620179653167725,5.194536505699425,10.403287887573242
3.2595396041870117,5.238495441719092,10.344353675842285
3.3055529594421387,5.213705202963736,10.413593292236328
3.2881579399108887,5.157152083403031,10.432602882385254
3.265275716781616,5.258411672165884,10.353055953979492
3.3532145023345947,5.265967884134235,10.391400337219238
3.3297932147979736,5.255223557918465,10.365365982055664
3.3082077503204346,5.236065834660882,10.412415504455566
3.280613660812378,5.225680739918192,10.354337692260742
3.318953037261963,5.2742548111626615,10.371514320373535
3.309475898742676,5.243681566290824,10.401956558227539
3.32037615776062,5.2003917425338715,10.329919815063477
3.2666842937469482,5.194417365760144,10.351978302001953
3.2882065773010254,5.2233825846841295,10.403909683227539
3.234548568725586,5.190217302646488,10.43552017211914
3.270460367202759,5.158321207755112,10.39416217803955
3.207824468612671,5.1570203729373,10.456284523010254
3.3266890048980713,5.224499873750443,10.3585844039917
3.2833380699157715,5.248266600937183,10.336505889892578
3.319681167602539,5.2703525804848015,10.42523193359375
3.2972683906555176,5.223167165747977,10.38401985168457
3.3047964572906494,5.258494027524389,10.440271377563477
3.2425177097320557,5.136700011556968,10.344334602355957
3.330307960510254,5.283942085225134,10.289644241333008
3.2924928665161133,5.201503624707195,10.394140243530273
3.301132917404175,5.194366337265819,10.32525634765625
3.23732852935791,5.197475745608765,10.347904205322266
3.3065545558929443,5.280660691637811,10.343329429626465
3.2677645683288574,5.178713925116297,10.445612907409668
3.3261308670043945,5.200903044315056,10.342303276062012
3.2704293727874756,5.210867480408135,10.470030784606934
3.261883497238159,5.177214191627822,10.358016967773438
3.3057258129119873,5.186559596065698,10.301360130310059
3.3173937797546387,5.258171039733237,10.435012817382812
3.3281993865966797,5.236226257668542,10.365653991699219
3.3010196685791016,5.209540885573785,10.3644437789917
3.3157761096954346,5.227810795651748,10.399689674377441
3.2816648483276367,5.277636998532605,10.395284652709961
3.2621700763702393,5.19487495467599,10.377917289733887
3.3430511951446533,5.262724108095946,10.357397079467773
3.3634657859802246,5.194157164311037,10.390957832336426
3.3230690956115723,5.284651310648769,10.420404434204102
3.317715883255005,5.193207104457543,10.43000602722168
3.275660753250122,5.186541544473065,10.370431900024414
3.2437965869903564,5.1362798843266715,10.294153213500977
3.313035726547241,5.235379691734645,10.353439331054688
3.3200442790985107,5.26122354855761,10.352121353149414
3.2866156101226807,5.225718907346683,10.334300994873047
3.2972121238708496,5.233882465965247,10.388039588928223
3.30588698387146,5.2440907062763085,10.436907768249512
3.332700252532959,5.1932863778368175,10.43687629699707
3.2651047706604004,5.191683783894405,10.300765991210938
3.2758097648620605,5.204238644401943,10.356697082519531
3.330165386199951,5.279698749405465,10.436241149902344
3.311009645462036,5.200794857959928,10.44229793548584
3.225499153137207,5.207639351786513,10.445671081542969
3.3298733234405518,5.248937289164003,10.340961456298828
3.2653086185455322,5.178538365988061,10.357969284057617
3.266080617904663,5.181242685864813,10.367677688598633
3.2473690509796143,5.197208354482428,10.392667770385742
3.2405362129211426,5.18569613953254,10.372900009155273
3.3518013954162598,5.273484256850289,10.313854217529297
3.267251968383789,5.205667433927633,10.36451244354248
3.2898290157318115,5.183513622531401,10.338147163391113
3.2683019638061523,5.187873673059844,10.462125778198242
3.259669780731201,5.222800274446074,10.35986614227295
3.234785318374634,5.143551675369963,10.419110298156738
3.3118784427642822,5.283782215223515,10.352331161499023
3.2729058265686035,5.12383302770156,10.293989181518555
3.263368606567383,5.20438759321613,10.455187797546387
3.2864890098571777,5.196486114624089,10.35208511352539
3.2654740810394287,5.220252687510635,10.41008472442627
3.320009469985962,5.230740413601909,10.385093688964844
3.253218173980713,5.155929854904701,10.491839408874512
3.335268259048462,5.208161134904783,10.504590034484863
3.3226499557495117,5.306608703453094,10.382904052734375
3.1915664672851562,5.162843204436025,10.389693260192871
3.3305866718292236,5.259016939372357,10.416922569274902
3.3114264011383057,5.220911016321874,10.435982704162598
3.3101887702941895,5.248402887190293,10.398305892944336
3.289597988128662,5.262333200845335,10.45908260345459
3.3075473308563232,5.210521663638896,10.4547758102417
3.3308773040771484,5.278943856645908,10.348299980163574
3.272167682647705,5.236153381045109,10.425804138183594
3.2927730083465576,5.211087297747976,10.38679313659668
3.314751625061035,5.220542003500408,10.363676071166992
3.335249423980713,5.223006830284637,10.418033599853516
3.2756173610687256,5.2571408695408275,10.33575439453125
3.2771096229553223,5.212034273626549,10.321891784667969
3.2951149940490723,5.242672954187063,10.426319122314453
3.3164892196655273,5.22157398870747,10.348938941955566
3.316950559616089,5.256165915002514,10.378538131713867
3.265575885772705,5.2258428053797354,10.39607048034668
3.27176570892334,5.2340666311460415,10.427377700805664
3.2958295345306396,5.207728959919353,10.38598918914795
3.2033209800720215,5.188634141248517,10.462564468383789
3.291233539581299,5.145668517199478,10.46466064453125
3.298255205154419,5.300602741938617,10.381107330322266
3.3093647956848145,5.251635494309345,10.358476638793945
3.3016552925109863,5.2147623861341605,10.303736686706543
3.2882988452911377,5.170069107619513,10.363287925720215
3.194354295730591,5.174384258953589,10.448515892028809
3.314960241317749,5.327075364167936,10.420730590820312
3.2848355770111084,5.183137879607135,10.427875518798828
3.228198766708374,5.174811480134459,10.365686416625977
3.290807008743286,5.221497234988159,10.35761547088623
3.270057439804077,5.249405853317252,10.38842487335205
3.2964792251586914,5.201601177387471,10.387327194213867
3.3100786209106445,5.3008821577365905,10.333687782287598
3.341279983520508,5.302848635108343,10.413420677185059
3.208367347717285,5.19014739850536,10.3223295211792
3.230963706970215,5.1684424423147,10.356581687927246
3.2763166427612305,5.205099909200467,10.439889907836914
3.281825065612793,5.184539310567613,10.346668243408203
3.2528300285339355,5.17193736142612,10.384952545166016
3.286491632461548,5.228634053575141,10.352227210998535
3.273935079574585,5.220307357709056,10.379389762878418
3.3246030807495117,5.240113385387564,10.324978828430176
3.2783493995666504,5.1799114685106495,10.304338455200195
3.3272287845611572,5.222429250001109,10.368751525878906
3.2903835773468018,5.189762703508936,10.383752822875977
3.2783315181732178,5.1721200020983815,10.39393424987793
3.2426562309265137,5.204665234844599,10.417520523071289
3.285557508468628,5.267566247510591,10.430662155151367
3.2161033153533936,5.2055418095884045,10.405166625976562
3.267815351486206,5.230723280326596,10.353260040283203
3.2941665649414062,5.213959663042,10.404075622558594
3.2553939819335938,5.213100779003331,10.436300277709961
3.290523052215576,5.177896382486714,10.458001136779785
3.2487564086914062,5.205375431072233,10.36363410949707
3.2703211307525635,5.240401597460732,10.392450332641602
3.3261568546295166,5.230588213341044,10.459776878356934
3.257002592086792,5.1904420694336295,10.385687828063965
3.3075687885284424,5.277019330633006,10.427628517150879
3.33150315284729,5.212230634243626,10.420570373535156
3.252878427505493,5.200205759012274,10.409822463989258
3.2494587898254395,5.20703402856764,10.364374160766602
3.274266004562378,5.203194743221892,10.353023529052734
3.278949499130249,5.1526854557783475,10.347428321838379
3.270275115966797,5.216879373449567,10.35148811340332
3.328115224838257,5.270273300054084,10.414060592651367
3.248553991317749,5.152654069741922,10.30103874206543
3.356992244720459,5.258268873140748,10.382816314697266
3.3148810863494873,5.238176761161802,10.331050872802734
3.3562827110290527,5.26535008990738,10.441855430603027
3.326645612716675,5.1914936904462845,10.403203964233398
3.2925925254821777,5.2020915925635824,10.370790481567383
3.265289545059204,5.205690189796899,10.429924011230469
3.3001933097839355,5.239846880181825,10.286348342895508
3.241971015930176,5.158144173112565,10.410197257995605
3.2789719104766846,5.1810418800783475,10.424989700317383
3.3207056522369385,5.285307636451242,10.354448318481445
3.324993848800659,5.268594645030264,10.360614776611328
3.270418405532837,5.176237185053261,10.35629653930664
3.3036317825317383,5.177902466617525,10.317672729492188
3.3323440551757812,5.272519429912791,10.416298866271973
3.2811319828033447,5.241220059006341,10.336639404296875
3.283822536468506,5.244509010076788,10.484132766723633
3.3239779472351074,5.178764260540317,10.40574836730957
3.2457754611968994,5.192156524796571,10.402432441711426
3.302041530609131,5.140745376136953,10.366291046142578
3.3057754039764404,5.225386296964384,10.433418273925781
3.2670977115631104,5.164146682946012,10.319830894470215
3.320950746536255,5.254352859088353,10.323457717895508
3.2703311443328857,5.18420101868521,10.449918746948242
3.305795907974243,5.233527643872159,10.403793334960938
3.270077705383301,5.236515282520226,10.322891235351562
3.315768241882324,5.2376046628757775,10.339439392089844
3.303314208984375,5.26260077304739,10.332550048828125
3.2840352058410645,5.196218036780401,10.339133262634277
3.276390314102173,5.246851701488985,10.379705429077148
3.225379467010498,5.142316070318754,10.44326400756836
3.2729833126068115,5.223248798233856,10.4447021484375
3.2517902851104736,5.235576883989519,10.39150333404541
3.3235859870910645,5.307425800211994,10.42338752746582
3.2502942085266113,5.183001383739923,10.32155990600586
3.342531681060791,5.246779362172154,10.374359130859375
3.2759010791778564,5.186450464917081,10.3167142868042
3.2900142669677734,5.242169695473942,10.393259048461914
3.2967264652252197,5.186693324541141,10.352497100830078
3.289414167404175,5.196007492020726,10.400484085083008
3.304265022277832,5.221849562300902,10.402202606201172
3.2360663414001465,5.133598881174944,10.379745483398438
3.26652455329895,5.165958715369925,10.32406234741211
3.2404277324676514,5.178959409905863,10.379495620727539
3.2771947383880615,5.278300444262901,10.367022514343262
3.257011651992798,5.189174025286255,10.319666862487793
3.3068199157714844,5.244473304566263,10.394708633422852
3.281754732131958,5.199142524872774,10.376349449157715
3.2646820545196533,5.2383331477841635,10.346894264221191
3.3475866317749023,5.2664249228380084,10.367021560668945
3.280229330062866,5.219471202830651,10.425016403198242
3.2698543071746826,5.192927384948623,10.388603210449219
3.2477800846099854,5.2376980160562585,10.38309097290039
3.277602434158325,5.274822737688997,10.46091365814209
3.2564682960510254,5.205507772209655,10.377212524414062
3.2941219806671143,5.220149823264884,10.419378280639648
3.266530990600586,5.267240754561499,10.346031188964844
3.2521393299102783,5.1735300203519206,10.384840965270996
3.294776201248169,5.200580322183669,10.407905578613281
3.2733259201049805,5.172925458156636,10.443265914916992
3.3268353939056396,5.294633390781071,10.393321990966797
3.2339632511138916,5.15439926061247,10.410011291503906
3.2313120365142822,5.181311554075884,10.302541732788086
3.265976667404175,5.199733799057348,10.348033905029297
3.297973394393921,5.246715994618301,10.268106460571289
3.2375669479370117,5.229798283926877,10.359890937805176
3.2699458599090576,5.213482060436425,10.318840980529785
3.279691457748413,5.29702054902113,10.466397285461426
3.3061070442199707,5.190994846035859,10.3638916015625
3.25905442237854,5.140880086592265,10.395946502685547
3.275928258895874,5.180127925206241,10.346776962280273
3.238598108291626,5.173884127388842,10.324753761291504
3.3032028675079346,5.283076944494886,10.421449661254883
3.3188092708587646,5.214291263704321,10.355583190917969
3.2107436656951904,5.16282397744778,10.269359588623047
3.276303291320801,5.18902790519808,10.347150802612305
3.2494308948516846,5.191198941153873,10.399908065795898
3.2210123538970947,5.144414328338046,10.419631958007812
3.2602360248565674,5.183647174687524,10.36751937866211
3.2828962802886963,5.193991216930694,10.423803329467773
3.2693474292755127,5.212166535834383,10.438175201416016
3.312040090560913,5.301380085060374,10.378083229064941
3.3207976818084717,5.27112210877905,10.375033378601074
3.355165719985962,5.250874977326021,10.354446411132812
3.301931619644165,5.2272625830290576,10.333480834960938
3.245988368988037,5.21801052974271,10.32362174987793
3.2360122203826904,5.12805913824455,10.411691665649414
3.313929319381714,5.263834632567263,10.372690200805664
3.2567553520202637,5.191417098677319,10.393548965454102
3.3067245483398438,5.227636855627809,10.377798080444336
3.234282970428467,5.216066615822325,10.412113189697266
3.310401439666748,5.266459890308657,10.393921852111816
3.2545113563537598,5.2351235759976715,10.37900447845459
3.2909903526306152,5.230434368730389,10.425819396972656
3.267200469970703,5.195099842601588,10.412945747375488
3.2024810314178467,5.228559160205935,10.318562507629395
3.250544309616089,5.229212360024185,10.408048629760742
3.245988368988037,5.1923878595698625,10.48353099822998
3.3203537464141846,5.221847629806558,10.307826042175293
3.303962230682373,5.220096969212006,10.323895454406738
3.2614753246307373,5.254962243272789,10.331924438476562
3.2138442993164062,5.163746642979926,10.35951042175293
3.23297119140625,5.164906950800546,10.364677429199219
3.311952590942383,5.199313847181787,10.49332332611084
3.29833722114563,5.237558358082814,10.339408874511719
3.3377363681793213,5.31190079467238,10.316035270690918
3.2819106578826904,5.150311265007725,10.35849380493164
3.3064863681793213,5.2495740569595775,10.377425193786621
3.3055713176727295,5.3213010212473035,10.346528053283691
3.2674167156219482,5.275260910724423,10.379890441894531
3.210642099380493,5.202147212311892,10.375965118408203
3.302610158920288,5.3068959410634955,10.436307907104492
3.3044121265411377,5.210570180788635,10.388877868652344
3.256998062133789,5.174438174182017,10.448623657226562
3.260284423828125,5.1858717895977735,10.40892219543457
3.22253155708313,5.190708481640156,10.286224365234375
3.276242971420288,5.220583106258085,10.513742446899414
3.242185592651367,5.233996260079689,10.37973403930664
3.3209261894226074,5.259752696579589,10.318218231201172
3.2641515731811523,5.113106879405677,10.392870903015137
3.3027453422546387,5.290570834784635,10.487430572509766
3.297172784805298,5.229530226672068,10.402763366699219
3.3245317935943604,5.3069513262183,10.484294891357422
3.2746241092681885,5.22510397813416,10.410872459411621
3.259613513946533,5.233612212552024,10.365240097045898
3.2757885456085205,5.24981313597943,10.412444114685059
3.2904372215270996,5.150600306290601,10.364246368408203
3.272247791290283,5.216867796245164,10.428011894226074
3.3039281368255615,5.270061697278704,10.450352668762207
3.246401786804199,5.1568704893413395,10.36596393585205
3.29722261428833,5.2502422333096295,10.358152389526367
3.2560832500457764,5.165496447689033,10.449457168579102
3.2338743209838867,5.25419154264299,10.419355392456055
3.280569314956665,5.302084571182995,10.33629035949707
3.277890205383301,5.20778241291243,10.359634399414062
3.286393165588379,5.22562890952187,10.38419246673584
3.2321934700012207,5.2220507576462944,10.433568954467773
3.2680461406707764,5.211381143125307,10.330334663391113
3.2727859020233154,5.176211594304602,10.305290222167969
3.2742362022399902,5.29140083598239,10.424785614013672
3.2667365074157715,5.204141290758604,10.339990615844727
3.3019773960113525,5.26196546313752,10.367775917053223
3.236529588699341,5.172286038087414,10.50535774230957
3.334038257598877,5.214558838700342,10.363143920898438
3.230518102645874,5.128904686575489,10.36464786529541
3.240130662918091,5.233542099561809,10.426345825195312
3.2008750438690186,5.1116782882849545,10.43896198272705
3.2817821502685547,5.26932756446435,10.386711120605469
3.257593870162964,5.2284344216875205,10.35084342956543
3.2553021907806396,5.145094768011144,10.311919212341309
3.2768337726593018,5.219316733435594,10.408914566040039
3.3013339042663574,5.177688979976146,10.37412166595459
3.3092103004455566,5.190073358526985,10.433082580566406
3.1930429935455322,5.213395039451176,10.349799156188965
3.277812957763672,5.184013332207023,10.334275245666504
3.2414650917053223,5.17933981243654,10.306488990783691
3.2600393295288086,5.18510044598952,10.35605525970459
3.236624002456665,5.145861639973841,10.398576736450195
3.2877843379974365,5.261083566816524,10.360023498535156
3.301715135574341,5.273291022084388,10.35653018951416
3.2622344493865967,5.224443773040548,10.392662048339844
3.2756149768829346,5.270956287825746,10.448705673217773
3.2533369064331055,5.190957806771621,10.361507415771484
3.269879102706909,5.2338659426396985,10.369343757629395
3.267307996749878,5.139036076642307,10.4266939163208
3.2172584533691406,5.162578769493848,10.37059211730957
3.275094747543335,5.171230387674379,10.351019859313965
3.339052438735962,5.252046937854695,10.342227935791016
3.321995496749878,5.179631080145815,10.325529098510742
3.2425975799560547,5.187532541308818,10.39053726196289
3.2969343662261963,5.195315943432174,10.3258638381958
3.286837100982666,5.26319071803508,10.407648086547852
3.255011796951294,5.269377057640148,10.313758850097656
3.2854695320129395,5.1216716503258795,10.384325981140137
3.331629514694214,5.246834344796039,10.41026496887207
3.296339511871338,5.220961872554784,10.453507423400879
3.2727818489074707,5.182482689352972,10.284650802612305
3.2665915489196777,5.274806631329868,10.41855239868164
3.2540338039398193,5.205545584172276,10.340188026428223
3.2304859161376953,5.201623488450423,10.405357360839844
3.281050205230713,5.243345642928034,10.292001724243164
3.2986271381378174,5.196370309019196,10.37389850616455
3.2597243785858154,5.233002498446565,10.415410041809082
3.2255241870880127,5.189228515539851,10.373396873474121
3.2583553791046143,5.139280535646582,10.445701599121094
3.2790515422821045,5.251211233104446,10.355508804321289
3.319732189178467,5.237328497060974,10.425228118896484
3.2570137977600098,5.19039952725039,10.48501205444336
3.2792575359344482,5.2194686500754734,10.444643020629883
3.279623031616211,5.171369907246636,10.372901916503906
3.1960909366607666,5.210773295556595,10.429034233093262
3.271200656890869,5.184438823555995,10.449892044067383
3.270397901535034,5.254427573044917,10.419286727905273
3.2865984439849854,5.173691599596558,10.357210159301758
3.2463035583496094,5.220478182758337,10.454578399658203
3.2239155769348145,5.174723680264183,10.38631820678711
3.254966974258423,5.201195337343961,10.383676528930664
3.3189337253570557,5.25135376237865,10.390281677246094
3.243212938308716,5.237535931935001,10.330127716064453
3.266730785369873,5.207676207280851,10.39377498626709
3.258488178253174,5.155810917627864,10.363585472106934
3.244331121444702,5.175402096306373,10.438335418701172
3.319934368133545,5.229272452914821,10.366020202636719
3.2589752674102783,5.208865192585757,10.41594123840332
3.2566025257110596,5.215479565584767,10.320908546447754
3.2783467769622803,5.267031941463106,10.346030235290527
3.2676925659179688,5.257071286839034,10.379362106323242
3.1773502826690674,5.115149621319558,10.379596710205078
3.2215847969055176,5.183950463542715,10.405506134033203
3.2817137241363525,5.215841683026936,10.375630378723145
3.2628471851348877,5.210103907555874,10.340058326721191
3.2756872177124023,5.172478847538255,10.42091178894043
3.191654920578003,5.096606501843779,10.398091316223145
3.306922674179077,5.209902858827263,10.329338073730469
3.304570198059082,5.231797743056502,10.431558609008789
3.2726705074310303,5.224525102414191,10.42915153503418
3.288097381591797,5.109246912645176,10.298852920532227
3.194720506668091,5.163360591645219,10.352298736572266
3.244741916656494,5.274075724251035,10.460672378540039
3.261237621307373,5.249759538764399,10.339741706848145
3.3006629943847656,5.22805222423215,10.382296562194824
3.2513439655303955,5.2143465661709865,10.397064208984375
3.2110772132873535,5.239952473834689,10.38901424407959
3.3034186363220215,5.1949977190898995,10.453072547912598
3.246072292327881,5.304461676294783,10.29777717590332
3.3045785427093506,5.218738256022334,10.400801658630371
3.2465312480926514,5.206896840960585,10.363265991210938
3.215486764907837,5.080978040217555,10.368371963500977
3.261878490447998,5.190599902067334,10.343088150024414
3.25177001953125,5.191030863439664,10.404645919799805
3.2740395069122314,5.249374265050782,10.39804744720459
3.3252034187316895,5.250558134833616,10.41133975982666
3.272068500518799,5.191011040937155,10.42384147644043
3.2895944118499756,5.1388850664453845,10.368163108825684
3.265180826187134,5.224781019546623,10.386484146118164
3.213330030441284,5.186263949876386,10.453760147094727
3.2842798233032227,5.151152366306633,10.420247077941895
3.227510690689087,5.1643869076922,10.475809097290039
3.2158093452453613,5.195701807903658,10.269698143005371
3.257129192352295,5.142053954336526,10.328703880310059
3.2267708778381348,5.128924934792199,10.32259750366211
3.258431911468506,5.185393846760105,10.394952774047852
3.2465133666992188,5.177421079782237,10.396395683288574
3.2576730251312256,5.175392098990935,10.431031227111816
3.2576518058776855,5.193320937255131,10.36492919921875
3.300208330154419,5.2356986213541985,10.44665813446045
3.2864322662353516,5.222013996448368,10.4190092086792
3.3241536617279053,5.156886095413938,10.438789367675781
3.24240779876709,5.202930747232001,10.436983108520508
3.247131109237671,5.1873167103289495,10.359993934631348
3.2836225032806396,5.193539202113502,10.352694511413574
3.258342981338501,5.196744862145611,10.345046997070312
3.185886859893799,5.119638210461875,10.385625839233398
3.2237093448638916,5.172329531284049,10.454340934753418
3.293135166168213,5.158503305200221,10.341797828674316
3.2517940998077393,5.188366576497044,10.339262008666992
3.2654078006744385,5.2561105519666205,10.421640396118164
3.27884578704834,5.191402368779694,10.428717613220215
3.224973678588867,5.216362047707662,10.38039779663086
3.2172162532806396,5.178015047518004,10.444433212280273
3.2896173000335693,5.2055882500551105,10.321184158325195
3.293940544128418,5.234867598528841,10.318733215332031
3.245544910430908,5.18235909233668,10.357789039611816
3.2462716102600098,5.24637331840183,10.395902633666992
3.215634822845459,5.179905820637941,10.442163467407227
3.2547616958618164,5.227450171917943,10.404230117797852
3.2158589363098145,5.1444440500677695,10.457161903381348
3.307673215866089,5.202842149750462,10.402815818786621
3.247769832611084,5.116417875646481,10.364786148071289
3.266078233718872,5.1957984946867715,10.43113899230957
3.267336368560791,5.206505574518815,10.419551849365234
3.253368616104126,5.194327814105366,10.385028839111328
3.249171495437622,5.1572427152922105,10.484529495239258
3.226881980895996,5.190554767614231,10.400837898254395
3.208134889602661,5.125988979790626,10.38969612121582
3.2457616329193115,5.1615008234844675,10.453042030334473
3.2120420932769775,5.269114344513842,10.405993461608887
3.227954626083374,5.163976496451402,10.360069274902344
3.242485523223877,5.201198078326082,10.335142135620117
3.288231134414673,5.250861992128193,10.409136772155762
3.199579954147339,5.232677491448288,10.335535049438477
3.2716727256774902,5.201631067254181,10.411966323852539
3.231457471847534,5.151071123978389,10.421533584594727
3.2680070400238037,5.205571094827194,10.387300491333008
3.2432844638824463,5.221495450474322,10.417587280273438
3.2789740562438965,5.161313128325024,10.410056114196777
3.234823703765869,5.2567995354599715,10.395797729492188
3.232666015625,5.2606519293705265,10.411630630493164
3.2387754917144775,5.132606755975368,10.472513198852539
3.2233259677886963,5.164642137708143,10.383563041687012
3.2428133487701416,5.167908134803708,10.437714576721191
3.2794487476348877,5.207248634425923,10.350517272949219
3.232036590576172,5.2434016186743975,10.422119140625
3.244279384613037,5.165348190049241,10.322333335876465
3.2498674392700195,5.205992149621514,10.405694961547852
3.2730255126953125,5.2129681841802915,10.348222732543945
3.2312381267547607,5.226674595016188,10.366323471069336
3.258934736251831,5.179348770163155,10.357898712158203
3.2383663654327393,5.192062041655714,10.392618179321289
3.308694362640381,5.2296826926924815,10.336958885192871
3.216930866241455,5.137864873977378,10.351542472839355
3.231893301010132,5.212338906413477,10.395660400390625
3.1880671977996826,5.203163846163079,10.398569107055664
3.224470615386963,5.1865776290984025,10.35962963104248
3.2424566745758057,5.228902040049434,10.408510208129883
3.261151075363159,5.216218780227272,10.390314102172852
3.3123676776885986,5.209989807668275,10.354121208190918
3.297877550125122,5.224625917018524,10.285223960876465
3.252884864807129,5.240383714603793,10.436925888061523
3.2420334815979004,5.156865739496425,10.430927276611328
3.242025136947632,5.233764941238665,10.351314544677734
3.28326416015625,5.220233923822109,10.345342636108398
3.282194137573242,5.253479163827641,10.437336921691895
3.2781455516815186,5.229574690073995,10.394344329833984
3.2452447414398193,5.150317273435316,10.30654239654541
3.3102195262908936,5.246414925470682,10.372137069702148
3.257742166519165,5.206199582533112,10.38763427734375
3.237316608428955,5.095601277392623,10.303050994873047
3.261828660964966,5.2707588988955,10.410441398620605
3.3096253871917725,5.294410387885623,10.37848949432373
3.2279539108276367,5.158272792019748,10.451530456542969
3.2497875690460205,5.233828533174736,10.469740867614746
3.31730318069458,5.2842147101515105,10.308809280395508
3.273400068283081,5.169071950617114,10.40233039855957
3.239229440689087,5.16580859235754,10.379901885986328
3.2834465503692627,5.244584950452138,10.364301681518555
3.2665176391601562,5.201456313054743,10.389142036437988
3.232445478439331,5.21832941552358,10.422857284545898
3.2118451595306396,5.145136983865606,10.412729263305664
3.2503254413604736,5.175422903948597,10.392363548278809
3.324547052383423,5.304837720535163,10.383347511291504
3.224472999572754,5.202998344387328,10.379925727844238
3.276550531387329,5.2377615024202635,10.353424072265625
3.2895519733428955,5.230109352551932,10.455971717834473
3.246077299118042,5.2232979477516235,10.408933639526367
3.2593839168548584,5.227209121354723,10.346674919128418
3.2414135932922363,5.2165779510645995,10.377828598022461
3.2448978424072266,5.170834426934432,10.405550003051758
3.1980977058410645,5.233623211471631,10.390827178955078
3.2258121967315674,5.234526163299701,10.40576457977295
3.247701644897461,5.16771742558506,10.354374885559082
3.218310832977295,5.135969964022349,10.378101348876953
3.2234182357788086,5.209499003066282,10.446123123168945
3.2698380947113037,5.218197784952021,10.434200286865234
3.266953945159912,5.243508323860754,10.422346115112305
3.27260684967041,5.254396267168755,10.477537155151367
3.3053760528564453,5.232495143045005,10.3173828125
3.254072427749634,5.218086272012442,10.371353149414062
3.2247939109802246,5.148899545926334,10.410503387451172
3.2610013484954834,5.245996434274795,10.332948684692383
3.230508804321289,5.1466961354682494,10.35860824584961
3.2618887424468994,5.179883711638727,10.448126792907715
3.2918057441711426,5.20898956901926,10.392324447631836
3.2252373695373535,5.151215487891542,10.46688461303711
3.270270586013794,5.2062165921753545,10.45142650604248
3.2454261779785156,5.155651851723502,10.334314346313477
3.22235107421875,5.1565797599365135,10.42198657989502
3.2361347675323486,5.1073810929831645,10.387157440185547
3.3135550022125244,5.245825580620606,10.416522979736328
3.195870876312256,5.11764287263421,10.354974746704102
3.2627060413360596,5.228718701450686,10.408449172973633
3.2305917739868164,5.163664353645539,10.39676284790039
3.2287635803222656,5.173002593052972,10.390256881713867
3.2198679447174072,5.171834519631895,10.319418907165527
3.2388763427734375,5.232153680441635,10.456466674804688
3.2200419902801514,5.143555646130284,10.3757963180542
3.264307737350464,5.166386527275401,10.417085647583008
3.201707363128662,5.20649732423148,10.372926712036133
3.2916650772094727,5.257882423698903,10.319231033325195
3.2950186729431152,5.220791233104786,10.395179748535156
3.2765109539031982,5.2284776481600215,10.308698654174805
3.2021806240081787,5.14217290401991,10.421725273132324
3.1872785091400146,5.152615466387942,10.330557823181152
3.1944003105163574,5.14100396716302,10.357255935668945
3.2826199531555176,5.229630529847262,10.381712913513184
3.1851091384887695,5.1909985893871635,10.368465423583984
3.192622184753418,5.158070379834888,10.329451560974121
3.2665863037109375,5.246011681488849,10.43001651763916
3.297483444213867,5.2182047030489365,10.429452896118164
3.2247235774993896,5.161719052353874,10.396340370178223
3.2210896015167236,5.213402127547721,10.421781539916992
3.1881062984466553,5.087520367998097,10.427532196044922
3.2244136333465576,5.236664330021346,10.439699172973633
3.290904998779297,5.261279687950654,10.385263442993164
3.227445363998413,5.1394664231089076,10.441595077514648
3.2276980876922607,5.207019982427092,10.36994457244873
3.261880874633789,5.207274801563472,10.368274688720703
3.2972381114959717,5.204268774050953,10.42767333984375
3.257270097732544,5.180545240707164,10.461963653564453
3.259810447692871,5.1857473633717746,10.391654014587402
3.277153491973877,5.175490688732161,10.47817611694336
3.2407724857330322,5.111346973006481,10.392867088317871
3.2357780933380127,5.216141735170302,10.34774398803711
3.2247748374938965,5.153818253527528,10.413471221923828
3.237258195877075,5.148591518767976,10.293070793151855
3.252220869064331,5.164869156466532,10.409225463867188
3.315584182739258,5.206693609278383,10.318159103393555
3.256749391555786,5.235069968637877,10.415918350219727
3.2499277591705322,5.212394895564231,10.328855514526367
3.210221767425537,5.1270931836084594,10.38581371307373
3.2726449966430664,5.14678655411782,10.409788131713867
3.2302324771881104,5.204539610139493,10.357495307922363
3.2062714099884033,5.227618056316194,10.395611763000488
3.2782139778137207,5.1578661678691535,10.425752639770508
3.2085347175598145,5.147976716514676,10.402877807617188
3.2187063694000244,5.195540307921225,10.41374397277832
3.276036500930786,5.246495691527214,10.366498947143555
3.1861929893493652,5.144028994986521,10.358428001403809
3.3023297786712646,5.2643070795041105,10.382762908935547
3.2229769229888916,5.1321340329013765,10.320740699768066
3.2318522930145264,5.165852525471045,10.348817825317383
3.256622552871704,5.184888673680169,10.35226058959961
3.264660358428955,5.20181548977936,10.42929458618164
3.2100472450256348,5.192622812631141,10.439695358276367
3.247600555419922,5.170908306525754,10.262743949890137
3.227830410003662,5.176714080319341,10.390520095825195
3.2406582832336426,5.172638041100331,10.354368209838867
3.255192518234253,5.173293576542554,10.38475227355957
3.2254714965820312,5.1876723552455335,10.385176658630371
3.1978211402893066,5.117352186036962,10.37887191772461
3.27270245552063,5.174818758054504,10.396578788757324
3.2550387382507324,5.2432092683323255,10.371236801147461
3.24999737739563,5.064992670235889,10.393841743469238
3.227163791656494,5.197477750313867,10.492929458618164
3.2248406410217285,5.14974712307698,10.384866714477539
3.2289018630981445,5.195498687880379,10.293418884277344
3.207613706588745,5.214442295754062,10.417734146118164
3.2177846431732178,5.154518235241993,10.453200340270996
3.248030424118042,5.169516457377799,10.469478607177734
3.2565066814422607,5.274375904684088,10.32455062866211
3.217709541320801,5.131657704444868,10.319580078125
3.2442128658294678,5.2296368597474485,10.361787796020508
3.2837600708007812,5.242488806601613,10.368009567260742
3.247368335723877,5.149335458475564,10.491315841674805
3.227128028869629,5.197662495642103,10.336374282836914
3.198845148086548,5.1484215719558835,10.347902297973633
3.2588376998901367,5.1834572529021115,10.426877975463867
3.3445961475372314,5.2145561046366184,10.356203079223633
3.1952192783355713,5.126448149892634,10.381011962890625
3.234626531600952,5.251724658234577,10.28852653503418
3.2352731227874756,5.159381144813129,10.388769149780273
3.2852251529693604,5.2141881807973345,10.375855445861816
3.257627010345459,5.226275711320341,10.360318183898926
3.2481863498687744,5.2206334489331185,10.410000801086426
3.1884279251098633,5.16703854887081,10.329837799072266
3.24851131439209,5.185536403907464,10.407830238342285
3.242431640625,5.153259275447843,10.447317123413086
3.225714921951294,5.190074003168515,10.431922912597656
3.204141616821289,5.140945871194292,10.387372970581055
3.2669718265533447,5.2005662138108155,10.408832550048828
3.216970682144165,5.184196181362496,10.439759254455566
3.257920503616333,5.179447528041368,10.350282669067383
3.2487759590148926,5.174302594702957,10.433462142944336
3.2561376094818115,5.2541814782390635,10.346076011657715
3.2612946033477783,5.2088138575532605,10.379352569580078
3.2867462635040283,5.185931719141081,10.407973289489746
3.2667863368988037,5.234841585857794,10.43305492401123
3.2597782611846924,5.1346193662445465,10.295585632324219
3.250136375427246,5.250023500627971,10.368902206420898
3.297883987426758,5.2087379798758775,10.3411283493042
3.233144521713257,5.183713875012472,10.422048568725586
3.258575916290283,5.263584640841665,10.34732437133789
3.2444345951080322,5.150323158861803,10.268927574157715
3.1606605052948,5.124349861339266,10.417195320129395
3.265254497528076,5.196747798505904,10.386567115783691
3.241495132446289,5.236464803672528,10.335168838500977
3.224498748779297,5.166307555677902,10.400651931762695
3.2186620235443115,5.20633385646423,10.335006713867188
3.1934635639190674,5.104822437545018,10.401060104370117
3.217212677001953,5.1913180926349005,10.330451011657715
3.2272934913635254,5.174542400453772,10.410411834716797
3.2524561882019043,5.210659605949852,10.414026260375977
3.2697672843933105,5.180899273936769,10.390265464782715
3.2144930362701416,5.166720309427807,10.357951164245605
3.219146251678467,5.143040736372183,10.379622459411621
3.272801160812378,5.1434095691823,10.39583683013916
3.191455364227295,5.213432225099366,10.328058242797852
3.2065653800964355,5.201157320390589,10.461967468261719
3.2587404251098633,5.169346810418315,10.357930183410645
3.206022262573242,5.207679703964718,10.38919448852539
3.2777047157287598,5.169918960692095,10.366297721862793
3.229818344116211,5.206660439260304,10.394956588745117
3.259122371673584,5.208686214040167,10.335685729980469
3.2587244510650635,5.205590039724484,10.430150032043457
3.231358051300049,5.20605885796249,10.382098197937012
3.2643158435821533,5.224027747521177,10.397871017456055
3.2560315132141113,5.164066102555288,10.410289764404297
3.2040212154388428,5.171058159388069,10.315107345581055
3.240788459777832,5.18862810641128,10.43320083618164
3.2738168239593506,5.18834121072931,10.376172065734863
3.24749755859375,5.197451602368216,10.30579948425293
3.2705769538879395,5.188496316849653,10.365830421447754
3.230724334716797,5.190924389853276,10.424108505249023
3.232912540435791,5.174634323089517,10.336034774780273
3.308166742324829,5.180296834990648,10.406907081604004
3.220536231994629,5.18552765296772,10.365589141845703
3.268444776535034,5.254354460697089,10.360553741455078
3.2385880947113037,5.211726394249126,10.428938865661621
3.2878119945526123,5.235132522116017,10.383384704589844
3.228755474090576,5.182512831042653,10.426128387451172
3.2367184162139893,5.170076724341405,10.34335708618164
3.2589292526245117,5.222063290620489,10.359670639038086
3.2297818660736084,5.200811844917812,10.403645515441895
3.2630276679992676,5.22556052633029,10.371594429016113
3.2619266510009766,5.223185193425576,10.373612403869629
3.182441234588623,5.156267727725208,10.381599426269531
3.2801413536071777,5.2290964877964665,10.383490562438965
3.1863739490509033,5.123468197416514,10.345819473266602
3.19781494140625,5.167005024417969,10.468436241149902
3.212545156478882,5.154368552512357,10.401116371154785
3.2319979667663574,5.3073022923698385,10.420281410217285
3.281736135482788,5.175640493830932,10.377718925476074
3.2400400638580322,5.1458733559120455,10.360295295715332
3.1970181465148926,5.155491721849622,10.359041213989258
3.288012981414795,5.159633371313768,10.428316116333008
3.313486099243164,5.206133917007328,10.530323028564453
3.2422738075256348,5.208003577077761,10.405865669250488
3.2033445835113525,5.174924063163677,10.415534973144531
3.2148241996765137,5.167557644092345,10.418116569519043
3.2632060050964355,5.2123254023026675,10.335126876831055
3.2391252517700195,5.131583985340383,10.378905296325684
3.2404379844665527,5.1695679653369435,10.35075569152832
3.200998544692993,5.180819523753598,10.354490280151367
3.1914217472076416,5.165540887674848,10.44113540649414
3.2312445640563965,5.112586299855527,10.464950561523438
3.2646572589874268,5.222504081736718,10.371249198913574
3.2430500984191895,5.161016003561339,10.435029983520508
3.312575578689575,5.1932170067115555,10.390388488769531
3.2223639488220215,5.183530645844128,10.326048851013184
3.2673397064208984,5.157407844971334,10.405660629272461
3.1511733531951904,5.078136524917292,10.306962013244629
3.1796422004699707,5.128157483214246,10.332664489746094
3.1965579986572266,5.147343679297982,10.337234497070312
3.25769305229187,5.20953372094248,10.410359382629395
3.1403348445892334,5.096464816414352,10.38540267944336
3.193734884262085,5.092695305789155,10.339006423950195
3.20816969871521,5.181615848593148,10.400003433227539
3.1922895908355713,5.152727912080341,10.414030075073242
3.1871581077575684,5.2018116779093235,10.443878173828125
3.202901840209961,5.182924478647432,10.301811218261719
3.2142693996429443,5.154671864151688,10.352783203125
3.204735279083252,5.16963316809519,10.378205299377441
3.250605821609497,5.2036698388068805,10.359810829162598
3.170438528060913,5.101070807847593,10.405411720275879
3.2841947078704834,5.217844696083505,10.376388549804688
3.2569353580474854,5.117688859180946,10.350318908691406
3.221163511276245,5.216097184323838,10.472039222717285
3.2332191467285156,5.159215748642704,10.438596725463867
3.248267889022827,5.24991415261424,10.471883773803711
3.2345283031463623,5.121517342781382,10.3143310546875
3.250337839126587,5.226882563604574,10.312509536743164
3.249358892440796,5.244258059255247,10.397783279418945
3.195774793624878,5.1315506580950965,10.433366775512695
3.175501823425293,5.178082469950564,10.437618255615234
3.237069606781006,5.184479160201071,10.389337539672852
3.2315871715545654,5.199334558964307,10.419855117797852
3.2681562900543213,5.213129692478105,10.360647201538086
3.261575937271118,5.236997273052111,10.362088203430176
3.2420082092285156,5.191905378696642,10.386783599853516
3.270376205444336,5.153677803663803,10.370465278625488
3.2060482501983643,5.090400524770043,10.434464454650879
3.2510766983032227,5.192080892123547,10.303139686584473
3.283449411392212,5.229392525839753,10.34634017944336
3.2317612171173096,5.159050300584308,10.393423080444336
3.2196905612945557,5.206855724266331,10.47336196899414
3.217698097229004,5.164985189713272,10.419214248657227
3.2840945720672607,5.23544273362495,10.417839050292969
3.22957444190979,5.180734834367676,10.369891166687012
3.263911247253418,5.238472008212868,10.391876220703125
3.2321481704711914,5.185887304467282,10.416731834411621
3.236494779586792,5.187248386608969,10.414270401000977
3.26831316947937,5.28515161051681,10.396361351013184
3.190833568572998,5.159939462152708,10.396489143371582
3.2313756942749023,5.188116951612756,10.454523086547852
3.208906412124634,5.184383713972888,10.446067810058594
3.235574722290039,5.139188123002116,10.287585258483887
3.232151746749878,5.156681204879923,10.409320831298828
3.176290512084961,5.122506416003619,10.408242225646973
3.2167181968688965,5.247117870553796,10.333932876586914
3.2371087074279785,5.19879080085749,10.428606986999512
3.1523101329803467,5.184036432565855,10.45079517364502
3.1946213245391846,5.156341534207709,10.348883628845215
3.251791477203369,5.239815579793815,10.455666542053223
3.1820881366729736,5.142669550143183,10.41659164428711
3.2162885665893555,5.1792075345957915,10.361406326293945
3.2587363719940186,5.1939565090994755,10.33383846282959
3.250389814376831,5.165271150014761,10.360878944396973
3.225917339324951,5.177958899576749,10.364924430847168
3.2856428623199463,5.1979923917512805,10.412960052490234
3.233807325363159,5.23810198054915,10.385660171508789
3.2695648670196533,5.174239077804876,10.390220642089844
3.206989288330078,5.191866207734815,10.401914596557617
3.237919807434082,5.2085788413948775,10.450870513916016
3.257361888885498,5.19291068214391,10.391377449035645
3.22088360786438,5.161584752678339,10.300634384155273
3.192321538925171,5.215948869973156,10.358051300048828
3.240737199783325,5.172739263424384,10.436100006103516
3.193399667739868,5.177792414989589,10.409394264221191
3.214569091796875,5.194343625534591,10.378201484680176
3.288891553878784,5.193997757110212,10.316938400268555
3.2614076137542725,5.19481869311338,10.422991752624512
3.2648837566375732,5.157808047885607,10.4133939743042
3.1623058319091797,5.16078748547339,10.371316909790039
3.229666233062744,5.200080814405477,10.36911392211914
3.2531375885009766,5.21406663801255,10.40771198272705
3.151317596435547,5.13397944602184,10.388130187988281
3.2109920978546143,5.082814073788801,10.370229721069336
3.220721960067749,5.224539038991289,10.383523941040039
3.195106029510498,5.151777764715786,10.35411262512207
3.2130343914031982,5.157873378401357,10.372992515563965
3.2550220489501953,5.173663064870717,10.358752250671387
3.196561574935913,5.228512004217399,10.399784088134766
3.2549121379852295,5.1537657274332425,10.33436107635498
3.232588768005371,5.168773510127462,10.416311264038086
3.245494842529297,5.16557279575084,10.357336044311523
3.236903429031372,5.208811853679696,10.449563026428223
3.2160892486572266,5.162663021424254,10.32624340057373
3.2194433212280273,5.174989001027176,10.382797241210938
3.2269515991210938,5.238887876837648,10.321914672851562
3.2208216190338135,5.242926957185514,10.400325775146484
3.2257072925567627,5.165137338784656,10.384641647338867
3.269397258758545,5.193718156012308,10.39914608001709
3.2327115535736084,5.217153137050835,10.312325477600098
3.259561777114868,5.209483603980127,10.349630355834961
3.2972147464752197,5.2086622660114825,10.342910766601562
3.2327003479003906,5.210714936788593,10.376951217651367
3.2281951904296875,5.2134200260043135,10.455361366271973
3.187697410583496,5.141245836159214,10.395096778869629
3.2454025745391846,5.242231155911993,10.424027442932129
3.2430272102355957,5.1367824550917645,10.393885612487793
3.214695930480957,5.1501824196228485,10.419693946838379
3.2005038261413574,5.133787694852799,10.382905960083008
3.2225759029388428,5.165064795707751,10.456425666809082
3.2723655700683594,5.159711733892826,10.358968734741211
3.2149009704589844,5.165669953117946,10.344853401184082
3.257316827774048,5.171185092534871,10.410680770874023
3.172722816467285,5.145244379428082,10.393758773803711
3.264500856399536,5.1763962969583055,10.363363265991211
3.1665871143341064,5.114597762535725,10.376544952392578
3.223088026046753,5.156704109162092,10.374164581298828
3.2396795749664307,5.142286345429186,10.459027290344238
3.212523937225342,5.159274772707639,10.4323091506958
3.189321994781494,5.171187653039981,10.449301719665527
3.27547287940979,5.193895950880168,10.347163200378418
3.2241854667663574,5.129029515232625,10.305192947387695
3.1812307834625244,5.155141539139939,10.380060195922852
3.2747302055358887,5.240354151431737,10.419525146484375
3.2371768951416016,5.16444948481928,10.447026252746582
3.184849977493286,5.183845097864313,10.410279273986816
3.265735387802124,5.225439991801977,10.400320053100586
3.174365282058716,5.161150033319636,10.411572456359863
3.196842908859253,5.137090003949458,10.374496459960938
3.2317187786102295,5.16017805003295,10.388697624206543
3.2157809734344482,5.149168105662933,10.394058227539062
3.228468179702759,5.1756273408952564,10.440023422241211
3.1867380142211914,5.14368904066006,10.332334518432617
3.2816848754882812,5.196089402705964,10.398252487182617
3.2804510593414307,5.228043514935832,10.398626327514648
3.189868688583374,5.1326631510829825,10.41189193725586
3.2125396728515625,5.197912585356139,10.411355972290039
3.181159496307373,5.148802730088522,10.389001846313477
3.269899368286133,5.2049472581462135,10.414761543273926
3.2276508808135986,5.240859291981906,10.367539405822754
3.153136968612671,5.170001545621615,10.393327713012695
3.199108362197876,5.169986788083666,10.391546249389648
3.2284350395202637,5.196477327562337,10.359495162963867
3.2064735889434814,5.183100238010022,10.281614303588867
3.1448476314544678,5.164222453288469,10.332945823669434
3.2477195262908936,5.185291373170913,10.360739707946777
3.1865875720977783,5.117550962937198,10.437652587890625
3.1832547187805176,5.171871024882421,10.400500297546387
3.197277784347534,5.1865730602959434,10.357736587524414
3.2091691493988037,5.198315187723243,10.40893840789795
3.2519524097442627,5.272140832351787,10.437311172485352
3.194315195083618,5.201345822108643,10.406147003173828
3.2217705249786377,5.162319773874645,10.34017276763916
3.1541638374328613,5.1100311569004715,10.4852933883667
3.2181169986724854,5.080265321469467,10.41498851776123
3.2166831493377686,5.194575192539819,10.441326141357422
3.2460222244262695,5.168685642536729,10.404172897338867
3.211621046066284,5.216186220558093,10.339532852172852
3.2268221378326416,5.159480881810722,10.399190902709961
3.2000977993011475,5.108989285770804,10.445862770080566
3.235525608062744,5.254801220559914,10.418440818786621
3.235687017440796,5.159416487041329,10.356634140014648
3.243408679962158,5.122470938201461,10.348892211914062
3.237210273742676,5.197685765601428,10.456119537353516
3.1970911026000977,5.1808459455746085,10.357585906982422
3.155918836593628,5.179438874491357,10.287981986999512
3.2006449699401855,5.169064318894275,10.402366638183594
3.171720504760742,5.156204304890706,10.41147232055664
3.242831230163574,5.146343714424542,10.344770431518555
3.23512601852417,5.188508706200602,10.359140396118164
3.223098039627075,5.170381821791775,10.469030380249023
3.2721738815307617,5.13400425758612,10.411697387695312
3.193359851837158,5.138134902010538,10.394132614135742
3.2469992637634277,5.184840435029141,10.406693458557129
3.2093863487243652,5.154345172158043,10.421781539916992
3.2250335216522217,5.1781319919641,10.370549201965332
3.245156764984131,5.1729738864981165,10.426901817321777
3.257333755493164,5.147017884301022,10.348593711853027
3.1694183349609375,5.1227490419654975,10.345967292785645
3.22408127784729,5.166979985644243,10.278234481811523
3.28627347946167,5.20955884446656,10.381386756896973
3.166109561920166,5.164561766432599,10.404358863830566
3.189729690551758,5.193769237093095,10.504047393798828
3.238292694091797,5.19870786525176,10.442119598388672
3.2274463176727295,5.195145205561338,10.452247619628906
3.183303117752075,5.170668183293726,10.411665916442871
3.2550971508026123,5.138125569992034,10.413759231567383
3.2367427349090576,5.203570976321187,10.371399879455566
3.234581708908081,5.193011596798898,10.391273498535156
3.213362693786621,5.19876519540724,10.40109634399414
3.2146053314208984,5.23207471373358,10.441018104553223
3.248584270477295,5.2024257577889195,10.411882400512695
3.2487263679504395,5.271137406018429,10.374799728393555
3.215170383453369,5.215835468876842,10.333772659301758
3.1961755752563477,5.137052000400478,10.416948318481445
3.1794073581695557,5.175393413685794,10.357879638671875
3.2445778846740723,5.236290501031492,10.435600280761719
3.2338969707489014,5.168482183545296,10.432110786437988
3.203932523727417,5.078435092931614,10.420969009399414
3.219470977783203,5.101434856486905,10.446056365966797
3.227426290512085,5.163756447677899,10.377446174621582
3.2216238975524902,5.116335548626791,10.427704811096191
3.2196362018585205,5.1560681754989295,10.383720397949219
3.216233253479004,5.166634188066902,10.414961814880371
3.1338400840759277,5.199762113159522,10.417030334472656
3.2365198135375977,5.152534265570076,10.354254722595215
3.208314895629883,5.1375809009186915,10.455497741699219
3.189709424972534,5.111179253751678,10.385577201843262
3.223099708557129,5.206969814707658,10.369589805603027
3.1852614879608154,5.124687233540628,10.355528831481934
3.2201924324035645,5.182386748792072,10.343339920043945
3.2556467056274414,5.163650881266221,10.396978378295898
3.2191054821014404,5.1656642875501095,10.38869857788086
3.1942718029022217,5.142721706003484,10.314366340637207
3.2625043392181396,5.250395116130155,10.415969848632812
3.226515531539917,5.1416050699606,10.412181854248047
3.21809720993042,5.142353257962635,10.283271789550781
3.2150485515594482,5.093804845519895,10.476960182189941
3.1781880855560303,5.121918477350846,10.349248886108398
3.2176642417907715,5.162718993511849,10.409539222717285
3.1981875896453857,5.144158287239927,10.3092679977417
3.229154348373413,5.219933595042676,10.407673835754395
3.205512762069702,5.075795996102638,10.419729232788086
3.1871607303619385,5.153608654193314,10.366188049316406
3.2848188877105713,5.209462118068976,10.32879638671875
3.227119207382202,5.20368114602752,10.394969940185547
3.172147750854492,5.107442221970164,10.361726760864258
3.176816463470459,5.1423647191841155,10.277383804321289
3.237614631652832,5.2362001790399,10.44129467010498
3.267897605895996,5.205374681823223,10.460741996765137
3.2870218753814697,5.194720703775861,10.333054542541504
3.2437026500701904,5.14810739101709,10.47966194152832
3.2201526165008545,5.198348089853036,10.367582321166992
3.249843120574951,5.242362848948688,10.347381591796875
3.206674337387085,5.138995811442978,10.395503997802734
3.185062885284424,5.128128054485257,10.404705047607422
3.1654555797576904,5.157545236604554,10.398415565490723
3.2497777938842773,5.207851880995024,10.359047889709473
3.1791772842407227,5.0987102016141375,10.369964599609375
3.204515218734741,5.142677336997751,10.382035255432129
3.2513375282287598,5.2060480988251845,10.345222473144531
3.1764955520629883,5.154698552863141,10.36460018157959
3.220409631729126,5.092916475209807,10.418914794921875
3.2130000591278076,5.186810197874105,10.383795738220215
3.244417905807495,5.1762814655168246,10.38607406616211
3.203700065612793,5.220486048176618,10.387683868408203
3.199570655822754,5.1670525388326505,10.404773712158203
3.157017469406128,5.144959166213604,10.405410766601562
3.232792615890503,5.219440892604845,10.362671852111816
3.227149248123169,5.153458527189547,10.361688613891602
3.1985318660736084,5.155540682475216,10.366352081298828
3.214003086090088,5.1757285991084885,10.328821182250977
3.2551612854003906,5.200057348535795,10.44491958618164
3.2173421382904053,5.197709049796686,10.395891189575195
3.2076380252838135,5.1781226098537445,10.38534164428711
3.1567094326019287,5.091204296897298,10.441864013671875
3.256251573562622,5.193307058553079,10.494625091552734
3.167602062225342,5.1025720393351675,10.445175170898438
3.1918399333953857,5.161121933953837,10.363380432128906
3.205686569213867,5.168684900505468,10.316835403442383
3.2300045490264893,5.177991315589419,10.413084030151367
3.2318384647369385,5.233516111870163,10.414653778076172
3.2076563835144043,5.191334308790309,10.452207565307617
3.2070908546447754,5.151711702812463,10.349576950073242
3.24090576171875,5.202340017638302,10.36128044128418
3.2085583209991455,5.153562187915669,10.390836715698242
3.1496026515960693,5.142574008620743,10.463396072387695
3.1635260581970215,5.1238005588030715,10.409675598144531
3.2354896068573,5.23481012724473,10.366764068603516
3.1789352893829346,5.220662808777498,10.409530639648438
3.199876070022583,5.139059590741194,10.378419876098633
3.1679863929748535,5.159785089349107,10.401890754699707
3.210984230041504,5.204375507875479,10.41673755645752
3.2027339935302734,5.125708146419908,10.375345230102539
3.194319248199463,5.108328262643357,10.351773262023926
3.2438395023345947,5.250652889554788,10.340660095214844
3.2055952548980713,5.142629741591269,10.424068450927734
3.193772554397583,5.221706689701282,10.253369331359863
3.241239547729492,5.136199593677053,10.393763542175293
3.2256722450256348,5.164179504549662,10.330286026000977
3.184849739074707,5.149667072176402,10.376442909240723
3.209831476211548,5.182063133987998,10.333845138549805
3.183887481689453,5.1193388142689535,10.476999282836914
3.1881868839263916,5.183041317222108,10.403562545776367
3.2062017917633057,5.2175781002733865,10.453760147094727
3.219311237335205,5.180208056200562,10.389974594116211
3.208458662033081,5.220824095021402,10.332016944885254
3.167998790740967,5.121786025086684,10.445491790771484
3.2098264694213867,5.11076463509484,10.367237091064453
3.2159056663513184,5.166236162252192,10.38136100769043
3.2457051277160645,5.145196803878727,10.353320121765137
3.158013343811035,5.15705502083126,10.385295867919922
3.184845209121704,5.195557514238837,10.38026237487793
3.2028212547302246,5.163067441866068,10.354612350463867
3.250344753265381,5.216141562942149,10.417976379394531
3.2009336948394775,5.139018450364737,10.499554634094238
3.2398152351379395,5.2035033688215275,10.356765747070312
3.1894707679748535,5.160574904110815,10.378273963928223
3.201108932495117,5.163839418973241,10.382674217224121
3.144833564758301,5.181076331097366,10.322113037109375
3.156414031982422,5.0994603942214916,10.376469612121582
3.219240188598633,5.1961799612867505,10.451258659362793
3.240736722946167,5.183756666690377,10.392991065979004
3.2266035079956055,5.173877340708194,10.432184219360352
3.170008897781372,5.1132211342587,10.368743896484375
3.1414387226104736,5.151508285431191,10.372257232666016
3.250314235687256,5.196744822531141,10.382452011108398
3.208780527114868,5.178525051334872,10.35660457611084
3.1886425018310547,5.181114003062247,10.432196617126465
3.206084728240967,5.229766283483643,10.390830993652344
3.2295351028442383,5.154086737560907,10.339804649353027
3.2236573696136475,5.164342489958342,10.356724739074707
3.2118289470672607,5.131664923525282,10.46768569946289
3.213183879852295,5.181484714682613,10.374116897583008
3.157534599304199,5.140235214361122,10.362527847290039
3.1181933879852295,5.091505899759275,10.38329792022705
3.258873462677002,5.20440625791837,10.363143920898438
3.2078332901000977,5.127310701213511,10.329747200012207
3.209754467010498,5.167306875943074,10.398965835571289
3.2017087936401367,5.186255562385278,10.301192283630371
3.2957189083099365,5.216641268193988,10.41159439086914
3.190098524093628,5.233945131867326,10.40241813659668
3.250016450881958,5.169935483152845,10.33132553100586
3.1804187297821045,5.095768161417384,10.466161727905273
3.1984164714813232,5.141604610752049,10.379570960998535
3.196070671081543,5.065690149353551,10.469551086425781
3.177604913711548,5.139257334704911,10.329161643981934
3.198033332824707,5.084218897357849,10.41677188873291
3.295435667037964,5.243950378781718,10.354089736938477
3.1796984672546387,5.113428882556036,10.383992195129395
3.2227840423583984,5.152179031300226,10.380308151245117
3.186978816986084,5.149181173715208,10.395027160644531
3.230009078979492,5.215310755618183,10.358909606933594
3.193789005279541,5.129677934239486,10.455259323120117
3.232450008392334,5.147561127120363,10.47967529296875
3.1744306087493896,5.17612051674431,10.399677276611328
3.172090530395508,5.176932651350009,10.414437294006348
3.2305195331573486,5.227522475245808,10.389680862426758
3.233628034591675,5.198161010364337,10.46314525604248
3.25935697555542,5.231577047579257,10.462587356567383
3.2442102432250977,5.189847295937528,10.41490650177002
3.153151512145996,5.090965129135709,10.403960227966309
3.184857130050659,5.116836753707113,10.35875415802002
3.172889471054077,5.178565665879953,10.458243370056152
3.171128749847412,5.107428691183617,10.450284957885742
3.2043933868408203,5.19456403715802,10.38597297668457
3.193938732147217,5.1367112776996295,10.409574508666992
3.1775107383728027,5.1021344250267635,10.441595077514648
3.1962883472442627,5.225119030069825,10.386452674865723
3.2017927169799805,5.168382149854941,10.425664901733398
3.1669254302978516,5.163645145616361,10.408685684204102
3.2377896308898926,5.189391536505095,10.342589378356934
3.203725814819336,5.213168059508982,10.355205535888672
3.213918447494507,5.060966662630173,10.399150848388672
3.2354183197021484,5.169829038570502,10.329798698425293
3.1379244327545166,5.186114353493654,10.395864486694336
3.1917920112609863,5.238681599065396,10.345577239990234
3.189105749130249,5.092298373746287,10.376240730285645
3.230332851409912,5.188014759848427,10.381654739379883
3.1632449626922607,5.112846925023145,10.417037963867188
3.169994592666626,5.145329913224227,10.385133743286133
3.214754581451416,5.237551659478672,10.327802658081055
3.2158362865448,5.162878581688607,10.407094955444336
3.2066755294799805,5.214490295853466,10.346256256103516
3.192641019821167,5.146548134108474,10.377344131469727
3.1852176189422607,5.1897302673065235,10.46961498260498
3.1917004585266113,5.221317189346467,10.434879302978516
3.2671492099761963,5.232126892644113,10.421195983886719
3.1608970165252686,5.157272206286767,10.34146499633789
3.1956746578216553,5.216705016060067,10.390365600585938
3.160038471221924,5.087007386110989,10.408791542053223
3.204427719116211,5.242555616623057,10.341825485229492
3.232816696166992,5.210687436130163,10.402716636657715
3.1876449584960938,5.171172024050195,10.33958625793457
3.219362497329712,5.186527035631506,10.411361694335938
3.2453713417053223,5.192362009348082,10.39776611328125
3.1808385848999023,5.141110593918712,10.340049743652344
3.2478885650634766,5.229578492464498,10.415672302246094
3.2016220092773438,5.152871000513967,10.397271156311035
3.1600558757781982,5.14781056517469,10.401476860046387
3.1385202407836914,5.194240106768639,10.403387069702148
3.225672960281372,5.2090937804231165,10.409773826599121
3.1859610080718994,5.089716338120134,10.329208374023438
3.183777332305908,5.168240504904782,10.372722625732422
3.178266763687134,5.171342347050086,10.38081169128418
3.23309063911438,5.207549286241244,10.392342567443848
3.2276604175567627,5.273208188724571,10.393545150756836
3.147594451904297,5.116620462520847,10.38746452331543
3.2384729385375977,5.203760577731632,10.403165817260742
3.168153762817383,5.153566501036819,10.4085693359375
3.1497621536254883,5.119771085114085,10.376960754394531
3.191215753555298,5.188867230899631,10.39094066619873
3.1979997158050537,5.172448465999747,10.35018539428711
3.182257890701294,5.063827589852735,10.371973037719727
3.2443301677703857,5.157407609280199,10.392849922180176
3.2246456146240234,5.185782077822036,10.356687545776367
3.136908769607544,5.148331757568355,10.291946411132812
3.1717660427093506,5.134589343165447,10.408973693847656
3.1770081520080566,5.205092476747398,10.366207122802734
3.160247325897217,5.17675240650507,10.337430000305176
3.1450002193450928,5.1058258995679875,10.427330017089844
3.2184057235717773,5.1379830599429885,10.358421325683594
3.207132577896118,5.199748374754563,10.404927253723145
3.2070772647857666,5.140754620145474,10.418994903564453
3.2027204036712646,5.1920588142903785,10.3381986618042
3.2155661582946777,5.187368102338432,10.415640830993652
3.1879634857177734,5.153645072963887,10.389639854431152
3.1658742427825928,5.1747074308472545,10.365215301513672
3.150620222091675,5.072446740565023,10.466593742370605
3.219789505004883,5.132200050500354,10.408112525939941
3.216299295425415,5.173510687093117,10.364875793457031
3.2058157920837402,5.203990421424221,10.372640609741211
3.173959970474243,5.1433960036042015,10.395280838012695
3.1794333457946777,5.116323753692476,10.390324592590332
3.2643187046051025,5.172045314418419,10.42503833770752
3.178147792816162,5.193668206189094,10.456298828125
3.170011281967163,5.145053149932729,10.381635665893555
3.239229440689087,5.132241244627429,10.415623664855957
3.19240140914917,5.175977607124618,10.372543334960938
3.207010269165039,5.212335012753361,10.425249099731445
3.2096059322357178,5.198789019969158,10.386592864990234
3.1807188987731934,5.090310969855636,10.409982681274414
3.2230305671691895,5.195503714328099,10.3626708984375
3.2323272228240967,5.1713309627292405,10.437173843383789
3.204986572265625,5.167881383227982,10.43643856048584
3.1832847595214844,5.115387215145996,10.438577651977539
3.1140074729919434,5.10004096022541,10.4013090133667
3.18288516998291,5.0742993493165285,10.388431549072266
3.1306118965148926,5.137845843997119,10.360742568969727
3.2221148014068604,5.176620198679822,10.371721267700195
3.2083146572113037,5.190046788259808,10.440101623535156
3.1527349948883057,5.083150811692966,10.464515686035156
3.1892035007476807,5.165059395832941,10.388725280761719
3.2377684116363525,5.225781167691041,10.448080062866211
3.1707544326782227,5.165443065010809,10.344681739807129
3.183638095855713,5.148459086793341,10.46060562133789
3.1824467182159424,5.193277195794507,10.397943496704102
3.2223501205444336,5.185699910391121,10.446741104125977
3.2116971015930176,5.147065624129027,10.380599021911621
3.185509443283081,5.206973454682156,10.34243392944336
3.1774773597717285,5.204645515851943,10.387873649597168
3.199239730834961,5.2155299784083455,10.408233642578125
3.1652309894561768,5.153354180677394,10.442560195922852
3.223571300506592,5.139382773843993,10.40113353729248
3.222895860671997,5.112240891205148,10.36589241027832
3.192213296890259,5.08752245426045,10.398831367492676
3.172560214996338,5.1610172467439295,10.430817604064941
3.17903208732605,5.194470692392705,10.40051555633545
3.194199562072754,5.152297252489785,10.36827278137207
3.12320613861084,5.11555286939256,10.363924980163574
3.220247507095337,5.222486848976198,10.360186576843262
3.204402208328247,5.2023710267219165,10.344542503356934
3.2056198120117188,5.224836542803261,10.41849136352539
3.1742985248565674,5.136478373248662,10.38544750213623
3.2039201259613037,5.1621624460843,10.402223587036133
3.1656455993652344,5.157899493950286,10.405184745788574
3.2038071155548096,5.106225851391043,10.408961296081543
3.171031951904297,5.140237233668033,10.415607452392578
3.19089937210083,5.182181464242084,10.439166069030762
3.183211326599121,5.079577539249191,10.408487319946289
3.1758663654327393,5.1823340421542525,10.48478889465332
3.2300214767456055,5.189574020582119,10.448381423950195
3.2191927433013916,5.219116496221561,10.460356712341309
3.2004125118255615,5.3012260842868795,10.453154563903809
3.1468279361724854,5.081828520234142,10.315561294555664
3.2090580463409424,5.129050116653421,10.364107131958008
3.1638123989105225,5.175702926902367,10.482696533203125
3.1997790336608887,5.193176592966275,10.348423957824707
3.1949169635772705,5.132197604913796,10.347878456115723
3.1666080951690674,5.179664708507646,10.420225143432617
3.2000198364257812,5.183381063564281,10.384772300720215
3.2283823490142822,5.133153910748661,10.383477210998535
3.210355281829834,5.186935308223058,10.412422180175781
3.1895151138305664,5.154327965008893,10.485530853271484
3.247980833053589,5.196427673134687,10.394514083862305
3.2223470211029053,5.153815472964197,10.402141571044922
3.2166407108306885,5.198743400463302,10.452920913696289
3.1879992485046387,5.1999521842559,10.380362510681152
3.1739509105682373,5.133537636970037,10.349419593811035
3.2852942943573,5.21827530405218,10.36395263671875
3.1327807903289795,5.052634121617302,10.378011703491211
3.1470136642456055,5.1550799019501685,10.434463500976562
3.2133548259735107,5.243144408633401,10.342599868774414
3.178128719329834,5.1594941002715915,10.41250991821289
3.191324234008789,5.161874020239337,10.434978485107422
3.210437536239624,5.133105908620304,10.398470878601074
3.1558756828308105,5.032911302987486,10.377365112304688
3.1603620052337646,5.133421595241608,10.404297828674316
3.1623404026031494,5.090328785457781,10.379935264587402
3.221416473388672,5.140298614112128,10.36042308807373
3.204859733581543,5.170654533630503,10.387239456176758
3.207118034362793,5.227371863787994,10.373039245605469
3.246967315673828,5.220356636880233,10.388586044311523
3.1385693550109863,5.1144168116152295,10.3825101852417
3.1777822971343994,5.172293793010924,10.359861373901367
3.2116849422454834,5.200272936440472,10.440017700195312
3.2245113849639893,5.2041586143895975,10.378318786621094
3.1781139373779297,5.130138644815555,10.41922378540039
3.231543779373169,5.206599314131641,10.352008819580078
3.1901204586029053,5.136358377656766,10.431790351867676
3.2283408641815186,5.201452464064849,10.372894287109375
3.1723883152008057,5.157444649509022,10.320537567138672
3.1742374897003174,5.190935613354669,10.293067932128906
3.1751821041107178,5.135916304575014,10.358189582824707
3.17940354347229,5.1649456489498595,10.38810920715332
3.1410281658172607,5.151001233042085,10.334239959716797
3.1865456104278564,5.065876846667379,10.40899658203125
3.2155885696411133,5.164501390419901,10.480670928955078
3.1528522968292236,5.144342738802411,10.431279182434082
3.1887242794036865,5.146053531207143,10.33956241607666
3.172132730484009,5.114740887091362,10.363751411437988
3.1993508338928223,5.129387943107369,10.346378326416016
3.201665163040161,5.178984329969223,10.404244422912598
3.221188545227051,5.2013987590159685,10.486664772033691
3.1791560649871826,5.084920525983242,10.341836929321289
3.1560723781585693,5.129870048657592,10.426986694335938
3.2343032360076904,5.171425528458453,10.366964340209961
3.261434555053711,5.181530793530068,10.340494155883789
3.1650638580322266,5.109317600627296,10.406765937805176
3.1920440196990967,5.113166893998693,10.339956283569336
3.1891729831695557,5.158476820315367,10.355619430541992
3.1594319343566895,5.1336699364640355,10.426628112792969
3.1155359745025635,5.103280350632434,10.364279747009277
3.212312698364258,5.1888648024760196,10.3757905960083
3.1973986625671387,5.237923008755648,10.372505187988281
3.1384823322296143,5.112289723108655,10.34850025177002
3.1654629707336426,5.14260691850047,10.32425308227539
3.1773509979248047,5.139056018786505,10.391451835632324
3.1311256885528564,5.095021786268002,10.388689994812012
3.1682889461517334,5.134593839790407,10.323099136352539
3.1814863681793213,5.214683789560305,10.428472518920898
3.187382459640503,5.12710504756043,10.36074161529541
3.2066550254821777,5.122568730564256,10.431331634521484
3.233304262161255,5.225054455987578,10.461090087890625
3.142718553543091,5.100103782157281,10.441184997558594
3.21730375289917,5.206120048150686,10.345500946044922
3.156869888305664,5.066631087201781,10.358539581298828
3.1099555492401123,5.095417182792777,10.365047454833984
3.1668739318847656,5.192911198030092,10.38552474975586
3.111919403076172,5.157373250196023,10.334324836730957
3.1326701641082764,5.096453649823421,10.369022369384766
3.1709086894989014,5.151865626685321,10.442001342773438
3.1923792362213135,5.058575824102654,10.40920639038086
3.114957571029663,5.090129429241642,10.398039817810059
3.204432487487793,5.130175970594531,10.394268035888672
3.1770243644714355,5.0748182426406325,10.39069938659668
3.247771739959717,5.242304683895782,10.388029098510742
3.1905319690704346,5.166774964192882,10.343225479125977
3.2039387226104736,5.22301693616568,10.436993598937988
3.2006235122680664,5.17889274074696,10.379358291625977
3.1406915187835693,5.143619253366654,10.316095352172852
3.1678576469421387,5.154990393003183,10.431645393371582
3.1625044345855713,5.142671392897943,10.418431282043457
3.1928725242614746,5.136484926566482,10.397147178649902
3.144075632095337,5.058437288040295,10.429954528808594
3.1650192737579346,5.08779896695965,10.388121604919434
3.216893434524536,5.150864939671011,10.307950019836426
3.197749137878418,5.158404532454109,10.332406997680664
3.1344003677368164,5.122422854615641,10.416431427001953
3.1598024368286133,5.082229177733617,10.42085075378418
3.2053425312042236,5.171160763628515,10.408700942993164
3.1612937450408936,5.157184420286544,10.387524604797363
3.1535117626190186,5.1028547291311295,10.514516830444336
3.2031633853912354,5.184482646507345,10.465778350830078
3.177759885787964,5.1239837700434565,10.422904968261719
3.182431697845459,5.122545676039798,10.392614364624023
3.2274413108825684,5.157187680347956,10.33504867553711
3.2201805114746094,5.129857558490975,10.429920196533203
3.229877233505249,5.153271847271493,10.469881057739258
3.201592445373535,5.154775808232703,10.365537643432617
3.1875290870666504,5.105979252041184,10.362744331359863
3.1934590339660645,5.154347445582971,10.349742889404297
3.1453001499176025,5.17897983653737,10.403438568115234
3.223742961883545,5.198601964395493,10.315528869628906
3.1527881622314453,5.124312313772472,10.329508781433105
3.1699607372283936,5.12850873168957,10.312810897827148
3.183337450027466,5.14014412522582,10.414007186889648
3.1944994926452637,5.1361615647162715,10.319644927978516
3.1307878494262695,5.15814904875255,10.391254425048828
3.1501362323760986,5.0934354270409266,10.349275588989258
3.231048345565796,5.2276608413417955,10.428834915161133
3.1377737522125244,5.107219839900998,10.385234832763672
3.1120858192443848,5.149798821292019,10.387685775756836
3.130981922149658,5.102614995092154,10.350653648376465
3.141958475112915,5.139380773828765,10.43252944946289
3.1833598613739014,5.233973656980587,10.425962448120117
3.1794018745422363,5.127700723175492,10.470396041870117
3.1715850830078125,5.122504448085757,10.40885066986084
3.186533212661743,5.1620549622457474,10.352864265441895
3.162069320678711,5.061077517789922,10.373038291931152
3.1106765270233154,5.104752160309415,10.386772155761719
3.162095785140991,5.146964912336054,10.326754570007324
3.2022039890289307,5.177441833673843,10.379926681518555
3.1997714042663574,5.141488281843651,10.383152961730957
3.1779630184173584,5.188750331922035,10.42477798461914
3.1249208450317383,5.131351018091664,10.366799354553223
3.1158623695373535,5.132343964385136,10.438542366027832
3.2213330268859863,5.190024098048785,10.375892639160156
3.1494603157043457,5.188569025369361,10.411770820617676
3.1434295177459717,5.07035698731696,10.36201000213623
3.237032890319824,5.129958072411163,10.41612434387207
3.1789307594299316,5.183902134387088,10.406022071838379
3.127094268798828,5.1397786565856745,10.371938705444336
3.1665637493133545,5.2268095813758135,10.357418060302734
3.154304265975952,5.139548104422699,10.350848197937012
3.1765899658203125,5.145612859034112,10.366400718688965
3.215937614440918,5.248999351502529,10.365983009338379
3.181417942047119,5.100617561256513,10.440185546875
3.1210312843322754,5.108961817442572,10.349642753601074
3.175140619277954,5.168842131205436,10.414867401123047
3.1816389560699463,5.148283425319407,10.407585144042969
3.165618896484375,5.142633916011879,10.371198654174805
3.1797120571136475,5.115409180488704,10.331106185913086
3.2132275104522705,5.186613548646815,10.414741516113281
3.1595640182495117,5.189303673837068,10.423972129821777
3.165600538253784,5.142871676777888,10.307621002197266
3.1497535705566406,5.199723825424112,10.432720184326172
3.133270740509033,5.134948364226148,10.349287033081055
3.1855640411376953,5.174675694433972,10.384862899780273
3.221945285797119,5.212788925705745,10.330581665039062
3.1411993503570557,5.099560153204948,10.366581916809082
3.193810224533081,5.143325585871935,10.446562767028809
3.1588571071624756,5.120911792885246,10.433860778808594
3.196920394897461,5.152290340180376,10.388212203979492
3.1402032375335693,5.138078895962931,10.340919494628906
3.230346202850342,5.166731436038391,10.421131134033203
3.1842148303985596,5.127833315470655,10.461649894714355
3.226773262023926,5.254339598385351,10.304380416870117
3.171400785446167,5.090828009016279,10.40849494934082
3.1680731773376465,5.170628253869446,10.471328735351562
3.1275956630706787,5.122200439983446,10.347627639770508
3.2170462608337402,5.183048291730562,10.395774841308594
3.167045831680298,5.159228520235047,10.392227172851562
3.157545566558838,5.155069421311574,10.343774795532227
3.1637063026428223,5.162488213806812,10.3731050491333
3.199340343475342,5.1096984609695415,10.3137788772583
3.2037627696990967,5.173267804585132,10.35919189453125
3.121838331222534,5.1208929580503275,10.452136993408203
3.104966402053833,5.182217839040926,10.403839111328125
3.1595168113708496,5.144598013887714,10.351407051086426
3.1546270847320557,5.173262766795233,10.3051118850708
3.1444594860076904,5.151121159150664,10.333902359008789
3.163902997970581,5.091147878639666,10.343981742858887
3.1901848316192627,5.128228498123852,10.343186378479004
3.1427056789398193,5.109997480276174,10.386627197265625
3.151914596557617,5.108879264377591,10.436210632324219
3.1867237091064453,5.1882949341088525,10.371194839477539
3.181821823120117,5.155262367766617,10.318096160888672
3.175791025161743,5.146743691293523,10.394213676452637
3.2131717205047607,5.20768290738176,10.37320613861084
3.1658618450164795,5.160124354197511,10.371492385864258
3.1493639945983887,5.088224230001548,10.332763671875
3.160588264465332,5.164523877170203,10.420902252197266
3.124028205871582,5.134976384994973,10.378929138183594
3.16681170463562,5.208613013915185,10.399226188659668
3.1806087493896484,5.180615330347791,10.373319625854492
3.199678421020508,5.201745690910944,10.4033784866333
3.1633224487304688,5.132500746719805,10.37039566040039
3.1161794662475586,5.143755516037345,10.359670639038086
3.177177667617798,5.128192090828503,10.459259033203125
3.177607297897339,5.231247099049921,10.421524047851562
3.188248634338379,5.1927286371189565,10.333169937133789
3.143923044204712,5.14041583802152,10.37510871887207
3.177102565765381,5.146887247118035,10.355575561523438
3.202763795852661,5.213740731256881,10.378409385681152
3.134864568710327,5.074878902507148,10.42123031616211
3.167348861694336,5.188160964188032,10.441165924072266
3.140118360519409,5.0642928808395355,10.356857299804688
3.15608549118042,5.146241568161972,10.396522521972656
3.185779333114624,5.205129376712389,10.31653881072998
3.152617931365967,5.154613545563604,10.37883186340332
3.150202512741089,5.138757243419864,10.333782196044922
3.1653828620910645,5.109568468261776,10.430706024169922
3.188743829727173,5.170369724077839,10.453644752502441
3.1391818523406982,5.121318066525939,10.312674522399902
3.1985530853271484,5.204608866579033,10.323293685913086
3.1547152996063232,5.118157988547214,10.411100387573242
3.192608594894409,5.175113800580481,10.445043563842773
3.12589693069458,5.11036026790472,10.345614433288574
3.1452879905700684,5.087432299108643,10.413921356201172
3.1617698669433594,5.113600399711036,10.412757873535156
3.1349096298217773,5.168082023072722,10.376264572143555
3.166008949279785,5.196668199529605,10.437519073486328
3.190363883972168,5.146129642912586,10.35665512084961
3.1359801292419434,5.173702912471657,10.401044845581055
3.1614251136779785,5.19406717406985,10.357938766479492
3.2370026111602783,5.2620272837313165,10.411002159118652
3.171374559402466,5.169422145134637,10.384445190429688
3.123643398284912,5.13028919327605,10.457809448242188
3.161529302597046,5.187292503592158,10.428131103515625
3.1688456535339355,5.163559446277628,10.43081283569336
3.1560001373291016,5.167977917806378,10.379425048828125
3.157768964767456,5.1225324859510035,10.364561080932617
3.229876756668091,5.212152933369258,10.377044677734375
3.1706440448760986,5.110045967856422,10.41147232055664
3.141618013381958,5.10994589594858,10.42489242553711
3.1146790981292725,5.180619536533154,10.445320129394531
3.1384119987487793,5.071418940289211,10.373754501342773
3.1412343978881836,5.208772844967565,10.244277954101562
3.1467249393463135,5.175516889862982,10.337945938110352
3.1819894313812256,5.203298206241535,10.413042068481445
3.1092793941497803,5.0726621255411635,10.439903259277344
3.1868443489074707,5.151654671877623,10.381366729736328
3.124624013900757,5.129166004048394,10.41139030456543
3.170677423477173,5.198330538447148,10.435230255126953
3.181658983230591,5.163904549188113,10.460103988647461
3.1997787952423096,5.125374958284997,10.417085647583008
3.1920418739318848,5.138985047682321,10.380054473876953
3.103734016418457,5.076793097525037,10.381784439086914
3.1788997650146484,5.179060263891838,10.401724815368652
3.0954434871673584,5.091865326211389,10.384770393371582
3.1721086502075195,5.20779892223488,10.349016189575195
3.217623710632324,5.129888690309599,10.334643363952637
3.169010639190674,5.162072506201055,10.483379364013672
3.1112253665924072,5.038561038273786,10.357404708862305
3.17899489402771,5.179959853844983,10.409574508666992
3.1375670433044434,5.084678945597261,10.31081485748291
3.1658756732940674,5.135976771857323,10.377606391906738
3.151719808578491,5.1504755931174655,10.463412284851074
3.1457111835479736,5.200983490961205,10.36186695098877
3.176271915435791,5.194064860631313,10.440855979919434
3.201709747314453,5.183900933978814,10.377355575561523
3.1633846759796143,5.166014240322901,10.408294677734375
3.0877084732055664,5.0780103876188925,10.326909065246582
3.1743712425231934,5.170071127990792,10.407356262207031
3.238272190093994,5.163328314898536,10.316988945007324
3.1769297122955322,5.039752520654084,10.330289840698242
3.148453712463379,5.111231678232019,10.452818870544434
3.1604747772216797,5.187592512029888,10.395421981811523
3.2024712562561035,5.183474116526278,10.307610511779785
3.1212520599365234,5.0182134028790255,10.378459930419922
3.1059038639068604,5.12256979180633,10.39692497253418
3.186917781829834,5.220842159818858,10.399024963378906
3.217982530593872,5.1759023669707975,10.362117767333984
3.1344075202941895,5.152370783400589,10.393256187438965
3.164598226547241,5.231521575412314,10.4761381149292
3.147200584411621,5.066455483203754,10.439483642578125
3.1610004901885986,5.13714615884237,10.366606712341309
3.155907154083252,5.12155142123811,10.327532768249512
3.1495842933654785,5.135771676598649,10.377166748046875
3.13087797164917,5.15173493405538,10.371728897094727
3.1338565349578857,5.100841463144336,10.388919830322266
3.209016799926758,5.176892688797254,10.393424987792969
3.1153974533081055,5.1370398629057625,10.391464233398438
3.136141300201416,5.127527503496302,10.390164375305176
3.211914300918579,5.1582694305107,10.29233455657959
3.2036802768707275,5.088496423093602,10.432405471801758
3.111441135406494,5.141410039006067,10.392929077148438
3.1588268280029297,5.0645253525913825,10.380717277526855
3.1625890731811523,5.183189648137029,10.451922416687012
3.2360012531280518,5.226786672303985,10.358602523803711
3.1043527126312256,5.107416942083676,10.406631469726562
3.172243118286133,5.213635123833748,10.400163650512695
3.1188204288482666,5.146381624974311,10.370920181274414
3.24863862991333,5.222020399291068,10.349103927612305
3.132838249206543,5.043864700377785,10.356468200683594
3.1596322059631348,5.187758359758715,10.359803199768066
3.1815714836120605,5.1334022039414515,10.437726974487305
3.1421568393707275,5.157886496778311,10.302433967590332
3.1433355808258057,5.107902447626526,10.397043228149414
3.1479504108428955,5.245011496856542,10.410395622253418
3.1325857639312744,5.126775782023158,10.361125946044922
3.145677089691162,5.181909660476127,10.466915130615234
3.1698460578918457,5.161907553739313,10.361948013305664
3.194204092025757,5.123668984443482,10.40068244934082
3.1963136196136475,5.196001750915976,10.389670372009277
3.127460241317749,5.110503344962907,10.339210510253906
3.1539111137390137,5.173411934237395,10.410733222961426
3.2036285400390625,5.188119866918506,10.34703540802002
3.163912534713745,5.1753060832686195,10.392167091369629
3.1853160858154297,5.201730441102493,10.396184921264648
3.1981139183044434,5.192574279216518,10.3574857711792
3.199540615081787,5.147054868816797,10.423514366149902
3.183342695236206,5.206097814088155,10.36090087890625
3.1387903690338135,5.131406282806503,10.421242713928223
3.1690545082092285,5.180350124736183,10.330975532531738
3.15529465675354,5.175357285687434,10.385822296142578
3.1575467586517334,5.17560961975583,10.408266067504883
3.1698644161224365,5.124758293519595,10.324347496032715
3.135936737060547,5.1644320974259506,10.383804321289062
3.1355323791503906,5.1012189339713325,10.4256010055542
3.196714162826538,5.188731895526871,10.361172676086426
3.1878697872161865,5.196598101307505,10.342072486877441
3.1820976734161377,5.173330027743109,10.414710998535156
3.13259220123291,5.080819124256127,10.42552375793457
3.154266357421875,5.168164259454768,10.322417259216309
3.1612138748168945,5.1176613452179085,10.319655418395996
3.0975658893585205,5.057361180162324,10.38535213470459
3.1542863845825195,5.125830256646233,10.472561836242676
3.1376545429229736,5.12816540381339,10.425186157226562
3.1473097801208496,5.143980799874823,10.414831161499023
3.1380727291107178,5.1067926535782,10.416719436645508
3.2295918464660645,5.154803125021447,10.36462688446045
3.2050256729125977,5.201149297911408,10.435892105102539
3.130324363708496,5.175525264914281,10.403051376342773
3.1442298889160156,5.079840391974098,10.380548477172852
3.103189706802368,5.093699470628053,10.302017211914062
3.128473997116089,5.1250616735446135,10.402325630187988
3.1556570529937744,5.170464220223949,10.297185897827148
3.1556921005249023,5.161875681352934,10.289770126342773
3.2194337844848633,5.145742323848285,10.358304977416992
3.1502482891082764,5.1652848563556155,10.367691040039062
3.089458703994751,5.0012149965789705,10.356155395507812
3.168276309967041,5.1157034021868775,10.384683609008789
3.1820759773254395,5.203619760394628,10.351414680480957
3.1476380825042725,5.164292968144374,10.332195281982422
3.154905080795288,5.1695582151546,10.392470359802246
3.21138334274292,5.205673890254859,10.376470565795898
3.1175034046173096,5.165186943918733,10.348045349121094
3.1757071018218994,5.094287278596313,10.439305305480957
3.0844454765319824,5.108401421823405,10.404144287109375
3.1921167373657227,5.164320999523625,10.300568580627441
3.1799683570861816,5.152267264302022,10.435633659362793
3.094902992248535,5.0763284362786045,10.362022399902344
3.128856658935547,5.123632217790664,10.31484603881836
3.1681008338928223,5.172716887069067,10.452289581298828
3.130472421646118,5.094890212773213,10.379701614379883
3.095280647277832,5.0591496390490125,10.46651554107666
3.1437559127807617,5.165948486654088,10.446004867553711
3.1396102905273438,5.136652907489665,10.514208793640137
3.1777496337890625,5.157207131552111,10.339397430419922
3.1539759635925293,5.180328230573131,10.404903411865234
3.1739728450775146,5.187542061321437,10.324203491210938
3.103078842163086,5.078021115623414,10.43195915222168
3.102257251739502,5.113548288953357,10.40031623840332
3.163867473602295,5.224146230445643,10.424599647521973
3.1687164306640625,5.133062504498023,10.363153457641602
3.1614651679992676,5.149300824518182,10.400041580200195
3.176187038421631,5.147858492165271,10.457769393920898
3.080266237258911,5.108481820805796,10.442974090576172
3.1625802516937256,5.135111763009004,10.45433521270752
3.186099052429199,5.109054955387754,10.36790943145752
3.136970043182373,5.114129198582045,10.47224235534668
3.153125047683716,5.226127580673035,10.384211540222168
3.179734468460083,5.102679634200675,10.385244369506836
3.149498224258423,5.156817421383623,10.387176513671875
3.1898059844970703,5.235657174672399,10.347831726074219
3.1570990085601807,5.0594268145172725,10.405284881591797
3.1300222873687744,5.125999826871391,10.417630195617676
3.1632542610168457,5.130845145388906,10.372861862182617
3.177975654602051,5.169228534812906,10.415124893188477
3.111271858215332,5.0980020101581305,10.403281211853027
3.130647897720337,5.086354049787458,10.412609100341797
3.134411334991455,5.113132555037737,10.413690567016602
3.1512746810913086,5.138425123312377,10.289573669433594
3.1353025436401367,5.185837215743959,10.383157730102539
3.1535022258758545,5.138346189034303,10.40025520324707
3.164478063583374,5.142864578104179,10.486379623413086
3.202669382095337,5.153204793576152,10.420318603515625
3.158928155899048,5.190605817828328,10.310688018798828
3.1391851902008057,5.160510728867458,10.36412525177002
3.1566576957702637,5.147555815621413,10.33149242401123
3.140615940093994,5.157309600019029,10.405285835266113
3.13641095161438,5.156620778642328,10.364441871643066
3.1439387798309326,5.124378837645055,10.369284629821777
3.1127047538757324,5.130024106740685,10.368829727172852
3.153733015060425,5.149344383705674,10.367809295654297
3.1947262287139893,5.162557619657101,10.481452941894531
3.1752851009368896,5.174350203147956,10.364606857299805
3.0826361179351807,5.145394493160502,10.36322021484375
3.1570329666137695,5.150152374657669,10.412168502807617
3.1323397159576416,5.071548576233908,10.34276008605957
3.1220901012420654,5.157729151924806,10.371532440185547
3.1618032455444336,5.180658176474806,10.362303733825684
3.135305643081665,5.1866920359565745,10.320755004882812
3.147047519683838,5.063927150165131,10.404633522033691
3.156228542327881,5.142867671458848,10.35221004486084
3.1773221492767334,5.22453576103518,10.343009948730469
3.125870943069458,5.141188417561352,10.353782653808594
3.1093928813934326,5.111143633922827,10.401055335998535
3.1346635818481445,5.150300260599968,10.44479751586914
3.146367311477661,5.206445377652666,10.403128623962402
3.126147985458374,5.09926819591783,10.392495155334473
3.142334222793579,5.139726200772982,10.393413543701172
3.090869903564453,5.1334394518552084,10.32608413696289
3.1972365379333496,5.167391775807898,10.340069770812988
3.166761875152588,5.126362836321018,10.34504508972168
3.1607744693756104,5.1321634575392,10.45022201538086
3.166689872741699,5.192054649415825,10.444894790649414
3.0920794010162354,5.128721350238526,10.29502010345459
3.1728761196136475,5.109865186602941,10.510747909545898
3.1045374870300293,5.088285445169147,10.411294937133789
3.140660524368286,5.047360559659346,10.266227722167969
3.099029302597046,5.070416248436752,10.427542686462402
3.1415703296661377,5.1597116948105395,10.376459121704102
3.1349058151245117,5.109756759401145,10.445509910583496
3.103689432144165,5.08045784663409,10.36707878112793
3.1459999084472656,5.191601254511624,10.420066833496094
3.1756505966186523,5.199918587625558,10.387824058532715
3.145265817642212,5.104345257527062,10.356880187988281
3.123927593231201,5.176500232091972,10.33477783203125
3.10135555267334,5.089559918169731,10.384246826171875
3.158038854598999,5.168333912135235,10.445337295532227
3.1969645023345947,5.202950198203325,10.382671356201172
3.1501412391662598,5.1843406038491855,10.4016752243042
3.183274984359741,5.166400856238657,10.389991760253906
3.109506368637085,5.109752990937392,10.32299518585205
3.149420738220215,5.105210438237658,10.43067741394043
3.189662456512451,5.221406538604892,10.362566947937012
3.1635544300079346,5.141322898745005,10.41792106628418
3.1719985008239746,5.169698582163879,10.41940689086914
3.1191787719726562,5.1618652068677235,10.383872985839844
3.2565507888793945,5.219657041697896,10.326373100280762
3.082911491394043,5.069099131073537,10.389732360839844
3.1512136459350586,5.167140530355807,10.421606063842773
3.1368370056152344,5.152066173098449,10.421998977661133
3.1019232273101807,5.166749004640484,10.406438827514648
3.0829710960388184,5.147144318558276,10.378189086914062
3.0773701667785645,5.146049211167598,10.329164505004883
3.1330926418304443,5.146356440082724,10.363178253173828
3.144296884536743,5.13169303227083,10.316408157348633
3.120478391647339,5.174870025233498,10.352087020874023
3.082087993621826,5.079495691694319,10.391545295715332
3.096230983734131,5.122662430595873,10.352760314941406
3.1080880165100098,5.1022226308538965,10.401668548583984
3.1995420455932617,5.203055682326002,10.37411117553711
3.208436965942383,5.190611970311563,10.344512939453125
3.1327505111694336,5.148054121627605,10.349434852600098
3.1197760105133057,5.107814601888614,10.424071311950684
3.1467573642730713,5.149274137802421,10.40551471710205
3.1461071968078613,5.201921837470893,10.474876403808594
3.188694953918457,5.239374765860182,10.348267555236816
3.117194175720215,5.1327685970879555,10.409000396728516
3.1464524269104004,5.141239700406524,10.357175827026367
3.1192209720611572,5.151581943833402,10.250434875488281
3.146876573562622,5.061609592321994,10.390145301818848
3.0976920127868652,5.018647449224122,10.388574600219727
3.173799991607666,5.1952613633392115,10.433977127075195
3.1752681732177734,5.135738734920908,10.409876823425293
3.144439458847046,5.134144074383324,10.356078147888184
3.109736442565918,5.103653957368805,10.451101303100586
3.1939427852630615,5.179851124927933,10.422807693481445
3.1062986850738525,5.060241432028955,10.372633934020996
3.219355821609497,5.165654145280964,10.455079078674316
3.1859514713287354,5.1681622586080005,10.364846229553223
3.1470088958740234,5.152701838906588,10.392029762268066
3.123283624649048,5.1156965805151104,10.410188674926758
3.109060049057007,5.151182865025476,10.446749687194824
3.151038408279419,5.1928200095758905,10.402470588684082
3.160496711730957,5.163751294836402,10.392721176147461
3.1922037601470947,5.128038539917076,10.324136734008789
3.081519603729248,5.0572292905833045,10.39813232421875
3.175922155380249,5.104801429169519,10.406436920166016
3.143547773361206,5.192886312957852,10.340644836425781
3.1080400943756104,5.114103041289907,10.388453483581543
3.1200103759765625,5.140392171917484,10.321416854858398
3.185926914215088,5.188988914147818,10.40221881866455
3.1590325832366943,5.179388466390914,10.403016090393066
3.1602015495300293,5.146226255223155,10.35550308227539
3.11694598197937,5.079728228538962,10.357711791992188
3.1971828937530518,5.182472453386124,10.35980224609375
3.115474224090576,5.111651143291966,10.425981521606445
3.158520460128784,5.156973073624873,10.380919456481934
3.112652063369751,5.117624140743699,10.399852752685547
3.1022562980651855,5.104113430782621,10.35413932800293
3.054431438446045,5.156058144788923,10.301183700561523
3.165280818939209,5.184629086538085,10.347648620605469
3.1568055152893066,5.142879211443609,10.443914413452148
3.151672124862671,5.149811872480703,10.377936363220215
3.163503885269165,5.13463810867896,10.321027755737305
3.1038124561309814,5.175207934076233,10.390978813171387
3.176551580429077,5.210792469792068,10.409975051879883
3.131963014602661,5.158458920894191,10.483246803283691
3.143280029296875,5.112534437528146,10.367012977600098
3.140984535217285,5.180258089543454,10.42014217376709
3.146851062774658,5.162306651406523,10.474763870239258
3.1381192207336426,5.187172857246229,10.356688499450684
3.1311774253845215,5.2031825381397665,10.390899658203125
3.1162612438201904,5.102831624947222,10.331327438354492
3.174276828765869,5.092732286446594,10.29559326171875
3.1577110290527344,5.145743758384405,10.339667320251465
3.1581873893737793,5.098561345732637,10.415105819702148
3.131284475326538,5.166310625649722,10.36668586730957
3.150355339050293,5.191399450513668,10.401409149169922
3.1406095027923584,5.064331546592127,10.36294174194336
3.0930943489074707,5.088454921596816,10.422569274902344
3.149780511856079,5.118441394064575,10.40995979309082
3.1217639446258545,5.146472758580265,10.362616539001465
3.085397720336914,5.091395001725427,10.378984451293945
3.130344867706299,5.134265634397577,10.460715293884277
3.1326239109039307,5.09645417785006,10.339228630065918
3.1688125133514404,5.184808816361641,10.41346263885498
3.138068914413452,5.11780641543945,10.312097549438477
3.1160168647766113,5.115138706385291,10.364108085632324
3.1464128494262695,5.151290850347973,10.443346977233887
3.191023111343384,5.100198764420513,10.405895233154297
3.085552453994751,5.145104686663086,10.462310791015625
3.148648500442505,5.131240686135633,10.382709503173828
3.1137900352478027,5.122100601172341,10.334615707397461
3.1009833812713623,5.127676550897636,10.369979858398438
3.054062604904175,5.064347907867549,10.348981857299805
3.1734519004821777,5.170784899532529,10.361143112182617
3.1905581951141357,5.1744751688758175,10.29973030090332
3.1187994480133057,5.1843283382976155,10.347373008728027
3.136960029602051,5.1128748031000475,10.388762474060059
3.120408296585083,5.12585403959799,10.305706024169922
3.1130828857421875,5.1496544541525,10.431002616882324
3.146385908126831,5.099275670479983,10.345757484436035
3.144160270690918,5.131985720513123,10.421558380126953
3.1336593627929688,5.162880290998146,10.443188667297363
3.1476871967315674,5.1731486877958694,10.396367073059082
3.131202459335327,5.140537464824905,10.327282905578613
3.118110179901123,5.207672703844895,10.400053024291992
3.1322708129882812,5.162811286714194,10.461536407470703
3.1060333251953125,5.162090748448723,10.374456405639648
3.1344289779663086,5.114951833184542,10.457202911376953
3.0897650718688965,5.148411403376875,10.39035415649414
3.087486505508423,5.182453665549734,10.335472106933594
3.0494847297668457,5.063281134802049,10.388463020324707
3.111812114715576,5.18665394569481,10.394355773925781
3.1581625938415527,5.134617838975307,10.380041122436523
3.139878511428833,5.135007808117995,10.420671463012695
3.120511531829834,5.195751395309344,10.387800216674805
3.1039488315582275,5.060914810846692,10.431325912475586
3.114473581314087,5.129529792582615,10.38257884979248
3.160032272338867,5.180494864837133,10.431742668151855
3.070355176925659,5.092159573653978,10.313118934631348
3.122194528579712,5.156045206888977,10.403851509094238
3.156907320022583,5.161925353076575,10.418657302856445
3.180928945541382,5.14700692945293,10.354595184326172
3.2002267837524414,5.217933400866708,10.375800132751465
3.146390438079834,5.105746379321707,10.385064125061035
3.1544203758239746,5.187961723522416,10.395496368408203
3.0648913383483887,5.0877370869607805,10.41712760925293
3.1178085803985596,5.1432902348959555,10.470645904541016
3.1973416805267334,5.203711079766175,10.429450988769531
3.1312694549560547,5.138724386359431,10.331436157226562
3.0944323539733887,5.096562238875776,10.47003173828125
3.0831804275512695,5.119440628980685,10.402795791625977
3.0763678550720215,5.135190045294751,10.441898345947266
3.1384382247924805,5.171113329540407,10.393577575683594
3.131028890609741,5.0688527196180075,10.408783912658691
3.1125359535217285,5.061805600732831,10.315353393554688
3.187983989715576,5.29737560677209,10.455533027648926
3.2024550437927246,5.140013122764815,10.386045455932617
3.1652348041534424,5.201472705995132,10.414060592651367
3.181107759475708,5.136184689854937,10.3175630569458
3.146137237548828,5.18492577600825,10.422532081604004
3.0788044929504395,5.108450213280905,10.39226245880127
3.0914599895477295,5.099115243946601,10.39102554321289
3.1064562797546387,5.1570426881246805,10.407689094543457
3.1183884143829346,5.1413886688117465,10.428478240966797
3.0758116245269775,5.10402003955096,10.35572338104248
3.122509241104126,5.11220223104049,10.391342163085938
3.142578125,5.114301731909758,10.31459903717041
3.1259264945983887,5.132046519246485,10.45465087890625
3.169288158416748,5.198081380720916,10.372507095336914
3.115121841430664,5.135498427785933,10.402233123779297
3.1646158695220947,5.1718863963282535,10.283276557922363
3.0464234352111816,5.104860460551987,10.316841125488281
3.1438260078430176,5.085739902087621,10.406963348388672
3.144331455230713,5.135071241429873,10.408180236816406
3.1318674087524414,5.176225147176799,10.35189437866211
3.1552116870880127,5.180990430160558,10.265552520751953
3.137467384338379,5.107134817733563,10.390495300292969
3.1712265014648438,5.165406717652721,10.337474822998047
3.1266682147979736,5.121368942915329,10.422121047973633
3.092324733734131,5.1241201488966395,10.385025024414062
3.1708004474639893,5.0986248835522145,10.497881889343262
3.116708278656006,5.142173881509474,10.366019248962402
3.10528826713562,5.0147036397164415,10.35395336151123
3.1362955570220947,5.1474265982729515,10.405943870544434
3.1352150440216064,5.0771634806878865,10.453849792480469
3.1248385906219482,5.088967916123303,10.401928901672363
3.1380810737609863,5.159724185742172,10.418437957763672
3.1364262104034424,5.114980318882902,10.375787734985352
3.1324455738067627,5.227592177855384,10.371804237365723
3.1175167560577393,5.245772481962506,10.41816520690918
3.1493117809295654,5.1896844315342605,10.345935821533203
3.1246445178985596,5.15440420021436,10.314835548400879
3.148841619491577,5.126642140692899,10.408197402954102
3.114853620529175,5.166144062665158,10.383721351623535
3.1618025302886963,5.147669955056959,10.368709564208984
3.1270217895507812,5.130976440418245,10.354713439941406
3.165090799331665,5.156005495394181,10.345874786376953
3.170689105987549,5.112897262542641,10.39321517944336
3.1324377059936523,5.187386151236881,10.275046348571777
3.1318655014038086,5.128895062121695,10.401119232177734
3.135255813598633,5.164473840966821,10.370918273925781
3.094526767730713,5.215641396619114,10.357123374938965
3.1510889530181885,5.154198569611514,10.323614120483398
3.1748757362365723,5.23398044379428,10.385934829711914
3.164414882659912,5.186965337122924,10.332548141479492
3.1472127437591553,5.115327118995732,10.364408493041992
3.049020528793335,5.051010987089414,10.408888816833496
3.142244338989258,5.191523252653757,10.4279203414917
3.1167654991149902,5.148721471861271,10.432236671447754
3.1508445739746094,5.0783422898634205,10.391881942749023
3.1285927295684814,5.2059704629770875,10.429492950439453
3.1232967376708984,5.101063050895132,10.374366760253906
3.115086078643799,5.119295185764454,10.338040351867676
3.1730844974517822,5.1443390898473025,10.332038879394531
3.121220827102661,5.184327105326313,10.396036148071289
3.1502859592437744,5.118713819987274,10.434886932373047
3.114170551300049,5.143119678067576,10.447072982788086
3.119687080383301,5.159595282648557,10.330547332763672
3.1325793266296387,5.155944086045825,10.300065994262695
3.142277240753174,5.184029861486384,10.367515563964844
3.113184690475464,5.142827372898215,10.39993667602539
3.0807266235351562,5.064025096728334,10.430237770080566
3.1263818740844727,5.047975622317088,10.329168319702148
3.1521661281585693,5.1764482379491845,10.387063980102539
3.1402480602264404,5.118469362745859,10.455151557922363
3.107288360595703,5.075955607695505,10.417695999145508
3.1206064224243164,5.1900928296215305,10.31666374206543
3.1306371688842773,5.131844698517982,10.389636039733887
3.1585605144500732,5.102869304362684,10.362120628356934
3.148571014404297,5.128701588504814,10.39693832397461
3.0980913639068604,5.154799791452077,10.404168128967285
3.0673611164093018,5.067368921724015,10.379504203796387
3.13409423828125,5.091330379181142,10.382281303405762
3.1174750328063965,5.161201329535937,10.38619613647461
3.1560802459716797,5.229224334703758,10.293880462646484
3.140937089920044,5.125865379348396,10.394213676452637
3.1173462867736816,5.088093290803954,10.32534122467041
3.1060245037078857,5.147696992781546,10.406391143798828
3.1081080436706543,5.045722836528772,10.359588623046875
3.1430165767669678,5.183598901178422,10.396215438842773
3.1479594707489014,5.217077913461253,10.438104629516602
3.1218113899230957,5.104380442694361,10.392644882202148
3.146611452102661,5.139547517223815,10.426440238952637
3.0956363677978516,5.2124904947621475,10.325726509094238
3.227036237716675,5.2144137097056955,10.489139556884766
3.1288959980010986,5.210158288911251,10.348068237304688
3.1358118057250977,5.183142079672377,10.385063171386719
3.15670108795166,5.148253932495468,10.371805191040039
3.113208293914795,5.119412163006408,10.455331802368164
3.106071710586548,5.070935104640999,10.376825332641602
3.087965726852417,5.149313585300531,10.40513801574707
3.150624990463257,5.1833724320999215,10.330818176269531
3.0890159606933594,5.157407095822107,10.355376243591309
3.093196153640747,5.053200984539996,10.300233840942383
3.1690168380737305,5.156034288329205,10.283476829528809
3.1229190826416016,5.143970928354454,10.306203842163086
3.1700990200042725,5.19092572650074,10.341180801391602
3.1143667697906494,5.0949802878978,10.364965438842773
3.1595964431762695,5.163077403658203,10.412278175354004
3.1582040786743164,5.142084990361972,10.396516799926758
3.079813241958618,5.118548923604457,10.31617546081543
3.128913640975952,5.189725620339492,10.365823745727539
3.13494873046875,5.146321570367686,10.427785873413086
3.138514518737793,5.172988530015573,10.245940208435059
3.122781753540039,5.1088215752637804,10.391408920288086
3.2018542289733887,5.206759201362728,10.332849502563477
3.1432888507843018,5.178451412889574,10.331863403320312
3.100966453552246,5.1647007310031245,10.330842018127441
3.1632354259490967,5.2270206342384755,10.403209686279297
3.1490063667297363,5.222122550975265,10.367399215698242
3.134708881378174,5.1404248906099905,10.382540702819824
3.150571584701538,5.11067720828578,10.390825271606445
3.124689817428589,5.156041920085304,10.345701217651367
3.0837552547454834,5.128273889156325,10.394207000732422
3.087876319885254,5.154066425349031,10.37454605102539
3.1719627380371094,5.1851943129939695,10.480629920959473
3.114845037460327,5.08604344838698,10.36335563659668
3.116252899169922,5.071999157113689,10.318557739257812
3.137482166290283,5.15760102645228,10.30666446685791
3.1468825340270996,5.173274232307449,10.354798316955566
3.119081735610962,5.14230907478902,10.38442611694336
3.1801624298095703,5.18383032033619,10.436494827270508
3.137103319168091,5.137734737812675,10.43863296508789
3.1382322311401367,5.139221791843218,10.324947357177734
3.1473937034606934,5.113613676179999,10.367197036743164
3.0996944904327393,5.101300251071474,10.388175010681152
3.1160202026367188,5.096169192144381,10.402530670166016
3.0792770385742188,5.168246932128178,10.346019744873047
3.116299867630005,5.130159928529923,10.333954811096191
3.1332132816314697,5.1479963458675355,10.348442077636719
3.099564790725708,5.100006083591975,10.355497360229492
3.130605459213257,5.15251927357167,10.370024681091309
3.1571879386901855,5.133969468896145,10.512764930725098
3.1147937774658203,5.229369199934549,10.414885520935059
3.084916353225708,5.101407660969667,10.413935661315918
3.1523854732513428,5.152653339119362,10.37588119506836
3.0858213901519775,5.14627231414696,10.299978256225586
3.09439754486084,5.111521750987906,10.494057655334473
3.081409215927124,5.151736862192463,10.34908676147461
3.086970090866089,5.098176225620722,10.375823020935059
3.1278653144836426,5.231040488296588,10.459409713745117
3.0981574058532715,5.146415233911414,10.396248817443848
3.1206650733947754,5.137196441879496,10.42967414855957
3.1285126209259033,5.154792592661189,10.377018928527832
3.1068811416625977,5.116651376509773,10.349780082702637
3.1267683506011963,5.184947450878099,10.346707344055176
3.107947826385498,5.120302420741479,10.378608703613281
3.078219175338745,5.05843177081884,10.409069061279297
3.113058567047119,5.058869089166235,10.453775405883789
3.079385995864868,5.081234872607248,10.342674255371094
3.1091830730438232,5.151686043478549,10.377616882324219
3.131560802459717,5.156765017059764,10.400991439819336
3.106182336807251,5.146097689068744,10.325407028198242
3.0800399780273438,5.131609861639196,10.433804512023926
3.1236913204193115,5.1940657715313145,10.460636138916016
3.1001474857330322,5.14061572299605,10.396092414855957
3.1823887825012207,5.2171790517667045,10.328943252563477
3.140994071960449,5.167069473802777,10.440704345703125
3.0780744552612305,5.113120747929705,10.42644214630127
3.101392984390259,5.159378507340859,10.337958335876465
3.149061679840088,5.142881780496932,10.337087631225586
3.069809913635254,5.079095031966323,10.422014236450195
3.074090003967285,5.1776030477069845,10.306769371032715
3.18007230758667,5.178966907618036,10.376949310302734
3.2201266288757324,5.171604364811043,10.33108901977539
3.0877814292907715,5.119613988890445,10.390131950378418
3.082695245742798,5.144472527317703,10.424850463867188
3.1010608673095703,5.098501833255536,10.374303817749023
3.099121332168579,5.1105131627991796,10.391616821289062
3.168294668197632,5.191709416219965,10.318146705627441
3.102055788040161,5.155783067357593,10.362325668334961
3.1387102603912354,5.220117009145075,10.39140510559082
3.1643924713134766,5.164876567133303,10.382075309753418
3.097551107406616,5.0817625896805625,10.453364372253418
3.128650426864624,5.141755701342065,10.386810302734375
3.1116628646850586,5.13857896938654,10.39320182800293
3.1104331016540527,5.127984010581193,10.411781311035156
3.1525182723999023,5.193596571683884,10.408717155456543
3.140477180480957,5.185824890155345,10.378499984741211
3.1300246715545654,5.133034368211936,10.362263679504395
3.0725040435791016,5.112251589773223,10.315384864807129
3.1819686889648438,5.1225434703353265,10.34347152709961
3.1153337955474854,5.153534306978274,10.339786529541016
3.0435023307800293,5.099165940856827,10.363536834716797
3.114452362060547,5.116707880482345,10.411300659179688
3.123873472213745,5.078373785596341,10.38214111328125
3.0884599685668945,5.043300092453137,10.354569435119629
3.196829080581665,5.192302931865146,10.401302337646484
3.0845816135406494,5.130647325455877,10.432439804077148
3.094602584838867,5.120366682098913,10.338176727294922
3.0833349227905273,5.1614079295125395,10.376908302307129
3.05784010887146,5.156741302360647,10.283300399780273
3.0824708938598633,5.061766561519887,10.344776153564453
3.1723501682281494,5.1860699288746614,10.408844947814941
3.165356159210205,5.193418449356353,10.414804458618164
3.0974373817443848,5.130802005396357,10.374978065490723
3.172574043273926,5.141605210357478,10.394784927368164
3.1015961170196533,5.084881859399113,10.416309356689453
3.1057872772216797,5.076086248703567,10.386752128601074
3.1577911376953125,5.161240678979084,10.352617263793945
3.123755931854248,5.122990429567706,10.405906677246094
3.079850912094116,5.116193780542485,10.349153518676758
3.1295979022979736,5.113457842863031,10.357352256774902
3.1330935955047607,5.148551371580521,10.345129013061523
3.1248178482055664,5.198136143319841,10.317487716674805
3.1712281703948975,5.215114159642586,10.402862548828125
3.125755786895752,5.199042135949379,10.322028160095215
3.078277826309204,5.1081587515904445,10.4263277053833
3.07879376411438,5.156650686570044,10.338103294372559
3.0525496006011963,5.128680882310229,10.361305236816406
3.0175154209136963,5.0638486088386605,10.374395370483398
3.087667465209961,5.09321906893248,10.3694429397583
3.1469461917877197,5.26222752842919,10.412945747375488
3.1273865699768066,5.172008683938267,10.313521385192871
3.0992655754089355,5.114127155193794,10.376110076904297
3.1930692195892334,5.2283297850351245,10.370633125305176
3.133239507675171,5.146962875733152,10.401168823242188
3.1644203662872314,5.202547285539497,10.403926849365234
3.1526224613189697,5.154266187388982,10.37509822845459
3.1302900314331055,5.200697878342388,10.405933380126953
3.0980021953582764,5.131213188869879,10.34001350402832
3.1017251014709473,5.189471932227856,10.468247413635254
3.1295204162597656,5.222888349854786,10.44366455078125
3.0938050746917725,5.1216941046129385,10.444387435913086
3.1022965908050537,5.117151265431728,10.392173767089844
3.1276321411132812,5.1924946320442755,10.333633422851562
3.1158666610717773,5.10090960625426,10.336282730102539
3.167874336242676,5.141212072955178,10.486119270324707
3.0889413356781006,5.065439501145323,10.320219993591309
3.0920262336730957,5.153517271292263,10.398637771606445
3.094881296157837,5.100988560056845,10.443412780761719
3.098940134048462,5.151661504658737,10.362175941467285
3.139932155609131,5.164866580295244,10.398927688598633
3.071655511856079,5.129589793837763,10.369029998779297
3.038835287094116,5.0892625640678615,10.388175964355469
3.1188740730285645,5.122132664014186,10.351275444030762
3.0728988647460938,5.130650251072698,10.238085746765137
3.1308321952819824,5.1153843995250226,10.400106430053711
3.0935776233673096,5.076773359440267,10.41189193725586
3.0525104999542236,5.022817864781246,10.366460800170898
3.1145071983337402,5.088554282772488,10.362517356872559
3.1272881031036377,5.127401061356068,10.345671653747559
3.1337718963623047,5.141638115647117,10.302191734313965
3.1254587173461914,5.217764924479914,10.403228759765625
3.15920090675354,5.204468184815985,10.448026657104492
3.143159866333008,5.177610995314482,10.332531929016113
3.148646593093872,5.12887741931315,10.400938034057617
3.1431922912597656,5.132077249432249,10.45158576965332
3.0685245990753174,5.029783800809777,10.42219352722168
3.1685585975646973,5.189267637440935,10.37803840637207
3.0546083450317383,5.018741848412901,10.37829875946045
3.1404378414154053,5.16824030623372,10.405749320983887
3.104841947555542,5.103013416519389,10.3683500289917
3.127774953842163,5.168478791402387,10.396544456481934
3.1414735317230225,5.160374957103548,10.3521728515625
3.113776922225952,5.179703149179529,10.357505798339844
3.1657164096832275,5.152332212775946,10.366339683532715
3.1169321537017822,5.2436151215141376,10.360347747802734
3.0977113246917725,5.082369702901425,10.387458801269531
3.0931098461151123,5.189815080258996,10.360471725463867
3.1192615032196045,5.099524105433375,10.28891658782959
3.1115200519561768,5.1279509340945095,10.339059829711914
3.150668144226074,5.183428830034765,10.360478401184082
3.0874807834625244,5.182971285622832,10.330607414245605
3.155787944793701,5.127269906424251,10.392669677734375
3.1518259048461914,5.232878010420661,10.30379867553711
3.1391654014587402,5.153530358104035,10.394315719604492
3.138634204864502,5.234421892357724,10.37649917602539
3.1313881874084473,5.183014458743855,10.31283187866211
3.1277663707733154,5.189633228616523,10.333162307739258
3.0690672397613525,5.116077627022086,10.39848804473877
3.1414103507995605,5.150516436302237,10.370071411132812
3.086270809173584,5.109175719753173,10.381839752197266
3.1042351722717285,5.124980106783498,10.38813304901123
3.0877013206481934,5.183966145484841,10.393523216247559
3.0925445556640625,5.1427682983422915,10.30512809753418
3.1396050453186035,5.1406211882962705,10.320108413696289
3.148620128631592,5.122699649804937,10.377004623413086
3.090076208114624,5.193168749799952,10.343564987182617
3.0936946868896484,5.090805255774675,10.44452953338623
3.103484869003296,5.167841682010995,10.398295402526855
3.096806049346924,5.084919311538605,10.405437469482422
3.131387710571289,5.1759750439585845,10.384905815124512
3.1304802894592285,5.1677708283865025,10.380912780761719
3.1606526374816895,5.148873802673604,10.375360488891602
3.149470567703247,5.132388653233647,10.326952934265137
3.1404881477355957,5.150887498931428,10.461420059204102
3.1009743213653564,5.1781002138076095,10.431161880493164
3.0972139835357666,5.1413195435889065,10.44304084777832
3.1287264823913574,5.159144500669624,10.374134063720703
3.1199612617492676,5.145779421553017,10.342596054077148
3.09173321723938,5.187715562758968,10.338035583496094
3.1312143802642822,5.165065947055284,10.313772201538086
3.0611202716827393,5.076825882541016,10.373884201049805
3.1098294258117676,5.161398858164571,10.394285202026367
3.077296495437622,5.105634969925242,10.44981575012207
3.0859241485595703,5.131798089448628,10.407947540283203
3.1271512508392334,5.157214570990099,10.354251861572266
3.1164464950561523,5.204967286737103,10.362767219543457
3.1251699924468994,5.13718567855124,10.373991012573242
3.125263214111328,5.132056334222267,10.449847221374512
3.090528726577759,5.155833062416475,10.38039779663086
3.1509063243865967,5.131535877174299,10.334573745727539
3.0922954082489014,5.151901652604076,10.324750900268555
3.1564533710479736,5.261092032904604,10.394495010375977
3.163950204849243,5.181944567976253,10.433295249938965
3.0623257160186768,5.072694471405287,10.278124809265137
3.1112544536590576,5.187705048326669,10.341472625732422
3.080639123916626,5.144575675683362,10.318380355834961
3.1250109672546387,5.141520867855953,10.396862030029297
3.078505277633667,5.1476471735098,10.39229965209961
3.1133034229278564,5.114121157908812,10.441099166870117
3.108121633529663,5.191713214685608,10.413617134094238
3.121366024017334,5.161161891716931,10.44406795501709
3.057929277420044,5.118810609116086,10.394118309020996
3.143481731414795,5.139349550906835,10.345587730407715
3.171827793121338,5.090438754164747,10.476024627685547
3.1635661125183105,5.180800052392961,10.374961853027344
3.1194353103637695,5.082653588515574,10.342077255249023
3.1098389625549316,5.153286933300217,10.389065742492676
3.1574490070343018,5.211364158262898,10.424745559692383
3.1829185485839844,5.175783105460661,10.36999797821045
3.1034300327301025,5.1738189262271455,10.402055740356445
3.1060194969177246,5.144956800354912,10.330050468444824
3.1180500984191895,5.188484241687028,10.304181098937988
3.1290481090545654,5.204491543616834,10.392786026000977
3.064760446548462,5.138150493913729,10.313072204589844
3.0698742866516113,5.085733327582212,10.36020565032959
3.0598466396331787,5.16998220860426,10.404401779174805
3.073561191558838,5.071882311354525,10.350822448730469
3.1059350967407227,5.147679229898911,10.422499656677246
3.1120405197143555,5.1489224783477505,10.394084930419922
3.0602447986602783,5.128489622779722,10.37374210357666
3.160743474960327,5.125786299185295,10.367255210876465
3.1590559482574463,5.141929843629311,10.355121612548828
3.1233580112457275,5.157418846684908,10.407790184020996
3.1085755825042725,5.187661533875922,10.35049819946289
3.106376886367798,5.184598754758813,10.412435531616211
3.085439443588257,5.1078706774528,10.363091468811035
3.063668727874756,5.133126150517326,10.349567413330078
3.085765838623047,5.146299183169114,10.409130096435547
3.06581974029541,5.115339062442737,10.413566589355469
3.14310884475708,5.131892662362329,10.389548301696777
3.1432650089263916,5.121329928448956,10.407726287841797
3.0682201385498047,5.159802899762455,10.407794952392578
3.124042510986328,5.158028607822157,10.424273490905762
3.088575601577759,5.141053113022021,10.346019744873047
3.1174187660217285,5.171513207888763,10.41224193572998
3.087106466293335,5.102282883033954,10.417531967163086
3.0898869037628174,5.102254084111856,10.411788940429688
3.092848062515259,5.105662674609837,10.39086627960205
3.1217899322509766,5.169890143775515,10.348780632019043
3.0728397369384766,5.178767263057775,10.335899353027344
3.0768916606903076,5.110484395508787,10.387195587158203
3.1042702198028564,5.104414231809122,10.375494003295898
3.1024234294891357,5.174761829698192,10.358640670776367
3.0660297870635986,5.135061438960422,10.469359397888184
3.0928266048431396,5.129108757479116,10.449908256530762
3.139432191848755,5.141046177562592,10.325203895568848
3.060884714126587,5.124575008638203,10.367674827575684
3.1572768688201904,5.213656222979937,10.374597549438477
3.1196823120117188,5.202177644474433,10.35196304321289
3.062523126602173,5.098655062993722,10.379745483398438
3.154479503631592,5.223271216265857,10.403636932373047
3.1596415042877197,5.251113568765244,10.406271934509277
3.106269598007202,5.102064190498953,10.396398544311523
3.0578742027282715,5.17168579839303,10.289146423339844
3.0853257179260254,5.174992233980447,10.444114685058594
3.125140428543091,5.193220002776278,10.402563095092773
3.11899471282959,5.188304715324193,10.295756340026855
3.0547006130218506,5.0881349352920155,10.512755393981934
3.126814126968384,5.187113216279873,10.315862655639648
3.088919162750244,5.130050012209852,10.449052810668945
3.122361660003662,5.143770978453436,10.41213607788086
3.0983290672302246,5.212253009235221,10.361061096191406
3.1068410873413086,5.14495434748408,10.442442893981934
3.0776047706604004,5.143867107241282,10.411483764648438
3.135833501815796,5.1542480971464615,10.307390213012695
3.1545474529266357,5.171196082207773,10.343031883239746
3.1546969413757324,5.19792770082131,10.288003921508789
3.1630947589874268,5.178828072601131,10.517878532409668
3.176255464553833,5.17903554446197,10.383588790893555
3.0983383655548096,5.168768409839166,10.371746063232422
3.1200714111328125,5.194531089227114,10.460822105407715
3.172520160675049,5.154165277257562,10.382943153381348
3.077584743499756,5.141827950819529,10.387895584106445
3.1135072708129883,5.110984706087038,10.385767936706543
3.1131298542022705,5.125142372712227,10.385473251342773
3.0183475017547607,5.095065201732463,10.381597518920898
3.117515802383423,5.143278853069725,10.40659236907959
3.090902328491211,5.120096453698352,10.38046646118164
3.0976154804229736,5.217493920919619,10.446066856384277
3.0917506217956543,5.115431211655959,10.368863105773926
3.0817296504974365,5.116194689413533,10.33212661743164
3.0769336223602295,5.126612829277292,10.380036354064941
3.086603879928589,5.10271086710106,10.390791893005371
3.112682342529297,5.120490613160656,10.358779907226562
3.0882186889648438,5.158743300308873,10.429423332214355
3.0635061264038086,5.145944986093258,10.457155227661133
3.1255929470062256,5.203120751472722,10.436339378356934
3.1116702556610107,5.1276616295134385,10.459875106811523
3.0706520080566406,5.09700236945147,10.369331359863281
3.1471219062805176,5.152305185262646,10.36728286743164
3.104012966156006,5.112575476490227,10.37770938873291
3.138779401779175,5.174687626206183,10.380806922912598
3.0375704765319824,5.128231463554714,10.429582595825195
3.1082794666290283,5.185567927180922,10.420438766479492
3.101623773574829,5.159843786353512,10.452752113342285
3.1448845863342285,5.124601514710646,10.437015533447266
3.0475122928619385,5.055068408006004,10.385619163513184
3.1128554344177246,5.141608977191416,10.354175567626953
3.1498899459838867,5.188482451685039,10.335525512695312
3.1021676063537598,5.133937849197537,10.358787536621094
3.1732373237609863,5.235299916372502,10.311635971069336
3.056948184967041,5.095489024617043,10.353165626525879
3.104891538619995,5.153742326124172,10.388736724853516
3.1020126342773438,5.156339779995116,10.392559051513672
3.060323715209961,5.14745305811188,10.439504623413086
3.1085808277130127,5.1190129716082335,10.403787612915039
3.15898060798645,5.174032263491037,10.389422416687012
3.132326602935791,5.189156408388434,10.39322280883789
3.103950262069702,5.149473116766395,10.378033638000488
3.108262538909912,5.1230350547869286,10.505684852600098
3.1077659130096436,5.234707851727892,10.392243385314941
3.1306955814361572,5.123545238847977,10.340051651000977
3.1043174266815186,5.168534713730748,10.387508392333984
3.1535942554473877,5.196247084332364,10.367321968078613
3.1034135818481445,5.181264878550013,10.40117073059082
3.115699529647827,5.09036563004234,10.36025333404541
3.0731465816497803,5.146616442461631,10.361611366271973
3.0613133907318115,5.178454167841534,10.342256546020508
3.135624408721924,5.171328319070328,10.307014465332031
3.150271415710449,5.123847878105672,10.388591766357422
3.093294858932495,5.156169041658618,10.401595115661621
3.067190408706665,5.0888578254463415,10.370838165283203
3.1109824180603027,5.10542457680484,10.354731559753418
3.105621576309204,5.105011682491749,10.357925415039062
3.0636394023895264,5.16354155600337,10.35203742980957
3.11470103263855,5.200648263229855,10.424245834350586
3.0773961544036865,5.061733381090952,10.472721099853516
3.0813682079315186,5.150159169653697,10.358393669128418
3.115609884262085,5.152977625739627,10.33836841583252
3.1213998794555664,5.152186505795856,10.36295223236084
3.0858259201049805,5.051708512906251,10.434611320495605
3.0929694175720215,5.15645458000446,10.377120018005371
3.0728039741516113,5.135964533713247,10.32594108581543
3.133500576019287,5.19019677929048,10.448246002197266
3.1083285808563232,5.176496392282258,10.390495300292969
3.0854616165161133,5.149871948441224,10.285104751586914
3.1485795974731445,5.168522955949552,10.338560104370117
3.148097038269043,5.191821628050613,10.426636695861816
3.0988903045654297,5.07235322480223,10.503517150878906
3.1252784729003906,5.160087218142247,10.37155532836914
3.06733775138855,5.148402748263574,10.417457580566406
3.107318878173828,5.171911107941664,10.480611801147461
3.098139524459839,5.185450673934871,10.400957107543945
3.0432684421539307,5.119484482765464,10.352582931518555
3.0229179859161377,5.081422493161102,10.343770980834961
3.098792552947998,5.148898839085762,10.444732666015625
3.0875442028045654,5.10400941352626,10.418562889099121
3.0789268016815186,5.133331140835903,10.394157409667969
3.08681583404541,5.112371547180893,10.329469680786133
3.0643973350524902,5.035725376868088,10.335022926330566
3.1298487186431885,5.193519181272547,10.395930290222168
3.019659996032715,5.101819692844791,10.410200119018555
3.087984323501587,5.128495923908694,10.370319366455078
3.06154465675354,5.100337774592585,10.37972640991211
3.155317783355713,5.198025019207437,10.374224662780762
3.0539040565490723,5.1270779642342985,10.429518699645996
3.120859384536743,5.160712752923636,10.399126052856445
3.102285146713257,5.144342549876974,10.374549865722656
3.12382173538208,5.119382096387978,10.345802307128906
3.1223645210266113,5.153504888693402,10.365371704101562
3.074937582015991,5.165342802714025,10.37660026550293
3.123992681503296,5.0994471520451565,10.348079681396484
3.140150785446167,5.1262115622271915,10.357355117797852
3.087860345840454,5.12118887242728,10.344487190246582
3.1070563793182373,5.173368265220363,10.390012741088867
3.114311933517456,5.135846556330631,10.368292808532715
3.08268141746521,5.130039387814967,10.339111328125
3.1101198196411133,5.178575861301007,10.419378280639648
3.100296974182129,5.152165724929157,10.352048873901367
3.1139681339263916,5.168331313645467,10.319196701049805
3.0808324813842773,5.112518271996773,10.388087272644043
3.1037020683288574,5.095911058264651,10.32524299621582
3.072761058807373,5.07882100842627,10.323141098022461
3.0866806507110596,5.120317958361868,10.306900024414062
3.1045844554901123,5.0815883444821734,10.399137496948242
3.0986478328704834,5.1569732853677115,10.404099464416504
3.016878366470337,5.108824000028627,10.406986236572266
3.1484375,5.167876850946674,10.360142707824707
3.052492618560791,5.102772628555873,10.356243133544922
3.0680294036865234,5.132453781219998,10.41457462310791
3.1362292766571045,5.1733038575122405,10.412339210510254
3.1573538780212402,5.20938132896221,10.426188468933105
3.0489678382873535,5.110810487231771,10.359803199768066
3.083730459213257,5.127746379601636,10.438774108886719
3.0947628021240234,5.163739231581401,10.35761547088623
3.1274375915527344,5.173561602731102,10.284485816955566
3.1060681343078613,5.152606606949121,10.32719898223877
3.1078405380249023,5.240083624176415,10.360594749450684
3.0589213371276855,5.140072220437495,10.397205352783203
3.0715994834899902,5.141772358378927,10.38911247253418
3.0422942638397217,5.131614708707535,10.39371395111084
3.0910513401031494,5.154045870926764,10.290385246276855
3.1332740783691406,5.174561423648681,10.39496898651123
3.068413734436035,5.148064802001629,10.33979320526123
3.0826919078826904,5.14276792840766,10.412677764892578
3.091318130493164,5.075874812102744,10.43205451965332
3.1004693508148193,5.124505725489663,10.345096588134766
3.093275785446167,5.155759824439883,10.331135749816895
3.1205708980560303,5.1822626091805954,10.3834867477417
3.148679256439209,5.2253157379704405,10.342887878417969
3.0906729698181152,5.202732416668109,10.382294654846191
3.08774471282959,5.199918127651991,10.33491325378418
3.162097454071045,5.250074152668406,10.383496284484863
3.0718822479248047,5.091515616014866,10.362703323364258
3.115060329437256,5.180103571287224,10.33088493347168
3.0734946727752686,5.143185072212614,10.378018379211426
3.1292715072631836,5.167776175009618,10.434307098388672
3.1100504398345947,5.224412337411195,10.374078750610352
3.0284955501556396,5.070374902670405,10.450460433959961
3.0555381774902344,5.15277660574897,10.39164924621582
3.141493558883667,5.173385060425582,10.307557106018066
3.1154046058654785,5.212558213621378,10.408133506774902
3.0911459922790527,5.236041960106896,10.385783195495605
3.0605790615081787,5.168394414076049,10.393394470214844
3.0578055381774902,5.117403271075871,10.398395538330078
3.0896756649017334,5.103891458961048,10.270606994628906
3.111689805984497,5.151688445126639,10.36426067352295
3.110168933868408,5.133850640783619,10.385262489318848
3.073341131210327,5.124517780296238,10.337116241455078
3.1073975563049316,5.214141851856506,10.423724174499512
3.1108670234680176,5.17928085911886,10.334875106811523
3.1209218502044678,5.101325238023752,10.475845336914062
3.0593669414520264,5.14318297760162,10.346731185913086
3.0569076538085938,5.093398609364938,10.315101623535156
3.1232006549835205,5.127873739161129,10.330879211425781
3.103372812271118,5.0996412604581565,10.433837890625
3.079685926437378,5.19023089017719,10.295594215393066
3.0959415435791016,5.181240036484918,10.416715621948242
3.05692720413208,5.183179686311633,10.349296569824219
3.1160342693328857,5.131585723021999,10.386221885681152
3.1502130031585693,5.226437182764389,10.421734809875488
3.1486427783966064,5.215789383576651,10.342395782470703
3.1038310527801514,5.1312431446276605,10.30586051940918
3.067659616470337,5.1268997345718414,10.371271133422852
3.1041364669799805,5.204221123929269,10.325374603271484
3.126814603805542,5.2090596948816845,10.418444633483887
3.0516788959503174,5.131223223870619,10.446999549865723
3.1305172443389893,5.178408680616745,10.36772346496582
3.0679144859313965,5.121884140884504,10.399443626403809
3.0635948181152344,5.154574392296906,10.450307846069336
3.1184701919555664,5.231194780174909,10.330286026000977
3.1291463375091553,5.118219950568996,10.381512641906738
3.0680770874023438,5.086441281251609,10.314019203186035
3.072798728942871,5.156651878995555,10.390218734741211
3.054331064224243,5.118237596470862,10.359703063964844
3.0572328567504883,5.180216668439763,10.442142486572266
3.0908687114715576,5.149505267285609,10.385648727416992
3.098045587539673,5.118232312645497,10.348203659057617
3.098329544067383,5.109538157869662,10.409845352172852
3.0946831703186035,5.210054003400728,10.376696586608887
3.0983805656433105,5.179845235909202,10.33700942993164
3.048717737197876,5.162219526844898,10.376042366027832
3.052638053894043,5.199384047150879,10.367149353027344
3.08937668800354,5.15361952469019,10.449502944946289
3.075403928756714,5.1466235848742405,10.295988082885742
3.0718812942504883,5.10121735235277,10.428308486938477
3.1302266120910645,5.188290823683409,10.385910034179688
3.0547287464141846,5.179521546499537,10.41436767578125
3.144888401031494,5.1738061098980594,10.352459907531738
3.092398166656494,5.100753198943234,10.375871658325195
3.068784236907959,5.133781461344499,10.370704650878906
3.076073169708252,5.178846546781383,10.267008781433105
3.0692007541656494,5.15605332675789,10.303670883178711
3.0805792808532715,5.1492725730807125,10.369843482971191
3.1454269886016846,5.24487358128785,10.441349029541016
3.095301628112793,5.079679097315031,10.310819625854492
3.0723516941070557,5.124910159402394,10.438310623168945
3.0834665298461914,5.131575006193348,10.395442008972168
3.104689598083496,5.20511704031378,10.45987319946289
3.05999755859375,5.138823177066765,10.455327987670898
3.068875789642334,5.1828414171468475,10.392976760864258
3.0511937141418457,5.115903389307538,10.40481185913086
3.0113086700439453,5.0981828002259135,10.362138748168945
3.0756330490112305,5.181374140715759,10.350683212280273
3.062999963760376,5.137945129103692,10.395011901855469
3.104161500930786,5.1452963882392,10.352311134338379
3.0875015258789062,5.125001428715352,10.313028335571289
3.0816874504089355,5.07750013410779,10.362310409545898
3.0798795223236084,5.14374483978775,10.3428955078125
3.128523588180542,5.201925118220971,10.42628288269043
3.042013645172119,5.094683698777642,10.391916275024414
3.0829691886901855,5.1535543058333655,10.440557479858398
3.1060519218444824,5.17986655265226,10.354398727416992
3.1204030513763428,5.170039537329492,10.436444282531738
3.0889995098114014,5.121583378241797,10.384698867797852
3.1181299686431885,5.2480797473939935,10.384092330932617
3.113919734954834,5.069578208694501,10.405435562133789
3.091679811477661,5.154766141403733,10.402189254760742
3.0991177558898926,5.140771560437445,10.366429328918457
3.1012330055236816,5.220833445899188,10.36273193359375
3.0962302684783936,5.165429912141657,10.348491668701172
3.054030656814575,5.133582439406641,10.388874053955078
3.045081615447998,5.162018129003368,10.28144645690918
3.0704591274261475,5.137196478134554,10.387939453125
3.105151414871216,5.183589884113254,10.432315826416016
3.088735818862915,5.1595335171691,10.312336921691895
3.108778953552246,5.158967421190547,10.366631507873535
3.0856614112854004,5.103139510943687,10.462076187133789
3.092193126678467,5.150519449197287,10.312506675720215
3.118947744369507,5.146349927510268,10.406441688537598
3.1193130016326904,5.194013368604439,10.339552879333496
3.0416383743286133,5.159631938340941,10.382396697998047
3.0783603191375732,5.138058995794771,10.382877349853516
3.07505464553833,5.210020281673809,10.437968254089355
3.1168715953826904,5.184282910943563,10.393051147460938
3.0640382766723633,5.128352993700121,10.40445327758789
3.1319942474365234,5.205272807007922,10.424480438232422
3.0974435806274414,5.2104957859098375,10.29514217376709
3.1077401638031006,5.118557246667998,10.415006637573242
3.0836379528045654,5.12762661916869,10.32594108581543
3.1358861923217773,5.259837978486238,10.398983001708984
3.166788339614868,5.170440213654989,10.376025199890137
3.124478816986084,5.220334647456184,10.359657287597656
3.1162006855010986,5.181887979186805,10.35007381439209
3.0645878314971924,5.169754935727854,10.317363739013672
3.046633720397949,5.149209822494803,10.364419937133789
3.1157429218292236,5.16559921604182,10.412481307983398
3.054539918899536,5.189957007300109,10.346138000488281
3.1171329021453857,5.202287509072838,10.361449241638184
3.066152334213257,5.19227775771703,10.417177200317383
3.132654905319214,5.213278737418087,10.40020751953125
3.049860954284668,5.17493894899131,10.426198959350586
3.0330891609191895,5.123518070272569,10.355879783630371
3.086146116256714,5.1134178503083865,10.364224433898926
3.098686695098877,5.1438275744606345,10.33382797241211
3.0848560333251953,5.11540063952894,10.379630088806152
3.0786800384521484,5.21302633988671,10.419425964355469
3.1018805503845215,5.185222938390715,10.44442367553711
3.0915610790252686,5.121773760566222,10.389368057250977
3.0946106910705566,5.177934242412449,10.379026412963867
3.0672531127929688,5.183698288065248,10.349016189575195
3.1242785453796387,5.169513682568711,10.328426361083984
3.075953483581543,5.05176330620556,10.405800819396973
3.1139018535614014,5.212564833029839,10.39210033416748
3.0556640625,5.191971124914874,10.343073844909668
3.053311586380005,5.224806342340473,10.370397567749023
3.140451192855835,5.206967782129401,10.317666053771973
3.1344709396362305,5.142343242652714,10.328654289245605
3.0644545555114746,5.106308553268068,10.294389724731445
3.0770208835601807,5.116133116085881,10.384649276733398
3.141066074371338,5.150631845662636,10.32856559753418
3.123305559158325,5.14427679657404,10.365751266479492
3.090014934539795,5.168220125704205,10.353898048400879
3.075914144515991,5.1443707023281595,10.320643424987793
3.067068576812744,5.1084567537597785,10.3892183303833
3.0600242614746094,5.142103277712263,10.356934547424316
3.059818983078003,5.108685776757609,10.401335716247559
3.149311065673828,5.209107260751937,10.377477645874023
3.113772392272949,5.123199792445771,10.379602432250977
3.0876986980438232,5.1813281012832055,10.397130966186523
3.056309938430786,5.117275771718206,10.275324821472168
3.0809943675994873,5.192555580055341,10.38530158996582
3.062001943588257,5.133718076827271,10.344318389892578
3.134997606277466,5.196596143068746,10.381220817565918
3.1180624961853027,5.121276496676728,10.330906867980957
3.1113736629486084,5.172577236579465,10.444025039672852
3.103910446166992,5.088073054128992,10.326952934265137
3.056347131729126,5.111005676910281,10.32944107055664
3.100449800491333,5.111345835129864,10.328967094421387
3.0836026668548584,5.214235986316843,10.380891799926758
3.0733790397644043,5.1355594740847925,10.37874698638916
3.085465669631958,5.203243411944381,10.351353645324707
3.1071767807006836,5.105469335136669,10.350502967834473
3.0520918369293213,5.165806925090561,10.364523887634277
3.0863099098205566,5.175224591379187,10.387746810913086
3.072235584259033,5.135183364053123,10.371460914611816
3.0946974754333496,5.19121133788888,10.352371215820312
3.08876633644104,5.168516244905602,10.463254928588867
3.132174015045166,5.226133868730228,10.385089874267578
3.1187922954559326,5.18348883564717,10.374288558959961
3.117607831954956,5.123972461226263,10.40939998626709
3.069768190383911,5.140202981220292,10.384611129760742
3.05977201461792,5.1649169991058965,10.412773132324219
3.140920400619507,5.22751101385802,10.342801094055176
3.045720338821411,5.160122881078029,10.29905891418457
3.080531358718872,5.104766972163426,10.458612442016602
3.032045364379883,5.0646208016135335,10.32374095916748
3.0472474098205566,5.089672113469402,10.317012786865234
3.1093807220458984,5.217043099858399,10.364540100097656
3.0812482833862305,5.232648293121851,10.33303451538086
3.0847911834716797,5.256150126257645,10.359817504882812
3.107088804244995,5.138636779705329,10.378560066223145
3.077059507369995,5.156088133342564,10.426426887512207
3.1205132007598877,5.194965744424345,10.30091667175293
3.0988826751708984,5.205670351495168,10.360572814941406
3.0981364250183105,5.143187431884663,10.337387084960938
3.082390069961548,5.154020650212519,10.402762413024902
3.1004111766815186,5.162036467410092,10.413543701171875
3.0891661643981934,5.171066848993568,10.360928535461426
3.0475587844848633,5.080766119827915,10.413047790527344
3.1231794357299805,5.156094215377899,10.31928825378418
3.0816519260406494,5.23452364723198,10.311075210571289
3.170797348022461,5.224231970529737,10.372406959533691
3.089428186416626,5.16156264181648,10.430432319641113
3.1122844219207764,5.226075355495725,10.250715255737305
3.1240696907043457,5.1993827143950115,10.340835571289062
3.1050360202789307,5.179466984567366,10.357345581054688
3.102081298828125,5.154298127262987,10.365846633911133
3.078472852706909,5.158337426970579,10.424978256225586
3.0886118412017822,5.10579292120279,10.399093627929688
3.0587098598480225,5.089029885761972,10.348014831542969
3.1142492294311523,5.18320095080084,10.360523223876953
3.029326915740967,5.08545908222108,10.42822551727295
3.084294319152832,5.249200350970828,10.399192810058594
3.0798985958099365,5.165416032375236,10.36298942565918
3.1529877185821533,5.248287826942812,10.371402740478516
3.099255323410034,5.109394382319547,10.386639595031738
3.07074236869812,5.150084925349802,10.351563453674316
3.079937219619751,5.137159224632861,10.372641563415527
3.082402467727661,5.222411250595801,10.430994033813477
3.0614147186279297,5.196378443656223,10.34671401977539
3.0595862865448,5.181581989163533,10.332765579223633
3.02144193649292,5.097708151343146,10.3683443069458
3.047428846359253,5.147671891343115,10.350930213928223
3.09517502784729,5.223309504832806,10.399505615234375
3.1062357425689697,5.188375344333638,10.35832405090332
3.0578393936157227,5.1915866025790045,10.390024185180664
3.0753607749938965,5.118753308629883,10.311928749084473
3.0802042484283447,5.208905331058693,10.329207420349121
3.1406426429748535,5.219144851767591,10.37950611114502
3.0967462062835693,5.202983769222295,10.342848777770996
3.0820257663726807,5.16548803535157,10.444944381713867
3.038410186767578,5.184936613908835,10.339698791503906
3.1317062377929688,5.167221456067637,10.409351348876953
3.081498146057129,5.180583934299648,10.296369552612305
3.070333957672119,5.1388889740088155,10.375782012939453
3.096668004989624,5.076506924150246,10.410778045654297
3.1043028831481934,5.161305868465986,10.302806854248047
3.0656769275665283,5.128640238395226,10.423145294189453
3.098130702972412,5.28059952519834,10.397974014282227
3.114159345626831,5.23241273603136,10.3685941696167
3.0261573791503906,5.124014328366943,10.376693725585938
3.1016950607299805,5.147672304085323,10.386926651000977
3.0631227493286133,5.245754245934743,10.304646492004395
3.0815067291259766,5.157709220224725,10.350645065307617
2.999525785446167,5.118914007974257,10.379127502441406
3.1230225563049316,5.170986592370484,10.342851638793945
3.077791690826416,5.184768633750666,10.344226837158203
3.05126953125,5.165139792753117,10.341326713562012
3.1185286045074463,5.208810008530106,10.34934139251709
3.069561004638672,5.153480862333838,10.364824295043945
3.1295390129089355,5.225993415174474,10.280614852905273
3.087320566177368,5.132661274002333,10.325494766235352
3.0962042808532715,5.114853744128985,10.425090789794922
3.0869247913360596,5.248379325161555,10.405057907104492
3.0646069049835205,5.180763047221782,10.402026176452637
3.0683743953704834,5.138999568231936,10.367450714111328
3.022723913192749,5.116843253773237,10.441692352294922
3.0472333431243896,5.2101811599319,10.36798095703125
3.0445902347564697,5.097017471379202,10.354827880859375
3.0919551849365234,5.192997529005099,10.400297164916992
3.1252217292785645,5.210700066993012,10.345968246459961
3.0652248859405518,5.113275297318719,10.33156967163086
3.0303680896759033,5.148417891734945,10.315155982971191
3.0802395343780518,5.116131807378094,10.36285400390625
3.0644795894622803,5.118126799086375,10.326135635375977
3.0613906383514404,5.094170766516721,10.266168594360352
3.0917911529541016,5.185477572692825,10.33774471282959
3.0552685260772705,5.133952123146238,10.403388977050781
3.0387656688690186,5.176845050117533,10.407272338867188
3.0552611351013184,5.125872465748605,10.40334701538086
3.021495819091797,5.153307454361181,10.354703903198242
3.062716007232666,5.187273617601022,10.294326782226562
3.0685722827911377,5.144179771820616,10.432427406311035
3.0741403102874756,5.131088411734838,10.382206916809082
3.05739688873291,5.1344572976231575,10.37816333770752
3.0913138389587402,5.260124264451276,10.392679214477539
3.09822416305542,5.220760821431344,10.269960403442383
3.083287000656128,5.138746080288132,10.318202018737793
3.1061058044433594,5.269597080968586,10.282588958740234
3.033416271209717,5.160578615065398,10.415611267089844
3.052443504333496,5.206968769697206,10.422866821289062
3.081860065460205,5.255294600601442,10.356342315673828
3.067347764968872,5.183406885480508,10.385076522827148
3.0609121322631836,5.182002028184278,10.358941078186035
3.093195915222168,5.2015879068057975,10.360394477844238
3.0723040103912354,5.085580801325185,10.436702728271484
3.071694850921631,5.113677042070777,10.343944549560547
3.0594887733459473,5.112740125274286,10.33773422241211
3.058274745941162,5.159416020382196,10.407794952392578
3.070296287536621,5.224919421764623,10.352356910705566
3.1115546226501465,5.188100156640369,10.359343528747559
3.075528621673584,5.18587611226498,10.409122467041016
3.051874876022339,5.1467342648123,10.389211654663086
3.1334433555603027,5.174173391989565,10.352466583251953
3.128434896469116,5.1896989928625,10.295083999633789
3.0641775131225586,5.154718759835564,10.323162078857422
3.104203462600708,5.19272974339713,10.395195007324219
3.0857105255126953,5.178267515164667,10.310970306396484
3.072324752807617,5.173520258162171,10.354741096496582
3.0661356449127197,5.150681176755045,10.371538162231445
3.057077646255493,5.126687725606773,10.31583023071289
3.07543683052063,5.15050015039742,10.30391788482666
3.0648488998413086,5.148861023963296,10.383537292480469
3.0981712341308594,5.145254630562184,10.399656295776367
3.04101824760437,5.155201373854652,10.32759952545166
3.1315677165985107,5.224456615879068,10.307010650634766
3.0633206367492676,5.162612946471199,10.291563987731934
3.056898355484009,5.173401003670214,10.400304794311523
3.085974931716919,5.159144557280731,10.360329627990723
3.106077194213867,5.2312026330203345,10.400014877319336
3.1217257976531982,5.198687865099471,10.400943756103516
3.075322389602661,5.119833721746026,10.412980079650879
3.096855640411377,5.185140923297564,10.441633224487305
3.045973300933838,5.085583708814478,10.37429428100586
3.0936810970306396,5.199393624905497,10.39113712310791
3.0731046199798584,5.19851584479745,10.305524826049805
3.0674307346343994,5.200885406395953,10.344337463378906
3.0880722999572754,5.13923386800369,10.381389617919922
3.077845573425293,5.137972356418946,10.420431137084961
3.066023588180542,5.156264617074546,10.41889762878418
3.094642400741577,5.264778430473857,10.373636245727539
3.0641252994537354,5.167285100324079,10.396671295166016
3.0107052326202393,5.1057643111396045,10.401105880737305
3.0821890830993652,5.20535468775779,10.444186210632324
3.104917049407959,5.2338473350474874,10.37469482421875
3.0737452507019043,5.12352172780915,10.415570259094238
3.0513525009155273,5.125577326564651,10.285432815551758
3.0599524974823,5.116645012749359,10.404577255249023
3.0879440307617188,5.176514305673273,10.446396827697754
3.134671688079834,5.18599712512722,10.360504150390625
3.046351909637451,5.1891566217610885,10.402459144592285
3.0711355209350586,5.189457743994094,10.30600643157959
3.0226247310638428,5.085939281852916,10.340479850769043
3.131937026977539,5.20924600912258,10.500535011291504
3.103750228881836,5.194621049898809,10.37813949584961
3.0531530380249023,5.1257102481488666,10.35986328125
3.0717484951019287,5.167648764593261,10.376879692077637
3.0879738330841064,5.173043543140271,10.427265167236328
3.050203800201416,5.141987730482859,10.314090728759766
3.064769983291626,5.1410584949023495,10.349804878234863
3.047715663909912,5.104094633599743,10.385412216186523
3.0528130531311035,5.136426431526031,10.31136703491211
3.0753097534179688,5.233202608435281,10.366606712341309
3.035270929336548,5.154186311377478,10.309534072875977
3.065978765487671,5.164494889755067,10.407939910888672
3.0634868144989014,5.201252041151747,10.390132904052734
3.071366548538208,5.218567279500089,10.393720626831055
3.080186128616333,5.1805679413623045,10.396331787109375
3.0977113246917725,5.147915810346603,10.367273330688477
3.112061023712158,5.1932452163725555,10.348380088806152
3.096736192703247,5.123328635801695,10.376468658447266
3.0262181758880615,5.148949525518608,10.399412155151367
3.0994932651519775,5.267477846804208,10.299358367919922
3.149515151977539,5.163523938274011,10.354150772094727
3.0603280067443848,5.167382919395874,10.359987258911133
3.0944266319274902,5.254806735818939,10.390373229980469
3.119110345840454,5.234121001757948,10.402695655822754
3.114389419555664,5.182073138554448,10.339738845825195
3.112761974334717,5.222623572984178,10.374105453491211
3.0551371574401855,5.1102218934268295,10.322917938232422
3.07682204246521,5.211391463676201,10.349676132202148
3.0390584468841553,5.121301723178476,10.4193696975708
3.0822036266326904,5.183491705351376,10.429895401000977
3.0633668899536133,5.186604715151978,10.396598815917969
3.0830841064453125,5.239158536706651,10.400712013244629
3.0301320552825928,5.1054034440312535,10.357560157775879
3.0834693908691406,5.100429396810275,10.378679275512695
3.062739610671997,5.150115526281297,10.383702278137207
3.1487836837768555,5.158494352296526,10.33380126953125
3.0555989742279053,5.179800429913614,10.453920364379883
3.080955743789673,5.140545912752194,10.390998840332031
3.0450310707092285,5.193341746793261,10.326796531677246
3.051708459854126,5.123619958492261,10.316317558288574
3.1352360248565674,5.166867345238903,10.38969612121582
3.076429605484009,5.206671128881031,10.329156875610352
3.133329391479492,5.245206280112533,10.364068031311035
3.091700792312622,5.146270484397454,10.31605339050293
3.076627731323242,5.192438421405053,10.384236335754395
3.105846405029297,5.205965337809175,10.42212963104248
3.011399030685425,5.134831132699869,10.343464851379395
3.1132872104644775,5.225172825024596,10.39145278930664
3.0968921184539795,5.188102105698947,10.382780075073242
3.060603618621826,5.123986114980653,10.40932846069336
3.0988290309906006,5.194946033447715,10.334572792053223
3.023261308670044,5.142401781764679,10.3618745803833
3.072002649307251,5.089318407566419,10.372797966003418
2.9981517791748047,5.124506060632744,10.379731178283691
3.0399973392486572,5.109887657221407,10.358297348022461
3.0607385635375977,5.142034346038209,10.317726135253906
3.0834319591522217,5.218842883827166,10.419530868530273
3.0459952354431152,5.1545253223739556,10.522445678710938
3.0843231678009033,5.10653337866201,10.371662139892578
3.0416884422302246,5.1179899068083605,10.401278495788574
3.075180768966675,5.228101039504899,10.417985916137695
3.0656023025512695,5.111168869970633,10.358128547668457
3.0837161540985107,5.1418920410797,10.39580249786377
3.102820873260498,5.221342654566147,10.424732208251953
3.0288169384002686,5.197970228668835,10.38827896118164
3.0249712467193604,5.107381821476988,10.331127166748047
3.035459280014038,5.156957196670451,10.341840744018555
3.125617027282715,5.257273723304804,10.42913818359375
3.088243007659912,5.203894984675571,10.35634994506836
3.013153076171875,5.085867127969063,10.388429641723633
3.1145660877227783,5.2361059982462645,10.424554824829102
3.122739315032959,5.209979396313428,10.32172679901123
3.099024534225464,5.156064174537147,10.431509017944336
3.0594780445098877,5.2427535696021685,10.34776496887207
3.0763628482818604,5.158303463133052,10.451961517333984
3.0722811222076416,5.196070151370284,10.317863464355469
3.1434905529022217,5.171498948608392,10.44103717803955
3.1133828163146973,5.232249680740226,10.359943389892578
3.085766315460205,5.21936694669005,10.354836463928223
3.0439541339874268,5.21583282089393,10.367448806762695
3.059837818145752,5.207338323450781,10.26870059967041
3.060370922088623,5.166232651332393,10.338117599487305
3.047043561935425,5.158419323320102,10.331428527832031
3.0641868114471436,5.212461037794128,10.434758186340332
3.1161859035491943,5.206135349747326,10.380109786987305
3.109593391418457,5.200324747977512,10.426259994506836
3.017367124557495,5.173421666957438,10.363211631774902
3.0178582668304443,5.203661438942487,10.347332954406738
3.0526256561279297,5.159020719018632,10.302553176879883
3.0418601036071777,5.171537172781037,10.259798049926758
3.0280089378356934,5.139472916323159,10.384376525878906
3.0474867820739746,5.116522202800427,10.401653289794922
3.0628747940063477,5.13897659992134,10.37269401550293
3.071798086166382,5.154785417818597,10.390361785888672
3.0520293712615967,5.185500354206722,10.398821830749512
3.099928855895996,5.277919214484947,10.384666442871094
3.1143298149108887,5.167716898789097,10.398025512695312
3.1113646030426025,5.16905522027186,10.401336669921875
3.049086570739746,5.159755215580974,10.387130737304688
3.0201268196105957,5.124900708440691,10.384183883666992
3.0968663692474365,5.21117367525585,10.43937873840332
3.152313470840454,5.24489523803017,10.386439323425293
3.069899797439575,5.220806733006612,10.463757514953613
3.0696043968200684,5.2323894001477,10.329155921936035
3.0709011554718018,5.218895773170516,10.389809608459473
3.073709487915039,5.126935307036287,10.328630447387695
3.114274024963379,5.262212803287963,10.390039443969727
3.1308162212371826,5.233784182263272,10.393903732299805
3.0973339080810547,5.254666394853433,10.289443969726562
3.0375778675079346,5.109260300673277,10.36057186126709
3.084076404571533,5.114263887151278,10.36152172088623
3.020246744155884,5.138037632884725,10.318452835083008
3.060213565826416,5.177804965159989,10.427850723266602
3.0538556575775146,5.121608095576189,10.398214340209961
3.0973145961761475,5.0952252457583596,10.439119338989258
3.052804708480835,5.283324398532775,10.389856338500977
3.080033540725708,5.176287347716944,10.374167442321777
3.0833587646484375,5.19156336504966,10.349302291870117
3.082991600036621,5.236970358395151,10.39077377319336
3.0937469005584717,5.250515817265426,10.379878044128418
3.115405797958374,5.133703967556358,10.360391616821289
3.027278423309326,5.098391185348321,10.349870681762695
3.1034345626831055,5.174673701536708,10.29404354095459
3.0158872604370117,5.171784387003364,10.327889442443848
3.0845510959625244,5.19944319627913,10.382001876831055
3.0622575283050537,5.245174054255975,10.419710159301758
3.0740277767181396,5.209261117037386,10.436239242553711
3.0862064361572266,5.160983181225935,10.404779434204102
3.021871328353882,5.113027338204639,10.378671646118164
3.0973381996154785,5.257628307378452,10.333624839782715
3.0660836696624756,5.171655056166596,10.398994445800781
3.0640130043029785,5.19230451967035,10.296249389648438
3.0886082649230957,5.164284282197644,10.472253799438477
3.1549463272094727,5.229022064944729,10.337745666503906
3.0998005867004395,5.204565998765506,10.373312950134277
3.0749425888061523,5.191329621809667,10.412899017333984
3.0897340774536133,5.199813670412238,10.31645393371582
3.077206611633301,5.218187052922856,10.353347778320312
3.0708723068237305,5.239685501969818,10.386842727661133
3.0817787647247314,5.162217314321814,10.334274291992188
3.1082565784454346,5.181777491766428,10.323648452758789
3.036458730697632,5.16860154713504,10.39992904663086
3.0637500286102295,5.20137167070061,10.375865936279297
3.098799467086792,5.214116801208417,10.416070938110352
3.0512781143188477,5.163358465934705,10.30154037475586
3.0913095474243164,5.1760315089153925,10.32413101196289
3.0746705532073975,5.136362027742767,10.433382034301758
3.0737054347991943,5.110182985463845,10.444995880126953
3.0008373260498047,5.140346129990316,10.35318374633789
3.0471231937408447,5.141334653033742,10.45682430267334
3.0506343841552734,5.128946030046791,10.36862564086914
3.0416746139526367,5.112595242015751,10.383874893188477
3.0953829288482666,5.200187079674963,10.453520774841309
3.082162857055664,5.195173265645281,10.381783485412598
3.092475414276123,5.244907251459414,10.408367156982422
3.0423126220703125,5.166924050044535,10.235877990722656
3.0669944286346436,5.264462308592297,10.354341506958008
3.149728536605835,5.301520031910123,10.4093017578125
3.0612123012542725,5.1064903973269145,10.423768043518066
3.0487728118896484,5.149978786839971,10.357841491699219
3.082409143447876,5.195618837539639,10.315876007080078
3.090198516845703,5.183697375735002,10.388314247131348
3.1341848373413086,5.26993823956166,10.309288024902344
3.040107011795044,5.1515757122210095,10.38426685333252
3.0840582847595215,5.204086805460975,10.346491813659668
3.059807777404785,5.209228628913739,10.377347946166992
3.0710320472717285,5.210770735916283,10.457313537597656
3.048657178878784,5.115968366985076,10.395017623901367
3.075721025466919,5.20906366510982,10.389163970947266
3.135967969894409,5.249941391304934,10.347237586975098
3.075066566467285,5.225772346236877,10.458423614501953
3.008608818054199,5.11490656245899,10.380732536315918
3.066274881362915,5.155488040863669,10.384817123413086
3.0701568126678467,5.150410905779738,10.395051956176758
3.0478711128234863,5.143634660734928,10.428951263427734
3.0691018104553223,5.1621445183243075,10.346868515014648
3.120757579803467,5.240712486673147,10.508766174316406
3.0655081272125244,5.210713200836576,10.29163646697998
3.0535380840301514,5.225079340627416,10.384604454040527
3.07114577293396,5.1138062650404335,10.293046951293945
2.9773507118225098,5.053516244715346,10.362642288208008
3.101513624191284,5.239054510735773,10.40689754486084
3.1032745838165283,5.1960493569328845,10.348567008972168
3.0902013778686523,5.234134086141629,10.298585891723633
3.0506432056427,5.224440850051385,10.390471458435059
3.082864284515381,5.2282040058635175,10.300565719604492
3.0589547157287598,5.189662053183254,10.353118896484375
3.0818045139312744,5.163252522437167,10.382351875305176
3.094665288925171,5.173029877045857,10.426465034484863
3.0837454795837402,5.153734106437437,10.302586555480957
3.047443389892578,5.2197506914048315,10.345947265625
3.068464517593384,5.149083710741252,10.418024063110352
3.1098246574401855,5.19725852675869,10.293164253234863
3.1394214630126953,5.258243521642206,10.351797103881836
3.0458312034606934,5.165895311195137,10.394562721252441
3.058950185775757,5.219119811962758,10.289456367492676
3.0718419551849365,5.187050729457821,10.37106990814209
3.107342004776001,5.219764753344602,10.32481575012207
3.0399112701416016,5.200478179945744,10.364805221557617
3.0791773796081543,5.2747899156529465,10.250816345214844
3.0647711753845215,5.15055790254181,10.364645004272461
3.0900323390960693,5.183694660829913,10.404033660888672
3.088951587677002,5.229802765417844,10.326221466064453
3.0078113079071045,5.185276819825439,10.313888549804688
3.0749127864837646,5.194510201457889,10.37112808227539
3.062753915786743,5.252134841135037,10.342342376708984
3.105149984359741,5.288408449884239,10.338180541992188
3.1002163887023926,5.137977483682334,10.327520370483398
3.108299970626831,5.18823283465047,10.39782428741455
3.0905604362487793,5.1839778235714356,10.336865425109863
3.0432848930358887,5.15602959097097,10.384194374084473
3.126594305038452,5.232352037415174,10.326562881469727
3.0541534423828125,5.155152916076727,10.243959426879883
3.0180583000183105,5.15662992705724,10.295434951782227
3.0799810886383057,5.128976493741252,10.305246353149414
3.094283103942871,5.306364162492432,10.41295337677002
3.1026809215545654,5.189928780575948,10.354045867919922
3.0291285514831543,5.150570284575224,10.402891159057617
3.1100995540618896,5.220595883704457,10.41224479675293
3.038405656814575,5.129720281210861,10.404556274414062
3.10650634765625,5.236606738596622,10.314759254455566
3.0894246101379395,5.24922816824567,10.26098346710205
3.0422585010528564,5.153705881875275,10.36750602722168
3.054500102996826,5.190447740622663,10.405172348022461
3.0697171688079834,5.075651550366144,10.42306900024414
3.054069757461548,5.1959037077613175,10.397431373596191
3.0039420127868652,5.13064255086439,10.390958786010742
3.0594377517700195,5.15403582122443,10.41036605834961
3.10491681098938,5.222373388907207,10.392799377441406
3.0461480617523193,5.180464856260057,10.381220817565918
2.995255470275879,5.161210821741927,10.348308563232422
3.096529722213745,5.229946119344927,10.419321060180664
3.103860855102539,5.21708350575396,10.275461196899414
3.025615692138672,5.1419948542357545,10.363088607788086
3.031245470046997,5.225719259187047,10.374887466430664
3.0352537631988525,5.2311301729641855,10.38215160369873
3.12821888923645,5.267599678099422,10.454811096191406
3.088650703430176,5.192318345220494,10.346163749694824
3.1257288455963135,5.1991605885725996,10.377068519592285
3.112715482711792,5.197906859385382,10.280923843383789
3.076840877532959,5.187283288620945,10.358322143554688
3.0938901901245117,5.156704778217578,10.372369766235352
3.112384080886841,5.264936275148233,10.419288635253906
3.072110891342163,5.202857138023579,10.331598281860352
3.11670184135437,5.294259950219254,10.353456497192383
3.098141670227051,5.188488427117202,10.329809188842773
3.047593116760254,5.230251049855725,10.343931198120117
3.0491819381713867,5.243053755889248,10.35847282409668
3.0530097484588623,5.186425441743007,10.328733444213867
3.0714755058288574,5.153635957677449,10.370452880859375
3.0549919605255127,5.177965065996562,10.362180709838867
3.1448957920074463,5.2241771093104035,10.439884185791016
3.030866861343384,5.113542373824332,10.335603713989258
3.0295839309692383,5.1607726050008615,10.370899200439453
3.092313528060913,5.256296878248188,10.403409957885742
3.0559184551239014,5.180071798751929,10.401988983154297
3.0079965591430664,5.162515389433662,10.323366165161133
3.0271875858306885,5.151866132925663,10.336959838867188
3.06764817237854,5.183635508142678,10.39533805847168
3.0624196529388428,5.217410361327763,10.290714263916016
3.063063383102417,5.240676526246327,10.373780250549316
3.0721487998962402,5.215047867469756,10.372596740722656
3.0649962425231934,5.173824166779274,10.29293441772461
3.0949184894561768,5.147515777997406,10.410501480102539
3.0417568683624268,5.1823145293830235,10.43005084991455
3.105842351913452,5.258284314269466,10.355445861816406
3.062417984008789,5.193825906608253,10.412506103515625
3.0923023223876953,5.177776610678328,10.40207576751709
3.0836586952209473,5.2087138272223195,10.365758895874023
3.109851360321045,5.229274458617771,10.3489408493042
3.031078577041626,5.155800908238494,10.373022079467773
3.076930284500122,5.187105190308232,10.398536682128906
3.0712246894836426,5.164103571125972,10.30866813659668
3.108278274536133,5.163422309560701,10.353935241699219
3.08197283744812,5.182833791411083,10.335814476013184
3.04846453666687,5.16717324459127,10.374130249023438
3.043910264968872,5.210948318941519,10.339614868164062
3.0361335277557373,5.174547329644806,10.403107643127441
3.049560308456421,5.161496483720838,10.39737319946289
3.077960252761841,5.186833644618414,10.405553817749023
3.1239140033721924,5.262132084562576,10.347247123718262
3.107616424560547,5.2276636814765105,10.358877182006836
3.067528247833252,5.110922656421151,10.385053634643555
3.084899425506592,5.188445873059599,10.313724517822266
3.051421642303467,5.175509169365146,10.331766128540039
3.0617384910583496,5.221083033896451,10.450430870056152
3.0587174892425537,5.216334578448108,10.390580177307129
3.0211381912231445,5.194304133399522,10.346695899963379
3.0242791175842285,5.188859225250781,10.347281455993652
3.0573601722717285,5.185544836201839,10.362489700317383
3.074492931365967,5.210782271044861,10.311447143554688
3.0981967449188232,5.207307137349355,10.328695297241211
3.0521047115325928,5.210535036000822,10.377840995788574
3.019341230392456,5.1671397002813,10.371088027954102
3.047153949737549,5.244620392198808,10.40709400177002
3.1141159534454346,5.271680498861575,10.3486328125
3.0691158771514893,5.238996664527804,10.420072555541992
3.12139630317688,5.288003031064623,10.371328353881836
3.0935988426208496,5.293727197351733,10.350930213928223
3.0493452548980713,5.142652458112155,10.433626174926758
3.1031405925750732,5.167194230481982,10.381736755371094
3.0201268196105957,5.132102545982759,10.388010025024414
3.090632200241089,5.246543528811474,10.385236740112305
3.0762579441070557,5.219717977169369,10.389620780944824
3.070845603942871,5.221579659464105,10.325017929077148
3.075587034225464,5.259455851678338,10.339654922485352
3.0450098514556885,5.167773949448019,10.415708541870117
3.0924293994903564,5.186684954279501,10.33112621307373
3.0761618614196777,5.235686393421409,10.38477611541748
3.1489057540893555,5.252442283189989,10.37895393371582
3.031913995742798,5.214425930753349,10.3621826171875
3.0760338306427,5.172423180525324,10.322752952575684
3.0415995121002197,5.161676423590896,10.378668785095215
3.062649965286255,5.158154077096177,10.363442420959473
3.015122413635254,5.138489055380758,10.337739944458008
3.070302724838257,5.144630708133004,10.35086441040039
3.063589096069336,5.147561015694269,10.39126205444336
3.019943952560425,5.225503778550773,10.391693115234375
3.062527656555176,5.232243829473321,10.375282287597656
3.09211802482605,5.1729635967473895,10.36097240447998
3.0466575622558594,5.185872788740588,10.310766220092773
3.046018123626709,5.161893007877682,10.446078300476074
3.093212366104126,5.20155661017634,10.401668548583984
3.051783323287964,5.212502722861245,10.359028816223145
3.0650529861450195,5.225986843862171,10.332038879394531
3.031386613845825,5.212288678158075,10.434200286865234
3.048201560974121,5.196851155454559,10.405107498168945
3.081726551055908,5.206862903765535,10.371021270751953
3.034572124481201,5.141577042140332,10.285396575927734
3.075540065765381,5.271933125664614,10.343819618225098
3.0986714363098145,5.201678289532928,10.311774253845215
3.0263237953186035,5.132450483739376,10.468301773071289
2.9782345294952393,5.165834419362779,10.364206314086914
3.0968520641326904,5.209882654748591,10.261768341064453
3.0677905082702637,5.158719645846369,10.399106979370117
3.065857172012329,5.226005942095071,10.413141250610352
3.054081916809082,5.194637581972139,10.412859916687012
3.1122121810913086,5.20043042638073,10.318502426147461
3.025831937789917,5.24383146708299,10.394194602966309
3.087766170501709,5.271098913591621,10.407079696655273
3.0456013679504395,5.185996905800754,10.371746063232422
3.072991132736206,5.206414867591644,10.299334526062012
3.0967214107513428,5.332905740310838,10.370552062988281
3.0793542861938477,5.191666596169982,10.396585464477539
3.012601613998413,5.2296427789343785,10.371127128601074
3.078216791152954,5.157576745808391,10.33328914642334
3.0428342819213867,5.221122141994004,10.374475479125977
3.1155033111572266,5.20900377730972,10.3660888671875
3.0327816009521484,5.232974833276655,10.376049041748047
3.024134635925293,5.200748684084309,10.30889892578125
3.042515754699707,5.176548160579322,10.402536392211914
3.058884620666504,5.277735070292173,10.4010009765625
3.048752784729004,5.2901033494688035,10.345693588256836
3.0598714351654053,5.195912872973298,10.377191543579102
3.0565009117126465,5.187933109168495,10.375782012939453
3.065053939819336,5.186663922620937,10.351957321166992
3.0462002754211426,5.204140023162057,10.37071418762207
3.1046814918518066,5.247392150473648,10.404035568237305
3.0629513263702393,5.188008985182803,10.367708206176758
3.037550687789917,5.2074041383873135,10.330336570739746
3.07231068611145,5.243345522221976,10.372188568115234
2.9972710609436035,5.1754081135150045,10.33536434173584
3.0071909427642822,5.182319057207288,10.361157417297363
3.124955654144287,5.278318356955425,10.366580963134766
3.0912327766418457,5.228244833415374,10.307194709777832
3.072824478149414,5.196185869164765,10.308897018432617
3.0715341567993164,5.223434925578268,10.368782997131348
3.062892436981201,5.185930779469865,10.34912109375
3.018094062805176,5.150530226062983,10.36642837524414
3.037278413772583,5.145767665035756,10.386810302734375
3.0659279823303223,5.193714353954419,10.398397445678711
3.0050251483917236,5.1598668890073895,10.360902786254883
3.067040205001831,5.175084117134768,10.34840202331543
3.109675407409668,5.224644939082542,10.414105415344238
3.066666841506958,5.186078253368447,10.36920166015625
3.0737977027893066,5.191361522035939,10.451778411865234
3.0854623317718506,5.201711963762396,10.38369369506836
3.0244791507720947,5.153240946786744,10.369817733764648
3.059830665588379,5.1906714708477795,10.34328842163086
3.0557830333709717,5.211824336754424,10.39013671875
3.063852310180664,5.1344126611282785,10.348424911499023
3.050987958908081,5.199113921861032,10.381814956665039
3.065537929534912,5.188558723844055,10.252237319946289
3.074498176574707,5.265225731834237,10.403494834899902
3.019592761993408,5.177507254062221,10.347537994384766
3.0642809867858887,5.166479787090793,10.383731842041016
3.084266424179077,5.228402775978403,10.43795394897461
3.0843544006347656,5.177524439923997,10.394684791564941
3.0427069664001465,5.1473715763006895,10.387103080749512
3.0459978580474854,5.257744801297252,10.342501640319824
3.071820020675659,5.242225211180214,10.379721641540527
3.044511318206787,5.195365299304415,10.359794616699219
2.991763114929199,5.200100031581574,10.299444198608398
3.0560302734375,5.191712897869626,10.417057037353516
2.998225212097168,5.143740066493462,10.391624450683594
3.0232675075531006,5.20134861700769,10.341983795166016
3.023897171020508,5.174472945077078,10.347341537475586
3.036778450012207,5.193676570663229,10.392684936523438
3.027693510055542,5.152966696735738,10.40923023223877
3.023644208908081,5.171373786038852,10.433304786682129
3.08595609664917,5.19079599336588,10.399334907531738
3.112366199493408,5.26597864742923,10.348326683044434
3.080118179321289,5.207500788749063,10.312601089477539
3.075652599334717,5.188836053512725,10.368380546569824
3.0577969551086426,5.129220488680793,10.284104347229004
3.077317237854004,5.182978709560952,10.449195861816406
3.0696120262145996,5.171303021921111,10.385499954223633
3.0633482933044434,5.282967781149117,10.347095489501953
3.0885515213012695,5.218263200218124,10.416772842407227
3.0352108478546143,5.176626950236304,10.383975982666016
3.044571876525879,5.263094553424578,10.348143577575684
3.086343765258789,5.216215480950528,10.333841323852539
3.0399580001831055,5.183910615642422,10.349893569946289
3.03513240814209,5.244659581354686,10.418085098266602
3.083484172821045,5.197701658255288,10.29008674621582
3.053539514541626,5.1482350781027755,10.439321517944336
3.009002208709717,5.0803966087821335,10.413605690002441
3.018911123275757,5.198258573289162,10.409528732299805
3.0691096782684326,5.182838883284213,10.319742202758789
3.0465922355651855,5.221732109452464,10.351897239685059
3.0021231174468994,5.146859352576679,10.327269554138184
3.043496608734131,5.200739339393165,10.4140043258667
3.0412421226501465,5.189166603975797,10.35038948059082
3.1384098529815674,5.254555226037545,10.351996421813965
3.099928855895996,5.221415596049545,10.332441329956055
3.0515410900115967,5.154572022579876,10.39439582824707
3.030834436416626,5.160352919217465,10.317834854125977
3.0877206325531006,5.27686409605667,10.34052848815918
3.023668050765991,5.196404806571081,10.428866386413574
3.085073232650757,5.162308029231749,10.3963623046875
3.0499255657196045,5.22949222402115,10.352229118347168
3.0327863693237305,5.227278926443042,10.323446273803711
3.046295642852783,5.124809221264774,10.346076965332031
3.0868749618530273,5.215923496488748,10.39168930053711
3.087120771408081,5.2664209761922915,10.3021240234375
3.0889956951141357,5.206782905750775,10.346297264099121
3.0483691692352295,5.212852906069851,10.4312744140625
3.001472234725952,5.146198350104637,10.27371883392334
3.0850934982299805,5.229620324713843,10.345022201538086
3.0585532188415527,5.217238710527973,10.319063186645508
3.0257811546325684,5.090092490427196,10.303361892700195
3.079555034637451,5.255458772348772,10.341056823730469
2.982975959777832,5.188083779632247,10.445046424865723
3.0071616172790527,5.151259582755821,10.387251853942871
3.0505707263946533,5.155345588623147,10.366082191467285
3.003269672393799,5.1713215685782155,10.362796783447266
3.0814645290374756,5.298089991955618,10.318894386291504
3.0323593616485596,5.212016746800924,10.346517562866211
3.0677671432495117,5.176368984360515,10.41261100769043
3.1055264472961426,5.249870446543874,10.353703498840332
2.976689338684082,5.109537304379046,10.412566184997559
3.071503162384033,5.216905289961558,10.294921875
3.010312557220459,5.157974354623418,10.322589874267578
3.0638201236724854,5.18795725124489,10.406637191772461
3.0466763973236084,5.210090452173193,10.364161491394043
3.020624876022339,5.190227733492585,10.315485954284668
3.0597212314605713,5.259242246060499,10.318560600280762
2.988811731338501,5.135950419785721,10.404773712158203
3.037663221359253,5.2191517310150495,10.346393585205078
3.0773727893829346,5.259543192905507,10.350099563598633
3.031315565109253,5.201887194532901,10.323678016662598
3.0929794311523438,5.230930049304983,10.33088493347168
3.0304911136627197,5.155575966961416,10.35995101928711
3.0526959896087646,5.246170991466247,10.418089866638184
3.0662131309509277,5.183677866156878,10.347314834594727
3.0649425983428955,5.167399091945429,10.37686824798584
3.062248706817627,5.239644359797238,10.386545181274414
3.061836004257202,5.231652590412913,10.298620223999023
3.0558817386627197,5.298457893077284,10.41529655456543
3.0097954273223877,5.170433313219942,10.407820701599121
3.1069552898406982,5.237997630843893,10.327497482299805
3.1274828910827637,5.231010032551629,10.365323066711426
3.085203170776367,5.235064690333924,10.38947582244873
3.0518274307250977,5.204646459148664,10.284821510314941
3.0194849967956543,5.166429542071585,10.401629447937012
3.0039100646972656,5.142555325624666,10.349279403686523
3.0470786094665527,5.220773726601952,10.387234687805176
3.017122745513916,5.116266091620283,10.365320205688477
3.097259759902954,5.231779697983127,10.32033920288086
3.078394889831543,5.170278416148253,10.38599681854248
3.054776430130005,5.156172287450838,10.4613037109375
3.038271903991699,5.165543639600011,10.310934066772461
3.018148899078369,5.180201418864141,10.405205726623535
3.085176706314087,5.289570119631077,10.293537139892578
3.0662190914154053,5.2498151379903515,10.28463363647461
3.0514581203460693,5.213475112770019,10.41144847869873
3.0616514682769775,5.19104570186963,10.316024780273438
3.076714515686035,5.2966710644375,10.418218612670898
3.0931198596954346,5.208327917847782,10.4244384765625
3.076536178588867,5.197784526007516,10.40593147277832
3.024949550628662,5.170076902456848,10.40104866027832
3.035468101501465,5.170836333651096,10.388346672058105
3.0475707054138184,5.168226411532877,10.343883514404297
3.0260844230651855,5.242739821418322,10.371064186096191
3.080789804458618,5.19185509838696,10.374402046203613
3.0653750896453857,5.2287896605142,10.305765151977539
3.0660762786865234,5.237472591522549,10.368002891540527
3.1018261909484863,5.220967277951006,10.318675994873047
3.041250228881836,5.1965004609831205,10.322702407836914
3.024320602416992,5.146191113628447,10.402447700500488
3.04512357711792,5.222474024730868,10.348730087280273
3.04455828666687,5.203178226648431,10.373680114746094
2.962491035461426,5.130203333749835,10.428243637084961
3.08912992477417,5.198386070651136,10.296857833862305
3.0744690895080566,5.167643173930368,10.338470458984375
3.028015613555908,5.162517505598121,10.432738304138184
3.007664918899536,5.233572224387899,10.350370407104492
3.067373752593994,5.228397076483816,10.3408203125
3.011441469192505,5.149619357527366,10.343021392822266
3.070679187774658,5.173627581314316,10.384472846984863
3.0818350315093994,5.20821475237608,10.41661262512207
3.006612539291382,5.176337239332498,10.299701690673828
3.0709547996520996,5.203223363662671,10.363714218139648
3.014436960220337,5.224373648242492,10.389737129211426
3.0749802589416504,5.272394478254553,10.384456634521484
3.0210559368133545,5.185573251884697,10.288249969482422
3.0335006713867188,5.194724417757242,10.393386840820312
3.0680487155914307,5.234136762164001,10.329756736755371
3.1003470420837402,5.193530598422512,10.387404441833496
3.0250468254089355,5.167073509456324,10.338004112243652
3.052443265914917,5.257003709441051,10.416701316833496
3.054809808731079,5.215494964371568,10.279237747192383
3.0230727195739746,5.113335310880627,10.385934829711914
3.071873664855957,5.1671613887218495,10.462522506713867
3.0455806255340576,5.269400981886845,10.389172554016113
3.052306652069092,5.232413334905036,10.510239601135254
3.0808424949645996,5.2920558743644515,10.288240432739258
3.0416617393493652,5.174524191500885,10.301697731018066
3.0709164142608643,5.296453785749951,10.376530647277832
3.097574472427368,5.234233687498739,10.390846252441406
3.024791955947876,5.184206712990999,10.338759422302246
3.0652456283569336,5.206720696995035,10.429816246032715
3.086916208267212,5.274411953619814,10.341390609741211
3.0435140132904053,5.201370659683431,10.413813591003418
3.058844566345215,5.23003101219157,10.455022811889648
3.0325815677642822,5.203457896398114,10.398148536682129
3.0997865200042725,5.24749805645219,10.327752113342285
3.020781993865967,5.1922493511478285,10.303240776062012
3.032309055328369,5.165218815939235,10.331865310668945
2.9562723636627197,5.119692856978093,10.317423820495605
3.0831215381622314,5.240802676416933,10.38509750366211
3.072772264480591,5.20788644766435,10.317112922668457
3.103226900100708,5.213401479081117,10.376826286315918
3.02626895904541,5.181912214295672,10.376191139221191
3.098328113555908,5.218104436461414,10.370733261108398
3.027401924133301,5.2924171491592595,10.397882461547852
3.0515553951263428,5.212139426896881,10.420892715454102
3.043708086013794,5.150555579989617,10.363831520080566
3.0674004554748535,5.300730092184884,10.418391227722168
3.0741379261016846,5.320639509275289,10.306163787841797
3.062880754470825,5.233663447899744,10.320450782775879
3.1035866737365723,5.234350092343188,10.306821823120117
3.0663886070251465,5.162677260814234,10.444063186645508
3.050752639770508,5.273355303165902,10.322977066040039
3.069831132888794,5.203022108413279,10.436668395996094
3.0606954097747803,5.246961089582848,10.31948471069336
3.0450360774993896,5.170167282988716,10.379091262817383
3.0339252948760986,5.194202615613384,10.419548034667969
3.069535255432129,5.2413186758889685,10.300434112548828
3.067199230194092,5.188482462361987,10.36673355102539
3.102879524230957,5.301426140524979,10.364853858947754
3.0815987586975098,5.202725777735135,10.269230842590332
3.033369302749634,5.209527956987066,10.470651626586914
3.0193030834198,5.195055680881654,10.408428192138672
3.066032648086548,5.211036426680429,10.43199634552002
3.0577657222747803,5.258055914027084,10.321374893188477
3.132880210876465,5.359158326871693,10.318906784057617
3.085252046585083,5.206278482452035,10.451820373535156
3.024444580078125,5.214176513953134,10.271286010742188
3.0307705402374268,5.216406392465745,10.314661026000977
2.9992806911468506,5.159216542229323,10.393311500549316
3.0542280673980713,5.233254697772542,10.338274955749512
3.021672487258911,5.143049842046041,10.341009140014648
3.070159435272217,5.239002032504816,10.340046882629395
3.0678956508636475,5.242628495574795,10.315723419189453
3.0600171089172363,5.218178359758374,10.362936973571777
3.01662278175354,5.1618263747077435,10.275169372558594
3.0264322757720947,5.20058614384782,10.42510986328125
3.022103786468506,5.255502009265391,10.375638961791992
3.0960772037506104,5.274806889638837,10.417058944702148
3.003918170928955,5.19339055288583,10.415999412536621
3.014059066772461,5.179181033279747,10.424943923950195
3.008090019226074,5.219082441380513,10.318940162658691
3.0413601398468018,5.235036598219137,10.350326538085938
3.069291591644287,5.257639763876796,10.411752700805664
3.0922155380249023,5.261556884174102,10.424724578857422
3.067338228225708,5.288026267030676,10.354816436767578
3.0008039474487305,5.157844580743196,10.271122932434082
3.0713133811950684,5.281670641586451,10.393726348876953
3.0165774822235107,5.241571299598686,10.359575271606445
3.043546676635742,5.217890976495775,10.364401817321777
3.013077735900879,5.16539317126652,10.412832260131836
3.046013116836548,5.201177930126765,10.43399715423584
3.0605180263519287,5.224462342747886,10.367194175720215
3.0417208671569824,5.21417379851586,10.31818675994873
3.119884729385376,5.306353240074324,10.354642868041992
3.05491042137146,5.216295140196702,10.376875877380371
3.0650248527526855,5.288338981036628,10.29626750946045
3.103780746459961,5.270797383971512,10.326937675476074
3.070510149002075,5.204580426116341,10.375300407409668
3.053042411804199,5.20167079431537,10.306743621826172
3.0186209678649902,5.20508669303464,10.408296585083008
3.097907543182373,5.257219551530268,10.370222091674805
3.0883638858795166,5.23966502278511,10.352807998657227
3.0635414123535156,5.247196073510817,10.411504745483398
3.04496169090271,5.238429296861536,10.320691108703613
3.007007360458374,5.092461757295366,10.369418144226074
3.0136687755584717,5.21080411238862,10.397486686706543
3.0314157009124756,5.233836685772986,10.336312294006348
3.0380008220672607,5.186007135714005,10.362696647644043
3.0486764907836914,5.213251730194315,10.331647872924805
3.086427688598633,5.203462944765176,10.32351016998291
3.0464844703674316,5.18580727911155,10.35826301574707
3.0242466926574707,5.205569656066863,10.345632553100586
3.064117670059204,5.207127498063657,10.380012512207031
3.0556623935699463,5.207650639449379,10.348806381225586
3.1198465824127197,5.328877587070954,10.349034309387207
3.063579797744751,5.237126129612859,10.379379272460938
3.0365657806396484,5.27533041672515,10.29796028137207
3.0478081703186035,5.217022925449003,10.36974811553955
3.056060552597046,5.166635288058647,10.380102157592773
3.0486032962799072,5.132144755816886,10.398284912109375
3.005523920059204,5.177663098155921,10.396857261657715
3.0685479640960693,5.207115869071068,10.36949348449707
3.041774034500122,5.198712405216481,10.319156646728516
3.0463669300079346,5.244980601627114,10.415667533874512
3.072591543197632,5.173763319816707,10.388906478881836
3.0707223415374756,5.2294946472892265,10.314306259155273
3.0425515174865723,5.194698870082253,10.318868637084961
3.0305213928222656,5.183103452137272,10.316465377807617
3.0669736862182617,5.232259736895295,10.278997421264648
3.1073198318481445,5.281480929914063,10.358810424804688
3.035505771636963,5.255895235209859,10.363204956054688
3.063936948776245,5.2507935477021555,10.393896102905273
3.0223329067230225,5.1818750784067165,10.344040870666504
3.063387393951416,5.255471286962607,10.314308166503906
2.9938642978668213,5.160672212851101,10.317527770996094
3.0597410202026367,5.235894925160599,10.39202880859375
3.0153489112854004,5.171866942263607,10.360136985778809
3.048187732696533,5.265982185157815,10.340019226074219
3.0626447200775146,5.226261188342635,10.358305931091309
3.035507917404175,5.242521561682224,10.381367683410645
3.0658211708068848,5.244862894727183,10.383495330810547
3.1164188385009766,5.361959532768067,10.316125869750977
3.0536975860595703,5.266653394426353,10.374251365661621
3.0088462829589844,5.190439670379939,10.30804443359375
3.0625245571136475,5.275023271462747,10.406587600708008
3.0279932022094727,5.182494566443244,10.278865814208984
3.035168409347534,5.218316669043686,10.389457702636719
3.0747785568237305,5.245144879212603,10.324518203735352
3.080737829208374,5.217887417380033,10.365690231323242
2.993842601776123,5.176802068150469,10.370662689208984
3.063863515853882,5.250972442628283,10.377111434936523
3.013483762741089,5.1995744344977926,10.320301055908203
3.031557559967041,5.202951362888728,10.43603801727295
3.0364139080047607,5.275926227248939,10.369521141052246
3.0533220767974854,5.242741165616151,10.303144454956055
3.0264129638671875,5.182717798211212,10.337713241577148
3.062344551086426,5.299609035985278,10.415426254272461
3.0309560298919678,5.203114923089743,10.359869956970215
3.0316991806030273,5.2061385936436375,10.400236129760742
3.0595028400421143,5.245209438460214,10.418347358703613
3.0051770210266113,5.165076439069318,10.374871253967285
2.988123655319214,5.209638206487788,10.321525573730469
3.044362783432007,5.304915777174756,10.39705753326416
2.987147569656372,5.135733122937381,10.295271873474121
3.0413691997528076,5.220032953923302,10.32521915435791
3.044954538345337,5.164775786488982,10.348959922790527
3.0148868560791016,5.234255768125877,10.389751434326172
2.9566380977630615,5.174197529010209,10.347248077392578
3.0189568996429443,5.243314932300043,10.419367790222168
3.064913272857666,5.215183098467865,10.39232063293457
3.0861637592315674,5.2373914759539595,10.407466888427734
3.058994770050049,5.218337914540566,10.362237930297852
3.0456478595733643,5.214668545838712,10.415895462036133
3.07680344581604,5.253160522119807,10.338842391967773
3.0775601863861084,5.2277773228207876,10.34854793548584
3.033778667449951,5.1629121825431605,10.315908432006836
3.0359604358673096,5.256290273541318,10.416601181030273
3.084275722503662,5.285281056205609,10.322935104370117
3.0099925994873047,5.2643338294832835,10.45457649230957
3.10111403465271,5.2566929784204275,10.355451583862305
3.0622763633728027,5.272211448655332,10.314616203308105
3.0031368732452393,5.231874750062292,10.378865242004395
3.0211987495422363,5.224513300927356,10.282120704650879
3.1210124492645264,5.322055503626221,10.428692817687988
3.0618247985839844,5.300062316469848,10.304317474365234
2.9919629096984863,5.186338297623609,10.354884147644043
3.0701844692230225,5.256760028457003,10.302720069885254
3.021286725997925,5.176274620661778,10.349740982055664
3.0478639602661133,5.227640140336007,10.398079872131348
3.026779890060425,5.210435278979795,10.410470962524414
3.1010477542877197,5.251303451967292,10.280125617980957
3.0521175861358643,5.238103820077543,10.312499046325684
3.1182143688201904,5.274536699655332,10.398236274719238
2.995917320251465,5.2416087085647245,10.410689353942871
3.082138776779175,5.245289554120973,10.343143463134766
2.985847234725952,5.175396280662556,10.335415840148926
3.0588483810424805,5.25830599123479,10.319202423095703
3.006697177886963,5.170878012332,10.398221015930176
3.0445024967193604,5.357462659345142,10.354900360107422
3.0595977306365967,5.3505405567786,10.366510391235352
3.0362424850463867,5.208342978631014,10.33971118927002
3.1237781047821045,5.345226694796501,10.356340408325195
3.0412840843200684,5.2544701409725745,10.36427116394043
3.0014195442199707,5.20722955515209,10.393965721130371
3.0372462272644043,5.184598747840417,10.456396102905273
3.0574300289154053,5.1623832435081045,10.389188766479492
3.0425121784210205,5.272796868579462,10.366575241088867
2.992434501647949,5.176106306690988,10.360882759094238
3.020423650741577,5.280134677121948,10.368305206298828
2.993525505065918,5.202017066800701,10.336572647094727
3.0078015327453613,5.2379698859128565,10.312179565429688
3.0337393283843994,5.247990467419316,10.408370018005371
3.0137970447540283,5.237580900313333,10.306733131408691
3.011390209197998,5.258890101785905,10.349401473999023
3.040386915206909,5.271196937820475,10.32933235168457
3.073941469192505,5.240825474561592,10.366847038269043
3.0970990657806396,5.259454106612663,10.388677597045898
3.0281925201416016,5.228622952043744,10.367193222045898
3.038388967514038,5.297418087321733,10.335046768188477
3.0405988693237305,5.244419674854725,10.38492202758789
2.9512951374053955,5.1969387347011695,10.301607131958008
3.0189480781555176,5.284171024403934,10.314493179321289
3.0386900901794434,5.292333790134372,10.39498519897461
2.9952754974365234,5.207515890310918,10.373912811279297
3.1170647144317627,5.260135274979153,10.3712158203125
3.0774896144866943,5.198229368077592,10.334772109985352
3.049511432647705,5.24845914126906,10.414795875549316
3.012577772140503,5.300053049776969,10.35009765625
2.9582254886627197,5.1793087375949005,10.363183975219727
3.009319543838501,5.2414495458693375,10.40907096862793
3.0341978073120117,5.24569142287198,10.401948928833008
3.0314884185791016,5.1993758448266565,10.303451538085938
3.014401912689209,5.277566027461685,10.41816520690918
3.0470194816589355,5.215789399309351,10.331287384033203
3.0734047889709473,5.232440896964233,10.362607955932617
3.035799980163574,5.226233873117183,10.308542251586914
3.0874478816986084,5.279501241964422,10.419088363647461
3.0355353355407715,5.24697654611165,10.345911026000977
3.062140464782715,5.242553132652704,10.314465522766113
3.092478036880493,5.299907557666303,10.442740440368652
3.0099425315856934,5.2161683565271755,10.353781700134277
3.0022075176239014,5.161859707175089,10.33405876159668
3.06352162361145,5.226779937311742,10.324268341064453
3.122532367706299,5.3246058024066905,10.376871109008789
3.044074296951294,5.242497975372576,10.351943969726562
3.0208287239074707,5.232518213069333,10.403895378112793
3.035027027130127,5.306795454584062,10.340202331542969
2.966604232788086,5.144443486817182,10.358596801757812
3.0564539432525635,5.231032211732652,10.342510223388672
3.017298936843872,5.28844110547964,10.269914627075195
3.0312445163726807,5.204501113022811,10.387295722961426
3.079580783843994,5.292097512765655,10.352599143981934
2.989262819290161,5.149789823052872,10.345477104187012
3.0282766819000244,5.243504079723997,10.378145217895508
2.985166311264038,5.1159595896689485,10.425924301147461
3.0680181980133057,5.281253609706515,10.363121032714844
3.0540003776550293,5.261723076758374,10.422502517700195
3.0564827919006348,5.267156479813691,10.350282669067383
2.949979543685913,5.144785199879802,10.419272422790527
3.07120943069458,5.35202479389097,10.356874465942383
2.9972782135009766,5.240779501884909,10.419843673706055
3.0725228786468506,5.315645351440513,10.426410675048828
3.0131139755249023,5.240927669020103,10.351725578308105
3.041316270828247,5.208272343168833,10.316850662231445
3.0291366577148438,5.20729267869943,10.363635063171387
3.059427261352539,5.286860186540122,10.304011344909668
3.0022830963134766,5.2285439637157,10.429536819458008
3.0062661170959473,5.280403540735799,10.328676223754883
3.0080490112304688,5.203484427815836,10.374629974365234
3.022585868835449,5.207544135428699,10.391342163085938
3.0551743507385254,5.28038583509624,10.331918716430664
3.0357418060302734,5.306200629831958,10.309712409973145
3.059725761413574,5.290068174313222,10.363412857055664
3.0342607498168945,5.184372662433557,10.338418960571289
2.986284017562866,5.170289330716644,10.33473014831543
3.0426316261291504,5.2931841475489945,10.359763145446777
3.013485908508301,5.185326576831617,10.383753776550293
2.9856555461883545,5.183778132644614,10.314654350280762
2.986877679824829,5.185818760289943,10.318560600280762
3.0214970111846924,5.1986843650229275,10.341522216796875
3.037790298461914,5.236293006887926,10.339380264282227
3.0632717609405518,5.270123976948005,10.368280410766602
2.9754903316497803,5.19475118074167,10.394096374511719
3.007512092590332,5.239777406178681,10.370843887329102
3.032564878463745,5.236461917404085,10.375871658325195
3.061784505844116,5.240048192674294,10.355070114135742
3.0308780670166016,5.2519930526281575,10.29256534576416
3.0258266925811768,5.218836534668559,10.389764785766602
3.0466229915618896,5.18289954168722,10.246463775634766
3.0664758682250977,5.286355316306331,10.40960693359375
3.036780834197998,5.283403309993446,10.282339096069336
3.037262439727783,5.303846803127922,10.348371505737305
3.0946271419525146,5.308821249686714,10.412727355957031
3.0340373516082764,5.2320111117192685,10.340814590454102
3.009636878967285,5.145835405415189,10.37527847290039
3.0514907836914062,5.249753299202504,10.299643516540527
3.0407214164733887,5.221819589014298,10.341509819030762
3.029218912124634,5.192947308067232,10.382698059082031
3.0152318477630615,5.238576225803367,10.305376052856445
3.008047580718994,5.210703648726589,10.304117202758789
3.015096664428711,5.190037670744849,10.434310913085938
3.0826144218444824,5.257370488086183,10.356709480285645
3.0478572845458984,5.240220668692408,10.416299819946289
3.051274538040161,5.275726664512019,10.331596374511719
3.113070249557495,5.293589402788451,10.456953048706055
2.9922192096710205,5.26937633164094,10.37771224975586
3.0608131885528564,5.230486879790468,10.337879180908203
3.0108864307403564,5.203562290939902,10.430839538574219
2.980818271636963,5.209198695141822,10.400617599487305
2.952291250228882,5.16451026665579,10.375374794006348
3.0425853729248047,5.306889770186639,10.34173583984375
3.0118424892425537,5.271778842267979,10.361138343811035
3.03161883354187,5.235559675709477,10.40719985961914
3.046504497528076,5.256511862023867,10.343430519104004
3.05336856842041,5.303692019378235,10.348525047302246
3.002225875854492,5.2545664758155395,10.312318801879883
3.055964708328247,5.2513176433609,10.346104621887207
3.017487049102783,5.188008456025272,10.34466552734375
3.004617214202881,5.172003964960043,10.43175983428955
3.1120715141296387,5.288669529038349,10.358988761901855
2.9944510459899902,5.227575690485537,10.314360618591309
3.020371675491333,5.277264073723926,10.325791358947754
3.034634590148926,5.236654645364199,10.292534828186035
3.026334047317505,5.199420470611325,10.326990127563477
3.0199763774871826,5.1825722724731484,10.334733963012695
3.066256046295166,5.284654119617439,10.3367919921875
3.0241732597351074,5.23590021410824,10.313298225402832
3.0428597927093506,5.257154796405562,10.395137786865234
3.030435085296631,5.255348368448073,10.42668342590332
3.0252487659454346,5.232182239481648,10.357425689697266
3.0300140380859375,5.195396453807397,10.339489936828613
3.0445191860198975,5.3122338471668105,10.35324478149414
3.0341603755950928,5.220098788051733,10.315471649169922
2.994635820388794,5.155777967734529,10.3807373046875
3.0108697414398193,5.181169344810768,10.373350143432617
3.0451083183288574,5.1544738472106735,10.369612693786621
3.0127182006835938,5.230701936209308,10.2641019821167
3.0389420986175537,5.336026255440499,10.333309173583984
3.0199079513549805,5.268846730402271,10.463282585144043
2.987746477127075,5.197109691798686,10.308995246887207
3.08241605758667,5.268901330385623,10.281600952148438
3.0011236667633057,5.241116187069565,10.31588363647461
3.092036724090576,5.306556292410408,10.38790512084961
2.9829843044281006,5.257361000337239,10.342881202697754
3.034187078475952,5.142777108421017,10.302525520324707
3.0532071590423584,5.299890217836945,10.304916381835938
3.012486219406128,5.307936012877949,10.324944496154785
3.0445051193237305,5.2284927197532465,10.373934745788574
3.0175020694732666,5.276313456207779,10.307670593261719
3.0208539962768555,5.296766361321455,10.375733375549316
3.010761260986328,5.2394873705426495,10.420129776000977
3.033921241760254,5.248447502231492,10.366493225097656
3.0413811206817627,5.229281112717997,10.392668724060059
3.009845733642578,5.197575595296388,10.294456481933594
2.9612069129943848,5.280684597524149,10.37641429901123
3.04699444770813,5.2796656433160285,10.373722076416016
3.033033609390259,5.341977745194787,10.321563720703125
3.0965449810028076,5.291121026368014,10.439809799194336
3.00981068611145,5.23600834238875,10.436075210571289
3.0496575832366943,5.237719126444842,10.28951644897461
3.0294058322906494,5.240182774673615,10.3063383102417
3.007112979888916,5.249470108354997,10.33537769317627
3.0052545070648193,5.3275016830968,10.297752380371094
3.0400140285491943,5.295385632464396,10.406232833862305
2.985741138458252,5.1875752395551125,10.307522773742676
3.0126519203186035,5.237654799628737,10.251280784606934
3.0316526889801025,5.295354248689754,10.261014938354492
3.0655643939971924,5.248899222451396,10.355598449707031
3.087883949279785,5.316389735388968,10.390521049499512
3.0632410049438477,5.274264422810769,10.37855339050293
3.056265354156494,5.310485192275207,10.33863639831543
2.992421865463257,5.327077673348997,10.43795394897461
3.018054723739624,5.2597034487407655,10.27908706665039
3.0707650184631348,5.233454448337268,10.361075401306152
3.0538599491119385,5.268996146407777,10.346024513244629
3.030379056930542,5.242061232283179,10.330543518066406
3.0299811363220215,5.298098034092359,10.264583587646484
3.0840907096862793,5.34328158851713,10.403711318969727
3.0098888874053955,5.257589408562386,10.394411087036133
3.0268731117248535,5.279525425617716,10.443689346313477
3.051032781600952,5.281662394592006,10.24944019317627
3.0607810020446777,5.255545300631119,10.354131698608398
2.9911067485809326,5.217749181635944,10.389714241027832
2.972548723220825,5.194328423955344,10.375784873962402
3.040151834487915,5.23715512351399,10.403099060058594
3.086977481842041,5.297223314543122,10.372584342956543
3.081798553466797,5.255280487638499,10.361581802368164
3.0460357666015625,5.25589806413544,10.291000366210938
2.97676157951355,5.26937813042397,10.385870933532715
2.980494260787964,5.233301149780996,10.31200885772705
3.016901731491089,5.260958263717059,10.317323684692383
3.015683650970459,5.245281041799379,10.394344329833984
3.0435268878936768,5.262739828521652,10.334793090820312
3.036489248275757,5.299590613959092,10.358881950378418
3.0233302116394043,5.25360194636908,10.389301300048828
3.014237403869629,5.281542825579111,10.348907470703125
3.032811164855957,5.252412832874272,10.324345588684082
3.012629985809326,5.245668091678193,10.324688911437988
3.018113851547241,5.261142844966214,10.392914772033691
3.003406047821045,5.151506238084818,10.364262580871582
3.0221619606018066,5.213460383770455,10.37591552734375
3.0578525066375732,5.209070238750428,10.38089656829834
2.9390532970428467,5.182897184443261,10.382577896118164
3.029839515686035,5.246772074439963,10.311827659606934
2.9725611209869385,5.243141890769559,10.36794662475586
3.02439546585083,5.2193183842048585,10.327217102050781
3.0786375999450684,5.342899373266846,10.348875045776367
3.0445125102996826,5.310385323229379,10.38055419921875
3.059389114379883,5.281062049724694,10.37166976928711
3.0004959106445312,5.329701797970172,10.377224922180176
3.0115840435028076,5.215154591382348,10.215710639953613
3.073230266571045,5.2865869142780335,10.364261627197266
2.9786784648895264,5.175958088632407,10.300408363342285
3.044793128967285,5.301765760939036,10.500764846801758
3.031446933746338,5.230319641929651,10.334468841552734
3.0274782180786133,5.229812490986661,10.26645278930664
3.0091347694396973,5.2275453448694735,10.302606582641602
2.9962117671966553,5.267156622306045,10.320758819580078
3.0458333492279053,5.308059452667034,10.328630447387695
3.024958372116089,5.263652771944179,10.398622512817383
2.985710620880127,5.179871242826006,10.299492835998535
2.9980907440185547,5.253087652647602,10.352533340454102
3.0252790451049805,5.28568949041489,10.439083099365234
3.0449018478393555,5.313412992716101,10.29452133178711
3.012389898300171,5.146524735094448,10.390974044799805
3.03102970123291,5.269526181243625,10.357784271240234
3.049175262451172,5.324263914654563,10.317275047302246
3.0209343433380127,5.267270978806275,10.284398078918457
3.018489122390747,5.237081530636975,10.263107299804688
3.052905559539795,5.3063892131405215,10.40067195892334
3.0388503074645996,5.255178626526946,10.319106101989746
2.9770686626434326,5.269003224326298,10.285062789916992
3.0573415756225586,5.2657333605124474,10.303215026855469
2.939741611480713,5.145002659177408,10.30683708190918
3.065612554550171,5.267061632858323,10.29995059967041
3.013964891433716,5.275279522008661,10.351778984069824
3.0256667137145996,5.27996429794335,10.306562423706055
3.0137767791748047,5.245415845220641,10.375716209411621
3.0334935188293457,5.255409402573215,10.330020904541016
3.044114589691162,5.216644487543298,10.387176513671875
2.9893746376037598,5.218271314864978,10.398706436157227
3.1100289821624756,5.3037261407090615,10.331840515136719
3.030925750732422,5.326557343992006,10.430298805236816
3.0258331298828125,5.226989464268887,10.43347454071045
2.9773318767547607,5.206077996308782,10.244796752929688
3.0504026412963867,5.232881103742069,10.30419921875
3.018994092941284,5.272937075733872,10.40638256072998
2.966966390609741,5.22781592231643,10.373347282409668
3.013087749481201,5.231484714030687,10.331945419311523
3.0304620265960693,5.2618192860723605,10.393009185791016
3.0490071773529053,5.249540952134079,10.392032623291016
2.9908151626586914,5.257740170096181,10.304511070251465
3.0209102630615234,5.263728656739529,10.42106819152832
3.003011703491211,5.212009804057224,10.404072761535645
3.0064990520477295,5.22063974001711,10.382257461547852
2.9638187885284424,5.191370585900065,10.359556198120117
3.0288174152374268,5.231152574598257,10.290046691894531
3.0423994064331055,5.307525797514245,10.33499813079834
3.08870267868042,5.334644299499424,10.363567352294922
2.9996497631073,5.2749860340263695,10.340110778808594
2.9698336124420166,5.2436719823163,10.359130859375
3.0012459754943848,5.297769476825903,10.404391288757324
3.0028820037841797,5.23009080898815,10.37336540222168
3.011043071746826,5.231292663374917,10.407302856445312
3.0299482345581055,5.247531662129664,10.403852462768555
3.073347568511963,5.2497142276593625,10.394425392150879
3.0273373126983643,5.2502896769105325,10.471038818359375
2.985804796218872,5.225155038226927,10.252986907958984
3.0011284351348877,5.169719553585829,10.295079231262207
3.004148244857788,5.224999456200749,10.377948760986328
2.9989173412323,5.22049143843885,10.369297981262207
3.0124332904815674,5.29273487141888,10.426469802856445
3.011747360229492,5.305369607671828,10.400341033935547
3.0750322341918945,5.350085009388359,10.368101119995117
3.0172600746154785,5.213784788402595,10.341963768005371
2.9957540035247803,5.24508222066132,10.35157299041748
3.059542655944824,5.28494476796394,10.320244789123535
3.0364701747894287,5.23805899908101,10.346569061279297
3.0162458419799805,5.210732476952087,10.358616828918457
3.055185317993164,5.22806261074064,10.361584663391113
3.009444236755371,5.218077130549188,10.327957153320312
3.01584529876709,5.3159783270343075,10.374336242675781
3.025061845779419,5.275646735814267,10.289115905761719
2.9838829040527344,5.222995190349009,10.323512077331543
3.0027496814727783,5.283351628508951,10.305196762084961
2.9860994815826416,5.23459947209007,10.334013938903809
3.0215795040130615,5.232211375409471,10.39781379699707
3.016961097717285,5.283657543194879,10.297647476196289
2.9757347106933594,5.231356405021091,10.31489086151123
2.9646379947662354,5.2390098107779135,10.354939460754395
3.038635015487671,5.268667746069175,10.363811492919922
3.0389864444732666,5.281843089199226,10.343771934509277
2.9989116191864014,5.272900615519446,10.342395782470703
3.006324529647827,5.19349629498486,10.336775779724121
3.038986921310425,5.294909280758085,10.43425464630127
2.9468090534210205,5.179054572945462,10.377037048339844
3.02217960357666,5.17801636104871,10.381060600280762
2.9824869632720947,5.224994115797537,10.415555953979492
3.0339736938476562,5.283432301133872,10.28046989440918
3.0641939640045166,5.352021853106895,10.3593168258667
3.0091068744659424,5.276863250582079,10.32818603515625
3.051724433898926,5.302825573000258,10.318795204162598
2.9890429973602295,5.2495701202590555,10.344179153442383
2.9847025871276855,5.179749072728946,10.362956047058105
3.0434679985046387,5.329835743510297,10.35430908203125
3.03108549118042,5.3493379820138225,10.335508346557617
3.063176155090332,5.353961550763675,10.334432601928711
2.99843692779541,5.240063710504078,10.390438079833984
3.042562961578369,5.262934556896132,10.258367538452148
3.0450613498687744,5.207595453231728,10.341466903686523
3.054049015045166,5.324015493770795,10.426825523376465
2.9861176013946533,5.25631855804074,10.258155822753906
3.03106689453125,5.2924559138316125,10.313264846801758
2.9552807807922363,5.216062829596923,10.3569974899292
3.0078935623168945,5.236185930004077,10.335766792297363
3.048130750656128,5.327737724973954,10.315923690795898
3.028157949447632,5.244449172767678,10.318925857543945
3.035911798477173,5.296828429214656,10.366762161254883
3.0168707370758057,5.246676171797195,10.328451156616211
3.043081760406494,5.266350266823013,10.320540428161621
3.043609142303467,5.255890452968223,10.406984329223633
3.0091638565063477,5.272107244835102,10.30746841430664
2.979609966278076,5.241692096959534,10.34252643585205
3.00148344039917,5.22067979636735,10.352806091308594
3.0791685581207275,5.314415248809381,10.393440246582031
3.0092220306396484,5.273294126382097,10.337565422058105
3.0479307174682617,5.323883333010599,10.41768741607666
2.9802944660186768,5.317007923033088,10.378135681152344
3.036789655685425,5.283396322646046,10.357010841369629
3.043440580368042,5.338722633597041,10.311214447021484
3.006465435028076,5.2054286218980055,10.335871696472168
3.0724713802337646,5.347861579619348,10.36115837097168
2.9765126705169678,5.2130012280041615,10.30198860168457
2.9820690155029297,5.21905618772975,10.293272972106934
3.0215437412261963,5.259799963096157,10.300346374511719
3.035512924194336,5.340645169307078,10.323766708374023
2.9574179649353027,5.2370110257927855,10.340703964233398
2.9908738136291504,5.269995761170452,10.315404891967773
3.0116755962371826,5.17485337395088,10.317503929138184
3.011233329772949,5.221579807111993,10.280586242675781
2.995199680328369,5.344847309436383,10.31903076171875
3.005774736404419,5.288308882753231,10.339879035949707
3.082122325897217,5.307793903663488,10.374942779541016
3.0621631145477295,5.2895655022667984,10.318216323852539
3.018848180770874,5.348878242474583,10.356847763061523
3.0002431869506836,5.293868759846581,10.399457931518555
2.9822604656219482,5.223785521296252,10.386529922485352
2.995516538619995,5.285287934654792,10.30407428741455
3.0100319385528564,5.285002608417666,10.325302124023438
3.0570621490478516,5.322697967922847,10.354092597961426
3.011503219604492,5.251741269437064,10.28326416015625
3.0169942378997803,5.2797247654691875,10.326265335083008
3.0252132415771484,5.294787130385105,10.30317211151123
3.0574302673339844,5.380466579758961,10.41881275177002
2.9503273963928223,5.2653498109430075,10.353705406188965
3.0104265213012695,5.3217308667621435,10.408012390136719
3.0327305793762207,5.205552460991645,10.393610954284668
2.9749257564544678,5.30811879547712,10.382877349853516
2.9545953273773193,5.184145265824294,10.296869277954102
3.000316858291626,5.354431779157104,10.341944694519043
2.9923369884490967,5.277180005629946,10.364349365234375
3.035849094390869,5.2999095744120766,10.37329387664795
2.9762778282165527,5.269765380503876,10.325197219848633
3.033736228942871,5.314977248132761,10.403385162353516
3.0661182403564453,5.252997918919261,10.298311233520508
2.986287832260132,5.236897082267594,10.3218355178833
3.0366086959838867,5.243016788869032,10.249100685119629
2.979957103729248,5.3039343519402395,10.370410919189453
2.9640138149261475,5.248717540176585,10.303873062133789
3.0247445106506348,5.31457617246945,10.316059112548828
3.011852264404297,5.259818043759359,10.413605690002441
2.9417166709899902,5.163903251955552,10.289918899536133
3.0053141117095947,5.320480900284434,10.387003898620605
3.0229556560516357,5.298832449563115,10.429168701171875
3.05536150932312,5.353336837508583,10.445404052734375
2.9330899715423584,5.250765746625673,10.284427642822266
2.9990718364715576,5.334088971539002,10.348491668701172
2.9998562335968018,5.257653596611427,10.34543228149414
2.976379871368408,5.234726925014652,10.4204683303833
3.06842303276062,5.306992879237181,10.368080139160156
2.9848384857177734,5.242528907422509,10.303609848022461
3.0384809970855713,5.291127750317433,10.383094787597656
2.9729316234588623,5.263758140981995,10.421809196472168
3.0299928188323975,5.285279858624563,10.328641891479492
3.020479440689087,5.266934373881668,10.281107902526855
2.9725515842437744,5.278846711685349,10.262510299682617
2.986924886703491,5.243027684744447,10.298208236694336
3.0374860763549805,5.27863838473734,10.302324295043945
2.9906246662139893,5.275332593026438,10.351125717163086
2.991220235824585,5.2720707427111595,10.39539909362793
2.9794936180114746,5.264374133631853,10.335417747497559
2.998453378677368,5.206374887975731,10.400972366333008
2.980135917663574,5.206236349718114,10.364301681518555
3.0659327507019043,5.246531398634294,10.418323516845703
3.0543222427368164,5.344219991338572,10.312270164489746
3.026094436645508,5.29500582953915,10.394434928894043
3.030191659927368,5.249569704223957,10.309606552124023
2.983487129211426,5.167903301039976,10.260796546936035
2.9755492210388184,5.277335283712351,10.380288124084473
3.0282371044158936,5.297614814414244,10.423831939697266
3.0434186458587646,5.357501382839733,10.339832305908203
2.9435393810272217,5.184235119161063,10.316580772399902
3.0312018394470215,5.36800517095253,10.330106735229492
3.0718889236450195,5.326176723531846,10.32169246673584
2.988158702850342,5.279083364609895,10.307333946228027
3.0349769592285156,5.270555011628728,10.382190704345703
3.030573844909668,5.322303086120103,10.414253234863281
2.9764716625213623,5.254899531203721,10.277862548828125
3.0009162425994873,5.278604521648958,10.34238052368164
3.0307505130767822,5.288137093552256,10.293817520141602
3.0010969638824463,5.253648325634588,10.407536506652832
3.0260565280914307,5.257727110326023,10.269774436950684
2.997532844543457,5.27967310996194,10.34213638305664
2.9884722232818604,5.191893648223154,10.416801452636719
3.032762050628662,5.283305739884132,10.29781723022461
3.0274391174316406,5.279348666314036,10.316805839538574
3.034832000732422,5.319001455358895,10.28677749633789
3.0401225090026855,5.276724777849657,10.306539535522461
3.0057830810546875,5.372593534278817,10.273797988891602
2.9759018421173096,5.264493522267522,10.293160438537598
2.9835355281829834,5.286544929957017,10.390655517578125
2.977113962173462,5.26374333601312,10.40458869934082
2.9823479652404785,5.2608933905139565,10.373760223388672
3.008206844329834,5.246647380791339,10.29342269897461
3.038119316101074,5.359874775832784,10.346345901489258
3.058320999145508,5.3232333485170145,10.326165199279785
3.046113967895508,5.337614552517023,10.352783203125
2.9719045162200928,5.244801303837448,10.342361450195312
3.00392484664917,5.310375664216865,10.320051193237305
3.0096275806427,5.181578455060455,10.326505661010742
3.0358827114105225,5.322443302887093,10.341167449951172
2.9862399101257324,5.2498810608605195,10.423372268676758
2.9322142601013184,5.227452230806064,10.37558364868164
3.007044792175293,5.236886730550656,10.351997375488281
3.0271663665771484,5.327942833038313,10.354668617248535
3.027857542037964,5.285201568322789,10.333611488342285
2.981759786605835,5.268496482965669,10.305207252502441
3.0064144134521484,5.237460660947753,10.336465835571289
2.9419703483581543,5.164645823051354,10.272322654724121
3.0381336212158203,5.308746470537569,10.250753402709961
3.0238564014434814,5.295750658593274,10.267252922058105
3.0087766647338867,5.271568599423128,10.32205867767334
3.016601085662842,5.320898087163056,10.328887939453125
3.032317876815796,5.255322668601626,10.366493225097656
3.0240797996520996,5.3928670777074466,10.38054370880127
2.969348669052124,5.258691595667707,10.348730087280273
3.0191032886505127,5.252931077731773,10.299976348876953
3.0444350242614746,5.25470200390555,10.358033180236816
3.0384984016418457,5.278544628028093,10.273283004760742
3.0162923336029053,5.271017981792934,10.446051597595215
3.025782346725464,5.271819430004273,10.358051300048828
3.012082815170288,5.322335897978129,10.388822555541992
3.014263391494751,5.323095392369266,10.395256996154785
3.0347297191619873,5.291937618749217,10.412151336669922
3.056140899658203,5.3906300363263915,10.360881805419922
2.9519941806793213,5.269315963344915,10.395648956298828
3.007087469100952,5.257295360456087,10.335262298583984
2.985964059829712,5.263789232520919,10.313703536987305
2.987035036087036,5.203168907136257,10.278916358947754
2.989133834838867,5.24408068601042,10.34177303314209
3.0126190185546875,5.3309472725127955,10.260194778442383
2.989347219467163,5.228886957380122,10.370990753173828
3.0273118019104004,5.3154260834812055,10.414178848266602
2.9919145107269287,5.2568172730638505,10.351774215698242
3.0131237506866455,5.301956341535385,10.342860221862793
2.979053258895874,5.3070282245919635,10.386065483093262
2.9830830097198486,5.302953360236383,10.338916778564453
3.01359224319458,5.322430518089926,10.343306541442871
3.0698094367980957,5.295425835697513,10.345044136047363
2.9987101554870605,5.250438544533348,10.298182487487793
2.9996848106384277,5.407314727149371,10.370583534240723
3.023041248321533,5.330372291484048,10.359521865844727
2.9574971199035645,5.274397400141295,10.36202621459961
3.0206527709960938,5.255419840670324,10.326648712158203
2.995668411254883,5.243163786296334,10.339645385742188
3.0089714527130127,5.263373490689056,10.308536529541016
2.9755542278289795,5.234742558760836,10.439818382263184
3.013828754425049,5.29079465464955,10.410707473754883
2.9936792850494385,5.212266145839489,10.359440803527832
3.020681381225586,5.342258194361681,10.32335090637207
2.939018487930298,5.237598259334585,10.358154296875
3.082998275756836,5.331258929234796,10.275830268859863
3.0034563541412354,5.288770175938095,10.356389045715332
3.0267961025238037,5.289393000138391,10.270998001098633
3.0282063484191895,5.334686947154946,10.278695106506348
2.9815189838409424,5.232108699024788,10.323293685913086
3.023646116256714,5.286888166995985,10.425905227661133
2.98671555519104,5.289910205839467,10.340982437133789
2.9993464946746826,5.275095688212397,10.25426959991455
3.013136863708496,5.254612991320235,10.352693557739258
2.9744279384613037,5.243365928530693,10.30792236328125
2.9951205253601074,5.26315942616202,10.384446144104004
2.9954636096954346,5.29803718862656,10.303497314453125
2.9941647052764893,5.2139138556750755,10.292987823486328
2.9833014011383057,5.310252857327994,10.336545944213867
3.0217130184173584,5.295536773146263,10.321954727172852
3.016268014907837,5.282430586272053,10.325139999389648
2.9942705631256104,5.235622647185144,10.385757446289062
2.9962003231048584,5.305409612067575,10.33218002319336
3.056321859359741,5.314538139583809,10.364053726196289
3.0135605335235596,5.287332317958187,10.366264343261719
2.966611623764038,5.251073411399765,10.338393211364746
3.0190954208374023,5.298371316432687,10.33579158782959
3.038926362991333,5.2946350494998375,10.346820831298828
3.0198824405670166,5.317630611160504,10.329171180725098
2.9636027812957764,5.327654164750129,10.368664741516113
3.025516986846924,5.322027696230049,10.321924209594727
3.0073370933532715,5.360484606054212,10.314720153808594
2.9868149757385254,5.247468362795189,10.314369201660156
2.9432590007781982,5.299525141815788,10.336092948913574
2.977771759033203,5.228685640297563,10.334724426269531
2.9579455852508545,5.22124769059675,10.337128639221191
2.962890863418579,5.173370525739821,10.299285888671875
3.0295419692993164,5.285000509316367,10.299278259277344
2.9470767974853516,5.323731624022392,10.313472747802734
3.0100908279418945,5.333603228741724,10.363916397094727
2.988966703414917,5.23722584013428,10.379232406616211
2.9782721996307373,5.3024940114534855,10.490437507629395
3.0334630012512207,5.310659819349115,10.375624656677246
3.0274174213409424,5.271534618389393,10.343255043029785
3.0063514709472656,5.28708625022721,10.336044311523438
2.9747836589813232,5.348102782354024,10.289533615112305
3.021397829055786,5.288406234733494,10.327645301818848
2.9789862632751465,5.264186775977058,10.320446968078613
3.0019962787628174,5.31477333312588,10.313551902770996
3.0056819915771484,5.231663776727926,10.408979415893555
2.9795610904693604,5.242471276649407,10.264505386352539
3.013993740081787,5.307137557571488,10.296720504760742
2.988830804824829,5.308004340057129,10.277374267578125
3.0196902751922607,5.2805842582602045,10.378829956054688
2.994802713394165,5.3428396993050615,10.325279235839844
2.9817309379577637,5.3339367089793095,10.34248161315918
2.971447467803955,5.26123093644024,10.35458755493164
2.988203763961792,5.314228327246383,10.349023818969727
2.998326539993286,5.319398694704952,10.339323043823242
3.033132553100586,5.274814478953235,10.343526840209961
3.0169034004211426,5.346828364367997,10.367483139038086
2.991565227508545,5.2483783319060295,10.307280540466309
2.9865760803222656,5.2529433859246115,10.371079444885254
3.0167860984802246,5.336718063236081,10.315805435180664
3.012051582336426,5.32839570134612,10.30754280090332
2.9465980529785156,5.242758583909433,10.347916603088379
2.977595806121826,5.305393354069175,10.314033508300781
2.9971234798431396,5.284014315410916,10.364978790283203
2.9758994579315186,5.229597326235047,10.347613334655762
2.9904210567474365,5.335127898225827,10.26215934753418
3.01318621635437,5.37184183529046,10.406604766845703
2.9947805404663086,5.250040926937279,10.35338306427002
2.9617505073547363,5.228606081600967,10.396859169006348
3.0075414180755615,5.292589358220409,10.324013710021973
3.0690112113952637,5.360988543701492,10.324575424194336
2.970789909362793,5.207633886552816,10.329320907592773
3.036916494369507,5.399468803445676,10.400935173034668
3.00506591796875,5.338251946560506,10.32388687133789
2.972809076309204,5.22909130282434,10.411382675170898
3.0094308853149414,5.346713091013952,10.363850593566895
3.0218067169189453,5.281644733223532,10.420236587524414
2.9877400398254395,5.281380753964186,10.321508407592773
2.975318431854248,5.313386003021151,10.275167465209961
2.996654987335205,5.300507391802966,10.312758445739746
2.9972939491271973,5.228129420762084,10.385473251342773
3.0057899951934814,5.33753096259066,10.368756294250488
2.966768264770508,5.2624208762842635,10.32201099395752
2.9286484718322754,5.226861820290131,10.311907768249512
2.975498914718628,5.216794609025653,10.304570198059082
2.9671778678894043,5.241910995715963,10.363354682922363
3.006263494491577,5.3046803683641235,10.291030883789062
3.0352046489715576,5.332988664408082,10.335179328918457
2.9804258346557617,5.2918716861334225,10.318793296813965
2.9511516094207764,5.28718984792275,10.308518409729004
2.9942407608032227,5.292239277224455,10.307405471801758
3.024120807647705,5.376377414911985,10.345155715942383
2.985403299331665,5.269736929763375,10.290499687194824
2.9954097270965576,5.280012368557176,10.326822280883789
3.0146968364715576,5.300563700630197,10.374978065490723
2.9448249340057373,5.168662339149575,10.3992338180542
2.9926085472106934,5.243691832525656,10.36742877960205
3.014998197555542,5.358887587108517,10.351149559020996
2.994588851928711,5.34608645451122,10.29556655883789
2.968759775161743,5.215703547499808,10.316551208496094
3.0305674076080322,5.306832686931426,10.34022045135498
3.0052220821380615,5.349880510741579,10.30886459350586
2.9516990184783936,5.311198192282713,10.404447555541992
2.9977829456329346,5.296189114650978,10.307154655456543
3.0277445316314697,5.292352504662371,10.341155052185059
2.9692516326904297,5.1735997811026335,10.33915901184082
3.0081188678741455,5.229058438812249,10.284055709838867
2.989109992980957,5.23073326703161,10.27922248840332
3.001521348953247,5.28778681717813,10.299131393432617
2.9809229373931885,5.347498867793807,10.322589874267578
2.9750072956085205,5.356541030009144,10.341938018798828
2.971390724182129,5.289769763326538,10.311983108520508
2.94851016998291,5.294536716803642,10.31069564819336
3.0007336139678955,5.246581932463283,10.351101875305176
2.9603099822998047,5.2846113561453025,10.405220031738281
3.0372204780578613,5.27828349938084,10.341462135314941
2.9832584857940674,5.285343642812222,10.299619674682617
2.965513229370117,5.306349473872356,10.285391807556152
3.038877248764038,5.396520477287206,10.40783977508545
2.9819839000701904,5.242895892821252,10.335633277893066
2.979588270187378,5.259477448017735,10.275873184204102
2.9989497661590576,5.2534295450896025,10.323691368103027
3.020627498626709,5.285110676694395,10.395513534545898
3.026013135910034,5.293892977326842,10.38114070892334
3.014195442199707,5.355922116465601,10.278560638427734
3.000511407852173,5.314551448316447,10.37067985534668
2.9747657775878906,5.257557976525277,10.330793380737305
3.0052967071533203,5.338570335979707,10.288602828979492
2.9880197048187256,5.271035814291931,10.352054595947266
3.0114400386810303,5.296155268426187,10.327360153198242
2.964318037033081,5.2873733396908005,10.363197326660156
2.9897522926330566,5.276440154228892,10.366630554199219
2.996514320373535,5.264550949546642,10.26327133178711
2.9680118560791016,5.249740982095578,10.309256553649902
2.993587017059326,5.2957180076877455,10.266834259033203
3.036193609237671,5.264636196295864,10.357891082763672
2.9533169269561768,5.2866502459094455,10.324934005737305
2.9643619060516357,5.278498893670204,10.30291748046875
2.984001398086548,5.330292677573327,10.447319030761719
2.945080518722534,5.263670226459259,10.317219734191895
2.994459390640259,5.272897310355413,10.370849609375
3.0085694789886475,5.243876455384973,10.276392936706543
2.982837200164795,5.3174739949338665,10.302968978881836
3.015998601913452,5.377510720365015,10.348388671875
3.0133872032165527,5.3127486322274695,10.329244613647461
2.9410793781280518,5.2611962205929945,10.367185592651367
2.9898483753204346,5.274299922731838,10.332908630371094
2.9423041343688965,5.2058013654646595,10.320568084716797
2.987910509109497,5.304941042492699,10.307281494140625
2.9825313091278076,5.289713155744331,10.364656448364258
2.962135076522827,5.275426194071771,10.337932586669922
2.9874887466430664,5.298599173248347,10.358346939086914
2.9461610317230225,5.265493125554972,10.393500328063965
2.984858274459839,5.284841087613521,10.369738578796387
2.958853244781494,5.169559128582478,10.398162841796875
3.0076050758361816,5.3096818805871795,10.290274620056152
2.9793190956115723,5.300655810395256,10.380014419555664
3.0259969234466553,5.362128323043829,10.315332412719727
2.953400135040283,5.277707569700267,10.357940673828125
2.958115339279175,5.245798160787672,10.458122253417969
3.0063297748565674,5.296023862436414,10.310210227966309
3.036733388900757,5.394561849534512,10.33229923248291
3.001899480819702,5.289083555906213,10.336352348327637
2.9889681339263916,5.250274092857061,10.337838172912598
3.046442985534668,5.362213856074958,10.39560604095459
3.0098228454589844,5.304292421821239,10.33533763885498
2.9711220264434814,5.177091790429715,10.260697364807129
3.022465944290161,5.278504228951144,10.412554740905762
2.983048439025879,5.352903619109254,10.294841766357422
2.9653899669647217,5.21173050114885,10.400376319885254
3.0044164657592773,5.267364206424515,10.314138412475586
2.9936742782592773,5.255935138091445,10.328348159790039
2.9846994876861572,5.265079914093284,10.36496639251709
2.9883341789245605,5.330774363063808,10.365314483642578
2.9967610836029053,5.314484008787466,10.309540748596191
2.9756758213043213,5.335134989116342,10.31212329864502
3.0059990882873535,5.354054523931284,10.316554069519043
2.963683843612671,5.258496796446187,10.338626861572266
2.9542620182037354,5.200404219528926,10.422747611999512
2.9844868183135986,5.274920668120363,10.37995433807373
2.9987967014312744,5.307979838789573,10.404685020446777
2.964294195175171,5.282893908409667,10.342080116271973
2.9915049076080322,5.315208614837112,10.30532169342041
2.948587417602539,5.253453049775478,10.360639572143555
2.999030351638794,5.320145621596437,10.385080337524414
2.995110273361206,5.324291778661843,10.351886749267578
2.9437859058380127,5.25469882570074,10.364692687988281
2.9679219722747803,5.290355617380036,10.394552230834961
2.968129873275757,5.230494547103133,10.403678894042969
2.974599599838257,5.308179778379521,10.295111656188965
2.9798977375030518,5.231455876425441,10.276633262634277
2.9860215187072754,5.2650988082334935,10.311799049377441
2.9816672801971436,5.285157329369603,10.354844093322754
2.952700138092041,5.25639875838533,10.393132209777832
2.9847652912139893,5.2999948641019206,10.292011260986328
2.9559967517852783,5.310940945587521,10.343306541442871
3.015177011489868,5.297062197201219,10.378509521484375
3.000967502593994,5.332463598111644,10.291038513183594
3.009077787399292,5.369236899273736,10.372222900390625
2.9830148220062256,5.27842929320676,10.375150680541992
2.9688220024108887,5.279005936047595,10.377314567565918
2.9738996028900146,5.280100582200768,10.32640266418457
2.9968385696411133,5.3363299106048165,10.330010414123535
2.9914963245391846,5.313738086327379,10.366920471191406
2.973445177078247,5.283527848543598,10.281649589538574
3.0022053718566895,5.292703731284877,10.294524192810059
3.071495532989502,5.390414776746183,10.380438804626465
2.989103078842163,5.253738715512944,10.371575355529785
3.0171196460723877,5.356763304843168,10.41586971282959
2.9935250282287598,5.337555691100922,10.288204193115234
3.026172637939453,5.342574096451115,10.32668399810791
2.9655065536499023,5.283531545927482,10.319175720214844
2.95304012298584,5.295004085803937,10.36153507232666
2.981870651245117,5.348527844097199,10.339155197143555
3.0160059928894043,5.302295636119587,10.369434356689453
2.9833853244781494,5.362736817615638,10.353416442871094
2.97446346282959,5.261875760375655,10.32420825958252
2.957906723022461,5.259950769399958,10.340896606445312
2.9840312004089355,5.335927509170558,10.362163543701172
2.9282426834106445,5.317007729883438,10.318685531616211
2.992156982421875,5.274958758049512,10.330955505371094
2.990382194519043,5.34045650454105,10.363311767578125
2.9614665508270264,5.362684640068828,10.404945373535156
3.002265691757202,5.398646439126294,10.337642669677734
2.8982725143432617,5.215139524911397,10.227882385253906
2.961090564727783,5.25433416308702,10.346800804138184
2.983153820037842,5.313026545502778,10.387918472290039
2.9783763885498047,5.31038317929155,10.270904541015625
2.9743311405181885,5.220226851790877,10.355417251586914
2.912912368774414,5.231599501300869,10.296015739440918
2.9537017345428467,5.28861086429762,10.251646041870117
2.993163585662842,5.299440121743828,10.320882797241211
3.012202739715576,5.302592774121357,10.231264114379883
2.9810733795166016,5.339181148181004,10.339067459106445
2.97245717048645,5.358017824922821,10.282158851623535
2.9717869758605957,5.302221172921626,10.319890975952148
3.006059408187866,5.3583289473317555,10.373735427856445
3.0230133533477783,5.259099488778571,10.329085350036621
3.042147397994995,5.316153369644391,10.4082612991333
3.0232796669006348,5.386048296799085,10.338212966918945
2.9659523963928223,5.303315307845228,10.36801528930664
2.9739389419555664,5.315928196035592,10.394872665405273
3.068234443664551,5.392931499086055,10.321228981018066
3.0067667961120605,5.2717941776583235,10.344232559204102
2.9340248107910156,5.227741359101076,10.268242835998535
3.0161561965942383,5.294098607397505,10.284452438354492
2.972374200820923,5.273003680365426,10.339492797851562
2.940201759338379,5.275908288978306,10.297687530517578
2.9387738704681396,5.220958715171686,10.42357063293457
2.961440086364746,5.3121691745972,10.255422592163086
2.9835901260375977,5.28472542995587,10.331808090209961
3.0214600563049316,5.378942379062729,10.381329536437988
2.9467053413391113,5.290628448960239,10.264694213867188
2.992082357406616,5.27522092522122,10.265405654907227
3.021113395690918,5.371518671778696,10.279903411865234
2.954197645187378,5.194352440536022,10.386167526245117
2.9465811252593994,5.36365307584804,10.4031343460083
2.98124623298645,5.371364569324734,10.361371040344238
2.9545223712921143,5.2379870912991455,10.334336280822754
2.957106113433838,5.235935385771362,10.33633041381836
2.978076219558716,5.287454464572615,10.280755996704102
2.999406099319458,5.340756331138047,10.350330352783203
3.0018362998962402,5.393559154555468,10.393379211425781
2.9979419708251953,5.2680864989358405,10.364529609680176
3.000962018966675,5.322057947716011,10.27076530456543
2.9538207054138184,5.3078536032366435,10.31943416595459
3.0456674098968506,5.3591485685735405,10.286003112792969
2.977609157562256,5.272577502565193,10.306391716003418
2.980194330215454,5.27686529350467,10.36376667022705
2.9464826583862305,5.305345258708777,10.26168441772461
2.9963936805725098,5.316792122221418,10.280460357666016
3.0527262687683105,5.442654929955357,10.316459655761719
2.9181787967681885,5.278649108584172,10.310924530029297
3.0135204792022705,5.337473034359781,10.349767684936523
2.987067699432373,5.318255448447807,10.28829288482666
2.9498672485351562,5.288653428599772,10.297805786132812
2.944443941116333,5.282104542611965,10.407605171203613
2.9861490726470947,5.329650672851131,10.334651947021484
2.9866786003112793,5.322137863907431,10.360878944396973
2.9913830757141113,5.305318007378705,10.374824523925781
2.940732717514038,5.253284359018186,10.320860862731934
2.937925338745117,5.2627544342540205,10.267972946166992
2.965843677520752,5.311855910811573,10.325865745544434
2.964129686355591,5.3736196056207906,10.40011215209961
2.9771013259887695,5.329843931964465,10.33513069152832
2.9834787845611572,5.345531537363837,10.347407341003418
3.029552698135376,5.403922623721883,10.367093086242676
3.0134971141815186,5.313285220880061,10.333297729492188
2.9969913959503174,5.337764438408027,10.407855987548828
2.9890036582946777,5.3523539443766435,10.309370040893555
2.9747414588928223,5.279188274006758,10.355270385742188
2.9912362098693848,5.292283382300021,10.373668670654297
3.0111937522888184,5.377515313182292,10.336514472961426
2.9877848625183105,5.254940870484071,10.277174949645996
2.957829236984253,5.315178493237389,10.292670249938965
2.981714963912964,5.2961395688554544,10.202750205993652
2.9927146434783936,5.34007124017392,10.349061965942383
2.9845223426818848,5.362154675048909,10.306320190429688
3.003418207168579,5.4016039660865705,10.296894073486328
2.950439214706421,5.295994966823076,10.418841361999512
2.9329311847686768,5.2118345927779695,10.385965347290039
2.9879419803619385,5.30941582684006,10.302563667297363
2.9609639644622803,5.320300035710845,10.341039657592773
2.9658424854278564,5.307775615448398,10.321307182312012
2.9782612323760986,5.29991905886813,10.420194625854492
2.9885714054107666,5.306088890913608,10.321663856506348
3.027858018875122,5.375005422791998,10.406704902648926
2.9520702362060547,5.32778884124543,10.344655990600586
3.0251173973083496,5.359751345157357,10.39462661743164
2.991772174835205,5.326824729430622,10.277804374694824
2.975649118423462,5.338913608641763,10.279462814331055
2.977820634841919,5.264803422980808,10.32205581665039
2.9358761310577393,5.228874131139101,10.391462326049805
2.9839565753936768,5.386726335855201,10.317459106445312
3.0013535022735596,5.350362228395949,10.266471862792969
3.0223817825317383,5.302601044831264,10.307501792907715
2.953275203704834,5.308211213310382,10.450382232666016
3.017900228500366,5.342557653884537,10.345637321472168
2.961782932281494,5.294653374036509,10.287795066833496
2.942718267440796,5.2991965774978915,10.340254783630371
2.946737051010132,5.298870988057128,10.251976013183594
2.9731953144073486,5.282817935371505,10.370944023132324
2.9182841777801514,5.28661768976599,10.28853702545166
2.9621496200561523,5.33464138432672,10.327571868896484
2.981736660003662,5.341208167440657,10.336141586303711
2.970337152481079,5.314761769159564,10.42020034790039
2.945042848587036,5.334964764504028,10.348556518554688
2.937608480453491,5.295166480820626,10.287973403930664
3.0081233978271484,5.350354618758762,10.37606430053711
2.935098886489868,5.263233367819339,10.276387214660645
2.970937490463257,5.370826763533322,10.350959777832031
2.9948928356170654,5.424798697332984,10.350706100463867
2.9892640113830566,5.319058609594192,10.293174743652344
2.971561908721924,5.329495117467429,10.318961143493652
2.921814203262329,5.282618683596541,10.338891983032227
3.009457588195801,5.293105872148382,10.378927230834961
3.0101187229156494,5.336159071086772,10.333755493164062
2.9846384525299072,5.296124334047948,10.308582305908203
2.96370267868042,5.317109820499484,10.292365074157715
2.966871500015259,5.317983142067012,10.365884780883789
2.9689416885375977,5.249330037373252,10.339773178100586
2.9875237941741943,5.376164077614833,10.34294319152832
2.9596614837646484,5.209281094771411,10.336908340454102
2.9575753211975098,5.329493886491816,10.331485748291016
2.9794933795928955,5.328488519814397,10.32425308227539
2.987901210784912,5.269174992639039,10.268560409545898
2.9702281951904297,5.236163393660848,10.34743881225586
2.9775075912475586,5.377589151828683,10.312422752380371
2.949100971221924,5.230919426806006,10.379131317138672
2.9878053665161133,5.318541810847818,10.283182144165039
2.944004774093628,5.310371627997872,10.269449234008789
2.9535932540893555,5.295071356597223,10.358590126037598
3.007032632827759,5.330436290141994,10.324013710021973
3.0029869079589844,5.330293101258577,10.281695365905762
2.974644899368286,5.332039207386385,10.361761093139648
2.9723308086395264,5.288834387902171,10.37485408782959
3.030222177505493,5.332407121746136,10.325285911560059
2.9519124031066895,5.314018060353452,10.300352096557617
2.977160930633545,5.265427985960351,10.324384689331055
2.9601216316223145,5.325780810389136,10.295927047729492
2.9918551445007324,5.301069205693368,10.32525634765625
2.952627182006836,5.333501122093627,10.369495391845703
2.9251716136932373,5.31292490940541,10.39832878112793
2.985309362411499,5.382037870619181,10.360902786254883
2.9896304607391357,5.307097708739873,10.40175724029541
2.9759719371795654,5.268759342575713,10.362279891967773
2.9723236560821533,5.3973976395625085,10.30624008178711
3.014451503753662,5.358786641220961,10.376407623291016
2.971919536590576,5.325911399342918,10.321228981018066
3.022189140319824,5.32847250492445,10.360844612121582
2.9291324615478516,5.268965071532875,10.366151809692383
3.021761417388916,5.34983033483981,10.332456588745117
2.9339585304260254,5.204126525470722,10.259649276733398
3.003239393234253,5.346767090294245,10.361573219299316
2.9783992767333984,5.346923305120852,10.309322357177734
2.9498231410980225,5.259708350058645,10.277494430541992
2.99074125289917,5.285287758867655,10.384140014648438
2.952939510345459,5.344312450150029,10.341985702514648
2.9849674701690674,5.363993563855599,10.363471031188965
2.988535165786743,5.384330500216623,10.34516429901123
2.9444308280944824,5.387266339567889,10.250641822814941
2.9673516750335693,5.352874699514359,10.290767669677734
3.026390314102173,5.37199391537745,10.270999908447266
2.9606122970581055,5.326965521754963,10.326891899108887
2.973949670791626,5.298501573303448,10.332100868225098
2.9120967388153076,5.279386898835323,10.324199676513672
2.948770523071289,5.340977467430223,10.34002685546875
2.926401138305664,5.322026012465359,10.296273231506348
2.938082695007324,5.239894187676588,10.312723159790039
3.0030031204223633,5.372563963722703,10.2691011428833
2.959041118621826,5.330971237604639,10.210497856140137
2.9855589866638184,5.337646844830098,10.286845207214355
2.9554319381713867,5.334367235889658,10.345314979553223
2.9687066078186035,5.320158473648397,10.341272354125977
2.971430778503418,5.369751089385577,10.324834823608398
2.953165054321289,5.325826808776973,10.302657127380371
2.9698281288146973,5.272456055806418,10.284605026245117
2.9457387924194336,5.39637652172574,10.352740287780762
2.993469715118408,5.3646224678627075,10.31348991394043
2.973555564880371,5.369654683196651,10.43704605102539
2.9416093826293945,5.290143827541864,10.394865036010742
2.939011812210083,5.285849173919164,10.34587287902832
2.9977712631225586,5.460362174481686,10.322160720825195
2.9266858100891113,5.263693490498034,10.29755687713623
2.931873083114624,5.262592596001923,10.312055587768555
3.0149495601654053,5.364150132385216,10.322961807250977
2.9426944255828857,5.292970574826801,10.325492858886719
2.9805309772491455,5.35298088854844,10.315301895141602
2.968456268310547,5.32751308940351,10.334691047668457
3.0206167697906494,5.435221115160467,10.356986999511719
2.955796003341675,5.304082314517083,10.307594299316406
2.9951133728027344,5.372043977824172,10.395570755004883
2.9552834033966064,5.371133945948843,10.25515365600586
2.9887349605560303,5.325763583183289,10.411637306213379
2.898489475250244,5.309492820142103,10.341392517089844
3.0004539489746094,5.397515514998564,10.278553009033203
2.984762668609619,5.396418068990377,10.336639404296875
2.954826593399048,5.284916326769495,10.362382888793945
2.9898910522460938,5.329785993522299,10.372432708740234
2.999587297439575,5.376348783727735,10.283369064331055
2.9461276531219482,5.360646247497893,10.226822853088379
2.993405342102051,5.353871594282932,10.321986198425293
2.99815034866333,5.3560252540545275,10.3970365524292
2.9576919078826904,5.34919085792665,10.336004257202148
2.992297887802124,5.326553489979622,10.289546012878418
3.0285980701446533,5.326719058910385,10.39837646484375
2.993171215057373,5.359201595386756,10.331364631652832
2.9714300632476807,5.3624343616954455,10.297321319580078
3.0046772956848145,5.302261783741415,10.340538024902344
2.997758388519287,5.29596710115272,10.352879524230957
3.003997802734375,5.312106888608209,10.283126831054688
2.9394707679748535,5.304917905812284,10.34428596496582
2.991361141204834,5.358011158449309,10.384485244750977
3.007173538208008,5.387770155976925,10.317911148071289
2.947863817214966,5.313501329127965,10.331932067871094
2.9615135192871094,5.2889758056761424,10.392452239990234
2.962871789932251,5.346992759399914,10.362693786621094
3.005746603012085,5.373934798341777,10.323551177978516
2.9991769790649414,5.301656082671668,10.344351768493652
3.0083155632019043,5.3879250420390505,10.338299751281738
2.9481828212738037,5.327397591201588,10.303815841674805
2.9822449684143066,5.298265231873041,10.40546703338623
2.983393430709839,5.4025309869487375,10.344329833984375
3.0381174087524414,5.374930188259376,10.298599243164062
2.9677066802978516,5.39239711231286,10.296318054199219
3.0211594104766846,5.382092953892426,10.269399642944336
2.963047742843628,5.397958777412507,10.345683097839355
2.9604551792144775,5.3543619736031225,10.302337646484375
2.997683048248291,5.359564178357167,10.281588554382324
2.973492383956909,5.391212126739057,10.312482833862305
2.9972054958343506,5.38525645271875,10.28865909576416
2.9402832984924316,5.235875180922449,10.284826278686523
2.9317774772644043,5.307789647153446,10.2984037399292
2.9703667163848877,5.350799140287564,10.291595458984375
2.9434328079223633,5.30799356861306,10.377676010131836
2.9805338382720947,5.357182746054605,10.376774787902832
2.9490740299224854,5.320008935805943,10.304125785827637
2.988032102584839,5.359240591891908,10.36453628540039
2.9677042961120605,5.334404021069141,10.3941650390625
2.933718204498291,5.390162861639901,10.33958625793457
2.934295177459717,5.245548761316709,10.273683547973633
2.9670257568359375,5.278695491109309,10.366606712341309
2.966074228286743,5.355608788418716,10.280471801757812
2.9802298545837402,5.298499849624932,10.359014511108398
2.8908116817474365,5.2544899118864645,10.365230560302734
2.925933599472046,5.271980077161321,10.234813690185547
2.9050064086914062,5.197730750510735,10.280006408691406
2.9951963424682617,5.324712866551376,10.304618835449219
2.9679930210113525,5.3146221462105,10.38929271697998
2.98140549659729,5.353935847724122,10.403610229492188
2.949981689453125,5.362035236520959,10.316152572631836
2.9194703102111816,5.311582578512441,10.312397956848145
3.040398597717285,5.383207450554308,10.325469017028809
2.938541889190674,5.3888114382113725,10.376113891601562
3.008056879043579,5.452253160299733,10.324191093444824
2.9772558212280273,5.3754834114640415,10.314456939697266
2.9597597122192383,5.366014955897948,10.41220760345459
2.975161552429199,5.275709378599589,10.368619918823242
2.949930429458618,5.276386630322252,10.34066390991211
2.9258124828338623,5.34623715773757,10.350683212280273
2.990427017211914,5.3620039290815065,10.307348251342773
3.0032355785369873,5.382655981728542,10.343482971191406
2.9109747409820557,5.350404812754797,10.324442863464355
2.9530351161956787,5.358709299338183,10.305252075195312
2.9296040534973145,5.354324604484385,10.318178176879883
2.909428834915161,5.266265969923031,10.35757064819336
2.949514150619507,5.403030197102843,10.321074485778809
2.9292099475860596,5.2919048434788625,10.304636001586914
2.9435582160949707,5.24730319010892,10.364130020141602
2.905517101287842,5.286861899475168,10.335943222045898
2.966886520385742,5.3602434118677476,10.343059539794922
2.986830949783325,5.34223971036928,10.388776779174805
2.9493367671966553,5.364926742489583,10.276899337768555
2.982598304748535,5.407836360324706,10.259239196777344
2.9846794605255127,5.3069094325681885,10.384204864501953
2.968522787094116,5.35389950838206,10.377605438232422
2.9750185012817383,5.353308878938801,10.302834510803223
3.005744218826294,5.343405040978854,10.309845924377441
2.9620048999786377,5.333529419066118,10.335393905639648
2.978668212890625,5.348083032860554,10.35663890838623
2.9791064262390137,5.35191977300149,10.316182136535645
2.9131217002868652,5.314301734790205,10.317632675170898
2.9703128337860107,5.335144578811845,10.34273910522461
2.951673746109009,5.361229856531802,10.327482223510742
2.9744439125061035,5.346729942597449,10.342857360839844
2.9527406692504883,5.339105011296591,10.371515274047852
2.9642672538757324,5.293633764476649,10.327319145202637
2.9207499027252197,5.266384409075337,10.368165969848633
3.006068706512451,5.4326296228848925,10.25029182434082
2.9770565032958984,5.370906959121514,10.454061508178711
2.961663246154785,5.385583088034764,10.359676361083984
2.913879871368408,5.274118991901299,10.316454887390137
2.9803895950317383,5.355490355619362,10.3084135055542
2.9868805408477783,5.360655881630788,10.358634948730469
2.9508235454559326,5.3345692094548465,10.271563529968262
2.9641611576080322,5.34127522925181,10.367696762084961
2.92687726020813,5.292977890132794,10.261224746704102
2.911436080932617,5.333779697239931,10.324687957763672
2.9493727684020996,5.334501657036266,10.258888244628906
2.971423864364624,5.343393759402845,10.349166870117188
2.9542956352233887,5.422961435945971,10.271984100341797
2.9390203952789307,5.310867742668571,10.372854232788086
2.9352030754089355,5.264888419636658,10.432677268981934
2.97861909866333,5.354879398564143,10.3140869140625
2.9795095920562744,5.343830582985122,10.361475944519043
2.90271258354187,5.304212464252487,10.297103881835938
3.0361058712005615,5.414669251135949,10.31306266784668
2.976182699203491,5.302627941660051,10.350627899169922
2.9789369106292725,5.321232009546033,10.34911060333252
2.9945197105407715,5.443509916841451,10.263284683227539
2.962033748626709,5.347459464899397,10.305578231811523
2.964425563812256,5.3243315905399085,10.386326789855957
2.998823404312134,5.432893017240401,10.29305648803711
2.9639594554901123,5.35119753157986,10.322192192077637
2.9424867630004883,5.315247935109905,10.352682113647461
2.9449386596679688,5.257011957034202,10.268292427062988
2.959665060043335,5.369526328286156,10.306010246276855
2.907413959503174,5.233398788342518,10.37618637084961
2.902085065841675,5.3423556490202575,10.321767807006836
2.947704553604126,5.334787591693124,10.396936416625977
2.958775520324707,5.403630803572014,10.331483840942383
3.0010900497436523,5.383532829981829,10.320109367370605
3.0182387828826904,5.426473279916016,10.33171558380127
2.966061592102051,5.430529866034964,10.419778823852539
2.9515697956085205,5.353659249675859,10.346223831176758
2.9913787841796875,5.314068777919082,10.309782981872559
2.9046196937561035,5.271790295939095,10.254263877868652
2.9822998046875,5.3323718460742375,10.385549545288086
3.0224568843841553,5.34549546740683,10.197953224182129
3.020301580429077,5.401976458096344,10.314279556274414
2.9365522861480713,5.321643547321271,10.33469009399414
2.981905221939087,5.428893040300214,10.224067687988281
3.001225709915161,5.312665800929868,10.311816215515137
2.970914125442505,5.382198594876432,10.315378189086914
2.939724922180176,5.323984343092889,10.31371784210205
2.9884605407714844,5.439229242304074,10.349529266357422
2.908710479736328,5.375112299208663,10.39774227142334
2.9395861625671387,5.325554310643513,10.278385162353516
3.0084376335144043,5.423162041132206,10.339204788208008
2.997640371322632,5.405305183791954,10.31911849975586
2.948613405227661,5.384251208876127,10.27869987487793
2.9783966541290283,5.289052718618352,10.332229614257812
2.9094018936157227,5.319902003177308,10.28051471710205
2.9374566078186035,5.365209889897543,10.3584623336792
2.9828860759735107,5.30095054861158,10.302094459533691
2.9085533618927,5.282644913997501,10.413910865783691
2.9580471515655518,5.3580272195727705,10.271991729736328
2.8961873054504395,5.257748898783965,10.355841636657715
2.979278087615967,5.332402436927493,10.380143165588379
3.0044972896575928,5.39365406088265,10.312274932861328
2.9379196166992188,5.32546552450263,10.409307479858398
2.945472002029419,5.3553364371016094,10.36203670501709
2.9694793224334717,5.378071267689978,10.371610641479492
2.9251627922058105,5.321130411433322,10.334900856018066
2.9701995849609375,5.433562629057893,10.298097610473633
2.9499006271362305,5.391380581505863,10.278829574584961
2.9830820560455322,5.3045304175133685,10.342572212219238
2.9749743938446045,5.398269451289837,10.392073631286621
2.9443325996398926,5.378773113113961,10.321006774902344
2.8989973068237305,5.368626163939813,10.249214172363281
2.9355356693267822,5.36908073959473,10.279877662658691
3.015653133392334,5.456938035187444,10.285223007202148
2.9550247192382812,5.377782365739612,10.381026268005371
2.9715399742126465,5.35956129005977,10.380386352539062
2.943559408187866,5.324963414575905,10.3106689453125
2.965390920639038,5.310107189829329,10.341158866882324
2.9473400115966797,5.301472809431808,10.366755485534668
3.0264830589294434,5.382261387238811,10.250935554504395
2.9808809757232666,5.44338482684855,10.357244491577148
2.9797205924987793,5.393806840758771,10.377130508422852
2.970048427581787,5.344117301616019,10.351190567016602
2.9659626483917236,5.396727721506197,10.365702629089355
2.956951141357422,5.35482670213761,10.354171752929688
2.957878351211548,5.338935554559742,10.307549476623535
2.9337809085845947,5.302988070961355,10.332015037536621
2.9040775299072266,5.317185732303186,10.29121208190918
2.923888683319092,5.419483710080385,10.325027465820312
3.014782190322876,5.40941772912629,10.355635643005371
2.9564242362976074,5.284455072766702,10.281331062316895
2.9609756469726562,5.339499132874022,10.373233795166016
2.9614338874816895,5.410379222361371,10.428078651428223
2.9782509803771973,5.354354408636157,10.341556549072266
2.9758572578430176,5.374836887632098,10.29465103149414
3.0207173824310303,5.4288019743481915,10.368389129638672
2.9478726387023926,5.300793734611944,10.34753704071045
2.961134195327759,5.3335782462132295,10.308318138122559
2.8880984783172607,5.275651674584619,10.295223236083984
2.9825146198272705,5.395641896141959,10.314774513244629
2.940399646759033,5.34578733219366,10.262565612792969
2.92207932472229,5.316636121698789,10.36301040649414
2.9441778659820557,5.315992038697005,10.369148254394531
2.9157140254974365,5.288288214210686,10.295284271240234
2.904726028442383,5.334947547143591,10.316778182983398
2.9575912952423096,5.3793711291093915,10.272488594055176
2.96988844871521,5.34497036734995,10.35067081451416
2.96744704246521,5.319416577794723,10.282209396362305
2.9387784004211426,5.379170274428491,10.393779754638672
2.9462485313415527,5.35973728850617,10.360411643981934
2.9347026348114014,5.369377751102936,10.271402359008789
3.0026063919067383,5.394639030464791,10.3837890625
2.987161636352539,5.376535586480584,10.329626083374023
2.9911742210388184,5.41852541380961,10.40697956085205
2.9930148124694824,5.422476316469589,10.322132110595703
2.998871326446533,5.362137979428684,10.269818305969238
2.923537254333496,5.249724343951259,10.287345886230469
2.9824612140655518,5.419110373227991,10.338756561279297
2.9567372798919678,5.414830442152119,10.400666236877441
2.9886927604675293,5.405500021364007,10.253141403198242
3.0104777812957764,5.4110122689578155,10.310295104980469
2.954914093017578,5.390096532746351,10.340782165527344
2.8738038539886475,5.320109462797907,10.333159446716309
2.956712007522583,5.364796686451883,10.316370010375977
2.9863483905792236,5.369689717157079,10.347870826721191
2.9521758556365967,5.3910887291588425,10.283048629760742
2.940931558609009,5.344370853421943,10.321908950805664
2.93678617477417,5.328464991812195,10.325395584106445
2.9609498977661133,5.362931496264148,10.337701797485352
2.9163947105407715,5.368638216018943,10.384746551513672
2.9607577323913574,5.4332029004913895,10.287361145019531
2.987496852874756,5.34746625281072,10.381957054138184
2.9818432331085205,5.349063318089716,10.355024337768555
3.001063346862793,5.385967485407101,10.349245071411133
2.9813015460968018,5.378012873465195,10.394432067871094
2.950288772583008,5.348330755285652,10.355382919311523
2.9265329837799072,5.3722012395904,10.285380363464355
2.9490482807159424,5.381698947200285,10.304950714111328
2.9528732299804688,5.374369520461187,10.314607620239258
3.0002694129943848,5.457310265063175,10.340141296386719
2.9579527378082275,5.442145979264751,10.368059158325195
2.9255447387695312,5.313068464365123,10.26112174987793
2.938467025756836,5.367941919581166,10.329859733581543
2.9475271701812744,5.287842946526196,10.303018569946289
3.0049500465393066,5.414248112156721,10.390196800231934
2.958421230316162,5.368713648923274,10.314722061157227
2.971827268600464,5.392535169276276,10.318365097045898
2.9247970581054688,5.314946896330054,10.366455078125
2.9740633964538574,5.3427972313947985,10.26215648651123
2.935720682144165,5.319053522843336,10.287008285522461
2.9619266986846924,5.3563016382977375,10.223297119140625
2.9131147861480713,5.377137367380783,10.33804702758789
2.9600894451141357,5.417406266488666,10.384015083312988
2.999340534210205,5.33597378219877,10.315173149108887
2.9486570358276367,5.319141642589654,10.433595657348633
2.9948277473449707,5.368085140628474,10.270893096923828
3.0030601024627686,5.391138232712235,10.30061149597168
2.9492743015289307,5.387306105212441,10.356679916381836
2.9297678470611572,5.305177668242582,10.267326354980469
2.9566378593444824,5.442155137791165,10.341156005859375
2.921250820159912,5.364872695977933,10.364242553710938
2.910027503967285,5.294441242835352,10.291522979736328
2.979846954345703,5.332465934866508,10.294663429260254
2.9826745986938477,5.420181479637645,10.263463973999023
2.912235736846924,5.302481024359752,10.298301696777344
2.953855276107788,5.377721405455044,10.349613189697266
2.964810609817505,5.336284932713689,10.344064712524414
2.977250814437866,5.444050624700529,10.312296867370605
2.9365997314453125,5.331905999320693,10.37318229675293
2.978407621383667,5.405962393253243,10.339712142944336
2.944155693054199,5.310755534164075,10.287078857421875
2.8997223377227783,5.325122840236872,10.337915420532227
2.9374310970306396,5.373966897405418,10.33750057220459
2.943842887878418,5.404397011302145,10.268516540527344
2.9347262382507324,5.301877769641578,10.379642486572266
2.9505252838134766,5.365661424318595,10.346698760986328
2.9166035652160645,5.2917353995809595,10.315414428710938
2.9460339546203613,5.383473561344934,10.359962463378906
2.970473289489746,5.332051197665611,10.29863166809082
2.9387168884277344,5.395228401092546,10.328056335449219
2.916835069656372,5.328869831216123,10.375580787658691
2.9422574043273926,5.367791609905129,10.357029914855957
2.899582862854004,5.295928864340697,10.355600357055664
2.951112747192383,5.35239898549792,10.358099937438965
2.9685797691345215,5.395002252588581,10.370767593383789
2.9458422660827637,5.4608496756492455,10.233048439025879
2.910346031188965,5.3030865058036785,10.318153381347656
2.969123363494873,5.374967506953649,10.304534912109375
2.9652347564697266,5.404927138139361,10.37509536743164
2.964155673980713,5.417679903496588,10.259662628173828
2.978626012802124,5.392556925104665,10.35781478881836
2.9551658630371094,5.381676459751491,10.335490226745605
2.9525632858276367,5.382546937359231,10.346329689025879
2.9869377613067627,5.400590796788622,10.350809097290039
2.990752696990967,5.416400496947713,10.338653564453125
2.953389883041382,5.38729857423875,10.332597732543945
2.9118285179138184,5.33167850578736,10.34581470489502
2.937429428100586,5.442679020043995,10.283156394958496
2.9377849102020264,5.439059926762379,10.313211441040039
2.9407129287719727,5.354326821896913,10.299808502197266
2.963332414627075,5.398954710723566,10.334172248840332
2.9833590984344482,5.416178584730785,10.34886646270752
2.9588265419006348,5.351402141619474,10.351099967956543
2.9634859561920166,5.359419499357631,10.411659240722656
2.961467742919922,5.329220277024433,10.378091812133789
2.9612669944763184,5.394177598479604,10.292283058166504
2.902547836303711,5.345281266008636,10.39979076385498
2.9506590366363525,5.33114078361541,10.250179290771484
3.009143114089966,5.400003976853831,10.399996757507324
2.9640896320343018,5.3765125158575495,10.323126792907715
2.8721654415130615,5.308318003147309,10.2316312789917
2.968449354171753,5.377315682791439,10.286286354064941
2.9106335639953613,5.323965005676395,10.28441047668457
2.9496712684631348,5.388402031468494,10.348665237426758
2.93149733543396,5.418840355905039,10.293450355529785
2.8631389141082764,5.343367469430502,10.420547485351562
2.9530022144317627,5.333433134913711,10.362342834472656
2.920449733734131,5.349897654926671,10.272058486938477
2.9791600704193115,5.412344601604023,10.339871406555176
2.945828676223755,5.379639075303983,10.325854301452637
2.952388048171997,5.380700224112453,10.338987350463867
2.9718575477600098,5.3641476847364435,10.366573333740234
2.918578624725342,5.396643741754815,10.37094497680664
2.9472415447235107,5.349356288855363,10.337393760681152
2.9370877742767334,5.388654209872974,10.35578727722168
2.9022014141082764,5.304704715963452,10.360014915466309
2.926199197769165,5.346746688409309,10.366961479187012
2.956289291381836,5.367072587134317,10.38229751586914
2.8415238857269287,5.294797943838472,10.284714698791504
2.947544813156128,5.41548729095874,10.23653507232666
2.944258213043213,5.354224822683526,10.347823143005371
2.93509578704834,5.371205348987132,10.259771347045898
2.9235310554504395,5.388493646302128,10.299193382263184
2.929572105407715,5.334161389353019,10.357316017150879
2.9331514835357666,5.363308939351035,10.338159561157227
2.9352779388427734,5.3189994467954556,10.289632797241211
2.9076504707336426,5.372090529783495,10.337334632873535
2.9793617725372314,5.443146282474378,10.316927909851074
2.9448299407958984,5.467420332200292,10.251129150390625
2.956085443496704,5.330786322609389,10.31371021270752
2.9003188610076904,5.319479551066512,10.346364974975586
2.969081401824951,5.409661590188209,10.32330322265625
2.9939074516296387,5.354911519746696,10.39807415008545
2.9342002868652344,5.384512046618122,10.368016242980957
2.9179089069366455,5.302614289402429,10.268085479736328
2.9459924697875977,5.325898707678009,10.370769500732422
2.925398349761963,5.297010336237561,10.239152908325195
2.946333408355713,5.401371271881674,10.421340942382812
2.97171688079834,5.42391166719608,10.29550552368164
2.940092086791992,5.372772652123656,10.27970027923584
2.9809114933013916,5.441684992019353,10.322610855102539
2.9923181533813477,5.459345222484054,10.370938301086426
2.9234344959259033,5.329632851794096,10.420513153076172
2.939438819885254,5.387136317190848,10.339856147766113
2.9277448654174805,5.325854973202305,10.298945426940918
2.932467222213745,5.357127071990232,10.364561080932617
2.932999610900879,5.400871348134907,10.322994232177734
2.9617152214050293,5.455375358961257,10.32735824584961
2.886127471923828,5.341230452792453,10.428970336914062
2.902357339859009,5.399144151680438,10.29734992980957
2.9201853275299072,5.307468593386667,10.339284896850586
2.9408504962921143,5.424808414154021,10.372093200683594
2.952256441116333,5.405267302711894,10.267873764038086
2.9898765087127686,5.442800032972758,10.36818790435791
2.9415836334228516,5.415521429751866,10.283121109008789
2.9069089889526367,5.389952220089202,10.30897045135498
2.9545397758483887,5.417802681647507,10.366292953491211
2.992056369781494,5.437549228014956,10.34151840209961
2.9454710483551025,5.371783127708893,10.258094787597656
2.93571400642395,5.403213342718248,10.326464653015137
2.8972983360290527,5.363596937652411,10.295514106750488
2.9551780223846436,5.3792069576946755,10.347493171691895
3.003770112991333,5.404684189707041,10.378536224365234
2.889796257019043,5.314013771413426,10.33896255493164
2.9592974185943604,5.455207231853689,10.36483383178711
2.9542698860168457,5.387253148248418,10.357007026672363
2.925281047821045,5.422142551214035,10.292658805847168
2.917236566543579,5.352385245463146,10.352102279663086
2.9416892528533936,5.4242633888165335,10.312459945678711
2.942624092102051,5.37455663786802,10.322190284729004
2.9056026935577393,5.356561782470505,10.395395278930664
2.92036771774292,5.395204124805916,10.39156436920166
2.958988666534424,5.432464628447113,10.297724723815918
2.9858806133270264,5.453667818701693,10.346108436584473
2.9835219383239746,5.402652791036028,10.35534381866455
2.906683921813965,5.365419276258242,10.292348861694336
3.001966953277588,5.363646730813864,10.364603042602539
2.991018772125244,5.4059346418694725,10.306689262390137
2.9415998458862305,5.403056488339124,10.328903198242188
2.9206485748291016,5.411799774704767,10.305356979370117
2.9133777618408203,5.375661380555747,10.304140090942383
2.9526655673980713,5.432578899265667,10.421092987060547
2.9592394828796387,5.411130881036764,10.371635437011719
2.957831621170044,5.430713468197999,10.305891036987305
2.950834035873413,5.37760311484869,10.275713920593262
2.888993263244629,5.285874146169849,10.31324577331543
2.9213757514953613,5.342599209963477,10.269840240478516
2.9683706760406494,5.421291239859003,10.356674194335938
2.9057247638702393,5.324555685344551,10.349091529846191
2.928915023803711,5.430382143140637,10.322784423828125
2.955073833465576,5.5095500701572755,10.35224723815918
2.944974422454834,5.429174502413454,10.253487586975098
2.964054584503174,5.455735949566588,10.371118545532227
2.9202258586883545,5.453211921832657,10.306086540222168
2.9318714141845703,5.3399102959249705,10.347050666809082
2.934340000152588,5.333546075903412,10.379508972167969
2.9512171745300293,5.338577161875686,10.254270553588867
2.909839630126953,5.364506494852581,10.260642051696777
2.9750843048095703,5.421359113450827,10.343149185180664
2.973823308944702,5.414638329929273,10.321435928344727
2.917848825454712,5.370055611710995,10.324308395385742
2.9170291423797607,5.387125096084285,10.266450881958008
2.9045376777648926,5.348327403189614,10.3375883102417
2.955077886581421,5.376501657501129,10.373619079589844
2.908681869506836,5.403796984248661,10.34639835357666
2.9159178733825684,5.340997351000883,10.360628128051758
2.9172770977020264,5.369763340368601,10.327066421508789
2.9646759033203125,5.409736686386168,10.269805908203125
2.9856536388397217,5.367726803058759,10.334442138671875
2.941694498062134,5.4119291617535055,10.38177490234375
2.9552149772644043,5.408704128515508,10.314516067504883
2.9842493534088135,5.403296718240848,10.258068084716797
2.9407248497009277,5.362344732308495,10.330981254577637
2.8929660320281982,5.348326287498431,10.369023323059082
3.008418321609497,5.449072459147179,10.391633987426758
2.918137311935425,5.3966663096964895,10.298084259033203
2.9501335620880127,5.382210247052301,10.236714363098145
2.988795280456543,5.436814453519349,10.297513008117676
2.951281785964966,5.447827774299574,10.278807640075684
2.9729256629943848,5.411778795632667,10.427281379699707
2.9467554092407227,5.355520996531205,10.358316421508789
2.9365274906158447,5.386741676866743,10.347278594970703
2.892530679702759,5.345092203667654,10.327184677124023
2.93862247467041,5.433656109496951,10.330399513244629
2.932668685913086,5.453208834065923,10.28986644744873
2.9303176403045654,5.454526569527973,10.329648971557617
2.9394924640655518,5.360712573165075,10.335622787475586
2.9469916820526123,5.394735393613311,10.333128929138184
2.9604909420013428,5.407382880137968,10.304621696472168
2.9252257347106934,5.449119471578992,10.32033634185791
2.89622163772583,5.317615092133305,10.312159538269043
2.9148693084716797,5.3352156506319135,10.292046546936035
2.9478020668029785,5.3516150330459435,10.334083557128906
2.953590154647827,5.447482422759224,10.32321834564209
2.9691333770751953,5.390044217629891,10.280890464782715
2.8995201587677,5.393104656167063,10.334746360778809
2.9259226322174072,5.429934643475073,10.350207328796387
2.975762128829956,5.4150251204680115,10.274591445922852
2.9084787368774414,5.327840004748266,10.339386940002441
2.9408047199249268,5.415979444049299,10.282925605773926
2.919328451156616,5.3792770667600305,10.334440231323242
2.9880189895629883,5.406541667479488,10.287264823913574
2.917912721633911,5.384367669300575,10.219634056091309
2.898068904876709,5.399797981904288,10.286470413208008
2.8812386989593506,5.347482159600726,10.345301628112793
2.9034132957458496,5.376101297559217,10.386634826660156
2.938114881515503,5.39564403312813,10.2146635055542
2.9134328365325928,5.355096504591138,10.317002296447754
2.898005247116089,5.338162423111498,10.22136116027832
2.971195697784424,5.437993143385809,10.3018798828125
2.924741744995117,5.4028923200509915,10.265143394470215
2.932631492614746,5.371615686786494,10.297290802001953
2.934476137161255,5.356873321213893,10.341720581054688
2.9860754013061523,5.510217085713521,10.263877868652344
2.925215244293213,5.3567289317558915,10.291980743408203
2.963104724884033,5.359850869680355,10.283889770507812
2.8829216957092285,5.367902654589021,10.196353912353516
2.8926663398742676,5.379709456980761,10.327880859375
2.928135871887207,5.398927676857316,10.333258628845215
2.9073424339294434,5.315616506517731,10.303834915161133
2.942324161529541,5.405592537917463,10.315751075744629
2.9322586059570312,5.403187156322279,10.275622367858887
2.9228265285491943,5.387669908880656,10.247050285339355
2.954045534133911,5.4211741669569165,10.356048583984375
2.9231114387512207,5.389737417422501,10.28657341003418
2.950531244277954,5.482844766794837,10.381814002990723
2.8845388889312744,5.240939848956519,10.324925422668457
2.9813618659973145,5.455390906925977,10.346260070800781
2.928492784500122,5.384898162180824,10.388057708740234
2.944455862045288,5.479719346355913,10.368642807006836
2.9348104000091553,5.39648690071356,10.301802635192871
2.8797316551208496,5.338317935221962,10.323264122009277
2.938589096069336,5.325039832121028,10.248464584350586
2.9771926403045654,5.462427120356422,10.313379287719727
2.9617323875427246,5.391158203561125,10.415332794189453
2.904637098312378,5.372709477852498,10.35810375213623
2.9512085914611816,5.4047495215865125,10.301652908325195
2.9190611839294434,5.3148684630702645,10.291362762451172
2.9398510456085205,5.423601670523307,10.213733673095703
2.90940523147583,5.409467838072618,10.279756546020508
2.9403624534606934,5.3939677137948046,10.320306777954102
2.958432197570801,5.4522658968676945,10.357437133789062
2.944126605987549,5.3898059836854895,10.319680213928223
2.9355878829956055,5.380211335706658,10.288125991821289
2.931302785873413,5.406716169656387,10.2581787109375
2.915940523147583,5.39186120967913,10.345367431640625
2.9218857288360596,5.449913115107587,10.281076431274414
2.9390885829925537,5.427378954731726,10.370712280273438
2.924844980239868,5.4146200710508445,10.268391609191895
2.9025559425354004,5.359280299461846,10.31899642944336
2.9282784461975098,5.4261741164539545,10.344987869262695
2.92352294921875,5.353688345190936,10.32912826538086
2.9261908531188965,5.416601900610008,10.28965950012207
2.916761875152588,5.382931549567728,10.271636009216309
2.980781316757202,5.389894403816601,10.287614822387695
2.9311583042144775,5.508300902887381,10.423076629638672
2.970163583755493,5.483379307202996,10.304290771484375
2.933499336242676,5.392288986593484,10.321757316589355
2.923501491546631,5.411731427934553,10.292778015136719
2.9058678150177,5.331786510800677,10.301219940185547
2.969646453857422,5.453107396972232,10.327091217041016
2.9136857986450195,5.408501787543562,10.336064338684082
2.913574695587158,5.434268826485744,10.34859848022461
2.915083885192871,5.344022380221369,10.302577018737793
2.9383232593536377,5.453526950507824,10.324827194213867
2.9727237224578857,5.403855088432985,10.280319213867188
2.901310443878174,5.370855885524569,10.245746612548828
2.969975471496582,5.399075881544767,10.326175689697266
2.9135048389434814,5.297089430703116,10.397141456604004
2.9100918769836426,5.355649912264198,10.303295135498047
2.9056317806243896,5.379397214722952,10.348926544189453
2.927922010421753,5.3965932340028555,10.260573387145996
2.8948049545288086,5.330088478812416,10.389260292053223
2.9114367961883545,5.4171963784777155,10.333620071411133
2.9131529331207275,5.427771804588182,10.32642650604248
2.887742042541504,5.387911586955722,10.278616905212402
2.8860361576080322,5.404728074657863,10.364265441894531
2.873936176300049,5.3366559572917005,10.392895698547363
2.9612903594970703,5.436672462216978,10.334257125854492
2.8817355632781982,5.376137539578069,10.414594650268555
2.879234790802002,5.336707222341959,10.403385162353516
2.958791494369507,5.46990880127331,10.288275718688965
2.9526455402374268,5.375772693759895,10.352472305297852
2.9708008766174316,5.502109491100002,10.27547836303711
2.910917282104492,5.305656952051712,10.376033782958984
2.8843650817871094,5.345597646598304,10.332307815551758
2.8787283897399902,5.383534733538649,10.314075469970703
2.8968846797943115,5.372024297913803,10.33773422241211
2.9876129627227783,5.400903952241476,10.229549407958984
2.897829532623291,5.431916482580293,10.421350479125977
2.878040313720703,5.343707135346318,10.374259948730469
2.969114303588867,5.40659534102971,10.362536430358887
2.911433458328247,5.342984715443371,10.408685684204102
2.9162943363189697,5.338761087640055,10.322502136230469
2.87656569480896,5.346170330553183,10.310628890991211
2.9261887073516846,5.379383787845395,10.337974548339844
2.937880516052246,5.4218387368600816,10.349861145019531
2.928668260574341,5.425927895254323,10.363759994506836
2.9073333740234375,5.394193460898739,10.363008499145508
2.9007058143615723,5.397953221640949,10.296001434326172
2.9584648609161377,5.402165775054267,10.362549781799316
2.9313793182373047,5.444183150672221,10.35225772857666
2.917874336242676,5.399455656131197,10.287551879882812
2.882638692855835,5.380190946693932,10.27078628540039
2.9194066524505615,5.3819272319586675,10.321063995361328
2.8621485233306885,5.287764361294518,10.339975357055664
2.9304559230804443,5.380295097661604,10.34153938293457
2.9524126052856445,5.441305234961744,10.352716445922852
2.8880245685577393,5.425474774325266,10.318217277526855
2.9481377601623535,5.436740290606394,10.305499076843262
2.9291608333587646,5.355758267554587,10.352581024169922
2.9186439514160156,5.292446553673861,10.32259464263916
2.957784414291382,5.4081479807251265,10.243578910827637
2.9561617374420166,5.420827348816341,10.244146347045898
2.951799154281616,5.475737297807687,10.243583679199219
2.9167234897613525,5.400731143109234,10.307426452636719
2.933601140975952,5.498580125759223,10.306841850280762
2.8851826190948486,5.358588389187519,10.383675575256348
2.954216241836548,5.386635239967811,10.286896705627441
2.8647215366363525,5.388100249892367,10.358109474182129
2.918957471847534,5.369892237009481,10.315475463867188
2.882004737854004,5.399830758571625,10.271843910217285
2.8780715465545654,5.388616988069511,10.367598533630371
2.9170000553131104,5.455566436551245,10.36799430847168
2.9388043880462646,5.397214300930499,10.369599342346191
2.9302337169647217,5.415636664056885,10.309419631958008
2.9019925594329834,5.388406500386607,10.319599151611328
2.8964719772338867,5.4304324896407445,10.381654739379883
2.933103561401367,5.4805366756461025,10.329623222351074
2.903935194015503,5.378834619785526,10.24574089050293
2.92012357711792,5.446694748077009,10.370294570922852
2.937812566757202,5.357782559901742,10.287065505981445
2.9524991512298584,5.42933697961936,10.288552284240723
2.9269580841064453,5.46028311480768,10.270419120788574
2.934089183807373,5.392468050854014,10.327820777893066
2.9524335861206055,5.395042952249891,10.246435165405273
2.9265801906585693,5.4074181485921144,10.319290161132812
2.896010398864746,5.341581914274554,10.195143699645996
2.9319212436676025,5.481920067819633,10.331321716308594
2.9088664054870605,5.376731489951323,10.3460054397583
2.937235116958618,5.438008219901738,10.370450019836426
2.876845598220825,5.320082096416237,10.231833457946777
2.9004292488098145,5.419105910563043,10.331178665161133
2.8880772590637207,5.353463806544563,10.339714050292969
2.895296335220337,5.366218856369544,10.351849555969238
2.9143643379211426,5.452398903169004,10.305514335632324
2.8963489532470703,5.345158322581223,10.305747985839844
2.9179136753082275,5.457028456863814,10.344805717468262
2.9210305213928223,5.415177822944575,10.26656723022461
2.864074945449829,5.35321451098259,10.285951614379883
2.9263980388641357,5.480882383384078,10.312677383422852
2.8907127380371094,5.38247013943536,10.289151191711426
2.908010482788086,5.4179860935213835,10.360028266906738
2.9048187732696533,5.383144699569259,10.334257125854492
2.9237189292907715,5.355581147263625,10.294161796569824
2.860408306121826,5.357917676513482,10.398164749145508
2.9170312881469727,5.413267592666671,10.393281936645508
2.9134387969970703,5.403272116323933,10.318339347839355
2.9653961658477783,5.422351833832051,10.260480880737305
2.8819894790649414,5.355858466887314,10.299581527709961
2.8738925457000732,5.351046543601634,10.281379699707031
2.942441463470459,5.427626712746652,10.325559616088867
2.900143623352051,5.392454110518364,10.33143424987793
2.9416685104370117,5.444198978532638,10.270544052124023
2.9712917804718018,5.459287112113088,10.30454158782959
2.9140238761901855,5.433008887106553,10.267434120178223
2.9101526737213135,5.4729940240005295,10.277373313903809
2.929319143295288,5.4092581087191185,10.333897590637207
2.929558515548706,5.464040024438873,10.273170471191406
2.905841112136841,5.362477648570868,10.375329971313477
2.913008451461792,5.464257340878249,10.290266990661621
2.86476731300354,5.315917754046885,10.40785026550293
2.933842420578003,5.474262281454036,10.258070945739746
2.8991403579711914,5.425223530602774,10.29178237915039
2.904205083847046,5.358800994431866,10.280488967895508
2.905799627304077,5.39946178320263,10.311749458312988
2.9662489891052246,5.466139302356168,10.284530639648438
2.9073896408081055,5.4632279933430254,10.325013160705566
2.916048765182495,5.453713915643415,10.274242401123047
2.862406015396118,5.371226633399991,10.389365196228027
2.970322608947754,5.4792277973278285,10.315329551696777
2.9354703426361084,5.388009484092305,10.266396522521973
2.904897928237915,5.395610810457063,10.278475761413574
2.911576509475708,5.38080831224631,10.334198951721191
2.91085147857666,5.349367665426273,10.335358619689941
2.863858938217163,5.392922362179628,10.312712669372559
2.919174909591675,5.42275342810899,10.268776893615723
2.937399387359619,5.411158413626254,10.291037559509277
2.8771164417266846,5.428813362361065,10.31672477722168
2.923968553543091,5.391945350050394,10.383338928222656
2.8794803619384766,5.390705234005249,10.2627592086792
2.9447526931762695,5.451844394439831,10.363088607788086
2.9055473804473877,5.445069939563316,10.260479927062988
2.889414072036743,5.380971390354846,10.312518119812012
2.897597312927246,5.442684986462284,10.345726013183594
2.9105613231658936,5.4041553218183775,10.336718559265137
2.902644157409668,5.378654299869335,10.3220796585083
2.9136667251586914,5.371644720967327,10.341255187988281
2.9285788536071777,5.440014617051929,10.430240631103516
2.9253668785095215,5.518117980965014,10.336688995361328
2.9466042518615723,5.464579746426482,10.35150146484375
2.86883282661438,5.403896716257025,10.348339080810547
2.9042866230010986,5.427752281106743,10.283231735229492
2.937699794769287,5.494436997654182,10.269373893737793
2.9287474155426025,5.416476854755144,10.271146774291992
2.961695432662964,5.46607713827065,10.280830383300781
2.9130678176879883,5.403876733666818,10.372084617614746
2.8947701454162598,5.3418597879686525,10.304316520690918
2.908944845199585,5.434961177674787,10.325274467468262
2.9167888164520264,5.343600472468616,10.358179092407227
2.9428064823150635,5.4589205883509875,10.235126495361328
2.8692331314086914,5.381784193749938,10.23712158203125
2.9351933002471924,5.441860452693487,10.257885932922363
2.938997507095337,5.425034320913254,10.340271949768066
2.964022636413574,5.430237472822358,10.249364852905273
2.9926586151123047,5.474799113115296,10.362773895263672
2.928992986679077,5.432656492971416,10.320076942443848
2.9883036613464355,5.515404119222824,10.32465648651123
2.890709400177002,5.434350294593189,10.2493896484375
2.9113659858703613,5.443690143592123,10.333409309387207
2.946176528930664,5.435590332373978,10.363574028015137
2.929257392883301,5.4765742915083795,10.338793754577637
2.9020018577575684,5.39920863462612,10.349833488464355
2.9263417720794678,5.484165518311784,10.267004013061523
2.9266586303710938,5.432593650450664,10.340335845947266
2.8984291553497314,5.341566217564313,10.402946472167969
2.8972983360290527,5.477845605529313,10.393210411071777
2.9368736743927,5.397718607913703,10.34443473815918
2.90694522857666,5.393719871295616,10.230443000793457
2.9035115242004395,5.422258275128636,10.304670333862305
2.8460824489593506,5.348979936047857,10.267027854919434
2.903127670288086,5.438484591265609,10.360414505004883
2.917072057723999,5.4774338080813845,10.346454620361328
2.873481273651123,5.393073488459257,10.331933975219727
2.9573287963867188,5.494268995144272,10.299402236938477
2.898041248321533,5.489769393511649,10.2651948928833
2.9288761615753174,5.494723292533308,10.316554069519043
2.931966543197632,5.47088347159193,10.33696174621582
2.9068241119384766,5.386811155593023,10.346841812133789
2.9183883666992188,5.412654627946072,10.402225494384766
2.8997786045074463,5.470347962475249,10.37804126739502
2.8912267684936523,5.490574717022745,10.251192092895508
2.8757002353668213,5.4443978383538445,10.263647079467773
2.9151692390441895,5.469136353249529,10.226987838745117
2.843848943710327,5.374838236619585,10.28330135345459
2.8751003742218018,5.410016797017307,10.320455551147461
2.9204156398773193,5.48927165920447,10.308988571166992
2.9114763736724854,5.381513506140826,10.25101089477539
2.915195941925049,5.433404351917229,10.274014472961426
2.8917837142944336,5.39329345590834,10.266800880432129
2.905510187149048,5.408941598509305,10.25722885131836
2.8605141639709473,5.433636867208406,10.377920150756836
2.9233622550964355,5.447293981144736,10.328920364379883
2.8928823471069336,5.458315712865443,10.227617263793945
2.8964054584503174,5.331715273072144,10.298744201660156
2.934821844100952,5.421559660762016,10.321357727050781
2.9009127616882324,5.363285428012855,10.236710548400879
2.9164395332336426,5.493318266933784,10.338139533996582
2.9440579414367676,5.4821145367542545,10.288450241088867
2.918513536453247,5.428943496995738,10.355630874633789
2.8469700813293457,5.413066675254543,10.264639854431152
2.9200682640075684,5.44147487932683,10.364060401916504
2.8966972827911377,5.432086915675817,10.368403434753418
2.920264482498169,5.382368050216298,10.369379043579102
2.9312710762023926,5.487034186354972,10.321228981018066
2.8403432369232178,5.331919279049284,10.360932350158691
2.8735671043395996,5.406526222991358,10.32217788696289
2.9070334434509277,5.4426441608395955,10.2738676071167
2.8934876918792725,5.419389855549006,10.281560897827148
2.857388734817505,5.424599180763055,10.352167129516602
2.8793492317199707,5.40473763551563,10.231093406677246
2.9510743618011475,5.495148506547724,10.283129692077637
2.9152891635894775,5.400019174574741,10.329390525817871
2.8715596199035645,5.425145805148142,10.322855949401855
2.9230217933654785,5.471871405074904,10.348767280578613
2.924574851989746,5.397883608005942,10.365653991699219
2.925550699234009,5.472176731796935,10.301433563232422
2.8899972438812256,5.4301326591854115,10.312469482421875
2.910473585128784,5.451595265085675,10.31353759765625
2.9441800117492676,5.461330213750313,10.310980796813965
2.9115660190582275,5.405284325791789,10.303963661193848
2.8811845779418945,5.366689434707431,10.305739402770996
2.9103994369506836,5.4458049590632855,10.337069511413574
2.898195266723633,5.415380189328321,10.250971794128418
2.908297300338745,5.409963697893544,10.338869094848633
2.9088447093963623,5.447845372604206,10.330269813537598
2.900484561920166,5.450105022572513,10.277881622314453
2.9137539863586426,5.414739806238296,10.379539489746094
2.9255948066711426,5.492315857804248,10.346205711364746
2.889400005340576,5.398260006647823,10.289324760437012
2.937988042831421,5.4585443020332605,10.301311492919922
2.9264886379241943,5.396694066601673,10.235519409179688
2.908590793609619,5.475535153943514,10.269646644592285
2.9126875400543213,5.492623372369312,10.327289581298828
2.877655029296875,5.374416260015486,10.303303718566895
2.8577558994293213,5.462440984589713,10.290197372436523
2.8640522956848145,5.384174291576658,10.258283615112305
2.8475162982940674,5.3673686712780695,10.349614143371582
2.929384469985962,5.468882480203839,10.257304191589355
2.90466570854187,5.518942277978307,10.252096176147461
2.8523995876312256,5.3857583885546765,10.245926856994629
2.925915241241455,5.492175393571545,10.264933586120605
2.898313522338867,5.468952552249124,10.312127113342285
2.9504170417785645,5.509939746764888,10.247651100158691
2.950939893722534,5.523001392904137,10.29043960571289
2.901824474334717,5.474379902140104,10.367916107177734
2.8998570442199707,5.391425346689565,10.341228485107422
2.856024980545044,5.418641686439514,10.341782569885254
2.889846086502075,5.47078354210992,10.25868034362793
2.9089157581329346,5.430851272872783,10.2383451461792
2.8554208278656006,5.402431012330843,10.331006050109863
2.8744094371795654,5.395061478284853,10.312735557556152
2.874067783355713,5.394787666653949,10.29185676574707
2.8672423362731934,5.382191024986762,10.268597602844238
2.932925224304199,5.480873338379231,10.32290267944336
2.9065463542938232,5.473462800528588,10.318926811218262
2.921985149383545,5.47616061737894,10.266956329345703
2.9184765815734863,5.49415757357409,10.292011260986328
2.917494058609009,5.482121946057305,10.28990364074707
2.905341386795044,5.487671526614577,10.237320899963379
2.9124395847320557,5.459887519079659,10.392127990722656
2.8997817039489746,5.478057620780809,10.32107162475586
2.9531381130218506,5.554716983078314,10.234027862548828
2.9138259887695312,5.470824386126229,10.257453918457031
2.9343035221099854,5.479717352427542,10.28242301940918
2.876861333847046,5.3887007963244935,10.288003921508789
2.912998914718628,5.398030409855503,10.332571029663086
2.913799285888672,5.4221564367679616,10.271812438964844
2.9329841136932373,5.47595509916677,10.222990036010742
2.9021718502044678,5.462204063810142,10.290398597717285
2.9339258670806885,5.529082681318479,10.240320205688477
2.9155592918395996,5.449461700694103,10.213071823120117
2.890235424041748,5.364526117519874,10.295951843261719
2.8710639476776123,5.410837611782232,10.308233261108398
2.8803815841674805,5.428212025136288,10.274045944213867
2.9048497676849365,5.39339493913576,10.247382164001465
2.888209819793701,5.482568591766592,10.335588455200195
2.922149896621704,5.510791243785726,10.310977935791016
2.893256664276123,5.473590740667922,10.288666725158691
2.9130287170410156,5.456308111581685,10.293495178222656
2.8774733543395996,5.427600804716349,10.275276184082031
2.8822596073150635,5.4239189756502,10.331748008728027
2.927952527999878,5.506383095701624,10.188279151916504
2.9190104007720947,5.436504467590047,10.294766426086426
2.9000842571258545,5.436541518595602,10.251108169555664
2.9458165168762207,5.426706513123853,10.311357498168945
2.9044713973999023,5.5194215521083345,10.250434875488281
2.9147984981536865,5.482237677954669,10.250758171081543
2.922633647918701,5.486019793365682,10.271629333496094
2.872415065765381,5.423466090512063,10.24827766418457
2.89953875541687,5.411967054009438,10.303656578063965
2.9260172843933105,5.4282931854748835,10.32097053527832
2.938903331756592,5.51435841370507,10.26017951965332
2.8892934322357178,5.439752529242209,10.37592887878418
2.92439866065979,5.503415629932923,10.224176406860352
2.894554853439331,5.3978989223750045,10.279617309570312
2.8957176208496094,5.429628718511334,10.287452697753906
2.815943479537964,5.309792926468487,10.3419771194458
2.901005744934082,5.542505883511954,10.321625709533691
2.896146059036255,5.447904860567568,10.317375183105469
2.910773277282715,5.461902534223294,10.361151695251465
2.9041690826416016,5.475593580232402,10.260334014892578
2.9170241355895996,5.452789439686708,10.322915077209473
2.9234113693237305,5.543816812502752,10.266902923583984
2.9272916316986084,5.475621396808752,10.309877395629883
2.8840279579162598,5.462957049487159,10.279194831848145
2.935272216796875,5.551270449068397,10.266277313232422
2.926809549331665,5.486962351382577,10.349756240844727
2.8640050888061523,5.392485164671338,10.281720161437988
2.925530433654785,5.509280220938048,10.259613037109375
2.8934166431427,5.463911065199811,10.247383117675781
2.919126510620117,5.455910477288334,10.29852294921875
2.9326565265655518,5.5245136869406055,10.266741752624512
2.9405643939971924,5.444114836963958,10.327569961547852
2.894134759902954,5.415330483345315,10.306072235107422
2.9041199684143066,5.418240761184799,10.263050079345703
2.940143585205078,5.5175139452996005,10.215314865112305
2.8521416187286377,5.43755829181256,10.306215286254883
2.9307398796081543,5.5141113941624225,10.284725189208984
2.915374755859375,5.455810860165262,10.201600074768066
