ABloss,Bobloss,Eveloss
9.167017936706543,8.243740507534572,10.231907844543457
9.130461692810059,8.129593080242298,10.236101150512695
9.173584938049316,8.231404020151656,10.184134483337402
9.193517684936523,8.290316990244069,10.252809524536133
9.153964042663574,8.164522624607862,10.329326629638672
9.10149097442627,8.209961423084938,10.20363998413086
9.100051879882812,8.178420734059598,10.276663780212402
9.07959270477295,8.165197603005383,10.279287338256836
9.058003425598145,8.107641445938498,10.3352689743042
9.084443092346191,8.116647316309225,10.252999305725098
9.087021827697754,8.110560508611211,10.23790168762207
9.109889030456543,8.15246847351747,10.283767700195312
9.06091594696045,8.202618083850082,10.271129608154297
9.088943481445312,8.111104621219315,10.342269897460938
9.02856159210205,8.13406130338886,10.210103034973145
9.140028953552246,8.125737887607622,10.415141105651855
9.09861946105957,8.174930426425167,10.253056526184082
9.015373229980469,8.085192459535651,10.30363941192627
9.041427612304688,8.121331124499973,10.325243949890137
9.01566219329834,8.120631657041875,10.310344696044922
9.04653549194336,8.160780623621706,10.359335899353027
9.08348274230957,8.167085449144777,10.440315246582031
8.968777656555176,7.999996480265898,10.302586555480957
9.000432968139648,8.01094257382543,10.379432678222656
9.094353675842285,8.111737372187365,10.316732406616211
9.098797798156738,8.184000630197781,10.346309661865234
9.0921630859375,8.113404255726241,10.364082336425781
9.090909957885742,8.178367565020121,10.261720657348633
9.053646087646484,8.140776536859839,10.368919372558594
9.058794975280762,8.138504226825066,10.371467590332031
8.989914894104004,8.140138702433822,10.36329460144043
9.019969940185547,8.051140277280606,10.376184463500977
9.027437210083008,8.096308359809752,10.388299942016602
9.132732391357422,8.192274414701387,10.348464012145996
9.02951431274414,8.10317242684375,10.402859687805176
9.021368026733398,8.138891826782908,10.404370307922363
9.116610527038574,8.197795485312652,10.372076034545898
8.970656394958496,8.061320568202063,10.41621208190918
9.080840110778809,8.185826985198737,10.437777519226074
9.04902172088623,8.130609197774902,10.413209915161133
9.090959548950195,8.17305131486085,10.437673568725586
8.999563217163086,8.068556984221297,10.343698501586914
8.963627815246582,8.045244061620906,10.327722549438477
9.022354125976562,8.068449522634701,10.346694946289062
9.009143829345703,8.03722218337602,10.390419006347656
8.961227416992188,8.068164515641651,10.462743759155273
9.016849517822266,8.078842540437888,10.365072250366211
9.02137279510498,8.136849928048571,10.40219783782959
9.020347595214844,8.115813255310059,10.397022247314453
9.029114723205566,8.107191279497263,10.371092796325684
9.022172927856445,8.130553054357213,10.379520416259766
9.001531600952148,8.09136099810712,10.393264770507812
8.993819236755371,8.119152252828435,10.432622909545898
9.057974815368652,8.167329392329389,10.474050521850586
9.000319480895996,8.099768237111025,10.518522262573242
9.053248405456543,8.158742861689202,10.480058670043945
9.020644187927246,8.120173014833458,10.377613067626953
9.002301216125488,8.08253860167627,10.452810287475586
9.020818710327148,8.117186199175194,10.461435317993164
9.049830436706543,8.173107728960792,10.53017520904541
9.026114463806152,8.128721932115566,10.565135955810547
9.00729751586914,8.154945698566735,10.465792655944824
8.960394859313965,8.10358775104396,10.535035133361816
8.92879867553711,8.10431882998507,10.511260032653809
9.026104927062988,8.143337365106813,10.553339958190918
9.00982666015625,8.152295822344188,10.434255599975586
9.047500610351562,8.20719224720129,10.446133613586426
9.009228706359863,8.066797114077158,10.42007064819336
9.044921875,8.162274359259754,10.552303314208984
8.94515323638916,8.121742379951424,10.45550537109375
8.9284029006958,8.075066361642842,10.514781951904297
8.952570915222168,8.126344482480949,10.483930587768555
8.937628746032715,8.093076790450139,10.427215576171875
9.072270393371582,8.18319195645329,10.549760818481445
8.945369720458984,8.115830378673438,10.498202323913574
8.880756378173828,8.067665792835344,10.499810218811035
8.89988899230957,8.084843992754552,10.522863388061523
9.032737731933594,8.171745288684697,10.464481353759766
9.026421546936035,8.155513522780634,10.461857795715332
8.972578048706055,8.152299266940515,10.47956371307373
9.026371955871582,8.17550065128931,10.54297924041748
9.020976066589355,8.135847710239302,10.557731628417969
9.0148344039917,8.169617130687195,10.529014587402344
9.060205459594727,8.172768980763587,10.579399108886719
8.969724655151367,8.168859174208981,10.429072380065918
8.879318237304688,8.043653036567516,10.504419326782227
9.004894256591797,8.169388310850731,10.529439926147461
8.983060836791992,8.104959704780153,10.520366668701172
8.943784713745117,8.10015734737473,10.57989501953125
8.900901794433594,8.042084408325277,10.467811584472656
8.95206069946289,8.089210275327787,10.460338592529297
9.000443458557129,8.140872666579005,10.552669525146484
9.025650978088379,8.196145427113931,10.438803672790527
8.93732738494873,8.100148315607969,10.505746841430664
9.025867462158203,8.143145393813029,10.576515197753906
8.986116409301758,8.136432447770078,10.538677215576172
8.977421760559082,8.127386700029351,10.466897964477539
8.958962440490723,8.091293265278052,10.534997940063477
8.919936180114746,8.039340532817214,10.576595306396484
8.937533378601074,8.150825256481767,10.562654495239258
8.925804138183594,8.088156718028976,10.677486419677734
8.993461608886719,8.197967715594652,10.530596733093262
8.974344253540039,8.106104078469798,10.51170539855957
8.959379196166992,8.114212740977694,10.514212608337402
8.96975326538086,8.155398136004806,10.47696590423584
8.983644485473633,8.1046617087642,10.524068832397461
8.942584037780762,8.14665760475743,10.575313568115234
8.908219337463379,8.122593384169575,10.532171249389648
9.010207176208496,8.152360760606825,10.512236595153809
8.95455265045166,8.101071287511981,10.63766098022461
8.892942428588867,8.110709833347105,10.52029800415039
8.905485153198242,8.076246510925037,10.469075202941895
8.95184326171875,8.154328097323221,10.487610816955566
8.930107116699219,8.164553631762308,10.402902603149414
8.997354507446289,8.1686548466262,10.463312149047852
9.037007331848145,8.179589642045487,10.49130630493164
8.88217830657959,8.040070336611409,10.504241943359375
8.995661735534668,8.171451872846644,10.604886054992676
8.86117935180664,8.092053374475135,10.472198486328125
8.87952995300293,8.05801763269119,10.514056205749512
8.870848655700684,8.138868366301592,10.573753356933594
8.917375564575195,8.13595993627262,10.560938835144043
8.979926109313965,8.163385999655084,10.499082565307617
8.883186340332031,8.100736960835222,10.569717407226562
8.969621658325195,8.150392684520089,10.491206169128418
8.824159622192383,8.002861430336322,10.520837783813477
8.945913314819336,8.128406006111097,10.511919021606445
8.954689025878906,8.136973424615073,10.612090110778809
8.887694358825684,8.141585078256737,10.533285140991211
8.936935424804688,8.094499039097823,10.619059562683105
8.93687629699707,8.155005599205781,10.56320571899414
8.871020317077637,8.079621025061765,10.535558700561523
8.891703605651855,8.096212858799845,10.570075035095215
8.848295211791992,8.052690161724708,10.637476921081543
9.012245178222656,8.188797930754456,10.410537719726562
8.881616592407227,8.086964083935268,10.476518630981445
8.898540496826172,8.154390199974712,10.472321510314941
8.918456077575684,8.109286786888593,10.456977844238281
8.896631240844727,8.112640827195719,10.509404182434082
8.887263298034668,8.113107720656055,10.538554191589355
8.860426902770996,8.103373980016581,10.553644180297852
8.86514949798584,8.085320095598165,10.595462799072266
8.87405776977539,8.103654898570053,10.531559944152832
8.93958568572998,8.148952947696671,10.514375686645508
8.921276092529297,8.155071661707812,10.549360275268555
8.921418190002441,8.129412553738803,10.531377792358398
8.915132522583008,8.117901544186418,10.545673370361328
8.899896621704102,8.148797498483741,10.53254508972168
8.828802108764648,8.08132579636627,10.527915000915527
8.961441993713379,8.16733139959563,10.54168701171875
8.920087814331055,8.091441854535203,10.572883605957031
8.936821937561035,8.154453757817723,10.61059856414795
8.907864570617676,8.161835316601874,10.474002838134766
8.866727828979492,8.037322509501662,10.535699844360352
8.878299713134766,8.078425463322283,10.534947395324707
8.884359359741211,8.081647437731071,10.522198677062988
8.94489860534668,8.145698339545302,10.477625846862793
8.843561172485352,8.063590817818683,10.475717544555664
8.897270202636719,8.10811969158905,10.537803649902344
8.904139518737793,8.144148070065837,10.6934232711792
8.870914459228516,8.1009579133575,10.544047355651855
8.86861515045166,8.144416603525835,10.453875541687012
8.929902076721191,8.204143271149535,10.425025939941406
8.858769416809082,8.081036336986081,10.526076316833496
8.937573432922363,8.196447220797252,10.588197708129883
8.934065818786621,8.17644056125677,10.547142028808594
8.827794075012207,8.093716083061217,10.457138061523438
8.91201400756836,8.162242021411657,10.611322402954102
8.805947303771973,8.105653882957995,10.453431129455566
8.87674617767334,8.178699727469523,10.604806900024414
8.835939407348633,8.112263342398885,10.483670234680176
8.888506889343262,8.165742301581693,10.516263961791992
8.940373420715332,8.188148987645816,10.535893440246582
8.85142707824707,8.102925526576914,10.473758697509766
8.838179588317871,8.1203060616473,10.429393768310547
8.935735702514648,8.166426961742609,10.55644702911377
8.899279594421387,8.120380614518321,10.594529151916504
8.821941375732422,8.091416406944129,10.47897720336914
8.885019302368164,8.121253330859222,10.573878288269043
8.882575988769531,8.156486247466612,10.646366119384766
8.828790664672852,8.097216161766223,10.529247283935547
8.862709045410156,8.12157526901657,10.577537536621094
8.862433433532715,8.127003759145737,10.537087440490723
8.878985404968262,8.14987077274626,10.482684135437012
8.898162841796875,8.130927606718615,10.545761108398438
8.823648452758789,8.112664648631055,10.484787940979004
8.847197532653809,8.096918522513338,10.553665161132812
8.759958267211914,8.085588902600907,10.458879470825195
8.879712104797363,8.181176378624514,10.560052871704102
8.729416847229004,8.09340177103877,10.467623710632324
8.782801628112793,8.037582828230889,10.462547302246094
8.889168739318848,8.207703023117833,10.480581283569336
8.834878921508789,8.134968063128847,10.476726531982422
8.909770011901855,8.184415829367936,10.445836067199707
8.854166984558105,8.119671922409907,10.515530586242676
8.869693756103516,8.134917016407208,10.505599021911621
8.791142463684082,8.04608733263532,10.48365306854248
8.814143180847168,8.038457718611296,10.565195083618164
8.856480598449707,8.186232849622943,10.496679306030273
8.807315826416016,8.107790077637349,10.465375900268555
8.77292537689209,8.078403088630044,10.55278491973877
8.835846900939941,8.093794383807108,10.583517074584961
8.847929954528809,8.138367260506909,10.478035926818848
8.831046104431152,8.103516874635325,10.443037033081055
8.784353256225586,8.053414548847025,10.44654655456543
8.90002155303955,8.16679523642441,10.541425704956055
8.797370910644531,8.109013792360201,10.614991188049316
8.83918571472168,8.113229256322875,10.520112037658691
8.871988296508789,8.129244587118071,10.503805160522461
8.797767639160156,8.097341412844667,10.49520492553711
8.848682403564453,8.154120601281258,10.454883575439453
8.789454460144043,8.077146091764526,10.554668426513672
8.84294605255127,8.124261783768556,10.49697494506836
8.870640754699707,8.147918278916872,10.486920356750488
8.825226783752441,8.146235288619728,10.504935264587402
8.758098602294922,8.013354850899695,10.66606616973877
8.80768871307373,8.078982228945408,10.452791213989258
8.787351608276367,8.126622739015147,10.4578275680542
8.825397491455078,8.11791398915063,10.451930046081543
8.801679611206055,8.106392269089287,10.531393051147461
8.818097114562988,8.1269580460087,10.552070617675781
8.834614753723145,8.1547502164862,10.434844017028809
8.774879455566406,8.137919590243005,10.515426635742188
8.817449569702148,8.140995993245658,10.458016395568848
8.793768882751465,8.146898207620584,10.465827941894531
8.805853843688965,8.090406430153442,10.419475555419922
8.87141227722168,8.148854228435084,10.473840713500977
8.827130317687988,8.09637845620247,10.551931381225586
8.81484317779541,8.118155553005636,10.52830696105957
8.889897346496582,8.21746417151631,10.59109878540039
8.897384643554688,8.186447067352544,10.55120849609375
8.812554359436035,8.1256499021048,10.534226417541504
8.783207893371582,8.116430449998006,10.475187301635742
8.7724609375,8.100465922849253,10.520442962646484
8.772683143615723,8.078935233377186,10.510560035705566
8.716504096984863,8.102371597662568,10.525609970092773
8.796784400939941,8.052206689691438,10.535409927368164
8.738056182861328,8.099398543958419,10.569183349609375
8.79787540435791,8.105628526071087,10.515628814697266
8.774609565734863,8.097037545771204,10.537750244140625
8.783259391784668,8.071650288466895,10.570772171020508
8.752645492553711,8.07418391441128,10.541425704956055
8.719779014587402,8.065103845471251,10.471826553344727
8.797270774841309,8.124402449299982,10.477659225463867
8.798489570617676,8.10274426090265,10.522876739501953
8.811504364013672,8.130482539268476,10.534729957580566
8.745367050170898,7.9946170162875205,10.499981880187988
8.828353881835938,8.102480566029303,10.531999588012695
8.778428077697754,8.120752874462466,10.380047798156738
8.837783813476562,8.147938384973843,10.617107391357422
8.854466438293457,8.116522112395614,10.563814163208008
8.756918907165527,8.076307401593242,10.446598052978516
8.755297660827637,8.028733369428664,10.455330848693848
8.850566864013672,8.217217290175281,10.478575706481934
8.789859771728516,8.099814637863478,10.543085098266602
8.769510269165039,8.072997474144877,10.599555969238281
8.850029945373535,8.13122569094412,10.603299140930176
8.820000648498535,8.12703252779985,10.462453842163086
8.786865234375,8.121026779824335,10.532275199890137
8.835472106933594,8.158422707846121,10.584741592407227
8.770956039428711,8.139834929723293,10.370488166809082
8.880142211914062,8.164937804020676,10.492240905761719
8.775641441345215,8.097854506856363,10.525823593139648
8.831022262573242,8.122891714896209,10.506906509399414
8.788422584533691,8.08636679882849,10.549078941345215
8.817574501037598,8.134013202507049,10.505738258361816
8.749817848205566,8.06780624602522,10.431533813476562
8.777149200439453,8.104224008541289,10.491823196411133
8.758820533752441,8.088503659070868,10.5283842086792
8.789104461669922,8.11161485024994,10.522354125976562
8.820798873901367,8.165451382153801,10.487046241760254
8.702230453491211,8.051336196783398,10.479024887084961
8.833024978637695,8.16054751268322,10.513233184814453
8.793744087219238,8.106838768647451,10.531312942504883
8.848092079162598,8.16770212551845,10.451407432556152
8.76213550567627,8.078306215382847,10.463579177856445
8.796050071716309,8.156899658996345,10.481773376464844
8.771340370178223,8.066505283017511,10.536294937133789
8.774301528930664,8.131492317720715,10.516765594482422
8.715495109558105,8.018621272673565,10.484188079833984
8.761070251464844,8.080045707623608,10.544151306152344
8.78754711151123,8.13413736496919,10.482582092285156
8.76370620727539,8.126104922499508,10.48011302947998
8.787978172302246,8.134974682071645,10.529851913452148
8.826096534729004,8.155081755747753,10.438050270080566
8.775388717651367,8.107158519793302,10.568103790283203
8.776005744934082,8.122926899531326,10.543072700500488
8.813512802124023,8.179049789306841,10.512748718261719
8.820355415344238,8.18660927484078,10.486394882202148
8.8258638381958,8.15355741678338,10.50800895690918
8.781350135803223,8.156118341422241,10.509540557861328
8.665040016174316,8.037028274764973,10.452932357788086
8.71456527709961,8.058465440857356,10.506193161010742
8.755147933959961,8.113499161454717,10.460281372070312
8.717485427856445,8.12714689065303,10.55544662475586
8.669429779052734,8.074425507769254,10.59221076965332
8.755461692810059,8.091816359864813,10.478120803833008
8.699617385864258,8.007087119156495,10.477655410766602
8.752747535705566,8.10592856454397,10.524511337280273
8.796988487243652,8.119609866490853,10.392350196838379
8.758955001831055,8.105448276702582,10.364726066589355
8.761499404907227,8.123685856981735,10.443743705749512
8.719463348388672,8.123737773791486,10.623833656311035
8.741668701171875,8.109369329642504,10.471770286560059
8.72965145111084,8.114113256900703,10.478086471557617
8.799072265625,8.122606585500762,10.432573318481445
8.70795726776123,8.048894383113034,10.554155349731445
8.799127578735352,8.155169267406954,10.511321067810059
8.7808256149292,8.174244852869638,10.565813064575195
8.70895004272461,8.089573756625343,10.54836654663086
8.694025993347168,8.069712724037734,10.516484260559082
8.70451831817627,8.08437378465065,10.507036209106445
8.764505386352539,8.167815324916903,10.450340270996094
8.688899040222168,8.11729456005352,10.550280570983887
8.690452575683594,8.057445111617978,10.501720428466797
8.712002754211426,8.073326945637486,10.394664764404297
8.769620895385742,8.092664457957394,10.409846305847168
8.732690811157227,8.117143255192786,10.501617431640625
8.710800170898438,8.007742361498199,10.469842910766602
8.756693840026855,8.11925375780889,10.53669548034668
8.63231372833252,7.976458374144776,10.470514297485352
8.78136920928955,8.164759335440717,10.499937057495117
8.57565689086914,7.957749556184614,10.437192916870117
8.734332084655762,8.085806219672254,10.506568908691406
8.793493270874023,8.0712806170008,10.508366584777832
8.83153247833252,8.186358400687043,10.53671646118164
8.75010871887207,8.102600613509171,10.614911079406738
8.712945938110352,8.036973590097789,10.508338928222656
8.739203453063965,8.078241960877286,10.569655418395996
8.803118705749512,8.137502416236591,10.50873851776123
8.672319412231445,8.03112354156162,10.543527603149414
8.71905517578125,8.100449676592168,10.447718620300293
8.800809860229492,8.162226593155149,10.449135780334473
8.763111114501953,8.087912815622985,10.505780220031738
8.68004322052002,8.076245004178158,10.531519889831543
8.71794319152832,8.112058229777697,10.507009506225586
8.692852020263672,8.07999517123348,10.449519157409668
8.692848205566406,8.030107798121339,10.648193359375
8.639996528625488,8.039743157103658,10.509655952453613
8.700617790222168,8.1259006743785,10.364276885986328
8.703571319580078,8.05256329383701,10.483041763305664
8.73876667022705,8.13452488639658,10.573083877563477
8.712318420410156,8.127897174729567,10.554658889770508
8.731413841247559,8.122356884381068,10.526809692382812
8.841935157775879,8.148513460964232,10.484609603881836
8.699687004089355,8.078165169406152,10.554325103759766
8.756086349487305,8.090737247506954,10.631789207458496
8.702085494995117,8.06449406115072,10.501182556152344
8.703290939331055,8.060048201853144,10.559529304504395
8.77612018585205,8.195161110122822,10.539005279541016
8.719223022460938,8.097731226190392,10.393695831298828
8.677279472351074,8.090734525384114,10.539630889892578
8.683156967163086,8.097551811220391,10.357330322265625
8.690978050231934,8.007895705024048,10.549705505371094
8.735811233520508,8.100436363535534,10.610159873962402
8.756884574890137,8.143350826642877,10.507242202758789
8.725409507751465,8.134361137469698,10.434898376464844
8.674489974975586,8.067800523413878,10.557445526123047
8.645044326782227,8.047788741499453,10.466840744018555
8.758171081542969,8.150450730263922,10.49481201171875
8.650262832641602,8.013172714339037,10.428171157836914
8.718756675720215,8.10683215402865,10.49053955078125
8.742908477783203,8.077380650942878,10.539026260375977
8.697135925292969,8.069195413330037,10.457605361938477
8.728601455688477,8.119603580096737,10.5340576171875
8.621625900268555,8.033467597960096,10.593788146972656
8.752213478088379,8.095420276912462,10.439523696899414
8.702978134155273,8.087517991894856,10.463899612426758
8.718890190124512,8.110598590856949,10.505308151245117
8.671507835388184,8.088611177301832,10.45816421508789
8.63184642791748,8.041575769062288,10.46992301940918
8.71148681640625,8.124510343718743,10.592350959777832
8.838890075683594,8.218679892930336,10.466687202453613
8.758491516113281,8.156537681019731,10.55054759979248
8.622982025146484,8.039122263934198,10.471968650817871
8.752130508422852,8.119435785105452,10.477402687072754
8.732014656066895,8.133288904558867,10.479850769042969
8.632189750671387,8.053566205814214,10.467805862426758
8.738566398620605,8.119685735486978,10.516794204711914
8.747845649719238,8.143092209240422,10.40915298461914
8.76395320892334,8.085982818455836,10.463661193847656
8.683002471923828,8.082183720643766,10.501358032226562
8.739897727966309,8.141928538380723,10.4841947555542
8.712695121765137,8.126134427962825,10.465641021728516
8.693987846374512,8.092363898442791,10.506552696228027
8.68181324005127,8.082301422022283,10.560840606689453
8.707752227783203,8.106726058226611,10.433219909667969
8.669198989868164,8.058413089119963,10.475790023803711
8.736587524414062,8.097753238431842,10.526541709899902
8.61129093170166,7.978876213243764,10.502063751220703
8.737285614013672,8.141884308507931,10.472580909729004
8.731352806091309,8.127147630189679,10.554351806640625
8.689098358154297,8.108688589850706,10.490119934082031
8.695908546447754,8.117186328495986,10.550333023071289
8.658434867858887,8.054567121135603,10.503521919250488
8.724252700805664,8.126094103923865,10.526691436767578
8.739653587341309,8.174276413495786,10.499025344848633
8.742403984069824,8.139098346033798,10.53822135925293
8.68819522857666,8.134495966103193,10.548405647277832
8.724549293518066,8.093104191856192,10.408866882324219
8.662790298461914,8.075799809103565,10.459661483764648
8.74187183380127,8.132989167901023,10.526250839233398
8.677332878112793,8.066966127936862,10.504100799560547
8.66925048828125,8.075843444992124,10.428478240966797
8.769234657287598,8.117493341510583,10.475442886352539
8.721468925476074,8.117743693757802,10.431631088256836
8.718823432922363,8.110493755167616,10.525928497314453
8.727999687194824,8.147433152122955,10.48428726196289
8.623520851135254,8.103606590668537,10.595864295959473
8.70763111114502,8.106852129933293,10.501445770263672
8.766812324523926,8.13785647447886,10.555439949035645
8.763970375061035,8.169425175758079,10.610641479492188
8.712549209594727,8.143445612663136,10.535364151000977
8.68202018737793,8.101139493852056,10.562265396118164
8.631221771240234,8.075955194088497,10.477737426757812
8.72763442993164,8.156873703335545,10.490775108337402
8.697592735290527,8.107588345683844,10.440899848937988
8.639902114868164,8.101012904296761,10.5122652053833
8.599672317504883,8.046414660356406,10.490128517150879
8.698212623596191,8.106941500878227,10.442988395690918
8.705536842346191,8.123233735195495,10.468042373657227
8.671929359436035,8.043330881112654,10.578364372253418
8.67664909362793,8.135619306870337,10.509504318237305
8.665983200073242,8.145876395216744,10.538841247558594
8.657421112060547,8.055133093647393,10.470966339111328
8.738011360168457,8.138238908456906,10.481412887573242
8.642945289611816,8.022439570232693,10.470664978027344
8.630209922790527,8.108117441646755,10.517474174499512
8.757925987243652,8.118041429469097,10.571514129638672
8.664588928222656,8.103148259455338,10.500383377075195
8.64437484741211,8.051202550397388,10.502448081970215
8.625421524047852,8.062934028783015,10.52838134765625
8.652389526367188,8.080505050286384,10.542566299438477
8.662198066711426,8.129439180949703,10.560680389404297
8.6212797164917,8.036732409947685,10.52292537689209
8.66879653930664,8.071757120512691,10.55548095703125
8.62281608581543,8.090117411954063,10.481383323669434
8.625269889831543,8.049851352881108,10.472740173339844
8.596961975097656,8.042847355727904,10.476850509643555
8.61523723602295,8.073643360286951,10.538862228393555
8.656661987304688,8.041270827076264,10.528736114501953
8.593423843383789,8.044525417798598,10.562273025512695
8.695908546447754,8.112634809854042,10.471037864685059
8.597926139831543,8.039219797522362,10.594786643981934
8.656865119934082,8.090337936367307,10.46418285369873
8.626123428344727,8.057957989895451,10.368328094482422
8.738421440124512,8.104185271010335,10.47017765045166
8.66242504119873,8.094736030059202,10.450948715209961
8.616531372070312,8.075415835649308,10.481619834899902
8.661725044250488,8.069304664552744,10.42061710357666
8.615656852722168,8.064768602373078,10.495823860168457
8.687278747558594,8.100196377008356,10.54180908203125
8.570947647094727,8.066252175153101,10.52464485168457
8.689408302307129,8.083077834054295,10.502837181091309
8.639744758605957,8.137024362505013,10.533272743225098
8.695840835571289,8.14318871172145,10.441652297973633
8.687396049499512,8.120363677652286,10.53957462310791
8.688864707946777,8.152955375844613,10.510517120361328
8.715656280517578,8.143068153145059,10.528861999511719
8.754226684570312,8.181102012982592,10.419425010681152
8.651917457580566,8.03991489767629,10.55450439453125
8.656482696533203,8.123086496655429,10.42721939086914
8.675989151000977,8.128781010729394,10.533668518066406
8.789151191711426,8.180532875437555,10.502069473266602
8.657243728637695,8.072510508853677,10.468339920043945
8.70750904083252,8.11815447819286,10.546483993530273
8.627138137817383,8.070110214840886,10.521498680114746
8.655193328857422,8.115981054758388,10.532687187194824
8.632722854614258,8.082758272066714,10.592496871948242
8.646604537963867,8.063223871735058,10.54776668548584
8.64042854309082,7.990199619704591,10.509639739990234
8.563894271850586,8.028229119389186,10.440790176391602
8.67825698852539,8.107308064520891,10.545458793640137
8.641890525817871,8.105796654176498,10.510392189025879
8.644336700439453,8.095413418985638,10.529004096984863
8.67784595489502,8.145647763773534,10.456216812133789
8.570070266723633,8.08872883447579,10.484296798706055
8.638057708740234,8.10055903441805,10.481409072875977
8.711906433105469,8.17971626286661,10.50516414642334
8.684367179870605,8.147546298968207,10.521540641784668
8.676129341125488,8.031327243428677,10.507379531860352
8.677769660949707,8.1198155001205,10.495407104492188
8.653289794921875,8.087171842078012,10.470930099487305
8.675658226013184,8.109812050259539,10.530763626098633
8.57119083404541,8.078301108209416,10.501214981079102
8.677947998046875,8.172397265510101,10.546175003051758
8.698477745056152,8.134357814976413,10.509617805480957
8.734240531921387,8.160013055761478,10.553569793701172
8.614498138427734,8.03777107613028,10.47145938873291
8.590753555297852,8.105705767570596,10.578085899353027
8.561572074890137,8.069870269857347,10.612479209899902
8.625225067138672,8.127468115882948,10.477721214294434
8.696830749511719,8.123746741629605,10.450730323791504
8.596369743347168,8.095842479428809,10.41506576538086
8.604280471801758,8.061117732232171,10.495609283447266
8.607083320617676,8.009023087797686,10.461579322814941
8.635947227478027,8.05420946785515,10.542240142822266
8.571825981140137,8.032510779731508,10.503170013427734
8.595725059509277,8.04096731676587,10.512496948242188
8.586141586303711,8.071451965420108,10.601700782775879
8.59167194366455,8.069995621452108,10.522944450378418
8.588164329528809,8.049896346072533,10.484405517578125
8.594342231750488,8.103589103523907,10.536930084228516
8.570927619934082,8.02933000433924,10.396191596984863
8.673088073730469,8.088251569341601,10.55916976928711
8.65688419342041,8.119156369107909,10.472257614135742
8.61655330657959,8.073158263860803,10.486934661865234
8.62049674987793,8.068991191585415,10.409320831298828
8.598483085632324,8.042314828639583,10.501087188720703
8.61937427520752,8.08258788666821,10.457674980163574
8.672927856445312,8.106247930854028,10.482783317565918
8.575570106506348,8.106800062981035,10.471450805664062
8.669363975524902,8.140595703086417,10.464333534240723
8.660409927368164,8.14010826608033,10.541891098022461
8.640494346618652,8.10764509735496,10.545267105102539
8.61991024017334,8.102956215917532,10.510893821716309
8.660972595214844,8.150230992618683,10.492704391479492
8.629039764404297,8.07567231144224,10.506437301635742
8.638691902160645,8.083280389629572,10.48525619506836
8.535881042480469,8.028102983188417,10.507097244262695
8.647789001464844,8.110805612257018,10.457119941711426
8.610426902770996,8.139899009738915,10.419973373413086
8.605019569396973,8.081794841747199,10.457100868225098
8.655993461608887,8.154034299809219,10.555014610290527
8.655427932739258,8.155447205395571,10.494146347045898
8.607148170471191,8.081448750071495,10.433277130126953
8.661808013916016,8.10050660431651,10.476936340332031
8.628320693969727,8.038502955543144,10.48918628692627
8.604747772216797,8.04354338527524,10.486793518066406
8.53589153289795,8.005599119700491,10.538504600524902
8.647924423217773,8.11253268038854,10.496369361877441
8.662672996520996,8.15368117890986,10.499612808227539
8.571409225463867,8.094614711822942,10.489045143127441
8.588383674621582,8.140425194952904,10.556180953979492
8.60838794708252,8.077551097875194,10.47174072265625
8.616174697875977,8.105608388914593,10.397233963012695
8.627445220947266,8.144449682640177,10.493921279907227
8.594979286193848,8.037283810088411,10.603453636169434
8.56847858428955,8.046510989278822,10.508050918579102
8.640131950378418,8.083619540923141,10.449135780334473
8.631002426147461,8.166270954634196,10.40097713470459
8.526451110839844,8.035308038716071,10.44491195678711
8.56062126159668,8.044664724463862,10.49460220336914
8.599528312683105,8.096325705426612,10.415011405944824
8.616708755493164,8.127309429159919,10.582345008850098
8.537383079528809,8.028881205312375,10.45492935180664
8.58748722076416,8.066423009116468,10.430089950561523
8.677227973937988,8.14417742997674,10.482292175292969
8.65990924835205,8.104645613281589,10.466300964355469
8.623126029968262,8.173288446584982,10.502412796020508
8.579641342163086,8.041467164077662,10.45823860168457
8.619339942932129,8.073468978283927,10.470405578613281
8.60976505279541,8.106696455506608,10.529653549194336
8.590677261352539,8.094196355968181,10.488251686096191
8.59768295288086,8.09904492280579,10.45024299621582
8.603815078735352,8.107265550244067,10.44112777709961
8.602466583251953,8.071533767972142,10.538500785827637
8.616992950439453,8.076625205077496,10.46065902709961
8.601227760314941,8.119381356685023,10.49782943725586
8.517276763916016,7.978691777613546,10.493730545043945
8.627994537353516,8.169176217534446,10.524590492248535
8.56358814239502,8.078327643452212,10.511016845703125
8.62721061706543,8.112772997169355,10.409980773925781
8.609001159667969,8.135834146723418,10.476383209228516
8.63459300994873,8.078050416029459,10.46457290649414
8.624823570251465,8.078494169616272,10.397655487060547
8.578936576843262,8.07010257573399,10.471625328063965
8.666731834411621,8.112804796579958,10.448270797729492
8.60676383972168,8.096575980839718,10.398931503295898
8.58881950378418,8.091679746983571,10.45952033996582
8.661340713500977,8.115766760826643,10.468225479125977
8.536720275878906,8.08040032964865,10.506510734558105
8.560004234313965,8.074487917457839,10.519376754760742
8.64448070526123,8.120921504218131,10.44796371459961
8.628251075744629,8.101441054937562,10.45844841003418
8.635414123535156,8.152033877026822,10.426612854003906
8.60731029510498,8.077616464579478,10.483607292175293
8.552227020263672,8.070754352591132,10.405227661132812
8.595560073852539,8.084111260383256,10.456403732299805
8.594440460205078,8.096625200639078,10.545846939086914
8.542454719543457,8.081552710916315,10.437524795532227
8.581751823425293,8.155655623846023,10.34127426147461
8.651845932006836,8.13004570584079,10.55094051361084
8.623907089233398,8.14214848770228,10.573393821716309
8.579946517944336,8.113076056686364,10.464112281799316
8.55617618560791,8.042021990188266,10.441231727600098
8.679911613464355,8.158928262535483,10.398845672607422
8.563665390014648,8.039867873203807,10.44914436340332
8.526032447814941,8.022980026767723,10.503604888916016
8.549835205078125,8.053615316848404,10.389692306518555
8.57119083404541,8.088206767470444,10.461585998535156
8.54675579071045,8.028599473148851,10.492218017578125
8.653768539428711,8.113519815661546,10.409140586853027
8.561639785766602,8.113374837907031,10.473465919494629
8.527719497680664,8.07679393365314,10.576022148132324
8.586583137512207,8.059663681579488,10.556954383850098
8.572260856628418,8.118341424369387,10.545120239257812
8.484371185302734,8.002841162262484,10.481343269348145
8.61673641204834,8.09736221210499,10.360472679138184
8.530797004699707,8.035146007713463,10.485371589660645
8.634127616882324,8.112060483711371,10.478307723999023
8.607900619506836,8.094568631079582,10.521284103393555
8.535799026489258,8.039590005629828,10.464962005615234
8.598807334899902,8.125109278962814,10.414619445800781
8.579496383666992,8.06718041039338,10.433600425720215
8.610803604125977,8.161988614492918,10.466751098632812
8.630627632141113,8.122583139055807,10.432682037353516
8.601901054382324,8.096287883984457,10.405092239379883
8.604028701782227,8.13357396713192,10.420478820800781
8.586308479309082,8.107384505681694,10.446402549743652
8.666513442993164,8.176017904088699,10.447683334350586
8.528282165527344,8.085237563388155,10.44978141784668
8.481480598449707,8.009501669356334,10.377677917480469
8.5512056350708,8.084641704601902,10.466606140136719
8.612743377685547,8.140705792000517,10.535057067871094
8.588047981262207,8.081729499390349,10.406644821166992
8.629358291625977,8.144539264496416,10.382015228271484
8.572515487670898,8.061913590844986,10.396068572998047
8.55550765991211,8.134304325828063,10.47626781463623
8.586791038513184,8.068248720307436,10.419004440307617
8.551103591918945,8.07871184591204,10.431671142578125
8.580070495605469,8.107588296955717,10.42092227935791
8.546088218688965,8.083151290459291,10.36106014251709
8.568187713623047,8.085347571942423,10.362018585205078
8.540109634399414,8.05355855336945,10.406160354614258
8.618509292602539,8.150077459435643,10.416252136230469
8.519052505493164,8.04526909513931,10.425107955932617
8.562417984008789,8.05453127200183,10.398289680480957
8.529155731201172,8.067791955545545,10.36613655090332
8.61937427520752,8.119317621025923,10.367805480957031
8.57474136352539,8.079082008118608,10.431751251220703
8.555965423583984,8.083958478012521,10.46544075012207
8.490995407104492,8.024268809539665,10.369272232055664
8.580021858215332,8.094849504996091,10.465893745422363
8.626435279846191,8.136413672805896,10.399557113647461
8.648757934570312,8.140167278969395,10.382474899291992
8.601445198059082,8.131507980138329,10.40719223022461
8.508901596069336,8.01871027654436,10.378482818603516
8.525410652160645,8.031720334996601,10.4139986038208
8.648984909057617,8.162653946816654,10.437498092651367
8.58077621459961,8.065754134307749,10.393503189086914
8.625503540039062,8.119106093720932,10.429142951965332
8.446484565734863,7.97563435313558,10.38476276397705
8.616168975830078,8.14784956557144,10.393741607666016
8.55234146118164,8.05657974557419,10.393308639526367
8.55880069732666,8.09756758403299,10.449073791503906
8.589546203613281,8.132459382426791,10.378194808959961
8.555463790893555,8.086733073129185,10.498477935791016
8.617881774902344,8.09967886550086,10.416656494140625
8.564932823181152,8.094415493276237,10.417306900024414
8.58715534210205,8.101817347209103,10.470084190368652
8.49653148651123,8.050088613493635,10.434518814086914
8.569171905517578,8.102033391594887,10.414874076843262
8.569462776184082,8.118616899209364,10.416857719421387
8.547527313232422,8.090746131891915,10.390796661376953
8.527365684509277,8.031595254449973,10.338508605957031
8.53608512878418,8.087753436295316,10.427780151367188
8.569168090820312,8.104226376695026,10.310020446777344
8.57474422454834,8.130445805378258,10.425451278686523
8.605792999267578,8.113190367385478,10.405942916870117
8.525684356689453,8.030490467557684,10.494939804077148
8.583264350891113,8.119436949458239,10.408477783203125
8.512195587158203,8.067139186497245,10.399062156677246
8.577762603759766,8.059884127562068,10.391018867492676
8.526826858520508,8.09790609500903,10.512810707092285
8.560906410217285,8.064446694982639,10.380302429199219
8.489175796508789,8.050559847349566,10.473793029785156
8.542864799499512,8.102463352194588,10.370036125183105
8.564350128173828,8.1121886354605,10.366641998291016
8.490496635437012,8.079200718352304,10.322463989257812
8.602619171142578,8.103713274301429,10.464430809020996
8.51651668548584,8.045177668366316,10.457200050354004
8.499588966369629,8.079581977101043,10.439582824707031
8.466259002685547,8.04591644595244,10.474029541015625
8.62257194519043,8.110572781214223,10.427902221679688
8.53531551361084,8.082196336938068,10.362592697143555
8.486247062683105,8.019277972535097,10.423511505126953
8.559202194213867,8.076817985989951,10.374597549438477
8.552535057067871,8.06353146433165,10.364092826843262
8.522552490234375,8.029274919303134,10.432439804077148
8.484166145324707,8.070087632796328,10.318899154663086
8.569045066833496,8.068882746721751,10.434386253356934
8.568416595458984,8.129952094950049,10.415590286254883
8.543174743652344,8.11860083409452,10.428984642028809
8.513653755187988,8.059705759032761,10.415987014770508
8.526947021484375,8.096817573865078,10.444555282592773
8.469097137451172,8.064293007466144,10.417061805725098
8.539539337158203,8.097106776499588,10.384027481079102
8.573740005493164,8.102905961518573,10.362629890441895
8.570219039916992,8.095167604175263,10.3980131149292
8.536837577819824,8.075382784341596,10.392599105834961
8.487363815307617,8.047188379735287,10.458120346069336
8.505125999450684,8.051783158211038,10.470205307006836
8.499191284179688,8.056376530689054,10.292330741882324
8.544526100158691,8.13801905366459,10.321830749511719
8.542094230651855,8.100998874820236,10.380281448364258
8.576393127441406,8.109924115440142,10.385326385498047
8.55919075012207,8.102089347118246,10.417221069335938
8.597674369812012,8.194209494262136,10.443429946899414
8.531243324279785,8.114685569657011,10.4114990234375
8.517409324645996,8.093274922941678,10.21999740600586
8.544572830200195,8.138624133109781,10.322322845458984
8.484745025634766,8.068934828176031,10.3596773147583
8.510515213012695,8.035810968239925,10.409079551696777
8.469474792480469,8.04006847656066,10.399924278259277
8.494695663452148,8.102708610805816,10.458646774291992
8.495413780212402,8.07286607154778,10.379742622375488
8.549858093261719,8.122892303957737,10.41465950012207
8.577678680419922,8.122754217092215,10.456451416015625
8.495537757873535,8.095679141082135,10.434712409973145
8.463452339172363,7.984168700940375,10.48548698425293
8.4857177734375,8.064641026447395,10.316169738769531
8.530982971191406,8.095807743957266,10.398604393005371
8.498878479003906,8.080611453524657,10.375531196594238
8.506380081176758,8.08452884480357,10.364883422851562
8.519551277160645,8.057366089529491,10.350480079650879
8.5455904006958,8.110611043038912,10.410096168518066
8.510200500488281,8.026618343811217,10.426007270812988
8.458381652832031,8.066517694853246,10.361339569091797
8.453164100646973,8.012083061172493,10.426567077636719
8.517951011657715,8.100099721790423,10.393851280212402
8.498151779174805,8.074577760250707,10.38967514038086
8.52895450592041,8.088842960573468,10.400077819824219
8.515281677246094,8.091215476992407,10.497329711914062
8.44091796875,8.031638006945805,10.376357078552246
8.41382884979248,8.034626230530973,10.35350227355957
8.609926223754883,8.144827292001407,10.358969688415527
8.497376441955566,8.092308985801148,10.42708969116211
8.48852252960205,8.029243918501638,10.341747283935547
8.527192115783691,8.06510395180833,10.500316619873047
8.580449104309082,8.139988098592896,10.38545036315918
8.498189926147461,8.050145565698456,10.284627914428711
8.53358268737793,8.12597949247408,10.387155532836914
8.542789459228516,8.080993386817031,10.401130676269531
8.493887901306152,8.060355132046555,10.393115997314453
8.482969284057617,8.05998417059891,10.436307907104492
8.502181053161621,8.082500260223501,10.327892303466797
8.519100189208984,8.098852493467607,10.340381622314453
8.544208526611328,8.144631888617628,10.376964569091797
8.475985527038574,8.080619797243603,10.432547569274902
8.476439476013184,8.051643695050318,10.346919059753418
8.412351608276367,7.9829293715634515,10.427011489868164
8.428678512573242,7.959380155196413,10.399754524230957
8.518756866455078,8.051045430724376,10.455606460571289
8.593708038330078,8.16701575395252,10.317350387573242
8.45167350769043,8.064969659616638,10.436668395996094
8.518200874328613,8.079341276415757,10.48013973236084
8.535016059875488,8.085837538453884,10.405672073364258
8.46804428100586,8.048701241645697,10.410619735717773
8.449422836303711,8.035168945290415,10.318082809448242
8.500052452087402,8.088102288278087,10.403247833251953
8.461240768432617,8.05609378990318,10.372514724731445
8.514741897583008,8.127307578222826,10.36344051361084
8.53713321685791,8.073499348180901,10.490442276000977
8.470494270324707,8.029736009692506,10.363411903381348
8.4558744430542,8.078922184583332,10.41214656829834
8.506271362304688,8.070068638671987,10.45836353302002
8.517325401306152,8.095775619847702,10.422630310058594
8.456008911132812,8.068880094148751,10.381528854370117
8.511234283447266,8.117663178093997,10.3794527053833
8.439105033874512,8.08728790895215,10.371896743774414
8.54149341583252,8.12214677261987,10.356225967407227
8.489255905151367,8.062035731538865,10.364421844482422
8.52357006072998,8.128859052434564,10.350139617919922
8.500969886779785,8.104698956844263,10.398393630981445
8.44465160369873,8.050366149084377,10.357976913452148
8.494318962097168,8.122916416730732,10.375174522399902
8.461977005004883,8.108744532102719,10.475459098815918
8.478533744812012,8.056678764754906,10.488548278808594
8.474085807800293,8.084370590846188,10.329675674438477
8.46579647064209,8.085877203182982,10.395530700683594
8.462717056274414,8.039966043350953,10.410867691040039
8.533597946166992,8.144067755401402,10.383546829223633
8.45373249053955,8.084362061960357,10.390400886535645
8.468850135803223,8.010726286530762,10.437234878540039
8.493009567260742,8.049548250955663,10.408159255981445
8.456205368041992,8.06201647524722,10.248651504516602
8.480914115905762,8.06313053698146,10.386421203613281
8.46963119506836,8.036913987382183,10.285429000854492
8.437477111816406,7.97795757980618,10.332796096801758
8.50492000579834,8.1007401676782,10.433355331420898
8.476387023925781,8.107391895560015,10.369874954223633
8.456584930419922,8.096963711914473,10.469878196716309
8.479736328125,8.060184357953924,10.360682487487793
8.458831787109375,8.07952227233909,10.441739082336426
8.45556640625,8.076590771420992,10.46155071258545
8.499415397644043,8.055422406577106,10.400527954101562
8.459672927856445,8.068430218546252,10.429837226867676
8.471683502197266,8.060089993456911,10.425469398498535
8.469862937927246,8.07296518968152,10.435813903808594
8.452814102172852,8.045701815081495,10.298579216003418
8.443388938903809,8.041003701642953,10.430290222167969
8.428252220153809,8.028722115393196,10.379944801330566
8.4695405960083,8.028433754108846,10.434162139892578
8.466625213623047,8.055152717179485,10.392839431762695
8.447513580322266,8.113481787731871,10.435003280639648
8.439949989318848,8.085031500917728,10.323099136352539
8.461993217468262,8.048757851556209,10.43328857421875
8.460302352905273,8.097833943752837,10.43466567993164
8.473836898803711,8.043196587424193,10.357759475708008
8.481743812561035,8.06851772248878,10.337968826293945
8.455489158630371,8.096259426225775,10.391805648803711
8.473808288574219,8.110118032000692,10.399124145507812
8.452139854431152,8.037096653067108,10.433298110961914
8.417736053466797,8.050916771770323,10.300661087036133
8.451623916625977,8.086080193153716,10.386688232421875
8.454974174499512,8.108278424113191,10.463436126708984
8.42544937133789,8.083200429266851,10.432440757751465
8.453432083129883,8.03010998330345,10.405461311340332
8.466940879821777,8.096483475961058,10.387529373168945
8.452048301696777,8.09969827612596,10.360033988952637
8.421526908874512,8.101640631012351,10.421951293945312
8.440023422241211,8.077041616164415,10.364681243896484
8.43378734588623,8.051760330164273,10.350701332092285
8.47612190246582,8.082941889430263,10.320576667785645
8.371870994567871,8.044073805944727,10.442059516906738
8.440607070922852,8.057316465369825,10.464747428894043
8.409906387329102,8.081717089184426,10.341493606567383
8.408001899719238,8.044843360715145,10.362979888916016
8.428862571716309,8.053429629387601,10.396462440490723
8.408111572265625,8.061178538549159,10.437643051147461
8.46528148651123,8.07882242746252,10.466327667236328
8.418209075927734,8.004096987657249,10.435362815856934
8.439251899719238,8.055470394336485,10.415956497192383
8.42701530456543,8.064588314986654,10.305729866027832
8.41273307800293,8.10879804599764,10.401442527770996
8.421350479125977,8.045660130180684,10.399460792541504
8.474325180053711,8.051857848751492,10.34129524230957
8.369486808776855,8.015344705432653,10.367565155029297
8.415517807006836,8.032000874501787,10.420122146606445
8.39990520477295,8.096157289742093,10.361015319824219
8.408252716064453,8.02727924739676,10.413829803466797
8.51521110534668,8.110484307764896,10.430740356445312
8.40083122253418,8.03752645597394,10.306425094604492
8.439789772033691,8.065224134030618,10.366043090820312
8.400941848754883,8.060144410901039,10.40527057647705
8.411828994750977,8.081685317314363,10.450788497924805
8.434691429138184,8.045858596118965,10.365093231201172
8.414624214172363,8.050767551109727,10.373109817504883
8.452939987182617,8.056093396419392,10.343170166015625
8.450824737548828,8.05497705370986,10.3267240524292
8.437240600585938,8.069900429707818,10.431511878967285
8.413159370422363,8.059261568123475,10.420416831970215
8.459213256835938,8.07860039883027,10.386228561401367
8.374494552612305,8.015936982718163,10.393257141113281
8.403594970703125,8.033844317442604,10.39879035949707
8.438031196594238,8.086228102146247,10.391565322875977
8.405763626098633,8.04751291109382,10.417612075805664
8.390146255493164,8.049369184300303,10.413297653198242
8.414992332458496,8.053390099001783,10.413649559020996
8.41611099243164,8.066438841367406,10.350749969482422
8.380271911621094,8.04516038085733,10.441853523254395
8.404842376708984,8.0352672804147,10.36710262298584
8.404126167297363,8.039053069726963,10.31734848022461
8.435291290283203,8.078677656827495,10.45405387878418
8.387744903564453,8.00270157646654,10.340648651123047
8.417423248291016,8.078585838765969,10.41434097290039
8.368550300598145,7.992596785238546,10.381871223449707
8.345104217529297,8.019524093950167,10.326213836669922
8.420616149902344,8.072688659586545,10.434232711791992
8.41112232208252,8.02431128164088,10.31495475769043
8.433135986328125,8.081679690928597,10.360334396362305
8.408075332641602,8.028162869624794,10.378803253173828
8.468335151672363,8.08993605055314,10.402137756347656
8.358409881591797,8.014512495071228,10.407773971557617
8.476720809936523,8.085600455058739,10.39529800415039
8.390106201171875,8.035886964228537,10.449214935302734
8.470595359802246,8.071129537819486,10.403759002685547
8.35971736907959,8.045456839126668,10.406479835510254
8.380691528320312,8.047928743596588,10.33725643157959
8.346149444580078,8.055863907693752,10.39720630645752
8.353452682495117,8.017762475979648,10.412101745605469
8.381062507629395,8.078543866219531,10.41740608215332
8.444828987121582,8.0373941761375,10.465615272521973
8.327641487121582,8.02200302561479,10.331466674804688
8.388391494750977,8.069557559576683,10.378190994262695
8.44186782836914,8.09200983800526,10.397034645080566
8.447696685791016,8.105005671037361,10.37630558013916
8.47269344329834,8.122784988123126,10.351377487182617
8.442021369934082,8.092210919197116,10.396257400512695
8.381613731384277,7.995355321327224,10.418111801147461
8.412826538085938,8.042746690401277,10.392520904541016
8.373147010803223,8.056722690318047,10.378946304321289
8.385747909545898,8.115416904246167,10.357723236083984
8.41027545928955,8.076457989634946,10.366182327270508
8.358346939086914,8.020812871001128,10.306673049926758
8.34403133392334,8.035009165793392,10.328864097595215
8.399504661560059,8.06255328109754,10.344808578491211
8.377750396728516,8.007015870684492,10.334831237792969
8.347999572753906,8.06175894356732,10.282373428344727
8.419391632080078,8.063951301222136,10.36023998260498
8.38492202758789,8.023746849802722,10.299468994140625
8.36420726776123,8.025165418196204,10.384056091308594
8.40226936340332,8.048807751919542,10.411996841430664
8.391468048095703,8.068315926407065,10.422636032104492
8.369821548461914,8.023056393090103,10.351078033447266
8.310832977294922,8.052235549415595,10.419526100158691
8.35035514831543,8.052068140390995,10.364181518554688
8.34891128540039,8.037841464958287,10.393367767333984
8.316047668457031,8.049307295686697,10.33833122253418
8.38242244720459,8.072377160524152,10.333971977233887
8.402494430541992,8.058337842712977,10.341547966003418
8.388829231262207,8.060179800227552,10.37489128112793
8.423222541809082,8.102087959680441,10.365840911865234
8.378158569335938,8.098735974602667,10.37197494506836
8.310803413391113,7.960134851014509,10.3499116897583
8.335611343383789,8.020489630222851,10.402547836303711
8.357839584350586,8.045236474468506,10.401363372802734
8.357952117919922,8.02199005721403,10.325679779052734
8.381558418273926,8.07887875248811,10.320856094360352
8.345787048339844,8.028741391741537,10.334796905517578
8.374773979187012,8.066461784432509,10.422598838806152
8.38347053527832,8.083439686768022,10.351037979125977
8.348296165466309,8.010474906901695,10.321568489074707
8.362807273864746,8.041773351607844,10.313709259033203
8.34325885772705,8.051280236004718,10.374622344970703
8.326423645019531,8.041930208282013,10.337583541870117
8.382217407226562,8.053582840299766,10.290843963623047
8.328847885131836,7.991877727343567,10.30693531036377
8.426688194274902,8.088532531168312,10.261833190917969
8.35981559753418,8.0665041181658,10.360434532165527
8.309186935424805,8.033048239603106,10.28453254699707
8.331422805786133,8.075612849023726,10.435629844665527
8.298215866088867,7.997372136650873,10.390596389770508
8.276373863220215,7.999638073545482,10.393917083740234
8.326754570007324,8.033727876842022,10.374329566955566
8.346831321716309,8.025942203355953,10.335399627685547
8.312378883361816,8.03047854140667,10.363908767700195
8.379498481750488,8.068029334402777,10.392288208007812
8.352202415466309,8.053074862109497,10.348798751831055
8.31904125213623,8.075655730241643,10.374053955078125
8.287830352783203,8.012180665707481,10.37039852142334
8.327194213867188,8.008286081786666,10.396596908569336
8.3347806930542,8.039859622617119,10.330000877380371
8.301926612854004,8.020695700609524,10.31988525390625
8.310236930847168,8.020584037593965,10.354177474975586
8.337098121643066,8.04658125064868,10.37789535522461
8.343966484069824,8.07162413885817,10.325002670288086
8.344924926757812,8.00657265969286,10.355022430419922
8.35952091217041,8.033757849496656,10.360721588134766
8.28768253326416,7.9621204469086875,10.412263870239258
8.361689567565918,8.05542219709605,10.250675201416016
8.33840560913086,8.05248360033147,10.321823120117188
8.329496383666992,8.069697695085779,10.366195678710938
8.3349027633667,8.038160707768318,10.385194778442383
8.351052284240723,8.03733670066244,10.399975776672363
8.326169967651367,8.063748653811802,10.434403419494629
8.401045799255371,8.069617898070387,10.322843551635742
8.388182640075684,8.087111437560191,10.360544204711914
8.307722091674805,8.053055308326813,10.287636756896973
8.323163986206055,8.057615057199396,10.412254333496094
8.34105396270752,8.03955359371113,10.378379821777344
8.341691970825195,8.019523609063722,10.415596961975098
8.331121444702148,8.0193221939262,10.293901443481445
8.294811248779297,8.074520381267316,10.365423202514648
8.314329147338867,8.043953253954117,10.406720161437988
8.311532020568848,8.027295849751681,10.404206275939941
8.318095207214355,8.061636493075639,10.352697372436523
8.278543472290039,8.0431933522424,10.368195533752441
8.243953704833984,7.999858836576875,10.376176834106445
8.327790260314941,8.034833740210162,10.371173858642578
8.306924819946289,8.011736784595996,10.348539352416992
8.358652114868164,8.049070466675662,10.325352668762207
8.283003807067871,8.028999211432943,10.314023971557617
8.301003456115723,8.016404208660658,10.37524700164795
8.302094459533691,8.010209758732733,10.370351791381836
8.297157287597656,8.031595912961555,10.42237377166748
8.307133674621582,8.016635727037542,10.3689603805542
8.288125991821289,7.9631887311448475,10.373089790344238
8.269782066345215,7.959415481691914,10.439435958862305
8.289412498474121,8.007429799297825,10.357000350952148
8.287662506103516,8.015666064673235,10.41781234741211
8.27769660949707,7.99620985060132,10.368423461914062
8.33866024017334,8.037686074884341,10.28066635131836
8.284900665283203,7.962693700766456,10.360623359680176
8.324747085571289,8.049605012705019,10.293167114257812
8.308113098144531,8.045875548917268,10.352682113647461
8.282164573669434,8.01558246134248,10.228761672973633
8.275912284851074,8.03033879888244,10.302309036254883
8.318636894226074,8.075004352323178,10.37203598022461
8.249381065368652,7.976370001677425,10.409143447875977
8.318782806396484,8.053216820383177,10.396041870117188
8.25859546661377,8.025585949853328,10.520891189575195
8.310043334960938,8.010012544491994,10.419384002685547
8.297396659851074,8.025585141764687,10.357961654663086
8.329659461975098,8.090665600694981,10.297927856445312
8.289793968200684,7.994193558381605,10.427577018737793
8.277885437011719,8.041920142148488,10.28684139251709
8.324936866760254,8.035291259975306,10.377189636230469
8.257184982299805,8.004468876768701,10.329475402832031
8.257657051086426,8.009186560155024,10.381059646606445
8.252952575683594,8.02870358466836,10.361597061157227
8.235453605651855,8.007715728366747,10.39130973815918
8.270767211914062,7.9566324266405495,10.433000564575195
8.327561378479004,8.01596148119175,10.361649513244629
8.341208457946777,8.01721908275171,10.382163047790527
8.303589820861816,8.021356974994498,10.337242126464844
8.253515243530273,7.993709269778004,10.42168140411377
8.237239837646484,7.985140085985352,10.324984550476074
8.241532325744629,7.995643224134775,10.372036933898926
8.232283592224121,7.971005957374083,10.419328689575195
8.304832458496094,8.010973511197205,10.342378616333008
8.292141914367676,8.003675262044583,10.319343566894531
8.287409782409668,7.982392749050632,10.391366004943848
8.26295280456543,8.017442188026118,10.364652633666992
8.287151336669922,8.031910056181784,10.40080738067627
8.2887601852417,8.046666968647123,10.363629341125488
8.2470703125,7.970443420444749,10.412971496582031
8.277769088745117,7.993387507973239,10.452229499816895
8.294015884399414,7.99331216983098,10.284132957458496
8.268016815185547,8.000089345267043,10.338412284851074
8.2767972946167,8.007688091635437,10.404977798461914
8.249245643615723,7.991650706589489,10.31599235534668
8.234641075134277,8.02167753512705,10.321731567382812
8.193392753601074,7.9566863876368314,10.346020698547363
8.292487144470215,8.005003492713772,10.402969360351562
8.258544921875,7.977631056282137,10.336991310119629
8.247235298156738,7.9827415522387515,10.358354568481445
8.238770484924316,8.017616893963089,10.43370532989502
8.23084545135498,7.947879114587392,10.409743309020996
8.273155212402344,8.004545122684378,10.33366584777832
8.215193748474121,7.966505524669108,10.37816047668457
8.251466751098633,7.97970170208386,10.413928985595703
8.260926246643066,7.987605028652718,10.359735488891602
8.277596473693848,8.071393159484224,10.363298416137695
8.215073585510254,7.960156124218234,10.336670875549316
8.348447799682617,8.064476067300088,10.461409568786621
8.218668937683105,7.988005267190081,10.413246154785156
8.26009750366211,7.995283905882388,10.262908935546875
8.21371841430664,7.97326844015957,10.35400104522705
8.20799446105957,8.038488859210961,10.336128234863281
8.207080841064453,8.00484940316528,10.369505882263184
8.279021263122559,8.050770129675843,10.342016220092773
8.208683967590332,8.090307405052174,10.352142333984375
8.217499732971191,7.960100964809369,10.34754753112793
8.229080200195312,7.979130968318454,10.335577011108398
8.222112655639648,8.010031949828512,10.32168960571289
8.192276954650879,8.000304216685306,10.371920585632324
8.223112106323242,8.026012274436653,10.303709983825684
8.202563285827637,8.01625927960101,10.329355239868164
8.208935737609863,7.967102594773418,10.334091186523438
8.178945541381836,8.020323734730482,10.367305755615234
8.24923324584961,7.957810580930007,10.42122745513916
8.246448516845703,8.004703530309989,10.321451187133789
8.249284744262695,8.025062405105148,10.387495040893555
8.258545875549316,7.979305119486526,10.43834114074707
8.210291862487793,7.963853914157621,10.40546989440918
8.211934089660645,7.931599260806772,10.3682222366333
8.235310554504395,8.021027215257552,10.333160400390625
8.174490928649902,7.956849856169097,10.420190811157227
8.226452827453613,7.952591448024447,10.371417999267578
8.245695114135742,8.003831017097191,10.374321937561035
8.194263458251953,8.01470644120127,10.432353973388672
8.205283164978027,7.974798122687,10.330713272094727
8.213696479797363,7.977235340446766,10.428497314453125
8.213789939880371,7.940029809317951,10.32830810546875
8.273427963256836,8.005005832495433,10.356104850769043
8.2649564743042,8.00513686628879,10.33633041381836
8.210294723510742,7.977373693570761,10.34187126159668
8.249177932739258,8.029403417138383,10.422964096069336
8.216988563537598,7.994428594663208,10.315469741821289
8.193416595458984,7.946096338331699,10.320901870727539
8.226717948913574,8.012761432378154,10.390042304992676
8.219653129577637,8.003608510330585,10.325616836547852
8.167391777038574,7.988424523467463,10.329719543457031
8.19117259979248,7.976401498574497,10.285439491271973
8.227889060974121,7.980097469873726,10.3475341796875
8.165017127990723,7.973992499156989,10.29130744934082
8.226784706115723,8.022431850200519,10.394015312194824
8.172746658325195,7.954134594050369,10.304351806640625
8.195170402526855,7.999193899865661,10.355142593383789
8.243487358093262,8.03055273046318,10.318472862243652
8.153716087341309,7.980588427511975,10.337455749511719
8.21013355255127,7.98899691601816,10.3538818359375
8.11112117767334,7.968309532717934,10.406778335571289
8.143640518188477,7.963134292047471,10.380569458007812
8.179888725280762,7.990909530947517,10.409878730773926
8.162270545959473,7.956292355499629,10.30080509185791
8.199917793273926,7.939949749470023,10.28350830078125
8.204854965209961,7.966723377317457,10.317055702209473
8.199718475341797,7.9949048675064525,10.26657485961914
8.20126724243164,7.9670732752087385,10.334946632385254
8.151238441467285,7.948127957327025,10.28526496887207
8.158626556396484,7.9629112108876665,10.366544723510742
8.181315422058105,7.978593046344551,10.413135528564453
8.192625999450684,7.9729446134130875,10.381049156188965
8.167853355407715,7.981531214567699,10.381874084472656
8.167341232299805,7.951452963386796,10.35555648803711
8.165411949157715,7.984583161638252,10.41485595703125
8.188573837280273,8.002484015588248,10.430240631103516
8.192422866821289,8.00110656601776,10.359920501708984
8.198424339294434,7.963771533819714,10.31674575805664
8.17825698852539,7.941632532281801,10.377370834350586
8.198638916015625,7.98594770773447,10.382501602172852
8.176298141479492,7.967981518312756,10.41762924194336
8.162239074707031,7.978047003869766,10.39495849609375
8.181814193725586,8.030267967875782,10.405135154724121
8.161517143249512,7.959702717672501,10.337202072143555
8.142362594604492,7.958094841534538,10.460908889770508
8.154969215393066,7.99727822101808,10.338494300842285
8.169201850891113,7.985645528782957,10.373058319091797
8.131628036499023,7.966256896832159,10.296404838562012
8.161362648010254,8.027513295877725,10.326836585998535
8.161314010620117,8.008996055527989,10.357643127441406
8.083649635314941,7.925194824912718,10.351587295532227
8.204336166381836,7.998288613910389,10.317291259765625
8.122282028198242,7.959269486467486,10.462570190429688
8.1304292678833,7.919345955996375,10.35305118560791
8.09924030303955,7.940317474471936,10.279666900634766
8.14932918548584,7.989696412746396,10.40234661102295
8.1832275390625,7.982807673380844,10.41151237487793
8.134095191955566,7.926488866663671,10.387450218200684
8.119187355041504,7.9160072613241415,10.322779655456543
8.120070457458496,7.966242048290691,10.367988586425781
8.150420188903809,7.9317323777026365,10.319746017456055
8.12005615234375,7.9892528273298264,10.349357604980469
8.14471435546875,7.976994395389089,10.302520751953125
8.189268112182617,7.986687881539442,10.39045238494873
8.093842506408691,7.97512408701836,10.357595443725586
8.144791603088379,8.005218912681032,10.346929550170898
8.110180854797363,7.981393617976989,10.317133903503418
8.104978561401367,7.9837395513563285,10.368059158325195
8.11267375946045,8.002775603805535,10.394713401794434
8.186279296875,8.009196559266586,10.322284698486328
8.141989707946777,7.942041850549036,10.27341079711914
8.15229606628418,7.947911326973034,10.350030899047852
8.144678115844727,7.9493305281336815,10.370630264282227
8.135509490966797,7.951425246960883,10.312348365783691
8.101544380187988,7.929498580982909,10.432764053344727
8.139066696166992,7.976812447121899,10.37491226196289
8.192421913146973,7.972593361378781,10.34447193145752
8.168174743652344,7.960105281722333,10.292551040649414
8.135961532592773,7.958656439657456,10.415735244750977
8.150425910949707,7.895684444944242,10.354207038879395
8.169525146484375,8.048415597661265,10.368701934814453
8.078500747680664,7.9971841729046504,10.34703540802002
8.122945785522461,7.947286273386063,10.361425399780273
8.137544631958008,7.968868852626266,10.302867889404297
8.10039234161377,7.926292256019743,10.347805976867676
8.152464866638184,7.936593617013256,10.314850807189941
8.109152793884277,7.933184380676332,10.331413269042969
8.108558654785156,7.919998260880156,10.356685638427734
8.146941184997559,7.961307466761875,10.360886573791504
8.11397647857666,7.992249311147523,10.415655136108398
8.17664909362793,7.9873311126139015,10.368013381958008
8.157835960388184,7.961848542892508,10.395299911499023
8.053277969360352,7.896998705408935,10.394119262695312
8.113784790039062,7.958924301833447,10.290038108825684
8.104351043701172,7.959084355937583,10.364725112915039
8.09201431274414,7.973011766959514,10.228185653686523
8.105911254882812,7.9706027154877255,10.332098960876465
8.10741138458252,7.977519510979099,10.334024429321289
8.07321834564209,7.93150775038105,10.349079132080078
8.112915992736816,7.913924389219443,10.382203102111816
8.12952709197998,7.9364500692047715,10.362991333007812
8.159836769104004,8.01475198247603,10.409741401672363
8.073057174682617,7.962372234390516,10.414826393127441
8.066120147705078,7.927361844739478,10.321420669555664
8.06077766418457,7.872277107522157,10.292540550231934
8.082442283630371,7.910166111042989,10.389303207397461
8.08262825012207,7.917673468057598,10.342598915100098
8.070500373840332,7.883104093040206,10.30193042755127
8.084957122802734,7.962554473396657,10.2991361618042
8.045909881591797,7.940530230889895,10.30239200592041
8.084571838378906,7.900653863791376,10.255033493041992
8.067244529724121,7.953190571196112,10.285652160644531
8.067987442016602,7.957588955227818,10.400697708129883
8.113957405090332,7.934115482161619,10.29405689239502
8.074819564819336,7.878395664139783,10.37037467956543
8.109808921813965,7.946174372686073,10.290468215942383
8.104701042175293,7.94901622888366,10.38905143737793
8.120848655700684,7.944140013274071,10.218855857849121
8.074784278869629,7.91861316804508,10.283158302307129
8.074752807617188,7.910221990364205,10.217507362365723
8.051673889160156,7.8735204549572835,10.261131286621094
8.0680513381958,7.960625774027514,10.373441696166992
8.08852481842041,7.945719702368868,10.311779022216797
8.07603645324707,7.938803039092039,10.356473922729492
8.057890892028809,7.944326189679226,10.374517440795898
8.058578491210938,7.895413423422724,10.37773609161377
8.080930709838867,7.8930248410241415,10.310685157775879
8.058879852294922,7.900345709540748,10.293067932128906
7.9955315589904785,7.9162084799526,10.384180068969727
8.0709867477417,7.923277688844662,10.388683319091797
8.081812858581543,7.959795855218545,10.359623908996582
8.056084632873535,7.952187578293628,10.37027645111084
8.031488418579102,7.924179121752136,10.383838653564453
8.047439575195312,7.929990632326475,10.33438777923584
8.09663200378418,7.9171126775909215,10.282320976257324
8.0535888671875,7.917016249682222,10.281190872192383
8.085897445678711,7.992129295365885,10.322531700134277
8.044144630432129,7.882499249585505,10.34130859375
8.065754890441895,7.917859054170548,10.454792976379395
8.016779899597168,7.906752386529531,10.340899467468262
8.064594268798828,7.939266772774448,10.285844802856445
8.016111373901367,7.865803751163185,10.380298614501953
8.053321838378906,7.914647107345185,10.332240104675293
8.02501106262207,7.898641917788024,10.314074516296387
8.060620307922363,7.904191274728094,10.378077507019043
8.05130386352539,7.926858814433217,10.360370635986328
8.012701988220215,7.839793064564999,10.288686752319336
8.002191543579102,7.9080661827964445,10.303065299987793
8.030217170715332,7.937055626518226,10.356500625610352
8.037165641784668,7.8959647769640595,10.395333290100098
8.0338716506958,7.925476946202771,10.33366584777832
8.038724899291992,7.903296478458547,10.307008743286133
7.990408897399902,7.862322451713096,10.404833793640137
8.016433715820312,7.909751570317894,10.337760925292969
8.043875694274902,7.959830726197522,10.390146255493164
8.002511024475098,7.886205091373995,10.42382526397705
8.056441307067871,7.936692867361542,10.383466720581055
8.028234481811523,7.90709744776333,10.37055778503418
8.019951820373535,7.932124078939003,10.288765907287598
8.037558555603027,7.884083544768925,10.276480674743652
8.017145156860352,7.89632475066797,10.340983390808105
8.054739952087402,7.889124171642054,10.369485855102539
7.985523700714111,7.896595623410706,10.33295726776123
8.030959129333496,7.886247235283787,10.323782920837402
8.0089750289917,7.854665750870481,10.234723091125488
8.017255783081055,7.891632064910871,10.373400688171387
7.996649742126465,7.8960402254680435,10.364890098571777
7.999492168426514,7.85521652742422,10.389931678771973
8.083654403686523,7.956916526126276,10.359159469604492
7.979729652404785,7.869483751510935,10.316585540771484
8.042158126831055,7.911325796839914,10.357940673828125
8.00391960144043,7.912920167337039,10.297367095947266
8.009407043457031,7.922936650159369,10.423654556274414
8.040913581848145,7.895312547949808,10.4476900100708
8.066137313842773,7.955729522043839,10.361543655395508
7.991830348968506,7.851400861915733,10.391053199768066
7.97801399230957,7.8376576920439085,10.347488403320312
8.090456008911133,7.948220170668459,10.311700820922852
8.025453567504883,7.895317567379347,10.445701599121094
7.982619285583496,7.895640960029725,10.31425666809082
7.995571613311768,7.873148876209078,10.382583618164062
8.005838394165039,7.913597397406452,10.347143173217773
8.037323951721191,7.909391438954377,10.411051750183105
7.996845722198486,7.8792915066171965,10.25448989868164
7.960594654083252,7.849728019741763,10.29977798461914
7.988635063171387,7.882622989260458,10.356355667114258
7.995526313781738,7.877507557726598,10.368123054504395
7.960763454437256,7.872254106681794,10.32909107208252
8.049064636230469,7.87793308579629,10.342894554138184
7.99965763092041,7.89550580766185,10.21734619140625
7.9881792068481445,7.872710709227249,10.416864395141602
7.94476318359375,7.862181955083672,10.290170669555664
7.927716255187988,7.826771761822912,10.37486743927002
7.9992289543151855,7.916943129684244,10.216526985168457
7.997064113616943,7.879303627747244,10.299951553344727
7.969662666320801,7.861514197695733,10.292376518249512
8.0364990234375,7.876503491674417,10.32658576965332
7.963156700134277,7.8735533970009,10.287792205810547
8.030043601989746,7.905831000900694,10.335127830505371
7.958533763885498,7.853864770415904,10.316843032836914
7.984546184539795,7.881832139200663,10.268634796142578
7.993747234344482,7.920458344143949,10.257990837097168
7.939578533172607,7.844329581063772,10.263354301452637
7.975071907043457,7.913753968297637,10.32827091217041
7.952249050140381,7.877008261192325,10.352880477905273
7.990616321563721,7.904982975151922,10.27875804901123
7.992408275604248,7.855372867613498,10.386683464050293
7.963157653808594,7.868324919404197,10.19970703125
7.94956111907959,7.883755854530525,10.394331932067871
7.939980983734131,7.83788364094549,10.276094436645508
7.965557098388672,7.8637043609217345,10.311664581298828
7.968698501586914,7.842737530358136,10.242437362670898
7.977640151977539,7.8771529996967224,10.297358512878418
7.9808478355407715,7.885060252788079,10.403694152832031
8.006607055664062,7.872066095038981,10.369295120239258
7.939962387084961,7.865574812317,10.293688774108887
7.9521636962890625,7.847642860841006,10.358978271484375
7.935168266296387,7.859885642970246,10.307021141052246
7.916296482086182,7.825650864812944,10.364002227783203
7.944277763366699,7.8792254810687155,10.300215721130371
7.92853307723999,7.812001809810422,10.328481674194336
7.991197109222412,7.893014098118458,10.307302474975586
7.938137054443359,7.881236821945224,10.372180938720703
7.981955528259277,7.942236730429743,10.248882293701172
7.936016082763672,7.857876473405797,10.40241813659668
7.956763744354248,7.840527293139271,10.301501274108887
7.948552131652832,7.857074326835573,10.2317533493042
7.957732677459717,7.859981670643071,10.305671691894531
7.904564380645752,7.8739060204076985,10.266692161560059
7.909206867218018,7.825817936432681,10.244247436523438
7.906473159790039,7.833015806074918,10.327542304992676
7.922590255737305,7.8101599086408635,10.382196426391602
7.899905681610107,7.812075228463593,10.323200225830078
7.95708703994751,7.831141838903671,10.303584098815918
7.929803848266602,7.826190999675809,10.34906005859375
7.92358922958374,7.898519228511889,10.225854873657227
7.927811145782471,7.868894534484883,10.324673652648926
8.013079643249512,7.944969228269266,10.257615089416504
7.9241180419921875,7.784191954847691,10.381492614746094
7.923642635345459,7.839941901587216,10.321797370910645
7.903094291687012,7.868627015800615,10.308907508850098
7.8944854736328125,7.840341667045972,10.322525024414062
7.891326904296875,7.821450390653419,10.17950439453125
7.915997505187988,7.851934372780047,10.354876518249512
7.9214067459106445,7.882057614092316,10.353557586669922
7.95631742477417,7.855772379320114,10.285806655883789
7.876467704772949,7.863630020990968,10.289453506469727
7.93203592300415,7.835813518380747,10.25067138671875
7.911722660064697,7.770862667555256,10.344868659973145
7.907088279724121,7.838687706306311,10.365246772766113
7.90024995803833,7.857962052803487,10.251220703125
7.86691427230835,7.81592635018751,10.311073303222656
7.884535789489746,7.765169122722,10.245296478271484
7.862473487854004,7.774312855875385,10.30925464630127
7.852607250213623,7.7842474109493205,10.336457252502441
7.930789947509766,7.901049324145009,10.278470993041992
7.8964104652404785,7.82076442597567,10.307709693908691
7.905666351318359,7.817652444055836,10.236536026000977
7.861494064331055,7.8157406949903825,10.34964370727539
7.889225006103516,7.831587180295694,10.313400268554688
7.8962626457214355,7.84209266461299,10.31045913696289
7.9013142585754395,7.816756509909672,10.329730987548828
7.915437698364258,7.887156055076048,10.324028968811035
7.863874912261963,7.772205029481223,10.259033203125
7.888064384460449,7.799347379278125,10.263071060180664
7.877368927001953,7.790680041370381,10.248321533203125
7.896941661834717,7.819852555137395,10.386467933654785
7.928115367889404,7.8291269852779815,10.281513214111328
7.8663225173950195,7.8460416787836165,10.330924987792969
7.866478443145752,7.84985858910451,10.318582534790039
7.888702869415283,7.824025201577959,10.313453674316406
7.848077297210693,7.788075221502888,10.328813552856445
7.856416702270508,7.774717941846966,10.284870147705078
7.910821437835693,7.8114264855893065,10.285776138305664
7.916421413421631,7.841273075634881,10.298325538635254
7.894351005554199,7.782741559303498,10.246137619018555
7.8873748779296875,7.813565174749653,10.266946792602539
7.867887020111084,7.845328689153706,10.284404754638672
7.853326320648193,7.8462660984202675,10.267934799194336
7.854694366455078,7.791251949400508,10.247506141662598
7.872807502746582,7.816671060764097,10.316084861755371
7.832922458648682,7.809902089082504,10.25212287902832
7.874928951263428,7.763620933717382,10.290081024169922
7.829855442047119,7.773482072133837,10.294675827026367
7.850354194641113,7.772477321858918,10.249775886535645
7.854326248168945,7.833224007028289,10.151605606079102
7.835485935211182,7.799030902562663,10.27340316772461
7.8563032150268555,7.784969968721271,10.22840690612793
7.882116317749023,7.770857646994825,10.226759910583496
7.869429111480713,7.81971265415528,10.290651321411133
7.820150852203369,7.779656057013199,10.304205894470215
7.867226600646973,7.807370661890934,10.263296127319336
7.837473392486572,7.784258872969076,10.277409553527832
7.828096866607666,7.778936636002203,10.2396240234375
7.834036827087402,7.774238330445119,10.222156524658203
7.877488136291504,7.814983335257108,10.270421981811523
7.8358540534973145,7.8184621924800535,10.284645080566406
7.8150811195373535,7.788551200746691,10.295101165771484
7.828219413757324,7.795803931109341,10.284560203552246
7.832324981689453,7.777885717073722,10.323073387145996
7.839636325836182,7.775820386030579,10.196283340454102
7.850950717926025,7.80196226607742,10.275834083557129
7.860805511474609,7.747891669327926,10.259356498718262
7.8405022621154785,7.77102168759198,10.28111457824707
7.81118631362915,7.753386089245655,10.268290519714355
7.8270344734191895,7.792634727067448,10.307255744934082
7.8581109046936035,7.76504603567134,10.27964973449707
7.838876724243164,7.762014851971928,10.31888198852539
7.860963821411133,7.743095374533109,10.29179573059082
7.822852611541748,7.706242039433813,10.22957706451416
7.828509330749512,7.775921918684618,10.222356796264648
7.823307037353516,7.784203481261751,10.313907623291016
7.855535984039307,7.781819228980957,10.211113929748535
7.839115619659424,7.75024382427468,10.281122207641602
7.820572853088379,7.73984309655082,10.279794692993164
7.812923908233643,7.779297955733325,10.257871627807617
7.797175884246826,7.775278790787395,10.25512981414795
7.77805233001709,7.768414268536227,10.279138565063477
7.8145060539245605,7.770712398524795,10.260824203491211
7.81757116317749,7.802383677002841,10.396105766296387
7.804141044616699,7.733005209060918,10.220118522644043
7.804055690765381,7.754571036834801,10.206655502319336
7.796537399291992,7.718381910584867,10.292364120483398
7.818820476531982,7.792132208689249,10.302690505981445
7.780646800994873,7.74573617707938,10.285856246948242
7.820498466491699,7.7609747642917295,10.355072021484375
7.797720909118652,7.74613005122436,10.247536659240723
7.809446811676025,7.766166826277705,10.190275192260742
7.7789740562438965,7.7057973375943085,10.318050384521484
7.804879188537598,7.735251387514706,10.250347137451172
7.820159912109375,7.734743105480447,10.239124298095703
7.824545860290527,7.8013265744250795,10.337778091430664
7.736401081085205,7.693922144061487,10.21772575378418
7.80351448059082,7.7191673025954515,10.203934669494629
7.783138275146484,7.75983929607485,10.258655548095703
7.816548824310303,7.7397859005390535,10.22697639465332
7.782103538513184,7.733802715815338,10.178119659423828
7.791349411010742,7.7328237903503965,10.232600212097168
7.746570587158203,7.714267401357315,10.259756088256836
7.7761993408203125,7.719868811712201,10.291824340820312
7.7413177490234375,7.720022046206785,10.230786323547363
7.75919246673584,7.7432531551790555,10.303672790527344
7.8050031661987305,7.79961798007467,10.207390785217285
7.754608154296875,7.7147322515624435,10.12830924987793
7.771517753601074,7.697036800440401,10.17275333404541
7.756114482879639,7.731231845582703,10.249458312988281
7.779730796813965,7.716195288180773,10.214754104614258
7.773452281951904,7.756645395254184,10.231314659118652
7.781518459320068,7.757210395664774,10.232780456542969
7.785046577453613,7.753059288486838,10.189327239990234
7.762504577636719,7.7173736564748525,10.276543617248535
7.797581672668457,7.700852158246562,10.235050201416016
7.7754130363464355,7.717729271821943,10.211676597595215
7.768954753875732,7.727166038705036,10.157915115356445
7.753030300140381,7.703545680369384,10.144678115844727
7.747227191925049,7.739594306929835,10.15483283996582
7.714841842651367,7.671459009538271,10.303221702575684
7.759972095489502,7.686846778395452,10.223124504089355
7.756497383117676,7.740001059702731,10.224325180053711
7.752317905426025,7.699803380827818,10.195489883422852
7.760240077972412,7.749211308978764,10.191274642944336
7.771100997924805,7.747032191803945,10.206257820129395
7.717766284942627,7.684273191727699,10.221519470214844
7.776061534881592,7.716633607666673,10.316722869873047
7.7421183586120605,7.673843703265966,10.255375862121582
7.729619979858398,7.662170850971181,10.216107368469238
7.674526691436768,7.661184714009452,10.189708709716797
7.749614715576172,7.7019958251621565,10.228458404541016
7.700722694396973,7.6768140982769975,10.206514358520508
7.724883079528809,7.6495311396263,10.144227027893066
7.713703155517578,7.67634057972048,10.200079917907715
7.70277738571167,7.701934117158609,10.177921295166016
7.720337867736816,7.6871063239938975,10.191570281982422
7.7108564376831055,7.716650315893015,10.124610900878906
7.727367401123047,7.713810260008489,10.09508991241455
7.7383952140808105,7.67695192417263,10.20138168334961
7.754908084869385,7.674349255693545,10.173154830932617
7.721731662750244,7.707312336258058,10.18099308013916
7.71483039855957,7.691611869493499,10.179563522338867
7.709668159484863,7.676977125295837,10.251498222351074
7.720446586608887,7.697372419726369,10.244271278381348
7.734012126922607,7.682775443652644,10.13520336151123
7.665796756744385,7.68035662749649,10.155661582946777
7.711305618286133,7.693179780118434,10.243936538696289
7.67716121673584,7.647419183082612,10.260896682739258
7.701879024505615,7.631087518995628,10.211532592773438
7.6656670570373535,7.646496916755236,10.260948181152344
7.704106330871582,7.690979237402124,10.248563766479492
7.719123363494873,7.688299164475341,10.309892654418945
7.728422164916992,7.658174449844019,10.2366361618042
7.687901020050049,7.672034736822493,10.201501846313477
7.6776604652404785,7.674257693213543,10.271577835083008
7.654670715332031,7.672820980161696,10.173699378967285
7.683969974517822,7.625040678274153,10.093650817871094
7.668473720550537,7.692891588201746,10.158355712890625
7.6836628913879395,7.654662779066711,10.284381866455078
7.656789302825928,7.656433335937826,10.152261734008789
7.683311939239502,7.686310249147938,10.168550491333008
7.668219089508057,7.675381882515337,10.199904441833496
7.678127765655518,7.6430947264057725,10.17770767211914
7.650313854217529,7.607621754885518,10.134523391723633
7.6701154708862305,7.671885116591252,10.18826961517334
7.721518516540527,7.646767822559922,10.186326026916504
7.696660041809082,7.6111827630749245,10.081409454345703
7.710130214691162,7.677798332081043,10.195747375488281
7.648313999176025,7.643366629357582,10.2111234664917
7.6800618171691895,7.659194478798392,10.215618133544922
7.690014839172363,7.600065826637936,10.222566604614258
7.671922206878662,7.651882031367027,10.20134162902832
7.638265132904053,7.624129351294998,10.199027061462402
7.664793014526367,7.618533076385834,10.160727500915527
7.6889166831970215,7.654999123354044,10.210214614868164
7.665328025817871,7.6860294335056105,10.212669372558594
7.666201114654541,7.62215109209397,10.157042503356934
7.647590637207031,7.605544825051247,10.179899215698242
7.667080879211426,7.63862192155128,10.214364051818848
7.662134647369385,7.600482329593174,10.102822303771973
7.66799259185791,7.624094291423846,10.26136302947998
7.653289318084717,7.644728648709133,10.195209503173828
7.624035835266113,7.616721326684845,10.171159744262695
7.637303352355957,7.622440762684814,10.145727157592773
7.6483283042907715,7.62598810354913,10.220779418945312
7.651730537414551,7.646962352729003,10.197891235351562
7.656486988067627,7.561858476505483,10.115142822265625
7.6291961669921875,7.6073067440717885,10.189118385314941
7.628441333770752,7.590778331937534,10.25363540649414
7.632906913757324,7.5980862277626455,10.2084379196167
7.623100280761719,7.630834408137681,10.175298690795898
7.624264717102051,7.622971168819016,10.178628921508789
7.593156814575195,7.611596314502614,10.148995399475098
7.598769664764404,7.5715144847054034,10.122014999389648
7.600934028625488,7.5809327103197575,10.169082641601562
7.585517406463623,7.599579782524545,10.181314468383789
7.6371002197265625,7.637783483103184,10.090014457702637
7.6050004959106445,7.571360104750575,10.199886322021484
7.630428791046143,7.609801948403142,10.18852424621582
7.558643341064453,7.558892933917897,10.170916557312012
7.617654800415039,7.586904473203634,10.201505661010742
7.654721736907959,7.591817994701809,10.196393013000488
7.612425327301025,7.615852823647271,10.156440734863281
7.625967502593994,7.617137848432841,10.212480545043945
7.599636077880859,7.570106757372351,10.252168655395508
7.5725884437561035,7.528134864389099,10.175901412963867
7.643377304077148,7.61416279221885,10.17921257019043
7.5873918533325195,7.62535607947835,10.162630081176758
7.582746505737305,7.596283428204645,10.13111686706543
7.596796989440918,7.596043742627704,10.199823379516602
7.573040962219238,7.539612051398892,10.216079711914062
7.597001075744629,7.562971234088764,10.14538288116455
7.591035842895508,7.545640895375982,10.172788619995117
7.540955543518066,7.528446654656104,10.204471588134766
7.611029624938965,7.581645565340295,10.219287872314453
7.550506591796875,7.543199273591329,10.158111572265625
7.550873279571533,7.59014675862688,10.17660140991211
7.554609298706055,7.588502530208123,10.16893196105957
7.546505928039551,7.555175422956901,10.13401985168457
7.5775933265686035,7.558795491732392,10.217679977416992
7.544836044311523,7.53436552210977,10.255156517028809
7.576944828033447,7.579333368688822,10.15711498260498
7.592689514160156,7.608882824590961,10.249457359313965
7.550409317016602,7.5654237414045,10.194635391235352
7.5561699867248535,7.564269827445969,10.157486915588379
7.600282192230225,7.53975499920281,10.223831176757812
7.509976863861084,7.532891666383615,10.16382122039795
7.584334373474121,7.573469188197382,10.16619873046875
7.545713424682617,7.568801826597857,10.16195011138916
7.571190357208252,7.569300045591913,10.153533935546875
7.576179504394531,7.558567515873749,10.26926040649414
7.567712783813477,7.5476836600740045,10.121378898620605
7.565054893493652,7.5103719703454,10.208595275878906
7.56870174407959,7.6002295663181165,10.200182914733887
7.5488362312316895,7.576384732699289,10.139425277709961
7.555726528167725,7.564924618661669,10.254497528076172
7.548874378204346,7.523967520500134,10.210850715637207
7.521426677703857,7.518532758645181,10.261881828308105
7.5244317054748535,7.518642725589285,10.169675827026367
7.5766777992248535,7.544982471536578,10.216796875
7.51878023147583,7.544795001158492,10.164999008178711
7.5489349365234375,7.598074074003048,10.229194641113281
7.5255842208862305,7.49298962854248,10.1349515914917
7.506586074829102,7.51753664046659,10.074220657348633
7.520445823669434,7.559599286876619,10.151957511901855
7.531026363372803,7.5182483658593675,10.151355743408203
7.527346134185791,7.538683780735093,10.184370040893555
7.504931449890137,7.561601094302854,10.154289245605469
7.548173427581787,7.515857330689738,10.226884841918945
7.530995845794678,7.545421290510734,10.209636688232422
7.472749710083008,7.514825182734057,10.167607307434082
7.51665735244751,7.523484369041398,10.10550594329834
7.526584148406982,7.529322815659855,10.203246116638184
7.4899516105651855,7.484837428733174,10.185266494750977
7.492187976837158,7.4879103348523905,10.200592041015625
7.505501747131348,7.477702441359204,10.177423477172852
7.470728397369385,7.532266101766644,10.214608192443848
7.480358123779297,7.496727463390146,10.053074836730957
7.518596172332764,7.513342783387218,10.098255157470703
7.485444068908691,7.485802550534052,10.157386779785156
7.499855995178223,7.524919153390718,10.094491958618164
7.473464012145996,7.479413947456384,10.110466003417969
7.472779273986816,7.497962736258549,10.215068817138672
7.462733268737793,7.461246446606571,10.222672462463379
7.479055881500244,7.4887214637960176,10.19672966003418
7.463842391967773,7.467410619503685,10.150897979736328
7.48643159866333,7.490150855355232,10.18258285522461
7.471345901489258,7.480447087004514,10.178206443786621
7.476681232452393,7.49942913095999,10.275262832641602
7.458926677703857,7.459501601489527,10.215946197509766
7.447803020477295,7.431977041597877,10.142465591430664
7.484296798706055,7.506569140690512,10.18160629272461
7.441630840301514,7.487573890015483,10.149002075195312
7.483964443206787,7.483728663929338,10.282052993774414
7.4212446212768555,7.436469730122813,10.236055374145508
7.442830562591553,7.450659393266375,10.148173332214355
7.442263126373291,7.459800470919746,10.10741901397705
7.4322190284729,7.46484118886292,10.11935806274414
7.45336389541626,7.443047993350774,10.170249938964844
7.474323272705078,7.48970099348974,10.150908470153809
7.442287445068359,7.480336858458551,10.220417022705078
7.448810577392578,7.4730755514797895,10.189138412475586
7.428410530090332,7.450084372589897,10.191179275512695
7.464789867401123,7.503060615821076,10.198134422302246
7.464934349060059,7.451375279442541,10.150568008422852
7.469449520111084,7.4636859823949635,10.143256187438965
7.444867134094238,7.481727762147784,10.243597984313965
7.419079780578613,7.422186595154925,10.187732696533203
7.4131669998168945,7.413591055598642,10.111675262451172
7.453154563903809,7.455337036267988,10.137137413024902
7.4575934410095215,7.471418375581768,10.189926147460938
7.427056789398193,7.41678715753369,10.198192596435547
7.446523666381836,7.469240529263126,10.190183639526367
7.4546003341674805,7.480066118795158,10.200453758239746
7.448789119720459,7.478542552662214,10.120386123657227
7.416491508483887,7.445605528041987,10.205988883972168
7.393146991729736,7.43458356312476,10.207060813903809
7.4201226234436035,7.44799636314357,10.197973251342773
7.434883117675781,7.503833648715435,10.161067008972168
7.3979058265686035,7.425917430581259,10.263603210449219
7.440577983856201,7.465667142233412,10.160100936889648
7.38754415512085,7.422979473535504,10.176092147827148
7.438559532165527,7.475774484886122,10.106775283813477
7.391702175140381,7.427459663046258,10.057079315185547
7.4010210037231445,7.43938999090876,10.163244247436523
7.432150363922119,7.446544658958114,10.175540924072266
7.390896320343018,7.413877216433841,10.234471321105957
7.3985748291015625,7.442183134778004,10.136974334716797
7.301448822021484,7.392710663744117,10.175736427307129
7.38118314743042,7.439368140650913,10.059846878051758
7.382928848266602,7.413746327028743,10.211000442504883
7.378289699554443,7.40453433168919,10.090304374694824
7.408634662628174,7.436180331511423,10.123506546020508
7.391605854034424,7.414745868416503,10.21464729309082
7.382892608642578,7.455849902704358,10.093082427978516
7.40401029586792,7.447665265528485,10.173358917236328
7.3891730308532715,7.382924200401509,10.214006423950195
7.401918411254883,7.397035869603444,10.161849975585938
7.343931198120117,7.442649884914448,10.086063385009766
7.369581699371338,7.45329772468124,10.10280704498291
7.3831658363342285,7.428892021666149,10.155500411987305
7.356087684631348,7.378157231191704,10.08938217163086
7.392605304718018,7.444332360256729,10.148605346679688
7.359282493591309,7.403979530391682,10.130829811096191
7.339627265930176,7.373608749792246,10.144817352294922
7.347885608673096,7.3845348185527016,10.165685653686523
7.370070934295654,7.430208974451359,10.064355850219727
7.33571195602417,7.381398967700079,10.153425216674805
7.366617679595947,7.405662785117913,10.080760955810547
7.341431140899658,7.392634634028322,10.199546813964844
7.319479465484619,7.392548565719542,10.18152141571045
7.362351417541504,7.434561581783263,10.133077621459961
7.337985992431641,7.367210649519361,10.133927345275879
7.338072776794434,7.349225917930847,10.147178649902344
7.343744277954102,7.393579970014148,10.158282279968262
7.336967468261719,7.3643130876589575,10.173099517822266
7.3211870193481445,7.4002579244053255,10.117372512817383
7.33347225189209,7.384926315629854,10.10477066040039
7.314415454864502,7.3552392786036105,10.17304515838623
7.303443908691406,7.377940215536261,10.255167007446289
7.313230514526367,7.357861443156643,10.173280715942383
7.333791255950928,7.374548654837001,10.251350402832031
7.376623630523682,7.388574984955733,10.165483474731445
7.305545330047607,7.3063033740368795,10.105731964111328
7.316023826599121,7.34937486837485,10.204052925109863
7.299281597137451,7.400429736590013,10.139846801757812
7.276140213012695,7.313095135414706,10.166586875915527
7.276639461517334,7.36230069222594,10.101988792419434
7.292699813842773,7.306777018920651,10.158025741577148
7.292909145355225,7.28973450970703,10.15340518951416
7.279668807983398,7.318598921610308,10.139653205871582
7.263293743133545,7.3562458658457865,10.149749755859375
7.286038875579834,7.31758947261343,10.146788597106934
7.2853288650512695,7.376668682022553,10.172134399414062
7.280030727386475,7.356093689832571,10.133720397949219
7.270893573760986,7.3552035116257946,10.084229469299316
7.270298004150391,7.338400520750188,10.167522430419922
7.261900424957275,7.310020062207643,10.176779747009277
7.3020830154418945,7.332263354710968,10.169328689575195
7.2769365310668945,7.322584210961525,10.159605979919434
7.2428388595581055,7.32388525389667,10.117862701416016
7.298618316650391,7.360217310355178,10.120906829833984
7.266380310058594,7.317768263996446,10.16506290435791
7.246931076049805,7.328476555379373,10.15894889831543
7.23232889175415,7.332070158395384,10.251498222351074
7.279921054840088,7.369633610027709,10.162357330322266
7.252706527709961,7.28876868811702,10.184320449829102
7.242265701293945,7.301709108353991,10.158340454101562
7.265948295593262,7.324545319092326,10.214666366577148
7.262854099273682,7.318700459552929,10.174927711486816
7.2480082511901855,7.338676021667198,10.183849334716797
7.257344722747803,7.337440703463341,10.152305603027344
7.248880863189697,7.32170381706341,10.0565185546875
7.288622856140137,7.32592526138095,10.190692901611328
7.241892337799072,7.318175156999912,10.086684226989746
7.245588302612305,7.32959106986943,10.162847518920898
7.252542018890381,7.306228753911065,10.168149948120117
7.2484235763549805,7.304466023276161,10.143980979919434
7.253444194793701,7.334301107430033,10.128119468688965
7.255977630615234,7.308712494559586,10.17403793334961
7.183290481567383,7.286369782406837,10.199499130249023
7.231593608856201,7.328802728027638,10.210579872131348
7.194337368011475,7.273472585316215,10.210343360900879
7.213479042053223,7.296801639088828,10.157305717468262
7.242799758911133,7.310749405895226,10.202900886535645
7.188626289367676,7.286805852416105,10.205646514892578
7.199136734008789,7.292321675157707,10.150348663330078
7.215095043182373,7.294897593424787,10.225141525268555
7.226747512817383,7.30989298703415,10.156397819519043
7.239163398742676,7.315276839271454,10.156070709228516
7.229526996612549,7.280530275510889,10.176170349121094
7.212216377258301,7.3226753259742905,10.095845222473145
7.218714714050293,7.313841023116506,10.19751262664795
7.195380210876465,7.255848857341335,10.22738265991211
7.208256721496582,7.274597068683111,10.198341369628906
7.219357967376709,7.297970584793282,10.097760200500488
7.224983215332031,7.287388445909269,10.11148738861084
7.19923734664917,7.285270617110655,10.246395111083984
7.1724138259887695,7.289962811462049,10.148598670959473
7.178552627563477,7.246337988912793,10.109333992004395
7.174001693725586,7.2745886030606925,10.074180603027344
7.166924953460693,7.268332398197215,10.168413162231445
7.18093729019165,7.225239398789459,10.168741226196289
7.153946399688721,7.267511088301296,10.173121452331543
7.176939487457275,7.255052088560271,10.149436950683594
7.173633098602295,7.269212109003483,10.159055709838867
7.17729377746582,7.259734536155259,10.155532836914062
7.173947811126709,7.2494956238993575,10.076186180114746
7.187369346618652,7.2811625175444155,10.146448135375977
7.153210639953613,7.263554594213408,10.105266571044922
7.180182933807373,7.288678991009613,10.216670989990234
7.184539794921875,7.244765248482248,10.073566436767578
7.171566009521484,7.247902314677568,10.178840637207031
7.166281223297119,7.271354210130603,10.221485137939453
7.134908676147461,7.213996823344912,10.12110424041748
7.147867202758789,7.2290187896828035,10.142400741577148
7.156985282897949,7.244743161801515,10.144439697265625
7.15402889251709,7.258718064986169,10.178832054138184
7.145537853240967,7.210289531121298,10.167462348937988
7.151946067810059,7.242607039732061,10.099458694458008
7.1441545486450195,7.243229372094252,10.175727844238281
7.164543151855469,7.2663610711627244,10.203251838684082
7.1207685470581055,7.217424569052777,10.200871467590332
7.126756191253662,7.236983170899163,10.265276908874512
7.1539764404296875,7.256837434135377,10.14671516418457
7.1194071769714355,7.242434959659087,10.121066093444824
7.1349592208862305,7.215575563821144,10.182374954223633
7.119650363922119,7.263862081637074,10.18910026550293
7.128590106964111,7.198847914380686,10.21009635925293
7.117712497711182,7.216246694991632,10.199141502380371
7.086613655090332,7.220192852130692,10.176660537719727
7.112884521484375,7.220325923158919,10.111055374145508
7.1297926902771,7.257875380704977,10.087539672851562
7.136120319366455,7.222267097760258,10.225919723510742
7.085840702056885,7.178691465474133,10.147751808166504
7.058004856109619,7.166521056887827,10.224864959716797
7.122471332550049,7.212757845874876,10.196255683898926
7.094580173492432,7.22644256381318,10.251861572265625
7.074813365936279,7.204349545628897,10.143501281738281
7.082464694976807,7.207842289070998,10.246450424194336
7.135339736938477,7.253694009634533,10.1677827835083
7.118249893188477,7.1826142490442315,10.155467987060547
7.110477924346924,7.183731153407798,10.155933380126953
7.074236869812012,7.211047481213297,10.279867172241211
7.099792003631592,7.219008899559932,10.135469436645508
7.084278106689453,7.197265364063371,10.117608070373535
7.057232856750488,7.185123996742602,10.15378475189209
7.082031726837158,7.199430647705283,10.12364673614502
7.038420677185059,7.198690417887908,10.133585929870605
7.079071998596191,7.242991572744878,10.206311225891113
7.050644397735596,7.208176567551813,10.252500534057617
7.069143295288086,7.2142125046812,10.213971138000488
7.075928688049316,7.189111425873956,10.187625885009766
7.074912071228027,7.2285364824014575,10.207608222961426
7.068762302398682,7.170989779356335,10.174837112426758
7.076713562011719,7.135164052447571,10.179106712341309
7.067216873168945,7.187183999755819,10.130526542663574
7.04914665222168,7.18157588091812,10.24348258972168
7.064761638641357,7.177381548830972,10.116769790649414
7.08809757232666,7.1397500143918595,10.183504104614258
7.077057361602783,7.194999795673149,10.150176048278809
7.042234897613525,7.150048601973269,10.162700653076172
7.030323028564453,7.197277650370129,10.181998252868652
7.017128944396973,7.174971562011965,10.133628845214844
7.06058931350708,7.213416138630626,10.109058380126953
7.030595779418945,7.149060892074235,10.141146659851074
7.029428005218506,7.136636007078257,10.149002075195312
7.048757553100586,7.139889430919928,10.163614273071289
7.055135726928711,7.189023698081396,10.215482711791992
6.998251914978027,7.141835638288674,10.15487003326416
7.020193576812744,7.157253027926864,10.259032249450684
7.025448322296143,7.152475858473085,10.268819808959961
7.0362162590026855,7.198948643003989,10.221366882324219
7.021148681640625,7.122702574956097,10.247501373291016
6.998095512390137,7.160915013369439,10.159667015075684
7.0050048828125,7.149245691685271,10.165914535522461
7.027222156524658,7.1620539583132725,10.141366958618164
6.974483489990234,7.1020818763479046,10.159521102905273
7.036533832550049,7.12768774619326,10.2216796875
6.9994282722473145,7.115115642248254,10.184952735900879
7.0037055015563965,7.159258341815855,10.210817337036133
6.980339050292969,7.15290632661033,10.101483345031738
6.976968288421631,7.128911906420919,10.197084426879883
6.980023384094238,7.106176298544077,10.138677597045898
6.982105255126953,7.154106179352052,10.160877227783203
6.9951066970825195,7.136600325216673,10.207916259765625
6.976560115814209,7.091839947737753,10.15954875946045
7.00618314743042,7.1570848006688585,10.177324295043945
6.967861652374268,7.095376803506432,10.19595718383789
7.000166893005371,7.124188308105138,10.182437896728516
6.96082878112793,7.1166963860658665,10.217240333557129
6.95947265625,7.156980543630198,10.111955642700195
6.985722541809082,7.124485624089305,10.087077140808105
6.966611385345459,7.110264917835593,10.208173751831055
7.011960029602051,7.109111349331215,10.243548393249512
6.985982894897461,7.109412357211113,10.175252914428711
6.95100736618042,7.093342794604333,10.141319274902344
6.9380693435668945,7.097957877242672,10.148453712463379
6.962984085083008,7.109197116922586,10.203872680664062
6.966639041900635,7.0890499459180445,10.213459968566895
6.932129859924316,7.142736613051966,10.186059951782227
6.97538948059082,7.129089435695538,10.213818550109863
6.993773460388184,7.183697754883075,10.1273775100708
6.959279537200928,7.1348166977321466,10.181253433227539
6.966798782348633,7.121266425088313,10.202159881591797
6.9488525390625,7.087978143378029,10.191411972045898
6.971232891082764,7.13726007722185,10.141501426696777
6.958755016326904,7.065592792616891,10.223307609558105
6.942076683044434,7.051372749730945,10.149290084838867
6.95957088470459,7.083360773145355,10.043665885925293
6.933413028717041,7.098057258874178,10.181382179260254
6.928745746612549,7.133477144641801,10.177066802978516
6.920279502868652,7.060285373823716,10.191386222839355
6.940580368041992,7.113862444314043,10.191481590270996
6.942560195922852,7.055470859964512,10.154730796813965
6.90576696395874,7.030614951292851,10.130646705627441
6.893679618835449,7.057610767627401,10.148759841918945
6.908119201660156,7.092579247463229,10.17691421508789
6.905101299285889,7.075767952715978,10.220507621765137
6.9082932472229,7.040573414914043,10.243827819824219
6.906983375549316,7.08898912852497,10.15498161315918
6.901104927062988,7.082596533931792,10.131149291992188
6.902561664581299,7.0807561759637405,10.20169734954834
6.906646251678467,7.057695695930826,10.132351875305176
6.901334762573242,7.04022558003531,10.179277420043945
6.919347763061523,7.063112687020164,10.21345043182373
6.910251617431641,7.067924444463902,10.106882095336914
6.856166362762451,7.054540177308289,10.214518547058105
6.887208461761475,7.079551481741612,10.148228645324707
6.881845951080322,7.083429197348388,10.23190689086914
6.909860610961914,7.079281470904659,10.062643051147461
6.89013147354126,7.057479629792006,10.114462852478027
6.867012977600098,7.062805848262672,10.162960052490234
6.87502384185791,7.042337313693549,10.222792625427246
6.867295742034912,7.03869498378065,10.190696716308594
6.883313179016113,7.055380389360445,10.218668937683105
6.883291721343994,7.082110469628658,10.119023323059082
6.847622394561768,7.055683888594753,10.267258644104004
6.868484973907471,7.04383356742827,10.126646041870117
6.86594295501709,7.067458757565224,10.185432434082031
6.871466159820557,7.0562015193448016,10.194626808166504
6.879305839538574,7.047929565355714,10.162034034729004
6.895761013031006,7.066164936737291,10.091095924377441
6.8514227867126465,7.0270459238173695,10.148900985717773
6.873785972595215,7.067790460739551,10.192106246948242
6.847050666809082,7.057844545758728,10.206235885620117
6.867521286010742,7.052628524934074,10.219978332519531
6.842921733856201,7.061183317265074,10.17239761352539
6.8068413734436035,6.963811437632623,10.252042770385742
6.83189058303833,7.022396580881573,10.208505630493164
6.849976062774658,7.01939114412692,10.218108177185059
6.862753868103027,7.0596128569117615,10.16877269744873
6.827996253967285,7.003047819049763,10.236855506896973
6.848376274108887,6.997369617323525,10.2035493850708
6.845306873321533,7.02475481127788,10.14289665222168
6.837457656860352,7.02243993501179,10.218428611755371
6.8289289474487305,7.042536390313346,10.168957710266113
6.820879936218262,7.00381866596373,10.15920639038086
6.801632404327393,7.004162212501148,10.164560317993164
6.817394256591797,6.983666300873406,10.1551513671875
6.823129653930664,7.009191199205817,10.202584266662598
6.803177356719971,6.967813278747989,10.186849594116211
6.807903289794922,6.991319611801632,10.195947647094727
6.8148016929626465,6.988428315280804,10.217024803161621
6.800143241882324,7.000686742298837,10.17264175415039
6.809790134429932,7.002375906898773,10.153741836547852
6.782038688659668,6.995871015757854,10.285917282104492
6.800023555755615,7.009882367083004,10.215021133422852
6.787548065185547,6.993290802497151,10.216044425964355
6.771049976348877,7.02548575288217,10.121169090270996
6.81113862991333,6.9641486421293965,10.165437698364258
6.800086498260498,6.944178379240579,10.154240608215332
6.796006202697754,7.013470829763849,10.281530380249023
6.77997350692749,6.989243085595911,10.218307495117188
6.7963972091674805,7.016343209825989,10.146246910095215
6.802273750305176,6.993672063673978,10.248178482055664
6.780725002288818,6.986650098747175,10.226157188415527
6.779791831970215,6.963966786196189,10.177295684814453
6.754169464111328,6.940483140160463,10.128707885742188
6.785346508026123,7.000536699579762,10.1478910446167
6.759694576263428,6.990628818815042,10.145313262939453
6.7455244064331055,6.97861723162766,10.19945240020752
6.774664402008057,6.957388924168688,10.168414115905762
6.763721942901611,6.992323107518522,10.230451583862305
6.7779316902160645,7.0000788396490465,10.131997108459473
6.780500411987305,6.9560615639867525,10.224078178405762
6.746084213256836,6.94090121967851,10.205560684204102
6.772915363311768,6.968281069537625,10.186002731323242
6.769538402557373,7.0016134412560085,10.209575653076172
6.744270324707031,6.974500572076067,10.181134223937988
6.75396728515625,6.935368374322674,10.14427661895752
6.748882293701172,6.962299273914789,10.192691802978516
6.742741107940674,6.978003361195858,10.233444213867188
6.740034580230713,6.943641697455729,10.220060348510742
6.7343549728393555,6.953897585526907,10.151347160339355
6.737618446350098,6.922863605099597,10.139751434326172
6.726788520812988,6.98999170526596,10.130867958068848
6.713423252105713,6.950881172137867,10.12002182006836
6.725801467895508,6.960351450368763,10.218366622924805
6.7345991134643555,6.91857001049045,10.224827766418457
6.729130744934082,6.988245842313128,10.11996841430664
6.759891510009766,6.932381695335997,10.214482307434082
6.748519420623779,6.971198513106044,10.197325706481934
6.7325286865234375,6.9291776081414085,10.161584854125977
6.717995643615723,6.984323355136439,10.205018997192383
6.708052635192871,6.987870405993558,10.178552627563477
6.697110652923584,6.928771910157853,10.152584075927734
6.72368860244751,6.941163703998817,10.196819305419922
6.738431930541992,6.941023802052119,10.134848594665527
6.713337421417236,6.927706430799195,10.161595344543457
6.691490173339844,6.88744479071881,10.134471893310547
6.695330619812012,6.917245618699651,10.224740028381348
6.6750054359436035,6.8942267510906925,10.143282890319824
6.689833641052246,6.928495711447406,10.226859092712402
6.702558517456055,6.943281734062891,10.133275032043457
6.70227575302124,6.939935242225018,10.219267845153809
6.691925048828125,6.930239766170936,10.151128768920898
6.673441410064697,6.9208281658855935,10.220107078552246
6.6799211502075195,6.925813164528725,10.190704345703125
6.661938190460205,6.952949222709451,10.192081451416016
6.66182279586792,6.924531723106546,10.17774772644043
6.682548522949219,6.943232353177986,10.254412651062012
6.6896820068359375,6.946528513483438,10.13151741027832
6.678784370422363,6.913286218353148,10.205162048339844
6.666417121887207,6.90172998374328,10.206698417663574
6.641441345214844,6.878015214876672,10.204995155334473
6.701120376586914,6.8970563713727255,10.120210647583008
6.679760932922363,6.9127186232446025,10.182398796081543
6.658078670501709,6.894209561037965,10.142683029174805
6.657770156860352,6.8938391421189795,10.16278076171875
6.668849468231201,6.936564633456459,10.205541610717773
6.623440742492676,6.8462823375926485,10.213119506835938
6.6593732833862305,6.873728982671828,10.19327449798584
6.603699684143066,6.8675471493043005,10.155675888061523
6.654493808746338,6.904918986904835,10.237905502319336
6.656757354736328,6.926187220395409,10.19692325592041
6.651727199554443,6.875313323722885,10.127237319946289
6.6379170417785645,6.892180860541496,10.275899887084961
6.623540878295898,6.903721578718563,10.23194408416748
6.639007091522217,6.88783618727965,10.197933197021484
6.62958288192749,6.881082852171468,10.243098258972168
6.643831729888916,6.92542982530514,10.211155891418457
6.632838726043701,6.843077505572833,10.189396858215332
6.632639408111572,6.878754731101383,10.171398162841797
6.6239094734191895,6.843019235380259,10.274726867675781
6.624111652374268,6.884122302755714,10.176016807556152
6.629457473754883,6.916462108758942,10.184802055358887
6.615450382232666,6.86175155040941,10.159991264343262
6.627723693847656,6.887947327158015,10.20201301574707
6.624284267425537,6.86511222416136,10.217201232910156
6.589015960693359,6.825863537877532,10.166927337646484
6.62262487411499,6.893615910916456,10.168825149536133
6.605937957763672,6.860018058979351,10.172104835510254
6.5985493659973145,6.862463060533628,10.15985107421875
6.63059139251709,6.880934746536825,10.28305721282959
6.607823848724365,6.790887304049518,10.22040843963623
6.571919918060303,6.811833285826391,10.145694732666016
6.60034704208374,6.8817313562945595,10.196020126342773
6.596958637237549,6.881245377340487,10.20510482788086
6.574627876281738,6.875001070322468,10.201648712158203
6.5854949951171875,6.845654700117718,10.268532752990723
6.617763042449951,6.834784056525677,10.190035820007324
6.614562511444092,6.865117857398998,10.161914825439453
6.596303939819336,6.866775249530162,10.16159725189209
6.562764644622803,6.83955758956394,10.202068328857422
6.58792781829834,6.8245067734470855,10.181222915649414
6.581187725067139,6.8298923022978535,10.20716381072998
6.570321559906006,6.858403158507177,10.143315315246582
6.567706108093262,6.83614153335137,10.176241874694824
6.569736003875732,6.857335554868249,10.202756881713867
6.5504069328308105,6.790363673486614,10.142903327941895
6.594823360443115,6.858238566999456,10.151247024536133
6.553558349609375,6.7877431637607515,10.216516494750977
6.56771993637085,6.834987507600869,10.167839050292969
6.584370136260986,6.843360966736718,10.195411682128906
6.538498401641846,6.809835928192894,10.212276458740234
6.5653181076049805,6.857341640928228,10.23656940460205
6.5461602210998535,6.8567776118870825,10.240743637084961
6.5365471839904785,6.823264953015106,10.208636283874512
6.576823711395264,6.83757196060781,10.144515991210938
6.559925079345703,6.803856468327076,10.153066635131836
6.5503926277160645,6.849709936617208,10.154035568237305
6.539852619171143,6.8112088161786755,10.179025650024414
6.544589519500732,6.846317261723536,10.175321578979492
6.5622878074646,6.806392102469024,10.133002281188965
6.539068222045898,6.7495367520688365,10.13473129272461
6.563031196594238,6.7982687745575925,10.139101028442383
6.555201053619385,6.815009411790275,10.260782241821289
6.549517631530762,6.843930180018236,10.153472900390625
6.536503314971924,6.794302076267611,10.246708869934082
6.521557807922363,6.787955952209554,10.227067947387695
6.522848606109619,6.780663963473802,10.274566650390625
6.510465145111084,6.786253202240914,10.137537002563477
6.521424293518066,6.819190138019621,10.230938911437988
6.513304710388184,6.776336455351806,10.184035301208496
6.490851402282715,6.799954828739698,10.226566314697266
6.509801864624023,6.803264085369716,10.20412826538086
6.513844013214111,6.774438512112413,10.224279403686523
6.501008987426758,6.798813083242358,10.205316543579102
6.494297027587891,6.809128727464539,10.17001724243164
6.532833576202393,6.817543103592471,10.190972328186035
6.497019290924072,6.760139405694124,10.113068580627441
6.506354331970215,6.803922041186263,10.183443069458008
6.509248733520508,6.802625321184418,10.084782600402832
6.489837646484375,6.7907369068291565,10.204338073730469
6.484802722930908,6.801095280530197,10.169448852539062
6.489349842071533,6.802785288708817,10.218990325927734
6.475534439086914,6.780932907247916,10.187127113342285
6.4811296463012695,6.818933836517057,10.263397216796875
6.503741264343262,6.807093441719189,10.228058815002441
6.485161781311035,6.78406732339811,10.190332412719727
6.471362590789795,6.743682467944122,10.1907320022583
6.471800804138184,6.721238001648869,10.141559600830078
6.471572399139404,6.758444630973308,10.177231788635254
6.463291168212891,6.773218013645549,10.127607345581055
6.481465816497803,6.754938581060353,10.315804481506348
6.45632791519165,6.767317908051025,10.176897048950195
6.451141357421875,6.763731046978917,10.10267162322998
6.444340229034424,6.7766264201075375,10.129481315612793
6.477758884429932,6.7852442471443535,10.190099716186523
6.460224151611328,6.778475030857537,10.195660591125488
6.446662902832031,6.786994136936431,10.212297439575195
6.446028232574463,6.753082130836058,10.15998649597168
6.466067314147949,6.754430804834037,10.15880012512207
6.442156791687012,6.773911483153435,10.174213409423828
6.442550182342529,6.749831483566336,10.155600547790527
6.451927661895752,6.789617544738577,10.17816162109375
6.446408748626709,6.77575030666776,10.163536071777344
6.443535327911377,6.767815177561716,10.22313117980957
6.458066463470459,6.728123343017485,10.183045387268066
6.4449567794799805,6.7617417888582825,10.257482528686523
6.443103790283203,6.756153291390676,10.247772216796875
6.433663845062256,6.695172129697831,10.211494445800781
6.438167095184326,6.767895615460086,10.20475959777832
6.431908130645752,6.736535979867248,10.234707832336426
6.439891338348389,6.744153397024743,10.212827682495117
6.454167366027832,6.777463041412245,10.188709259033203
6.425650119781494,6.774537176459228,10.178299903869629
6.428001403808594,6.742226543803035,10.201886177062988
6.404451847076416,6.716931991345648,10.189064025878906
6.421083927154541,6.718248199538461,10.174161911010742
6.435393333435059,6.7320956989258,10.195024490356445
6.4219231605529785,6.725112476718746,10.14818000793457
6.419052600860596,6.7507568789379935,10.295145988464355
6.418442249298096,6.743086552247405,10.218185424804688
6.40863037109375,6.693773528926872,10.191269874572754
6.419710636138916,6.6906009217657685,10.1917085647583
6.3937578201293945,6.694114553775373,10.143304824829102
6.3865180015563965,6.7111933836048205,10.051589012145996
6.4053144454956055,6.711532130138949,10.20652961730957
6.404654026031494,6.701174523016173,10.173591613769531
6.384561061859131,6.6786466223254255,10.175969123840332
6.400444507598877,6.716470945493452,10.212550163269043
6.380973815917969,6.7452337583194355,10.261098861694336
6.383822917938232,6.690903861374994,10.220392227172852
6.376246929168701,6.694389238820545,10.216294288635254
6.377248764038086,6.724961391384049,10.195693969726562
6.38792610168457,6.701910269346887,10.209083557128906
6.397712707519531,6.669138445518911,10.221330642700195
6.36079740524292,6.697050285059959,10.140398979187012
6.361196041107178,6.691810229161222,10.128722190856934
6.378106117248535,6.69356947036327,10.154976844787598
6.407839775085449,6.704140651538702,10.154486656188965
6.352980613708496,6.67818754089863,10.182758331298828
6.377635955810547,6.733784324057134,10.25030517578125
6.3676581382751465,6.68265718431212,10.14440631866455
6.380772113800049,6.729192026824291,10.187807083129883
6.363337516784668,6.680281120718324,10.20186710357666
6.344353199005127,6.6984645044763695,10.110513687133789
6.370115756988525,6.701336790408407,10.154006958007812
6.3482346534729,6.6951555587750455,10.302188873291016
6.370839595794678,6.674661183397152,10.11436939239502
6.364486217498779,6.725702811864071,10.218121528625488
6.354403018951416,6.675896910085742,10.176193237304688
6.341825008392334,6.645804107754624,10.200742721557617
6.3490891456604,6.668738569864737,10.175119400024414
6.3541741371154785,6.694223206024617,10.148914337158203
6.335403919219971,6.703983448711889,10.130819320678711
6.37148904800415,6.700655710683869,10.158350944519043
6.324504375457764,6.697244886541738,10.181524276733398
6.346002578735352,6.690251714383652,10.125334739685059
6.3423566818237305,6.669315332945969,10.176618576049805
6.330458641052246,6.6730108523209175,10.217023849487305
6.317177772521973,6.6375444066444675,10.171590805053711
6.315530776977539,6.68535369518213,10.125630378723145
6.327311038970947,6.706479772759069,10.171896934509277
6.320042610168457,6.7178488773227265,10.251981735229492
6.311558246612549,6.719644820750025,10.195902824401855
6.307294845581055,6.623564392860446,10.22015380859375
6.320959568023682,6.692874861615045,10.224830627441406
6.331068515777588,6.64720007314879,10.142669677734375
6.3057427406311035,6.682681368896739,10.224729537963867
6.289739608764648,6.648431160088096,10.233865737915039
6.305068492889404,6.634082138405314,10.145729064941406
6.3343658447265625,6.681664646835998,10.170595169067383
6.308718681335449,6.678269725193136,10.227544784545898
6.295087814331055,6.660065469065947,10.144801139831543
6.3028483390808105,6.62578678031319,10.168801307678223
6.300048828125,6.646902688812198,10.261627197265625
6.314350128173828,6.6100320592855235,10.156152725219727
6.3139142990112305,6.688112201002826,10.130582809448242
6.2881975173950195,6.673435117616984,10.230010032653809
6.280131816864014,6.646110123422529,10.154995918273926
6.2962212562561035,6.660706570139155,10.217269897460938
6.303950786590576,6.636285133427009,10.21779727935791
6.283210754394531,6.646645584043913,10.206153869628906
6.3122429847717285,6.687024708937055,10.201284408569336
6.266990661621094,6.627922035920035,10.178675651550293
6.260478496551514,6.623036473590348,10.216156005859375
6.308128833770752,6.630364760357355,10.273303985595703
6.282557964324951,6.665198176766613,10.198259353637695
6.276546478271484,6.676676017564854,10.22428035736084
6.274154186248779,6.662891145163615,10.182954788208008
6.2875542640686035,6.6553913586373845,10.15977668762207
6.296936511993408,6.624314252586503,10.231291770935059
6.25820779800415,6.6318197528099905,10.205263137817383
6.257756233215332,6.62074949705441,10.254011154174805
6.252196311950684,6.620622001920959,10.174423217773438
6.2657599449157715,6.618371500400826,10.205693244934082
6.247424602508545,6.623729328791212,10.19626522064209
6.254630088806152,6.611044666397252,10.211409568786621
6.264137268066406,6.609464235171409,10.27863883972168
6.245063781738281,6.657028813280964,10.264334678649902
6.239933967590332,6.666240719213549,10.25533676147461
6.250237941741943,6.638548372579473,10.1896333694458
6.257668972015381,6.617527632009503,10.315515518188477
6.257835865020752,6.6225237896932025,10.27402114868164
6.248437404632568,6.621253549919597,10.169514656066895
6.239069938659668,6.644612161110022,10.171631813049316
6.23980712890625,6.59840689992,10.205412864685059
6.2617506980896,6.593361194045948,10.176492691040039
6.219294548034668,6.621506242780015,10.268866539001465
6.2139892578125,6.600457870301657,10.150484085083008
6.224903583526611,6.6126042816987525,10.192463874816895
6.230329513549805,6.6353626525295635,10.18058967590332
6.237360000610352,6.65915694816171,10.13113784790039
6.249690532684326,6.589951917628891,10.185585021972656
6.255599498748779,6.607053602247365,10.204018592834473
6.2242913246154785,6.576491303376056,10.238319396972656
6.232199668884277,6.612445726125901,10.202768325805664
6.226541996002197,6.63617502705061,10.175274848937988
6.2093071937561035,6.622452115640044,10.187484741210938
6.218718528747559,6.649195777651455,10.120685577392578
6.21786642074585,6.594563200970047,10.226333618164062
6.214071750640869,6.598295075586065,10.249878883361816
6.197705268859863,6.570686970371753,10.16179084777832
6.199717998504639,6.566402458053615,10.16533374786377
6.218388557434082,6.550231363191934,10.164258003234863
6.209346771240234,6.672876450665562,10.27198600769043
6.188140869140625,6.560068535019776,10.173583030700684
6.1953654289245605,6.582000031169237,10.229294776916504
6.165977954864502,6.58914470250186,10.117732048034668
6.20653772354126,6.594688850388462,10.163228988647461
6.178826332092285,6.598144334208751,10.215766906738281
6.204004764556885,6.566184164224459,10.248083114624023
6.177077293395996,6.6088772129733115,10.159975051879883
6.174072265625,6.569688415953092,10.250612258911133
6.167440891265869,6.5923805931649575,10.163952827453613
6.193858623504639,6.59745203224676,10.202670097351074
6.197640419006348,6.540101575432345,10.166313171386719
6.1650567054748535,6.589557359327695,10.226881980895996
6.161670684814453,6.6096108477629185,10.205825805664062
6.173962593078613,6.576596493566675,10.209625244140625
6.180684566497803,6.58299255836755,10.200736045837402
6.167158126831055,6.571220370142588,10.119905471801758
6.155567169189453,6.565781059774704,10.219376564025879
6.160594463348389,6.617494995206861,10.258085250854492
6.18576192855835,6.602772983556081,10.284767150878906
6.181622505187988,6.560471858563168,10.161553382873535
6.14146089553833,6.581537577390138,10.191609382629395
6.1479010581970215,6.564629201045527,10.155560493469238
6.165576934814453,6.51598676659965,10.253715515136719
6.175662994384766,6.553813563826095,10.205848693847656
6.161482334136963,6.573777595368613,10.211193084716797
6.170776844024658,6.553723752864503,10.151530265808105
6.128031253814697,6.5363760718277515,10.18055534362793
6.165403842926025,6.578486549268876,10.173026084899902
6.141003131866455,6.563732853957585,10.184804916381836
6.127586364746094,6.555658269141401,10.212064743041992
6.1498494148254395,6.514641431060487,10.219362258911133
6.140015602111816,6.55853163311258,10.139525413513184
6.1258063316345215,6.584297307966542,10.271571159362793
6.1262335777282715,6.55106175048942,10.234071731567383
6.127729892730713,6.539039395217385,10.234940528869629
6.120404243469238,6.538303160108626,10.171798706054688
6.131771564483643,6.574660732809987,10.21762466430664
6.123032093048096,6.5424824916158935,10.14794921875
6.119524002075195,6.551080018780859,10.225794792175293
6.123569011688232,6.553565664050568,10.301552772521973
6.097964763641357,6.505407785697441,10.197811126708984
6.122037887573242,6.502401756654893,10.141003608703613
6.123856544494629,6.553940671562616,10.22899341583252
6.102691173553467,6.575696208481012,10.12874984741211
6.118812561035156,6.57762062350022,10.204767227172852
6.146383762359619,6.54454293298269,10.181649208068848
6.1116814613342285,6.509195618896878,10.253658294677734
6.101165771484375,6.5066050513248355,10.221458435058594
6.116428852081299,6.504855684869524,10.199447631835938
6.09140682220459,6.560804988956079,10.230217933654785
6.1291584968566895,6.5281189960826715,10.192502975463867
6.089136600494385,6.522230349181752,10.237804412841797
6.095723628997803,6.52784533632387,10.185176849365234
6.10805082321167,6.563591463291752,10.217357635498047
6.095208644866943,6.540937553625554,10.24923324584961
6.104277610778809,6.527875367618566,10.163037300109863
6.0791473388671875,6.522495038607823,10.196977615356445
6.100307464599609,6.542802045022004,10.157663345336914
6.075464248657227,6.528007871238515,10.134504318237305
6.094592571258545,6.511785234158326,10.203470230102539
6.081552505493164,6.536690903095795,10.223304748535156
6.093469619750977,6.538696640038064,10.259811401367188
6.086104869842529,6.5376048976156325,10.217430114746094
6.0816802978515625,6.520044887604724,10.183337211608887
6.092134475708008,6.496653320600411,10.18704891204834
6.047799110412598,6.494260553470148,10.2243013381958
6.067464351654053,6.499954423102151,10.1971435546875
6.0679850578308105,6.5048752377874095,10.189522743225098
6.0590033531188965,6.534029891847499,10.08403205871582
6.074038505554199,6.500557486333751,10.1851806640625
6.063581466674805,6.480314100959471,10.151013374328613
6.06000280380249,6.482247466421021,10.23259162902832
6.057091236114502,6.500796655359279,10.282102584838867
6.039867401123047,6.5032082468803445,10.173501014709473
6.073328495025635,6.533543966045337,10.22594165802002
6.0722575187683105,6.538670932375161,10.172901153564453
6.069688320159912,6.510245443188718,10.261083602905273
6.074516296386719,6.4889260473594605,10.210831642150879
6.061542987823486,6.535749820626474,10.260292053222656
6.0223612785339355,6.457985891162285,10.219240188598633
6.03036642074585,6.491963748420987,10.272470474243164
6.053715705871582,6.496850109293258,10.229743003845215
6.020025253295898,6.535733497768108,10.117690086364746
6.045107841491699,6.462820933200419,10.276355743408203
6.032899856567383,6.4694201423054825,10.19198989868164
6.032059192657471,6.449807124844353,10.196632385253906
6.033541679382324,6.514549843867176,10.181726455688477
6.023810386657715,6.5014828621808975,10.186312675476074
6.028625011444092,6.476875191388119,10.250102996826172
6.0382184982299805,6.481423478141162,10.200461387634277
6.006807327270508,6.499614226964436,10.16115951538086
6.031424522399902,6.466078510807295,10.167947769165039
6.014794826507568,6.488784207829408,10.180174827575684
6.038504600524902,6.511732845467383,10.218469619750977
6.013917446136475,6.498525899336009,10.259151458740234
6.025836944580078,6.468312536133454,10.228854179382324
6.012247562408447,6.472711034385221,10.20378589630127
6.037880897521973,6.485190647487928,10.282036781311035
6.018476486206055,6.507983459891485,10.205251693725586
6.0245361328125,6.479252836667001,10.16956901550293
6.024521827697754,6.488696151080408,10.177080154418945
6.02876091003418,6.494125107569355,10.159875869750977
5.983279705047607,6.468533528835645,10.199651718139648
5.997039794921875,6.473307890784261,10.171647071838379
6.015310287475586,6.491502878256142,10.26154899597168
5.990371227264404,6.438926668804406,10.145524978637695
6.003327369689941,6.498415772171159,10.290003776550293
6.004164218902588,6.439970580960757,10.276978492736816
6.004946231842041,6.464043143271868,10.185973167419434
5.987386226654053,6.501157514784219,10.20223331451416
5.991156578063965,6.439450044251446,10.185613632202148
5.98393440246582,6.461818766647152,10.1256742477417
6.006953239440918,6.507276268010693,10.247608184814453
5.963903427124023,6.440674602918858,10.181537628173828
6.008009910583496,6.454036066674495,10.242806434631348
5.95055627822876,6.461151039094797,10.216418266296387
5.998950004577637,6.48435931908898,10.15335750579834
5.986288070678711,6.481811021388109,10.188045501708984
5.975953102111816,6.449814534712849,10.186576843261719
5.979891777038574,6.432988932189931,10.19189453125
5.946835041046143,6.461072229913303,10.225637435913086
5.982759952545166,6.485710162103974,10.2380952835083
5.979943752288818,6.466098162112758,10.224935531616211
5.965867519378662,6.458758773747831,10.202146530151367
5.962571144104004,6.471388517745904,10.166849136352539
5.956845283508301,6.488692727206009,10.242859840393066
5.935876846313477,6.450626193878374,10.118112564086914
5.963843822479248,6.4241765488737395,10.138265609741211
5.960329532623291,6.441085183793413,10.20553970336914
5.953985691070557,6.419516361518098,10.204214096069336
5.932060718536377,6.450279180326366,10.232768058776855
5.944109916687012,6.408816132428391,10.223484992980957
5.960451602935791,6.4440046409145,10.25644302368164
5.9597625732421875,6.4577918079615175,10.172980308532715
5.95536994934082,6.447936691609876,10.200078964233398
5.970347881317139,6.440403717703052,10.191129684448242
5.934934139251709,6.42671678973628,10.158408164978027
5.936377048492432,6.416483250247048,10.179832458496094
5.9186320304870605,6.46459678334317,10.190879821777344
5.930789470672607,6.460486256517471,10.196913719177246
5.942256927490234,6.449566157069057,10.232025146484375
5.920467853546143,6.458426388113627,10.12550163269043
5.9407453536987305,6.439380668469571,10.156517028808594
5.940980911254883,6.440661018182124,10.211896896362305
5.921824932098389,6.41245572099329,10.255766868591309
5.93172025680542,6.466138716753838,10.150589942932129
5.926590919494629,6.458531933038363,10.147340774536133
5.912806034088135,6.433404006363292,10.208417892456055
5.9275221824646,6.443812144221739,10.243457794189453
5.920322895050049,6.430359384178051,10.233665466308594
5.9176836013793945,6.42266888773468,10.161030769348145
5.945317268371582,6.468181768631829,10.243108749389648
5.9247260093688965,6.431521748558485,10.246740341186523
5.8971662521362305,6.400028280880568,10.350892066955566
5.91246223449707,6.461273551718997,10.14394474029541
5.92277193069458,6.41291287531411,10.125213623046875
5.8896164894104,6.395610778592527,10.252812385559082
5.905937671661377,6.415998839507145,10.121198654174805
5.91648530960083,6.44264896184073,10.228741645812988
5.889249324798584,6.40570543004599,10.17752742767334
5.895175933837891,6.405346985174609,10.208460807800293
5.906224250793457,6.427134590223432,10.233264923095703
5.899181365966797,6.410097722928705,10.223875045776367
5.9189534187316895,6.442977376914184,10.240982055664062
5.894208908081055,6.392149876570328,10.09833812713623
5.909991264343262,6.426906775051196,10.259859085083008
5.888940334320068,6.416738690376016,10.249680519104004
5.884690761566162,6.417208677357329,10.249608993530273
5.873970985412598,6.420144124189392,10.213960647583008
5.869822025299072,6.448127941960203,10.138519287109375
5.879797458648682,6.429470446060544,10.143001556396484
5.893052101135254,6.41536237665319,10.216527938842773
5.879759788513184,6.448819716860141,10.146747589111328
5.868165016174316,6.371405561587641,10.206587791442871
5.864123821258545,6.424003014839919,10.153441429138184
5.879607677459717,6.416894787722932,10.180091857910156
5.849133491516113,6.412330044366952,10.263359069824219
5.874235153198242,6.391745526044231,10.25915241241455
5.8665876388549805,6.381144375041393,10.258670806884766
5.864658832550049,6.420936175921399,10.217578887939453
5.888652324676514,6.400260621216148,10.182633399963379
5.848442554473877,6.37644294070612,10.216463088989258
5.834486961364746,6.3780033990873815,10.160837173461914
5.86135196685791,6.370222942970161,10.24370002746582
5.855714321136475,6.423116842085229,10.18187141418457
5.839313983917236,6.407374838866027,10.256771087646484
5.850074768066406,6.40732447769759,10.188127517700195
5.870359897613525,6.364077746103119,10.1754732131958
5.849578380584717,6.340963557296034,10.175737380981445
5.831117153167725,6.390313081476571,10.209932327270508
5.842964172363281,6.357581670296246,10.167742729187012
5.831171989440918,6.355221841584093,10.123946189880371
5.844501495361328,6.386296226144102,10.289273262023926
5.856156826019287,6.372976216254757,10.233391761779785
5.814680099487305,6.3873415192522645,10.285158157348633
5.833424091339111,6.353973855896453,10.179734230041504
5.84174919128418,6.346179292504011,10.187509536743164
5.840353965759277,6.335409640600638,10.195032119750977
5.83979606628418,6.384992999224259,10.22075080871582
5.850749969482422,6.388735489254551,10.215105056762695
5.832698822021484,6.378026856342331,10.213709831237793
5.813386917114258,6.346804530659158,10.159991264343262
5.821315765380859,6.346183306071908,10.240385055541992
5.821896553039551,6.363840792294858,10.234964370727539
5.832663536071777,6.397244304884224,10.22698974609375
5.831295013427734,6.3468312156785816,10.172393798828125
5.813044548034668,6.336419104199325,10.242147445678711
5.827549934387207,6.355949902042214,10.16649341583252
5.793551921844482,6.339097495889291,10.236605644226074
5.796750545501709,6.383930033804583,10.224967956542969
5.821643352508545,6.4344306054658125,10.225442886352539
5.800632476806641,6.384322722442448,10.173357009887695
5.809441566467285,6.372461102636797,10.137872695922852
5.813737869262695,6.337222957085553,10.20703125
5.794891357421875,6.306814876684387,10.237823486328125
5.790528297424316,6.377237172697538,10.212247848510742
5.8210859298706055,6.339738179330847,10.171224594116211
5.815828323364258,6.339012566222144,10.23150634765625
5.808579444885254,6.335775854498413,10.156637191772461
5.7973246574401855,6.303146291890049,10.251155853271484
5.800100326538086,6.363852689208995,10.199139595031738
5.807070255279541,6.356364488368855,10.232707023620605
5.800421237945557,6.355596318475103,10.156227111816406
5.800024509429932,6.356230433730941,10.195829391479492
5.765939235687256,6.3402782235560675,10.255219459533691
5.778167247772217,6.345959711121395,10.188603401184082
5.810091018676758,6.363843320769125,10.291337966918945
5.795884609222412,6.366952819184267,10.147358894348145
5.787111282348633,6.362600938749633,10.231315612792969
5.806002616882324,6.395916439093916,10.15599536895752
5.787933826446533,6.312826809839212,10.244450569152832
5.765780448913574,6.312230816011184,10.13276481628418
5.792235374450684,6.348151736227529,10.199626922607422
5.799482822418213,6.370534306691427,10.117165565490723
5.784909248352051,6.3582847220490555,10.240760803222656
5.753371238708496,6.396388171473518,10.160755157470703
5.758523464202881,6.31959944654123,10.16053295135498
5.766485214233398,6.293963241324361,10.28696060180664
5.767186164855957,6.344501604791731,10.184347152709961
5.769124984741211,6.342249766757179,10.134625434875488
5.785339832305908,6.416205211941685,10.199901580810547
5.782876491546631,6.34028262398871,10.13890266418457
5.764432907104492,6.331269411968866,10.196025848388672
5.773985385894775,6.299669459395643,10.180061340332031
5.728336811065674,6.372467152308672,10.12762451171875
5.756198883056641,6.392727352479207,10.187074661254883
5.738424777984619,6.311485281513471,10.246624946594238
5.734350681304932,6.3731774728013475,10.18195629119873
5.753492832183838,6.328815993187683,10.189094543457031
5.750673770904541,6.336213349830359,10.248571395874023
5.725305080413818,6.307065929585535,10.27601432800293
5.748817443847656,6.324789356373783,10.23362922668457
5.738347053527832,6.330201659817249,10.228971481323242
5.74137020111084,6.328735097710576,10.1992769241333
5.735424518585205,6.294986977175411,10.229656219482422
5.718935966491699,6.324032688513398,10.175553321838379
5.731255531311035,6.310299019894696,10.259676933288574
5.72186803817749,6.311120003029438,10.174623489379883
5.7389817237854,6.304160794209954,10.194903373718262
5.703460693359375,6.334519966804822,10.192861557006836
5.730413913726807,6.273133205216643,10.140222549438477
5.713036060333252,6.2697524003950615,10.203553199768066
5.710703372955322,6.323056463750877,10.201172828674316
5.732052326202393,6.3173240448813885,10.20815658569336
5.716954708099365,6.323593322087877,10.26086139678955
5.723734378814697,6.286378732383517,10.147194862365723
5.705470085144043,6.263592477555254,10.256059646606445
5.711155414581299,6.265655429069219,10.14828109741211
5.6995930671691895,6.308465476181093,10.213315963745117
5.717348575592041,6.301509193809969,10.205663681030273
5.708547115325928,6.289708760700056,10.177806854248047
5.698869705200195,6.267366548567744,10.245290756225586
5.7108893394470215,6.2824183064180295,10.267032623291016
5.695237159729004,6.317880010199068,10.317424774169922
5.692842483520508,6.283574892873211,10.196292877197266
5.69267463684082,6.2683862792328,10.234173774719238
5.6819047927856445,6.276946583496673,10.163355827331543
5.665818214416504,6.292238643692274,10.21277141571045
5.684057235717773,6.3179234651782155,10.243856430053711
5.670863151550293,6.286468435611044,10.213669776916504
5.712486267089844,6.310946354709033,10.185934066772461
5.702694892883301,6.3218425231254,10.2284517288208
5.698103904724121,6.271740409778432,10.182210922241211
5.705167770385742,6.28907992481254,10.264603614807129
5.689259052276611,6.3055111467505665,10.229242324829102
5.687409400939941,6.284241048020443,10.187907218933105
5.6550116539001465,6.31984662843336,10.174232482910156
5.670516490936279,6.288482087165383,10.18073844909668
5.674844741821289,6.325338062697223,10.232900619506836
5.698888301849365,6.279525228709515,10.235052108764648
5.685205936431885,6.278404055928279,10.263545036315918
5.68283224105835,6.225646761146241,10.181977272033691
5.66067361831665,6.303896597387003,10.262689590454102
5.675858020782471,6.259808927142461,10.296772003173828
5.683788299560547,6.268313367618247,10.251214027404785
5.664933681488037,6.3047868853235345,10.163004875183105
5.682981014251709,6.309024367947132,10.172308921813965
5.665317058563232,6.257474809419364,10.176204681396484
5.666972637176514,6.240534664763669,10.182334899902344
5.666091442108154,6.275766231352463,10.233633995056152
5.643033027648926,6.2726247486591875,10.208935737609863
5.635619163513184,6.262140907679817,10.184295654296875
5.665531635284424,6.251145226781124,10.076127052307129
5.667934894561768,6.283355430167702,10.26327133178711
5.634955406188965,6.258891912143944,10.186199188232422
5.634497165679932,6.27635919981237,10.203726768493652
5.662709712982178,6.245167734201199,10.189697265625
5.659574508666992,6.269868509943731,10.217107772827148
5.655672073364258,6.2522300889582505,10.2344388961792
5.629656791687012,6.268761539166527,10.23562240600586
5.64703369140625,6.257210871637133,10.198490142822266
5.653849124908447,6.276846893164994,10.246919631958008
5.630667686462402,6.249397992987984,10.220077514648438
5.63459587097168,6.296357524913868,10.297542572021484
5.631923198699951,6.278914021128522,10.119123458862305
5.613293170928955,6.304731993703172,10.170196533203125
5.641799449920654,6.274781475907989,10.23090934753418
5.646227836608887,6.246900033804455,10.159736633300781
5.645484924316406,6.2250840346262395,10.171059608459473
5.609431743621826,6.280682065058499,10.234699249267578
5.621804714202881,6.272041814701099,10.209295272827148
5.635098457336426,6.247767568931781,10.206884384155273
5.625717639923096,6.259048397819112,10.216748237609863
5.595186233520508,6.240565921811919,10.164346694946289
5.597260475158691,6.243157494347543,10.148771286010742
5.624631881713867,6.3036399833259305,10.181739807128906
5.593461036682129,6.273014978339363,10.214662551879883
5.6060285568237305,6.259678963205911,10.275033950805664
5.615609169006348,6.223606371154476,10.230517387390137
5.576863765716553,6.260064497955941,10.105134963989258
5.611547470092773,6.290318728990054,10.163358688354492
5.6101393699646,6.224938616921593,10.21605396270752
5.616971015930176,6.248658635021586,10.250155448913574
5.637134552001953,6.225758586843898,10.221982955932617
5.629853248596191,6.266717265360057,10.154793739318848
5.602972030639648,6.203594649044265,10.228170394897461
5.5972442626953125,6.210863638935345,10.165815353393555
5.601507663726807,6.241580503992736,10.242960929870605
5.600565433502197,6.26472427965408,10.26738166809082
5.584420680999756,6.244813479882266,10.220619201660156
5.595945358276367,6.207093042953472,10.168672561645508
5.569804668426514,6.2394216003096,10.131092071533203
5.589170455932617,6.244223040329026,10.209620475769043
5.587179183959961,6.248572469090245,10.174554824829102
5.578263282775879,6.217255430495632,10.239625930786133
5.603528022766113,6.193974497395434,10.154108047485352
5.581859111785889,6.217534575943968,10.249756813049316
5.594483852386475,6.246457292232662,10.189945220947266
5.586258411407471,6.21657577363242,10.287969589233398
5.559019565582275,6.212473559093529,10.19838809967041
5.5623674392700195,6.2212698540783355,10.201952934265137
5.577933311462402,6.180358478932508,10.12867259979248
5.593297004699707,6.268552948454661,10.287826538085938
5.547608852386475,6.227792934514583,10.227519989013672
5.572418689727783,6.200260624821697,10.14684772491455
5.56720495223999,6.205171422567218,10.222602844238281
5.5646491050720215,6.209346069921073,10.267814636230469
5.555619239807129,6.268728902763022,10.22612190246582
5.552255153656006,6.22310158041572,10.191853523254395
5.5531005859375,6.211902661448611,10.195646286010742
5.565892696380615,6.2245775217722565,10.21313190460205
5.6034955978393555,6.251912188383617,10.19681167602539
5.521080017089844,6.195145537843928,10.094415664672852
5.530735492706299,6.217193061718717,10.202798843383789
5.530581951141357,6.202398913845952,10.18915843963623
5.554488658905029,6.202377746946046,10.125346183776855
5.541529178619385,6.21264755100544,10.244192123413086
5.543348789215088,6.204833365877025,10.245757102966309
5.544041633605957,6.201874446855592,10.22225284576416
5.514870643615723,6.206731770187616,10.218055725097656
5.530970573425293,6.213799480914272,10.18882942199707
5.534266948699951,6.171971193215411,10.28017520904541
5.529086112976074,6.180334590275639,10.221631050109863
5.544660568237305,6.2194234319696475,10.316533088684082
5.54246711730957,6.25476435944438,10.137207984924316
5.522335052490234,6.1955758767269025,10.282245635986328
5.527195930480957,6.173066778075216,10.215414047241211
5.525773525238037,6.199669325690983,10.249528884887695
5.531531810760498,6.208423744787329,10.142704963684082
5.511669158935547,6.264681644338581,10.251590728759766
5.512818336486816,6.181317937859734,10.145245552062988
5.524549961090088,6.172934404873688,10.225062370300293
5.520083904266357,6.238607663894073,10.195051193237305
5.50817346572876,6.224186162863459,10.23276138305664
5.5213212966918945,6.205393033833908,10.146679878234863
5.495822906494141,6.201273943430611,10.141134262084961
5.5188751220703125,6.136750440911523,10.255393028259277
5.52108097076416,6.210644161262151,10.213838577270508
5.507115840911865,6.186630463526984,10.291215896606445
5.5056633949279785,6.202498777104275,10.213887214660645
5.505889892578125,6.20896203353602,10.17288589477539
5.510240077972412,6.193016867552484,10.24629020690918
5.483603000640869,6.194717774333965,10.283490180969238
5.487612247467041,6.214170891558751,10.136308670043945
5.501544952392578,6.161821942477089,10.247461318969727
5.483190536499023,6.184597331797704,10.220022201538086
5.511465072631836,6.206046231756252,10.206586837768555
5.499575138092041,6.193202164057375,10.237224578857422
5.46945858001709,6.187585465343934,10.239526748657227
5.483230113983154,6.186400060541928,10.253411293029785
5.486865520477295,6.2094209913297425,10.25819206237793
5.493884086608887,6.189775028266013,10.210081100463867
5.473989486694336,6.191898057702928,10.186630249023438
5.489310264587402,6.184524053874027,10.1903076171875
5.4782633781433105,6.191320523785959,10.272887229919434
5.487388610839844,6.1971786521109085,10.215015411376953
5.478046417236328,6.193844715199832,10.252758026123047
5.472271919250488,6.171410550363361,10.255402565002441
5.460546016693115,6.155703461363114,10.186330795288086
5.4661102294921875,6.209975987573021,10.255194664001465
5.477152347564697,6.179675602121279,10.216166496276855
5.47850227355957,6.151231102978013,10.1959228515625
5.4717206954956055,6.196331605182162,10.254217147827148
5.468509197235107,6.156611650184329,10.332317352294922
5.438835620880127,6.13050819637387,10.30958366394043
5.456618309020996,6.12968718247222,10.206363677978516
5.482348442077637,6.170072710873293,10.102985382080078
5.44534969329834,6.206027149488883,10.260751724243164
5.441381454467773,6.143214246823585,10.192277908325195
5.4716973304748535,6.197656095393801,10.22402286529541
5.4317121505737305,6.2024801949903905,10.227243423461914
5.4559645652771,6.136603254292693,10.233914375305176
5.424633026123047,6.179832527413964,10.186930656433105
5.445494174957275,6.159629484405741,10.166816711425781
5.450785160064697,6.170706856896037,10.208233833312988
5.4271063804626465,6.152255283003407,10.218606948852539
5.44252347946167,6.180548198354829,10.216510772705078
5.449473857879639,6.174302004111399,10.250568389892578
5.440428733825684,6.144825413423989,10.191156387329102
5.424829006195068,6.163781704115015,10.124317169189453
5.446453094482422,6.151771155119475,10.221134185791016
5.454266548156738,6.189868996851147,10.238998413085938
5.4326653480529785,6.155769720773345,10.244576454162598
5.43581485748291,6.14353666637492,10.217168807983398
5.423211097717285,6.185480790711674,10.160429954528809
5.417099952697754,6.1365266879687885,10.262994766235352
5.417520523071289,6.087077058718673,10.19611930847168
5.4487433433532715,6.138003558485902,10.150580406188965
5.412269115447998,6.2216040791078875,10.166465759277344
5.418087005615234,6.144045352636438,10.225380897521973
5.4226298332214355,6.172338372562081,10.157134056091309
5.412176132202148,6.18574963064332,10.269115447998047
5.436149597167969,6.1584216908418705,10.169154167175293
5.424107074737549,6.158871864367809,10.221549987792969
5.3931989669799805,6.147096731566957,10.182835578918457
5.406676292419434,6.13811430384937,10.200050354003906
5.433322906494141,6.1556739305877795,10.230546951293945
5.400465488433838,6.156454420615254,10.199833869934082
5.418829917907715,6.114209801424295,10.208925247192383
5.403945446014404,6.137887049366587,10.178407669067383
5.436254501342773,6.154330354350219,10.203373908996582
5.397286891937256,6.17908479901962,10.23529052734375
5.411592960357666,6.142768409568816,10.245396614074707
5.399686336517334,6.097902792439397,10.17819595336914
5.413496494293213,6.109692473895848,10.200846672058105
5.419392108917236,6.1612165118567646,10.134892463684082
5.389492988586426,6.1691784227399955,10.141228675842285
5.414140701293945,6.141562929410222,10.208831787109375
5.396134853363037,6.148510812049998,10.177321434020996
5.407048225402832,6.130484042090497,10.240212440490723
5.3938069343566895,6.141476158784436,10.255703926086426
5.386267185211182,6.1206346554349045,10.153915405273438
5.382176399230957,6.127025291855846,10.183538436889648
5.401058673858643,6.144726947748235,10.19413948059082
5.399174690246582,6.115634610111426,10.15253734588623
5.417517185211182,6.171928938145616,10.229513168334961
5.373291015625,6.076988166663796,10.19092082977295
5.394620418548584,6.099616610777697,10.233085632324219
5.39287805557251,6.099247607568811,10.319108963012695
5.37088680267334,6.125587836672951,10.295150756835938
5.364271640777588,6.125497819955594,10.103862762451172
5.393747806549072,6.135632924802068,10.215801239013672
5.385672092437744,6.140119320746245,10.256839752197266
5.37682580947876,6.11510914484305,10.195100784301758
5.39225435256958,6.134391863065373,10.209803581237793
5.362147331237793,6.14434440014884,10.275978088378906
5.375624179840088,6.133797102075602,10.254430770874023
5.366281986236572,6.088019967212208,10.167941093444824
5.366453170776367,6.119369204089577,10.231260299682617
5.35807466506958,6.165941164862098,10.243529319763184
5.323904514312744,6.095261267386377,10.142210960388184
5.3553338050842285,6.111859124187114,10.17037296295166
5.37099552154541,6.151018045177417,10.196796417236328
5.359631538391113,6.107421397830226,10.185046195983887
5.331116676330566,6.079883298504034,10.18111801147461
5.308941841125488,6.088438640647968,10.248326301574707
5.312197208404541,6.076946355668561,10.234928131103516
5.326415538787842,6.121819030061098,10.142414093017578
5.32170295715332,6.102928838792391,10.21725845336914
5.306305408477783,6.123238993708843,10.281597137451172
5.309528827667236,6.117030025626134,10.192163467407227
5.328110218048096,6.085849770078702,10.205835342407227
5.349313735961914,6.046357300797744,10.17274284362793
5.3430891036987305,6.0720488056207875,10.294447898864746
5.31255578994751,6.123719848592634,10.173054695129395
5.316928386688232,6.113492503928552,10.300582885742188
5.35754919052124,6.068167251035836,10.19736099243164
5.318215370178223,6.113952480888527,10.194340705871582
5.310766220092773,6.08217173036454,10.22475814819336
5.287636756896973,6.077550571045971,10.102849960327148
5.31648588180542,6.0930153164081275,10.181591987609863
5.3214826583862305,6.1080184303822795,10.169788360595703
5.3337860107421875,6.131464764176469,10.21967601776123
5.335162162780762,6.127439565557454,10.20739459991455
5.314532279968262,6.0854698623131425,10.22450065612793
5.314186096191406,6.102286510236029,10.20052433013916
5.297805309295654,6.082608727571953,10.263744354248047
5.334821701049805,6.063398047749485,10.239917755126953
5.29059362411499,6.108386741485447,10.195381164550781
5.333859443664551,6.130883390150432,10.199041366577148
5.324141025543213,6.11807059929041,10.178171157836914
5.298043727874756,6.088281313689159,10.190360069274902
5.292808532714844,6.109218211977609,10.205705642700195
5.2852983474731445,6.078430776949972,10.224626541137695
5.303086757659912,6.109782771473484,10.132583618164062
5.314727783203125,6.1149473478685,10.180307388305664
5.301347255706787,6.10359112306365,10.212686538696289
5.294536590576172,6.071678592257999,10.263134002685547
5.3104753494262695,6.054943403029549,10.18310260772705
5.307417869567871,6.029379623875554,10.24819564819336
5.3181023597717285,6.066142350601565,10.240068435668945
5.268764972686768,6.079811833366486,10.231097221374512
5.2843780517578125,6.089488306947586,10.253501892089844
5.30296516418457,6.0578758676336815,10.214325904846191
5.281477928161621,6.091391233760597,10.20907974243164
5.2932209968566895,6.060157748039013,10.176888465881348
5.31680965423584,6.087523907722373,10.179587364196777
5.280488967895508,6.054623481651236,10.239718437194824
5.301210403442383,6.119935768124248,10.178293228149414
5.275075435638428,6.093552091923941,10.21213436126709
5.27693510055542,6.103432868008635,10.177989959716797
5.262117862701416,6.090175806145583,10.216093063354492
5.2968549728393555,6.014251809999613,10.26212215423584
5.29887056350708,6.060412054615361,10.125164031982422
5.231893062591553,6.068269019680364,10.21660041809082
5.295563697814941,6.0420854750222395,10.186447143554688
5.279321193695068,6.056083277732666,10.18227767944336
5.256030082702637,6.061176015696089,10.21120548248291
5.2507452964782715,6.089539418495926,10.160751342773438
5.288649082183838,6.05512660851569,10.218289375305176
5.257621765136719,6.036102038774906,10.222367286682129
5.256132125854492,6.087596642352374,10.207469940185547
5.229337215423584,6.030937861351829,10.223247528076172
5.272491931915283,6.066193769985278,10.199691772460938
5.244378566741943,6.08510773625624,10.18242073059082
5.23918342590332,6.042558936867864,10.192554473876953
5.266340732574463,6.095433050999419,10.28659725189209
5.2526068687438965,6.061514202438826,10.143583297729492
5.242886066436768,6.0274239361751825,10.17736530303955
5.22982931137085,6.050381198359122,10.1304349899292
5.2634148597717285,6.039756432874129,10.23358154296875
5.253866195678711,6.0416843760426024,10.19886302947998
5.289379119873047,6.093244763423822,10.190577507019043
5.244939804077148,6.072375527583063,10.174081802368164
5.264936447143555,6.071799353530099,10.273442268371582
5.23136568069458,6.058813250257765,10.186820983886719
5.252531051635742,6.026535661758056,10.18113899230957
5.20344877243042,6.001720288768411,10.254875183105469
5.237788677215576,6.087869728349948,10.216056823730469
5.248042583465576,6.050545388167458,10.132501602172852
5.2169928550720215,6.051139113726095,10.196558952331543
5.203546524047852,5.985336970670947,10.200639724731445
5.275311470031738,6.063474327724959,10.233352661132812
5.219289302825928,6.014087237850099,10.244154930114746
5.240304946899414,6.078328879317269,10.135902404785156
5.202483654022217,6.036969598549019,10.211868286132812
5.227525234222412,6.031549342009904,10.169382095336914
5.2142229080200195,6.047682828269899,10.202095031738281
5.222476005554199,6.0298377404189,10.204875946044922
5.2435808181762695,6.01520781644753,10.191850662231445
5.242805480957031,6.048699287997026,10.166763305664062
5.2230024337768555,6.033535091439262,10.201208114624023
5.233358383178711,6.038371268992446,10.117193222045898
5.197195053100586,6.014382728874417,10.234222412109375
5.201625347137451,6.057880322149556,10.161696434020996
5.223395347595215,6.050128641105922,10.207464218139648
5.225812911987305,6.060242539670851,10.271234512329102
5.205057144165039,6.067850923398509,10.193315505981445
5.188332557678223,6.0056528066218435,10.183810234069824
5.190077304840088,6.084790578045483,10.18598747253418
5.202280521392822,6.004949123931251,10.2105073928833
5.190433502197266,6.0508219684208076,10.156129837036133
5.205108642578125,6.0425190951209515,10.186629295349121
5.217591285705566,6.0114225105249455,10.24817943572998
5.2008771896362305,6.0505805413704365,10.165716171264648
5.170049667358398,6.001279814734257,10.186243057250977
5.213656902313232,6.030017226136156,10.192648887634277
5.182757377624512,5.961702649614641,10.190723419189453
5.213179111480713,6.015950947833646,10.265203475952148
5.194045066833496,6.033451460967107,10.1906099319458
5.169506549835205,6.023447827801907,10.17184829711914
5.1680588722229,5.996278333510937,10.260391235351562
5.190947532653809,6.024229798332921,10.257028579711914
5.16396951675415,6.032306465420074,10.15268325805664
5.19700813293457,6.076334913094927,10.152839660644531
5.182346820831299,6.0511520075877865,10.193954467773438
5.147865295410156,6.060471882311893,10.277097702026367
5.20545768737793,6.011346539149859,10.215902328491211
5.1484479904174805,5.968417044795517,10.336669921875
5.179286956787109,5.982455954221742,10.219606399536133
5.197963714599609,6.011351347535051,10.273061752319336
5.170065879821777,5.975374983157963,10.209175109863281
5.157657623291016,6.0086471456701736,10.150671005249023
5.154871940612793,6.028193374663325,10.259360313415527
5.15943717956543,5.980699710913801,10.308504104614258
5.131825923919678,5.970050476491451,10.190934181213379
5.168440818786621,6.026398755210851,10.11129093170166
5.193939208984375,6.017591972402962,10.184894561767578
5.152736663818359,5.986461856768334,10.230125427246094
5.131287574768066,6.0314287806728055,10.221220016479492
5.161411285400391,5.9862381288050015,10.276017189025879
5.156954288482666,5.959566811033125,10.225495338439941
5.142918109893799,6.011342953158809,10.212187767028809
5.167657852172852,6.029181769317281,10.115344047546387
5.158131122589111,6.06319792927908,10.200494766235352
5.151664733886719,6.026219087819169,10.197257995605469
5.145191669464111,6.019463012360834,10.130119323730469
5.160582065582275,5.992398734304255,10.18927001953125
5.157959461212158,6.004449414322153,10.221416473388672
5.144287586212158,6.016129961736234,10.185541152954102
5.109556198120117,5.956299598927477,10.270160675048828
5.105053901672363,6.016142772111509,10.172061920166016
5.104727745056152,5.987080725807962,10.265055656433105
5.107370853424072,6.026262656985117,10.289435386657715
5.123536109924316,5.993597786308134,10.265235900878906
5.109169960021973,5.936283629919802,10.210687637329102
5.114046573638916,6.023860198345833,10.213661193847656
5.124851226806641,5.993745537275183,10.164952278137207
5.10832405090332,6.00306264174703,10.237409591674805
5.065600395202637,5.974185996655642,10.145764350891113
5.107039928436279,5.965518586071474,10.22287654876709
5.151838302612305,6.0123819193270585,10.193899154663086
5.110225677490234,5.99383377623079,10.223856925964355
5.1147260665893555,5.9805785686309845,10.219719886779785
5.1120524406433105,5.928028011095843,10.143721580505371
5.148451805114746,5.991573812905699,10.154626846313477
5.14866828918457,6.016970935111334,10.217209815979004
5.086226463317871,6.001924338484449,10.244966506958008
5.073468208312988,5.984993880248761,10.192617416381836
5.1430344581604,5.971913123436805,10.105613708496094
5.086163520812988,6.006580722751096,10.222835540771484
5.0988545417785645,5.9894849417198985,10.239439010620117
5.093151569366455,5.9699470075179955,10.268223762512207
5.098604679107666,5.987976669101044,10.26717472076416
5.106380462646484,5.993552384465667,10.252470970153809
5.1060991287231445,5.948362676293722,10.15489387512207
5.041191101074219,5.966753751737998,10.269862174987793
5.052711009979248,5.972548162963774,10.304983139038086
5.084827899932861,5.99711819505319,10.24051570892334
5.101569175720215,5.956700735426109,10.250988960266113
5.1047258377075195,5.973801125306636,10.142768859863281
5.06635046005249,6.009755101952968,10.173324584960938
5.062779426574707,6.002885994634458,10.199153900146484
5.044366359710693,5.971909343131951,10.240818977355957
5.088886737823486,5.961399318583842,10.197094917297363
5.087782859802246,5.97706892727209,10.223201751708984
5.054858207702637,5.961800810847697,10.177631378173828
5.081633567810059,5.954630927182734,10.193727493286133
5.075103282928467,5.934955269630467,10.233953475952148
5.094483852386475,5.981865169779797,10.300016403198242
5.049682140350342,5.987282526213676,10.239702224731445
5.08282470703125,5.9806974798307895,10.221054077148438
5.0519866943359375,5.956216793673645,10.143178939819336
5.053822994232178,5.967507455897119,10.28762149810791
5.051673412322998,5.955641069748838,10.153590202331543
5.0603742599487305,5.935648329356418,10.266674041748047
5.077383995056152,5.935258160644611,10.163668632507324
5.072917461395264,5.996348981379664,10.21835994720459
5.064516544342041,5.975325744199965,10.151568412780762
5.039558410644531,5.9232785583340695,10.232610702514648
5.083268642425537,5.94582899417063,10.210932731628418
5.073565483093262,5.95482950171988,10.218439102172852
5.075488567352295,5.974044929391572,10.151290893554688
5.06186580657959,5.98546196247584,10.265485763549805
5.054858684539795,5.976657420197235,10.233315467834473
5.015381336212158,5.915016553664048,10.286883354187012
5.04658842086792,5.923524151356625,10.219213485717773
5.061812400817871,5.940352393447288,10.243929862976074
5.067296504974365,5.951348677443872,10.254487991333008
5.072079181671143,5.989643475340148,10.155817985534668
5.046103000640869,5.968363557210458,10.186614036560059
5.024656772613525,5.9379368362549165,10.219080924987793
5.011323928833008,5.954898239446005,10.255894660949707
5.024421215057373,5.926965716228422,10.145647048950195
5.037041187286377,5.9903117876300325,10.217082977294922
5.0130815505981445,5.955649641408984,10.175199508666992
4.992542743682861,5.924104651502733,10.259589195251465
5.040558815002441,5.9241714459245225,10.25413990020752
5.021684169769287,5.928233250975609,10.243680000305176
4.994538307189941,5.943825472578672,10.244972229003906
5.017313480377197,5.924031167690243,10.215526580810547
5.023229598999023,5.906830030460177,10.272485733032227
5.033186912536621,5.956053542937817,10.204642295837402
5.073269844055176,5.959430015313306,10.198650360107422
5.00592041015625,5.961866293302071,10.313182830810547
5.027769088745117,5.9300007047796885,10.227360725402832
5.016029357910156,5.9418521588003,10.122675895690918
5.008455753326416,5.9817499275918,10.211420059204102
5.005305767059326,5.86858226980881,10.185187339782715
5.032666206359863,5.965381370325174,10.22364616394043
4.984967231750488,5.932162418529125,10.265482902526855
4.989048480987549,5.935494867552604,10.265260696411133
5.00827693939209,5.958176290616393,10.28309154510498
4.984580993652344,5.949776567685019,10.14297866821289
4.99852180480957,5.946442147384264,10.17199420928955
5.006494522094727,5.9494922021071295,10.180442810058594
4.984512805938721,5.8774100254356325,10.297874450683594
4.97513484954834,5.940322510066575,10.173733711242676
5.028719902038574,5.939986446074077,10.219907760620117
4.985960960388184,5.873814495346909,10.156085968017578
4.986422538757324,5.8653191639709155,10.242176055908203
4.977168560028076,5.891757632738778,10.223223686218262
4.980239391326904,5.934416978287377,10.30528736114502
5.013614654541016,5.938531178049743,10.208625793457031
4.973117351531982,5.919380604821656,10.236055374145508
5.001104831695557,5.891559984867595,10.189895629882812
4.991359233856201,5.896139877449189,10.28738784790039
5.006248950958252,5.9389013241244735,10.190574645996094
4.958065986633301,5.894885605633525,10.298247337341309
5.000208377838135,5.889279435255698,10.170591354370117
4.978073596954346,5.898004897703816,10.232973098754883
4.986633777618408,5.862442165380344,10.187114715576172
4.96043586730957,5.8976417115024695,10.141984939575195
4.963521957397461,5.8702046020688226,10.300622940063477
4.974711894989014,5.953921387969915,10.29337215423584
4.995628833770752,5.934887478460691,10.175637245178223
4.967991352081299,5.858700413489714,10.2813081741333
4.936959743499756,5.896025078337905,10.211210250854492
4.982677459716797,5.895970542516027,10.303471565246582
4.983608722686768,5.929860873014799,10.21000862121582
4.98388671875,5.9107576546791405,10.084455490112305
4.977696418762207,5.974236518976146,10.248380661010742
4.9932661056518555,5.890012307059286,10.265260696411133
4.976467132568359,5.868461456382647,10.171688079833984
4.962680339813232,5.8973507862205485,10.18857479095459
4.953990936279297,5.92298181564547,10.187344551086426
4.94334602355957,5.8630177295500685,10.15715503692627
4.983336448669434,5.941408346141023,10.243212699890137
4.981228351593018,5.921119794116489,10.273649215698242
4.9428791999816895,5.898843676749883,10.220666885375977
4.964132308959961,5.933094706585897,10.211915969848633
4.944582939147949,5.884766822414739,10.157430648803711
4.97117280960083,5.935052048681038,10.23280143737793
4.993575096130371,5.950349492253735,10.189757347106934
4.960628032684326,5.9078184452373534,10.197333335876465
4.933496475219727,5.861118897097185,10.180523872375488
4.954824447631836,5.908291886660403,10.19969654083252
4.956678867340088,5.934109727785524,10.18887710571289
4.932083606719971,5.895021080272272,10.191524505615234
4.962666034698486,5.917867608268613,10.217329025268555
4.949480056762695,5.924241940158287,10.132171630859375
4.934755802154541,5.892454670609108,10.195252418518066
4.939792156219482,5.9031268454689005,10.160887718200684
4.924404621124268,5.907106712926179,10.230466842651367
4.988389015197754,5.881318408164328,10.175344467163086
4.941812515258789,5.842677782855129,10.168487548828125
4.944735050201416,5.904347975405732,10.102022171020508
4.910836219787598,5.923214911050828,10.221290588378906
4.943231105804443,5.8785319257793684,10.211030960083008
4.896665573120117,5.899663778254762,10.169662475585938
4.895762920379639,5.875969517809738,10.206026077270508
4.906310558319092,5.890061979182065,10.15932559967041
4.902315616607666,5.927825455054907,10.236403465270996
4.906858444213867,5.902682683131259,10.201444625854492
4.9051337242126465,5.8986694177147,10.242942810058594
4.921073913574219,5.909317454090342,10.184396743774414
4.911762714385986,5.8749471321103295,10.258047103881836
4.946639537811279,5.8262701293985755,10.193202018737793
4.931861877441406,5.877957024312179,10.18272876739502
4.9103169441223145,5.882941058204908,10.200958251953125
4.922381401062012,5.851527275051921,10.206422805786133
4.913491249084473,5.891713360623855,10.170950889587402
4.909048080444336,5.914235856384038,10.232208251953125
4.919204235076904,5.844165389658883,10.21335220336914
4.9332122802734375,5.8711384654577286,10.192490577697754
4.899433612823486,5.854947790071102,10.205442428588867
4.892268657684326,5.882638175805499,10.174243927001953
4.8732218742370605,5.848987189387636,10.218526840209961
4.866223335266113,5.853549840893331,10.315017700195312
4.913108825683594,5.872581976366097,10.239774703979492
4.8928961753845215,5.901715732611982,10.292786598205566
4.897929668426514,5.898168604954012,10.24144172668457
4.853842258453369,5.843813184615491,10.225066184997559
4.881662368774414,5.853514476213604,10.219568252563477
4.911533355712891,5.82330653473868,10.19737720489502
4.870137691497803,5.866607953827562,10.236244201660156
4.864362716674805,5.874076202811141,10.259571075439453
4.8893561363220215,5.844360065480161,10.179811477661133
4.872058391571045,5.822537153393828,10.303812026977539
4.86832332611084,5.809621789226575,10.236654281616211
4.891617298126221,5.824576380296742,10.242713928222656
4.920463562011719,5.8359197182248215,10.288722038269043
4.903356552124023,5.864414918635572,10.171039581298828
4.8372697830200195,5.853144316900788,10.195298194885254
4.924938678741455,5.903536934571873,10.219429016113281
4.866750717163086,5.827204433635675,10.21198844909668
4.887104511260986,5.874469149458621,10.249013900756836
4.839156627655029,5.8795510645224045,10.19627857208252
4.878969669342041,5.870231305548389,10.225674629211426
4.887293338775635,5.896000079112127,10.206475257873535
4.821128845214844,5.808711314440838,10.227344512939453
4.84414005279541,5.8366859593827805,10.177055358886719
4.860490322113037,5.848809441917443,10.190057754516602
4.84434700012207,5.81080423757833,10.203527450561523
4.8332839012146,5.8575501080735455,10.28944206237793
4.865032196044922,5.8520649553476165,10.165584564208984
4.868256092071533,5.8213274259718935,10.22347640991211
4.87874698638916,5.80709295131133,10.149309158325195
4.838618755340576,5.8599474114432395,10.144424438476562
4.8582634925842285,5.836044215364382,10.224831581115723
4.841317176818848,5.8634347983502915,10.278742790222168
4.868541240692139,5.865191743542839,10.257616996765137
4.827987194061279,5.853580049172576,10.189643859863281
4.84713888168335,5.84783023662333,10.24170970916748
4.889484405517578,5.830020196070628,10.21458625793457
4.842648029327393,5.807331605149167,10.184432983398438
4.858519554138184,5.948879817134833,10.211434364318848
4.811092376708984,5.791465845424683,10.17788028717041
4.831787586212158,5.832765150915034,10.22783374786377
4.852001190185547,5.818403542407655,10.144930839538574
4.833940029144287,5.81760217851427,10.193004608154297
4.842438220977783,5.822848204988986,10.222373008728027
4.8499884605407715,5.816306112467179,10.24293327331543
4.814089298248291,5.8351946431877355,10.223966598510742
4.808255672454834,5.84470615130184,10.201010704040527
4.816886901855469,5.852250937638538,10.236786842346191
4.874213218688965,5.806374188778656,10.256757736206055
4.814907073974609,5.885941926589502,10.297491073608398
4.8241047859191895,5.791706742885123,10.259256362915039
4.767457485198975,5.820300287666864,10.255626678466797
4.789810657501221,5.792130233054715,10.236166000366211
4.797378063201904,5.820650404252644,10.237648963928223
4.833143711090088,5.807617832274575,10.235769271850586
4.798997402191162,5.7809457381788105,10.315351486206055
4.795093059539795,5.794637856040416,10.179489135742188
4.838172912597656,5.843664461181366,10.177072525024414
4.821047782897949,5.875664032130902,10.216707229614258
4.853086471557617,5.841509649995714,10.27444839477539
4.794449329376221,5.797631646672796,10.158955574035645
4.74531888961792,5.856640283384228,10.234272003173828
4.816849231719971,5.8424646407033185,10.154105186462402
4.792737007141113,5.843001888299892,10.187233924865723
4.830199241638184,5.841809078286002,10.259726524353027
4.848483562469482,5.864852392314268,10.254878997802734
4.784853458404541,5.801755582913756,10.14128589630127
4.808462619781494,5.8151112617592196,10.224522590637207
4.76099967956543,5.767194024586518,10.234094619750977
4.809859275817871,5.869484607063765,10.180858612060547
4.779891490936279,5.832865663105622,10.261175155639648
4.7908711433410645,5.871305041979732,10.19869613647461
4.815029621124268,5.80589248040425,10.180864334106445
4.81363582611084,5.806338432278219,10.175554275512695
4.815361022949219,5.832426525386316,10.226746559143066
4.779528617858887,5.828395466952186,10.14305305480957
4.778456687927246,5.8147015811742415,10.296088218688965
4.772916316986084,5.820929365565202,10.185600280761719
4.757571697235107,5.768770773329639,10.249073028564453
4.753848552703857,5.787442110611924,10.132080078125
4.802989959716797,5.81678427719245,10.23675537109375
4.748909950256348,5.908204939216375,10.247864723205566
4.7261247634887695,5.796602713010673,10.247464179992676
4.773177146911621,5.808649453833433,10.225159645080566
4.80379581451416,5.80471008533745,10.27098274230957
4.775416851043701,5.847163966690589,10.195556640625
4.7710185050964355,5.80836660258605,10.216075897216797
4.764651298522949,5.819532389952137,10.267430305480957
4.765842437744141,5.834758126010586,10.135448455810547
4.774102687835693,5.828940336459449,10.156521797180176
4.751185417175293,5.748789294855669,10.197391510009766
4.736091136932373,5.881011877075903,10.190536499023438
4.7659454345703125,5.804551301058382,10.252939224243164
4.777189254760742,5.818713480806244,10.223388671875
4.784629821777344,5.775968798502747,10.17324447631836
4.7729692459106445,5.7874999300111085,10.214229583740234
4.747990131378174,5.8301455990877,10.287664413452148
4.731407165527344,5.790326677728444,10.197093963623047
4.746377468109131,5.80801029822656,10.259206771850586
4.749266624450684,5.765236279461533,10.287878036499023
4.761021137237549,5.7791810862586965,10.26518440246582
4.759095668792725,5.82707782828116,10.281904220581055
4.768375396728516,5.758610463035958,10.247252464294434
4.774177074432373,5.754595234092059,10.274679183959961
4.75540828704834,5.823786779240305,10.154426574707031
4.77336311340332,5.804781096255673,10.186668395996094
4.745811462402344,5.826530621154234,10.220834732055664
4.764388561248779,5.879797727335244,10.209976196289062
4.753295421600342,5.769141546317509,10.223316192626953
4.7412190437316895,5.759104219398328,10.207141876220703
4.7193074226379395,5.774146480452535,10.148408889770508
4.6946821212768555,5.795375186484307,10.213041305541992
4.736425876617432,5.81651654254113,10.225903511047363
4.683320045471191,5.767503606155515,10.216766357421875
4.770188331604004,5.810191618711023,10.224455833435059
4.775410175323486,5.806321172309772,10.153196334838867
4.751463890075684,5.793489217691655,10.228633880615234
4.768970489501953,5.832111210296196,10.268755912780762
4.699113368988037,5.7510806751504004,10.199670791625977
4.69384241104126,5.751113733642602,10.169698715209961
4.713854789733887,5.799810492333823,10.216294288635254
4.713953971862793,5.795382823063327,10.188196182250977
4.708992958068848,5.759770676260814,10.266438484191895
4.74473762512207,5.786454382119701,10.194536209106445
4.709841728210449,5.79771479608358,10.207734107971191
4.682743549346924,5.771636536744024,10.257282257080078
4.720301628112793,5.799005770157756,10.216175079345703
4.732787609100342,5.73785788256542,10.212532043457031
4.739009857177734,5.785483040347962,10.217439651489258
4.722133159637451,5.811055625722344,10.242009162902832
4.701537132263184,5.749948299456655,10.269756317138672
4.693306922912598,5.761871481813224,10.252727508544922
4.719605445861816,5.804069471578779,10.16553783416748
4.683585166931152,5.751965403723132,10.231388092041016
4.717203617095947,5.822651394143966,10.268141746520996
4.720110893249512,5.79234335122497,10.236883163452148
4.7061052322387695,5.786915338731237,10.241255760192871
4.7130351066589355,5.773355315505926,10.175021171569824
4.684135437011719,5.719890537804791,10.317852973937988
4.685676097869873,5.763223874815075,10.209152221679688
4.678076267242432,5.794329525370683,10.281998634338379
4.722270965576172,5.719993997731113,10.240212440490723
4.725727558135986,5.7547669658171285,10.241609573364258
4.723333358764648,5.749243653845042,10.231026649475098
4.73336935043335,5.72522506034667,10.298982620239258
4.7472243309021,5.722647027844297,10.221452713012695
4.673227310180664,5.736880889860913,10.16230297088623
4.730362415313721,5.754570376527098,10.204999923706055
4.6646318435668945,5.753180668356696,10.212615966796875
4.650230884552002,5.758897511953754,10.22215461730957
4.685807704925537,5.784361822264535,10.26589584350586
4.680420875549316,5.758525963772886,10.26708698272705
4.692196846008301,5.763910565325724,10.162256240844727
4.674368381500244,5.762441906845197,10.207427978515625
4.663352012634277,5.761520368712288,10.232444763183594
4.68092155456543,5.80444432691937,10.234869003295898
4.647738933563232,5.767755850916728,10.1994047164917
4.6942267417907715,5.733213962188788,10.152168273925781
4.64677095413208,5.6840625708324035,10.281561851501465
4.655467510223389,5.739510306223695,10.231269836425781
4.673789978027344,5.738068382355518,10.234907150268555
4.6341633796691895,5.72866173424492,10.186379432678223
4.686785697937012,5.817905419140256,10.298799514770508
4.6496968269348145,5.760175258120787,10.241905212402344
4.676219463348389,5.72670484676824,10.149179458618164
4.658102512359619,5.745956237128536,10.200203895568848
4.653648376464844,5.744381423407633,10.279411315917969
4.656938076019287,5.731623381043651,10.210165023803711
4.642249584197998,5.765692128799855,10.313604354858398
4.645832061767578,5.735678321049948,10.231378555297852
4.6428608894348145,5.756264965681892,10.281206130981445
4.694005966186523,5.7781873540287565,10.212488174438477
4.690261363983154,5.742012020300276,10.233562469482422
4.651226043701172,5.794791635425229,10.248516082763672
4.631501197814941,5.755247514362314,10.173587799072266
4.65327787399292,5.769142519948738,10.248310089111328
4.617807865142822,5.723388400727084,10.27864933013916
4.633468151092529,5.7260897208803465,10.29543685913086
4.642240047454834,5.680323948318671,10.22958755493164
4.654885768890381,5.719568822632676,10.232203483581543
4.709524154663086,5.765168505122087,10.226024627685547
4.645101070404053,5.782063687353262,10.163186073303223
4.615748405456543,5.778364260647712,10.212172508239746
4.645052433013916,5.744885521308919,10.170700073242188
4.6482648849487305,5.721465013522122,10.244447708129883
4.690507411956787,5.7457879021032054,10.26417064666748
4.609797954559326,5.722700022959284,10.210992813110352
4.6269659996032715,5.776874092008386,10.210880279541016
4.5889573097229,5.776961922545785,10.201568603515625
4.6577229499816895,5.743276379969237,10.282779693603516
4.671506404876709,5.730350313142741,10.240923881530762
4.627389907836914,5.750090623374231,10.208955764770508
4.618671894073486,5.700397229154727,10.22785758972168
4.66313362121582,5.794625415865864,10.258147239685059
4.585784912109375,5.724501344508359,10.18753433227539
4.649869918823242,5.801201302159045,10.270065307617188
4.611003398895264,5.714941102845062,10.195344924926758
4.636338233947754,5.735300122560667,10.162970542907715
4.597350597381592,5.7340478793984015,10.250717163085938
4.6050496101379395,5.704296417600874,10.229753494262695
4.632570743560791,5.738505529938266,10.227524757385254
4.642934322357178,5.730696339991742,10.174003601074219
4.629981994628906,5.752341375220567,10.242271423339844
4.628738880157471,5.789832211166088,10.208144187927246
4.581021308898926,5.725136638752052,10.245450019836426
4.601856231689453,5.689095211115533,10.205535888671875
4.600446701049805,5.719927877387298,10.178985595703125
4.617379665374756,5.741491333814338,10.193476676940918
4.602290630340576,5.737122212070972,10.254728317260742
4.597452640533447,5.7204146263123095,10.248336791992188
4.600889205932617,5.711383918566363,10.228604316711426
4.609888553619385,5.687462461979262,10.294490814208984
4.585936546325684,5.727932695399171,10.180486679077148
4.537466049194336,5.705818435975483,10.18043327331543
4.590806007385254,5.73082153751914,10.247528076171875
4.591231822967529,5.702302277487304,10.2838134765625
4.573734760284424,5.718414700989212,10.192160606384277
4.627409934997559,5.720355045216691,10.186224937438965
4.589787483215332,5.745168478494244,10.199814796447754
4.590944766998291,5.744776316086894,10.254842758178711
4.535115718841553,5.751969996739977,10.215991020202637
4.556022644042969,5.663776782873486,10.245031356811523
4.578514099121094,5.635854492961828,10.237370491027832
4.607952117919922,5.748016341589391,10.165206909179688
4.5773491859436035,5.67885118337082,10.13542366027832
4.564930438995361,5.675954628702519,10.173423767089844
4.57450008392334,5.725425653725064,10.305047988891602
4.562228202819824,5.655144539828013,10.232155799865723
4.529577732086182,5.6903878397507865,10.202406883239746
4.588764190673828,5.726693287225707,10.15975570678711
4.529264450073242,5.709508813684806,10.133384704589844
4.5645527839660645,5.691630737224061,10.248289108276367
4.586697578430176,5.671678493930293,10.22266960144043
4.584974765777588,5.700397767525698,10.202400207519531
4.559259414672852,5.686289419519848,10.139575958251953
4.588312149047852,5.703136028289529,10.186399459838867
4.593178749084473,5.715367384155147,10.186783790588379
4.574925422668457,5.758416473399848,10.204498291015625
4.556784152984619,5.738229200343734,10.253849983215332
4.559882640838623,5.730974842827502,10.181102752685547
4.549097061157227,5.688782281475142,10.205790519714355
4.594106674194336,5.70212196558714,10.208292961120605
4.527462482452393,5.710133422066325,10.211213111877441
4.543296813964844,5.714578049390444,10.195591926574707
4.574540138244629,5.712891255305814,10.235374450683594
4.561736106872559,5.765099703334272,10.184402465820312
4.537886142730713,5.741397803815614,10.199878692626953
4.569494724273682,5.664174782544641,10.238309860229492
4.557037830352783,5.7160300631741325,10.226903915405273
4.545938968658447,5.720487752829545,10.294498443603516
4.546234607696533,5.689784689872924,10.217293739318848
4.489485263824463,5.66348091063888,10.272271156311035
4.541099548339844,5.637180909847043,10.18128776550293
4.547334671020508,5.666127962492673,10.140213966369629
4.553819179534912,5.711516559556393,10.148351669311523
4.540528297424316,5.736516952115511,10.258727073669434
4.532334804534912,5.703990568007742,10.213993072509766
4.544267654418945,5.713674742429118,10.20559310913086
4.545399188995361,5.655086436907628,10.184917449951172
4.51915168762207,5.715610392358421,10.205570220947266
4.546773910522461,5.706506457678707,10.221643447875977
4.522460460662842,5.6560265409228,10.243837356567383
4.566582679748535,5.67984682507813,10.246572494506836
4.561018943786621,5.71017195663548,10.264077186584473
4.504209518432617,5.64388962299563,10.205163955688477
4.559345722198486,5.68159077522744,10.222928047180176
4.591878890991211,5.736941797725324,10.21227741241455
4.5540690422058105,5.699534904976773,10.244542121887207
4.5125532150268555,5.700033513795851,10.187512397766113
4.590664386749268,5.667147693257513,10.238859176635742
4.528778553009033,5.657381291401439,10.291563034057617
4.516806602478027,5.654747909600181,10.155689239501953
4.498907566070557,5.7015290861350625,10.196087837219238
4.514132022857666,5.7148393127468555,10.14970874786377
4.511053562164307,5.644412089172485,10.193570137023926
4.522830486297607,5.665722961437755,10.196773529052734
4.5183186531066895,5.666311933027048,10.180346488952637
4.516706943511963,5.654344512515568,10.177253723144531
4.508029937744141,5.684259897097945,10.167558670043945
4.535518646240234,5.7061414722619315,10.215940475463867
4.514805316925049,5.634361850563438,10.15188217163086
4.466316223144531,5.6861818524609715,10.17487907409668
4.524627685546875,5.718047989598875,10.176874160766602
4.479193687438965,5.695005785806902,10.255101203918457
4.549456596374512,5.659439134611084,10.227293968200684
4.4771647453308105,5.63864991527849,10.323604583740234
4.482685089111328,5.668739992027571,10.205965042114258
4.497497081756592,5.668284763315958,10.241868019104004
4.471654415130615,5.624075779525031,10.194697380065918
4.516089916229248,5.651670234776767,10.229476928710938
4.510438919067383,5.6213761923635115,10.246259689331055
4.51401948928833,5.72929120156914,10.171902656555176
4.483095645904541,5.713544529397041,10.208386421203613
4.477478981018066,5.640287804084697,10.164299964904785
4.48785924911499,5.658100145769172,10.202542304992676
4.451411724090576,5.639230691595003,10.278053283691406
4.503482818603516,5.626323100112911,10.210485458374023
4.454624176025391,5.622312106757557,10.217758178710938
4.4977006912231445,5.6928236929899345,10.196904182434082
4.483004093170166,5.685915519949049,10.308414459228516
4.4689717292785645,5.636550719716719,10.191961288452148
4.462229251861572,5.61951527292175,10.213953018188477
4.505513668060303,5.656370281640973,10.244363784790039
4.498050212860107,5.687583915456864,10.239665031433105
4.494063854217529,5.6921860375109,10.26636791229248
4.427839279174805,5.678634817346132,10.237837791442871
4.444462776184082,5.659852149131308,10.232453346252441
4.457691192626953,5.678874250368349,10.321599960327148
4.480027675628662,5.650653828999826,10.240511894226074
4.458071708679199,5.6883041870979865,10.19212818145752
4.505636215209961,5.649260596272403,10.236968994140625
4.485638618469238,5.662301672689085,10.185338020324707
4.45931339263916,5.650160122197122,10.207038879394531
4.436943054199219,5.616647578143913,10.218456268310547
4.421595573425293,5.6444597531309615,10.20711612701416
4.44527530670166,5.634640718011984,10.218025207519531
4.387613773345947,5.629520232922265,10.309309959411621
4.470450401306152,5.661156750250873,10.243692398071289
4.443160533905029,5.685808138755549,10.241742134094238
4.451786994934082,5.615415545513056,10.260932922363281
4.4627485275268555,5.666331996941673,10.181674003601074
4.471935749053955,5.653139119402373,10.204158782958984
4.465175151824951,5.592649122899664,10.259298324584961
4.463587284088135,5.616171330945301,10.190871238708496
4.412755489349365,5.653551629578163,10.195155143737793
4.415225982666016,5.633211414994938,10.23221492767334
4.4358134269714355,5.542331396602094,10.226136207580566
4.416774272918701,5.6240882008403,10.238353729248047
4.507031440734863,5.644780112729807,10.226093292236328
4.440410137176514,5.599601387644985,10.197385787963867
4.382362365722656,5.608157104579732,10.240435600280762
4.42240571975708,5.646997562276997,10.299619674682617
4.506078243255615,5.626691567911101,10.152345657348633
4.389546871185303,5.646606943935954,10.244760513305664
4.449722766876221,5.634508935036138,10.122722625732422
4.434037685394287,5.597162559628486,10.21662425994873
4.46579122543335,5.594952160658847,10.129363059997559
4.442179203033447,5.619456372456625,10.189127922058105
4.441829204559326,5.620956823529143,10.201241493225098
4.470228672027588,5.621325685310045,10.196412086486816
4.443835258483887,5.704143831972034,10.2654447555542
4.446133136749268,5.609617015712762,10.235664367675781
4.4386305809021,5.610975716961549,10.194406509399414
4.428648948669434,5.6228822631029685,10.195021629333496
4.458067893981934,5.667619058064052,10.21722412109375
4.394573211669922,5.612450385832095,10.25601577758789
4.420019149780273,5.617120166808101,10.196656227111816
4.419587135314941,5.625344425140481,10.23348331451416
4.398149490356445,5.598108255903104,10.149367332458496
4.432346820831299,5.601871684991887,10.253402709960938
4.368553161621094,5.654742863494902,10.179107666015625
4.419436454772949,5.620062675626416,10.13734245300293
4.4001007080078125,5.632827462861314,10.211057662963867
4.4046244621276855,5.559506731340662,10.240991592407227
4.457005023956299,5.643200416783137,10.2685546875
4.392678737640381,5.572798882511312,10.232824325561523
4.426546096801758,5.629494733509741,10.223856925964355
4.431403636932373,5.629039187948885,10.217769622802734
4.455672264099121,5.680451276312981,10.309782981872559
4.407201766967773,5.604339783612107,10.24472427368164
4.396370887756348,5.570439312939666,10.118709564208984
4.379306316375732,5.610663687743779,10.29172134399414
4.408615589141846,5.611598248194372,10.176454544067383
4.357551574707031,5.576358333595896,10.255505561828613
4.351012229919434,5.63083570377369,10.271553039550781
4.411395072937012,5.606263758248783,10.240945816040039
4.356136798858643,5.560071591387636,10.175887107849121
4.375108242034912,5.607372988946737,10.22664737701416
4.384531021118164,5.596357921637329,10.24537181854248
4.4217987060546875,5.6150670147367885,10.296402931213379
4.353453159332275,5.5467480510872385,10.160055160522461
4.395520210266113,5.5821025505595445,10.204742431640625
4.3871283531188965,5.580460538621992,10.193263053894043
4.382667541503906,5.588485383861033,10.223647117614746
4.373111724853516,5.57047664919602,10.217240333557129
4.393148422241211,5.642697586378614,10.231148719787598
4.386375904083252,5.566639266775123,10.162635803222656
4.402214050292969,5.537610226643405,10.256495475769043
4.385941982269287,5.615047745273581,10.141849517822266
4.369701385498047,5.5904864359181365,10.196273803710938
4.388148307800293,5.649689463732233,10.159507751464844
4.364148139953613,5.543720494390333,10.167598724365234
4.408644676208496,5.567128162997375,10.23495864868164
4.3685808181762695,5.566476963660014,10.265941619873047
4.393869400024414,5.6118789290610165,10.180191040039062
4.40021276473999,5.582838919512662,10.253765106201172
4.350822448730469,5.607765174404319,10.190055847167969
4.356541156768799,5.584302251759384,10.240828514099121
4.416333198547363,5.596054894783135,10.26043701171875
4.38836145401001,5.641474051101666,10.187641143798828
4.359443187713623,5.556936735387094,10.182892799377441
4.33253812789917,5.544727330096066,10.335138320922852
4.357610702514648,5.567424244846084,10.239588737487793
4.369356632232666,5.580111833522096,10.268757820129395
4.346494674682617,5.645331756610956,10.333640098571777
4.38480806350708,5.644882399821655,10.230059623718262
4.355310916900635,5.622449383671795,10.237076759338379
4.346309661865234,5.621178615040013,10.190985679626465
4.362351894378662,5.57840337271669,10.273700714111328
4.283090114593506,5.607243640115485,10.166475296020508
4.373180866241455,5.58473560702987,10.261187553405762
4.365920066833496,5.623440190417958,10.26911735534668
4.345263481140137,5.622827534197962,10.248180389404297
4.340686798095703,5.589369259042932,10.09979248046875
4.358746528625488,5.565893413765091,10.272729873657227
4.367503643035889,5.587750754751531,10.279085159301758
4.305695533752441,5.666145193024671,10.113569259643555
4.351363658905029,5.590447391050735,10.180391311645508
4.336062908172607,5.503783600238551,10.156461715698242
4.3144025802612305,5.596214022487402,10.195564270019531
4.272731304168701,5.521051713564833,10.24960994720459
4.3370280265808105,5.58067716867663,10.184551239013672
4.33864164352417,5.551412026231576,10.177749633789062
4.325093746185303,5.579668848575757,10.206916809082031
4.314908027648926,5.621055439014786,10.17205810546875
4.3440399169921875,5.586227276661832,10.210564613342285
4.3039937019348145,5.601912328141874,10.257311820983887
4.311885833740234,5.539438511178429,10.331464767456055
4.332080841064453,5.600665909803606,10.151694297790527
4.328670024871826,5.536235316922622,10.25385856628418
4.3022685050964355,5.5972765476908535,10.265557289123535
4.2932963371276855,5.639306341364447,10.24826717376709
4.312572956085205,5.60730413616901,10.252839088439941
4.329575538635254,5.582612659249987,10.234042167663574
4.291075706481934,5.567444735805371,10.189446449279785
4.285068988800049,5.5911003751680255,10.207357406616211
4.260404109954834,5.530476663527745,10.225513458251953
4.332866191864014,5.585376626678875,10.202434539794922
4.2721357345581055,5.527973738898123,10.291313171386719
4.317099571228027,5.569437975230228,10.250306129455566
4.279135704040527,5.548890916364534,10.298731803894043
4.305940628051758,5.565599120055724,10.172351837158203
4.3241682052612305,5.6222353240674625,10.214224815368652
4.322449207305908,5.6098317574110945,10.231060981750488
4.301880836486816,5.5567712872621735,10.236239433288574
4.308127403259277,5.53518537182494,10.195202827453613
4.243220806121826,5.585425268459534,10.16452407836914
4.2804274559021,5.542393209213124,10.277782440185547
4.263645648956299,5.506596025112751,10.25314998626709
4.344085216522217,5.5856788874204675,10.267621994018555
4.246647834777832,5.533811107843315,10.164855003356934
4.335659503936768,5.615553040190467,10.237765312194824
4.268100261688232,5.580897398293018,10.185665130615234
4.256206035614014,5.5519297410334865,10.178947448730469
4.311532497406006,5.580604425731249,10.224835395812988
4.274774551391602,5.547218965632576,10.22212028503418
4.265773773193359,5.503035540991862,10.207916259765625
4.268426895141602,5.536135978930231,10.238444328308105
4.304330825805664,5.540140090410464,10.277414321899414
4.287268161773682,5.641172577227865,10.164480209350586
4.292078495025635,5.610296849660309,10.155282020568848
4.294919013977051,5.581862638937309,10.185539245605469
4.252889156341553,5.566036370882232,10.389695167541504
4.275863170623779,5.498062013116266,10.235464096069336
4.24786901473999,5.557553755851195,10.200008392333984
4.26313591003418,5.535654722047704,10.243165016174316
4.310030937194824,5.573293356590772,10.285865783691406
4.287328243255615,5.562574273374464,10.200920104980469
4.24822998046875,5.4838003657226055,10.237373352050781
4.239811897277832,5.561477896225239,10.209508895874023
4.231114387512207,5.569701491855084,10.263004302978516
4.274091720581055,5.529786405652495,10.207622528076172
4.299459934234619,5.5924443151203125,10.201894760131836
4.289648056030273,5.5650890612908235,10.245010375976562
4.232710838317871,5.570511095126027,10.235681533813477
4.306475639343262,5.543638353003189,10.279889106750488
4.268551826477051,5.571241669523131,10.180156707763672
4.2557549476623535,5.517234108244468,10.249282836914062
4.272486686706543,5.564823334304882,10.276205062866211
4.214890003204346,5.532521484319919,10.283011436462402
4.275660037994385,5.523788820619562,10.237887382507324
4.2646870613098145,5.526894756858902,10.198443412780762
4.183325290679932,5.5275093328008165,10.187870025634766
4.2275166511535645,5.541540874367846,10.212028503417969
4.305967807769775,5.56999370196302,10.242937088012695
4.292800426483154,5.5757290490104685,10.15762996673584
4.2406392097473145,5.526172968825059,10.219284057617188
4.265944004058838,5.593456012329884,10.22041130065918
4.201768398284912,5.5072698928415775,10.202091217041016
4.231194496154785,5.5539263714370986,10.237327575683594
4.2856903076171875,5.553023111806916,10.339468002319336
4.294636249542236,5.588345035245376,10.249405860900879
4.213721752166748,5.521005366429953,10.289726257324219
4.256926536560059,5.518280021181063,10.212934494018555
4.237479209899902,5.479874517868406,10.21299934387207
4.305572509765625,5.53678908398641,10.199298858642578
4.2827372550964355,5.524407244420477,10.228048324584961
4.217155933380127,5.556155935129417,10.264445304870605
4.234687328338623,5.552636884285936,10.093679428100586
4.220292568206787,5.5023594178658515,10.129068374633789
4.215718746185303,5.567331179976463,10.315815925598145
4.242773532867432,5.552985268378896,10.286706924438477
4.216217994689941,5.510585213346141,10.135514259338379
4.266713619232178,5.555544947573383,10.283576965332031
4.19990348815918,5.471801062214321,10.216493606567383
4.19188117980957,5.49742725913945,10.248313903808594
4.239511013031006,5.52206231953044,10.210317611694336
4.2170491218566895,5.50920706944141,10.173910140991211
4.244665145874023,5.502266277259747,10.24281120300293
4.28330135345459,5.5582392556991955,10.297367095947266
4.246248245239258,5.5348029007270405,10.227792739868164
4.180121421813965,5.495299838250504,10.272212982177734
4.192166805267334,5.477216214174405,10.286008834838867
4.210882186889648,5.501837298140995,10.165209770202637
4.20078182220459,5.47014265141583,10.273526191711426
4.1828837394714355,5.462379569653422,10.198829650878906
4.212516784667969,5.572881816487227,10.155486106872559
4.175913333892822,5.497533687124295,10.212188720703125
4.181765079498291,5.492387400740491,10.182706832885742
4.1904706954956055,5.530017209738228,10.153348922729492
4.219852924346924,5.4876061024011245,10.265813827514648
4.223752021789551,5.5416385815811475,10.164615631103516
4.208914756774902,5.525544254774494,10.241138458251953
4.18114709854126,5.492387441785208,10.251795768737793
4.217691421508789,5.5347661724247565,10.294605255126953
4.190417289733887,5.485090613232128,10.156356811523438
4.1645002365112305,5.539176145202614,10.187525749206543
4.235751152038574,5.483907007113365,10.24169635772705
4.197869300842285,5.515412095668061,10.224279403686523
4.179330825805664,5.519067195676533,10.19612979888916
4.189208507537842,5.523782892352236,10.197854995727539
4.169388294219971,5.500244029830875,10.109128952026367
4.171380996704102,5.4374344780642,10.259939193725586
4.15773344039917,5.469608685234562,10.220678329467773
4.193833827972412,5.498080582258159,10.2671537399292
4.226782321929932,5.517388671303966,10.292537689208984
4.17783260345459,5.500709450304774,10.32376766204834
4.1743245124816895,5.486210081293913,10.234394073486328
4.144935607910156,5.4726923198239605,10.18603229522705
4.186918258666992,5.541837704999905,10.27331256866455
4.186450481414795,5.445169956689434,10.276403427124023
4.184286117553711,5.467485156741792,10.210257530212402
4.192904472351074,5.473777892533691,10.244794845581055
4.190320014953613,5.438573431755816,10.129602432250977
4.214684963226318,5.4602799194066645,10.254789352416992
4.185239315032959,5.499928272129702,10.185229301452637
4.225957870483398,5.506059412412079,10.249927520751953
4.1417131423950195,5.494197174574115,10.183874130249023
4.169723987579346,5.50606223255662,10.26659870147705
4.159611701965332,5.507614814909175,10.266661643981934
4.198575496673584,5.498550608887204,10.225446701049805
4.128044605255127,5.472012075129896,10.238288879394531
4.166910648345947,5.4829482471437325,10.259442329406738
4.157532215118408,5.478366553051663,10.214797019958496
4.1825971603393555,5.57079008324737,10.203947067260742
4.168654441833496,5.532215795646023,10.221908569335938
4.1314592361450195,5.446084172498169,10.182894706726074
4.17667818069458,5.506326468029458,10.217106819152832
4.1618523597717285,5.48039135905648,10.153463363647461
4.185940265655518,5.475671374239027,10.188501358032227
4.205856800079346,5.531510394598756,10.274843215942383
4.110290050506592,5.432887261101444,10.214609146118164
4.118422508239746,5.497894602162497,10.265592575073242
4.100220203399658,5.473299438233621,10.1972074508667
4.118001937866211,5.443299897846632,10.1786527633667
4.1429009437561035,5.458427645432364,10.158506393432617
4.11888313293457,5.448469017698829,10.222444534301758
4.175732612609863,5.505077271688995,10.21129035949707
4.131574630737305,5.46100954355539,10.192804336547852
4.12559175491333,5.487693939723872,10.200608253479004
4.127812385559082,5.505461318917305,10.22015380859375
4.140809535980225,5.506803639931605,10.240012168884277
4.129870891571045,5.46548265398347,10.20423698425293
4.102417945861816,5.4640074543255785,10.202404022216797
4.175419807434082,5.470951232360676,10.205513954162598
4.110559940338135,5.508845532811912,10.250056266784668
4.151105880737305,5.442181174410507,10.189033508300781
4.113375186920166,5.50432260514104,10.193391799926758
4.139764785766602,5.429558410375778,10.25214958190918
4.148250102996826,5.545743250188284,10.283507347106934
4.142923355102539,5.468747762630561,10.221946716308594
4.144110679626465,5.480282023116681,10.293039321899414
4.111815452575684,5.4481777647244085,10.248650550842285
4.1023054122924805,5.481811946224687,10.21635913848877
4.118719577789307,5.450467964368207,10.247488021850586
4.162269592285156,5.476882046188361,10.181856155395508
4.114789009094238,5.442723158048466,10.192644119262695
4.093149662017822,5.528683759804283,10.21288776397705
4.124471187591553,5.42267986357079,10.205530166625977
4.12227725982666,5.489891003584489,10.262152671813965
4.14808464050293,5.409959419963084,10.176993370056152
4.108912944793701,5.52651337660583,10.228708267211914
4.111061096191406,5.453504804654845,10.233617782592773
4.1332902908325195,5.472740077646449,10.144271850585938
4.113450527191162,5.404761690979025,10.187959671020508
4.1045026779174805,5.471041190537758,10.222023010253906
4.11086368560791,5.548876993790535,10.23751163482666
4.116064071655273,5.4578876445801665,10.21674919128418
4.128726482391357,5.479984482550727,10.229830741882324
4.098899841308594,5.469278334540181,10.255048751831055
4.115961074829102,5.499605095645945,10.177698135375977
4.091009616851807,5.4680621225519905,10.282953262329102
4.104362487792969,5.473310971100416,10.23298168182373
4.097873687744141,5.422321051425699,10.19619083404541
4.053280830383301,5.4781477885719925,10.242514610290527
4.131931781768799,5.482975806808099,10.289753913879395
4.096446990966797,5.420706540645499,10.151163101196289
4.118793964385986,5.4948033985482265,10.272226333618164
4.034458637237549,5.465561433163073,10.195335388183594
4.104465484619141,5.459569745630558,10.206597328186035
4.1378493309021,5.426968369167297,10.196203231811523
4.088554382324219,5.483617575040885,10.315717697143555
4.0507330894470215,5.474140700751117,10.188231468200684
4.074504852294922,5.431492999728237,10.19860553741455
4.083829402923584,5.463596669657688,10.23563003540039
4.0699286460876465,5.472458070144057,10.2544584274292
4.106298446655273,5.4470830373466015,10.330926895141602
4.080885410308838,5.436570453291227,10.264467239379883
4.099272727966309,5.445212472596072,10.228771209716797
4.0446624755859375,5.41701568483508,10.23468017578125
4.081051826477051,5.4282506212059936,10.196337699890137
4.068887710571289,5.4645396890783955,10.297225952148438
4.031492233276367,5.3999883619336675,10.171239852905273
4.011170387268066,5.411107595477786,10.229218482971191
4.104532241821289,5.430209001559498,10.225151062011719
4.108356475830078,5.443044224521145,10.2324800491333
4.121927738189697,5.480569983067523,10.173437118530273
4.116159439086914,5.394442469447053,10.20852279663086
4.019123554229736,5.420708725228907,10.21137809753418
4.099119663238525,5.455777379418057,10.225898742675781
4.088090419769287,5.471753338950553,10.209781646728516
4.118142127990723,5.423146587962817,10.237360954284668
4.003131866455078,5.4022052463676244,10.217061996459961
4.062345504760742,5.520113173772448,10.276274681091309
4.069913864135742,5.468066831052836,10.208136558532715
4.076949119567871,5.367382337239438,10.254042625427246
4.020352363586426,5.471053268527611,10.177286148071289
4.047990322113037,5.412019514778097,10.257047653198242
4.046227931976318,5.457268607470073,10.142502784729004
4.083254814147949,5.419638235720672,10.298251152038574
4.039809703826904,5.504063512132104,10.212745666503906
4.034940719604492,5.4146188280012995,10.234701156616211
4.06563138961792,5.469590669298278,10.237679481506348
4.001567363739014,5.380944788522487,10.233451843261719
4.055857181549072,5.448075277863869,10.155909538269043
4.077420234680176,5.398981008246275,10.23596477508545
4.086349964141846,5.47969337226823,10.23964786529541
4.016571521759033,5.403924069034733,10.182077407836914
4.041012287139893,5.4240278968521,10.232704162597656
4.051383018493652,5.3704540386929045,10.136181831359863
4.042107105255127,5.441559807297641,10.152137756347656
4.012707233428955,5.410191412050544,10.261100769042969
4.047422885894775,5.422109555220232,10.263312339782715
4.053252220153809,5.408773047350613,10.186687469482422
4.082185745239258,5.439464329076665,10.205903053283691
4.059025287628174,5.363179065985605,10.162481307983398
3.9983372688293457,5.416233934528593,10.262590408325195
4.016016006469727,5.395122055829104,10.258041381835938
4.047494888305664,5.411057705192693,10.249900817871094
4.037675857543945,5.402417776640505,10.269015312194824
4.082973480224609,5.440943368477747,10.22988224029541
4.01837682723999,5.423739313114702,10.204974174499512
4.037077903747559,5.424530052646462,10.207976341247559
4.020434856414795,5.4202904890158345,10.173130989074707
4.036452293395996,5.420132133411244,10.189817428588867
4.037059307098389,5.455821131389322,10.201387405395508
4.055444717407227,5.460256735328585,10.184859275817871
4.036190986633301,5.4626075037023325,10.186416625976562
4.066760540008545,5.463915161356064,10.275601387023926
4.027730941772461,5.458676400361583,10.276697158813477
4.00665283203125,5.430697847856209,10.154227256774902
4.043529987335205,5.410579433731202,10.269947052001953
3.9899637699127197,5.367975304302361,10.217782020568848
4.008559703826904,5.368905195766794,10.277305603027344
4.033956050872803,5.399295507863696,10.207707405090332
4.002692222595215,5.445645357116257,10.252227783203125
3.9236531257629395,5.335091425904206,10.253267288208008
4.043431282043457,5.37102817401423,10.126479148864746
4.020859241485596,5.36684488724651,10.213138580322266
3.9764089584350586,5.355939071026764,10.205920219421387
4.027188301086426,5.4493389944545925,10.217279434204102
4.027615547180176,5.440205389933128,10.240468978881836
3.9930973052978516,5.434807298039751,10.233659744262695
4.025182723999023,5.407477757261534,10.161405563354492
4.009526252746582,5.407191524016006,10.34032154083252
3.995182752609253,5.399066421469407,10.202325820922852
4.004024028778076,5.4613356839399785,10.21621322631836
3.9827356338500977,5.3785143552481065,10.206984519958496
4.008852481842041,5.4247634481372575,10.233169555664062
3.9869987964630127,5.398614389489272,10.263916969299316
4.017399311065674,5.376166558791217,10.224894523620605
3.997065544128418,5.426874492417222,10.178315162658691
3.9734435081481934,5.321025215554982,10.203441619873047
3.961642026901245,5.428870164689474,10.302684783935547
3.945277452468872,5.372435687010044,10.232556343078613
3.9513235092163086,5.409371632716751,10.182262420654297
3.951265811920166,5.3509730108614475,10.25402545928955
4.011697769165039,5.425487190983923,10.244231224060059
3.9875354766845703,5.46818513542946,10.22922134399414
3.984440565109253,5.421921549464709,10.186395645141602
4.028789520263672,5.4027214499988725,10.162117004394531
3.952709674835205,5.360263857890719,10.211821556091309
3.9530162811279297,5.36302544492563,10.221879959106445
3.9929075241088867,5.377393181369241,10.25282096862793
3.974196434020996,5.37040223843152,10.256952285766602
3.994189500808716,5.419602425037218,10.276248931884766
3.976386308670044,5.339260442215683,10.120443344116211
4.002117156982422,5.379593261151708,10.26980209350586
3.9935925006866455,5.43680661833579,10.216657638549805
4.031677722930908,5.413816706011337,10.200325012207031
3.9416654109954834,5.41646766296721,10.193046569824219
3.871882677078247,5.363279414296682,10.241506576538086
3.920710563659668,5.332007944317801,10.175777435302734
3.9566898345947266,5.391672636415543,10.316666603088379
3.9839513301849365,5.396970589545423,10.256671905517578
3.9498586654663086,5.385707244310262,10.163435935974121
3.993359088897705,5.381191004400275,10.23216438293457
3.9984242916107178,5.427370284950094,10.234724044799805
3.938666582107544,5.312238531785884,10.23038387298584
3.9700798988342285,5.360417521492179,10.221689224243164
3.9179155826568604,5.328647254932938,10.23153018951416
3.988247871398926,5.412358316193734,10.234762191772461
3.9510037899017334,5.3965562432671765,10.229618072509766
3.9800612926483154,5.394355905009434,10.186952590942383
3.991910219192505,5.436575297133198,10.235339164733887
3.876250982284546,5.355902272243319,10.232071876525879
3.9604434967041016,5.390368333319202,10.245903015136719
3.952035427093506,5.338125937984192,10.20490837097168
3.9949142932891846,5.3784304629745225,10.218440055847168
3.9863669872283936,5.341404972498172,10.222261428833008
3.9390220642089844,5.357079127903229,10.17971420288086
3.9464545249938965,5.393143319125687,10.140031814575195
3.921626567840576,5.322264124273455,10.214632987976074
3.969672441482544,5.376147541184244,10.195591926574707
3.9298224449157715,5.361548705724999,10.194786071777344
3.9583005905151367,5.39406954477142,10.286964416503906
3.9773271083831787,5.404682968443792,10.239858627319336
3.9669909477233887,5.3851005059467365,10.164531707763672
3.912605047225952,5.416461619049577,10.155399322509766
3.9343652725219727,5.443772199264329,10.263702392578125
3.9411869049072266,5.39085119061305,10.211236953735352
3.9585514068603516,5.400556937924454,10.221410751342773
3.938462257385254,5.368868203368038,10.137601852416992
3.9260144233703613,5.366878017583596,10.221686363220215
3.9130616188049316,5.285185331279146,10.244115829467773
3.9464478492736816,5.387055049583848,10.200220108032227
3.8772013187408447,5.392093061802111,10.274402618408203
3.9551689624786377,5.351528582429246,10.243568420410156
3.9484617710113525,5.390203058553327,10.201581954956055
3.931429386138916,5.343033523132492,10.297136306762695
3.9038543701171875,5.340460738100644,10.27523422241211
3.8799500465393066,5.3671770202262055,10.172045707702637
3.9069113731384277,5.365936081091474,10.25356674194336
3.9149861335754395,5.329564883373678,10.209943771362305
3.9469499588012695,5.392238651169465,10.23561954498291
3.883565664291382,5.319923782854207,10.192678451538086
3.933964252471924,5.353026371515755,10.186454772949219
3.882659673690796,5.362871291681325,10.194129943847656
3.9020469188690186,5.373812766778948,10.202474594116211
3.8956689834594727,5.37884348215136,10.22152328491211
3.8795909881591797,5.313459269003943,10.23997974395752
3.865861177444458,5.309739397772189,10.240225791931152
3.9493660926818848,5.353066782600114,10.245282173156738
3.912323236465454,5.299290073636387,10.208202362060547
3.8849048614501953,5.391189961295042,10.255197525024414
3.912384271621704,5.364274965266565,10.228267669677734
3.9083902835845947,5.328689015171092,10.23997974395752
3.9411652088165283,5.312003625955965,10.302940368652344
3.9030821323394775,5.350529903679021,10.192983627319336
3.917053699493408,5.414696029553722,10.17613410949707
3.958007335662842,5.387198179527851,10.292332649230957
3.8894808292388916,5.365303957269394,10.201982498168945
3.8610265254974365,5.319877885415085,10.16813850402832
3.892449140548706,5.332376819469832,10.270552635192871
3.9310832023620605,5.294759130704085,10.193857192993164
3.846120595932007,5.3258648824412385,10.248512268066406
3.907252311706543,5.382064258746271,10.220895767211914
3.888343095779419,5.347244729254661,10.24673080444336
3.9321043491363525,5.367396552049156,10.192354202270508
3.8526957035064697,5.291004518213283,10.264718055725098
3.9370925426483154,5.423705104738474,10.194374084472656
3.9368984699249268,5.350324322868671,10.182433128356934
3.947711944580078,5.350614575702431,10.256187438964844
3.8642046451568604,5.325981417072138,10.302238464355469
3.9154648780822754,5.437514783781288,10.248673439025879
3.858963966369629,5.341816752683371,10.250173568725586
3.8798229694366455,5.3913823249417225,10.148039817810059
3.8716952800750732,5.3078170953917185,10.181638717651367
3.849999189376831,5.334508256853691,10.241922378540039
3.812309741973877,5.310455444268882,10.1597900390625
3.9368512630462646,5.3336990610696375,10.22797966003418
3.8973124027252197,5.388582696273391,10.200359344482422
3.85577130317688,5.285252643416503,10.28858757019043
3.8830978870391846,5.328664920958024,10.210173606872559
3.8398592472076416,5.350409171510753,10.210491180419922
3.8745012283325195,5.330241281838555,10.236944198608398
3.8771252632141113,5.3173839208403875,10.223878860473633
3.894559860229492,5.400644466214414,10.247157096862793
3.9219107627868652,5.425533900868945,10.307740211486816
3.838212013244629,5.330191733648203,10.190454483032227
3.86336612701416,5.314194786029735,10.197742462158203
3.835784912109375,5.293276748187574,10.237459182739258
3.83727765083313,5.291247674762937,10.203378677368164
3.8274409770965576,5.336198203731328,10.233419418334961
3.861435890197754,5.313028334340612,10.19418716430664
3.80362606048584,5.271733419204663,10.166350364685059
3.8471829891204834,5.317946528916114,10.271255493164062
3.774190902709961,5.316313450756882,10.238380432128906
3.836836814880371,5.265677167568356,10.205238342285156
3.8364622592926025,5.335729604686743,10.26921272277832
3.8233089447021484,5.3580507372639,10.285656929016113
3.8361687660217285,5.328005416551605,10.251174926757812
3.753431558609009,5.278579135791266,10.187541961669922
3.8328142166137695,5.308306198799983,10.211238861083984
3.843395471572876,5.368002381275541,10.129406929016113
3.8670847415924072,5.2714675509237825,10.258110046386719
3.854071855545044,5.354412794246205,10.241582870483398
3.853147268295288,5.3358651094604275,10.276668548583984
3.831197500228882,5.3784335421265235,10.238643646240234
3.8482446670532227,5.28842268162407,10.277240753173828
3.8524973392486572,5.346777186961845,10.250384330749512
3.822688102722168,5.284299668390304,10.202783584594727
3.7886955738067627,5.324120525204178,10.27349853515625
3.8527071475982666,5.333150093543476,10.229572296142578
3.8427047729492188,5.330903625115751,10.273231506347656
3.809459686279297,5.350645752457369,10.173759460449219
3.7462406158447266,5.30936289528784,10.258476257324219
3.843414545059204,5.32384876517712,10.245516777038574
3.8766982555389404,5.3470449091733565,10.237199783325195
3.877066135406494,5.352438411509086,10.197543144226074
3.84316349029541,5.3012428751681,10.233787536621094
3.779467821121216,5.231409375855168,10.27015495300293
3.7898802757263184,5.325725322190141,10.179034233093262
3.844419240951538,5.273363964864984,10.312448501586914
3.8497958183288574,5.324778556856992,10.272903442382812
3.761481285095215,5.315952925909576,10.254594802856445
3.8662638664245605,5.367762918484265,10.172365188598633
3.754939556121826,5.272190490704296,10.192018508911133
3.8704543113708496,5.312755502627364,10.222572326660156
3.8266305923461914,5.253935618691945,10.228941917419434
3.802063226699829,5.292414967303298,10.27105712890625
3.845134735107422,5.316022681471493,10.260672569274902
3.7753961086273193,5.269781912843297,10.198627471923828
3.8683483600616455,5.3556968871104935,10.264385223388672
3.803157091140747,5.320622699933924,10.21219253540039
3.8343281745910645,5.274811157956719,10.227679252624512
3.7074997425079346,5.267729607144637,10.232783317565918
3.8280298709869385,5.275260802657742,10.176253318786621
3.8250892162323,5.32504780257919,10.203701972961426
3.8308207988739014,5.3174290241939675,10.255045890808105
3.8036513328552246,5.269566128629126,10.211748123168945
3.8192293643951416,5.383787746241848,10.284714698791504
3.774263620376587,5.316149093377005,10.237692832946777
3.785499334335327,5.27858823877094,10.219341278076172
3.7846567630767822,5.271313008785779,10.23852825164795
3.839853525161743,5.209093226785106,10.20435905456543
3.78528094291687,5.27373744677087,10.115959167480469
3.8241305351257324,5.308684895081179,10.261713027954102
3.808492660522461,5.332260139353041,10.225342750549316
3.752255439758301,5.234848511937474,10.171747207641602
3.755894184112549,5.3222253050189465,10.249324798583984
3.8467297554016113,5.2417805938914945,10.181007385253906
3.7670180797576904,5.274834236994918,10.250843048095703
3.7358500957489014,5.29643747503204,10.234552383422852
3.7238335609436035,5.244559455496658,10.16547966003418
3.791840076446533,5.285589366885168,10.229166984558105
3.732917547225952,5.285766197634595,10.269898414611816
3.7627243995666504,5.327253445816626,10.186834335327148
3.799398422241211,5.267131274898669,10.189221382141113
3.7730722427368164,5.261618458333293,10.189229965209961
3.7323665618896484,5.260156401931973,10.196935653686523
3.7603042125701904,5.313252929032648,10.246482849121094
3.774181604385376,5.231352270447782,10.193658828735352
3.758052349090576,5.288927584454151,10.234506607055664
3.745971918106079,5.231364475097507,10.166858673095703
3.7960715293884277,5.3452824268024415,10.215747833251953
3.8074779510498047,5.380718649564577,10.169171333312988
3.754681348800659,5.275720781946022,10.213687896728516
3.744875192642212,5.266278309847361,10.250568389892578
3.746319532394409,5.203003158160884,10.156633377075195
3.7772626876831055,5.345032416816268,10.25136947631836
3.716700315475464,5.246484522009268,10.291887283325195
3.7348861694335938,5.267059227451682,10.231639862060547
3.7315101623535156,5.281114457308181,10.177532196044922
3.7877187728881836,5.258963851790344,10.221407890319824
3.7951159477233887,5.305949491315654,10.215680122375488
3.713456392288208,5.283074039034545,10.202472686767578
3.706299066543579,5.211527279179012,10.301965713500977
3.6541712284088135,5.187105254802321,10.224328994750977
3.8037281036376953,5.25937966766235,10.195809364318848
3.7918083667755127,5.355855206127411,10.219928741455078
3.776972770690918,5.246761196425983,10.227697372436523
3.7647228240966797,5.325175862759353,10.236802101135254
3.758272647857666,5.19018109265848,10.187206268310547
3.7323648929595947,5.270603400655091,10.259200096130371
3.769087553024292,5.316418011506488,10.170328140258789
3.7446329593658447,5.232938508436616,10.28034782409668
3.786790132522583,5.265115274249443,10.258817672729492
3.752363681793213,5.2593965438593715,10.21142578125
3.7609188556671143,5.309788472019137,10.238384246826172
3.687622308731079,5.234102086064273,10.210864067077637
3.7602972984313965,5.266565317354565,10.175748825073242
3.7632880210876465,5.257724456854962,10.171929359436035
3.707162380218506,5.247730577530871,10.20666790008545
3.726633310317993,5.214239134353452,10.202961921691895
3.7667155265808105,5.2930159743409595,10.176273345947266
3.7064156532287598,5.247853978803115,10.235477447509766
3.7508437633514404,5.242544460941904,10.208389282226562
3.762932538986206,5.2893966100444745,10.2259521484375
3.7584311962127686,5.274595345004595,10.19544506072998
3.7107131481170654,5.299695033945941,10.271321296691895
3.701505661010742,5.250029425569144,10.203819274902344
3.726656436920166,5.261173515813425,10.314826965332031
3.7645814418792725,5.236812586663291,10.19906997680664
3.7789976596832275,5.255881991270663,10.160175323486328
3.6914167404174805,5.188141623012988,10.205443382263184
3.737736940383911,5.243467857894887,10.260564804077148
3.6821348667144775,5.214930921427107,10.202910423278809
3.7183678150177,5.257221983379818,10.291424751281738
3.785104751586914,5.316202804679051,10.1848783493042
3.6837170124053955,5.265775494809661,10.246674537658691
3.7562201023101807,5.256139383052608,10.156566619873047
3.7090682983398438,5.278864652583642,10.338811874389648
3.7358808517456055,5.323873235278629,10.168142318725586
3.7497305870056152,5.305564639590947,10.25687026977539
3.663530111312866,5.252424058803756,10.249338150024414
3.664557695388794,5.213110651953944,10.270120620727539
3.7757129669189453,5.334699269616977,10.196074485778809
3.7713820934295654,5.2901091658111135,10.242876052856445
3.7141120433807373,5.201167166499155,10.225902557373047
3.6829400062561035,5.264570759842172,10.223270416259766
3.731067419052124,5.311365952415924,10.282540321350098
3.7603249549865723,5.201057957984242,10.216109275817871
3.7543585300445557,5.276606482985828,10.247629165649414
3.7099955081939697,5.27648181571359,10.1883544921875
3.6958515644073486,5.290508297471595,10.232015609741211
3.708381414413452,5.274665919132532,10.253061294555664
3.766352415084839,5.242009265913762,10.23747444152832
3.746255874633789,5.278248854447156,10.197830200195312
3.7287890911102295,5.2381466217006425,10.25652027130127
3.6734163761138916,5.2407221017139305,10.258209228515625
3.6288959980010986,5.201182632640537,10.201899528503418
3.7177376747131348,5.2802703744133135,10.181988716125488
3.6911067962646484,5.258967843139544,10.249433517456055
3.717374563217163,5.264870714762115,10.193519592285156
3.7208902835845947,5.200298366203372,10.267715454101562
3.7219882011413574,5.322080990000229,10.23009967803955
3.67869234085083,5.2458639465871135,10.24203109741211
3.7139105796813965,5.235135266490813,10.21518325805664
3.6852550506591797,5.245656684806039,10.191117286682129
3.7494852542877197,5.223101012342211,10.21298599243164
3.6844308376312256,5.202039583586156,10.21451187133789
3.6842803955078125,5.197873892362363,10.264196395874023
3.7086901664733887,5.227076412777284,10.165473937988281
3.7268199920654297,5.226300580360528,10.170564651489258
3.6694061756134033,5.233556702500209,10.213491439819336
3.6769559383392334,5.26063830957615,10.269011497497559
3.6798171997070312,5.23113957649496,10.264264106750488
3.6418709754943848,5.283899249010054,10.177242279052734
3.66852068901062,5.2682082432854385,10.25943660736084
3.786464214324951,5.323309947503731,10.26733112335205
3.7118661403656006,5.268332009968747,10.159685134887695
3.7067394256591797,5.294893621932715,10.197132110595703
3.7531960010528564,5.283875564944798,10.189844131469727
3.6899547576904297,5.3104806117979555,10.256031036376953
3.668506145477295,5.221172036702877,10.200881958007812
3.6870522499084473,5.289084668337766,10.204817771911621
3.7251155376434326,5.280258560919069,10.208215713500977
3.671867847442627,5.201814702312861,10.12367057800293
3.7304904460906982,5.245862391777337,10.210472106933594
3.6586170196533203,5.227839311218953,10.22873592376709
3.680396795272827,5.224660873579393,10.260557174682617
3.68230938911438,5.266532968097764,10.189715385437012
3.649310350418091,5.166103920134316,10.226134300231934
3.6655566692352295,5.245357902953401,10.158827781677246
3.6734366416931152,5.296093202994338,10.206528663635254
3.6709647178649902,5.193095599899868,10.187999725341797
3.7015137672424316,5.294657565220924,10.345259666442871
3.6853842735290527,5.284686561607357,10.253334045410156
3.6782917976379395,5.263293863174372,10.250835418701172
3.7069363594055176,5.262515506041901,10.192485809326172
3.6908040046691895,5.280891342321411,10.23911190032959
3.6946840286254883,5.207157941335546,10.232560157775879
3.6502797603607178,5.201792548876256,10.285358428955078
3.655381202697754,5.210258946155331,10.247001647949219
3.6548891067504883,5.1832225186683765,10.234718322753906
3.6999289989471436,5.28566165088809,10.189826965332031
3.6922664642333984,5.2515564255882055,10.263198852539062
3.652155876159668,5.182028518424236,10.214920043945312
3.669671058654785,5.226456755007219,10.256946563720703
3.6931185722351074,5.285425598267466,10.246187210083008
3.652310848236084,5.247137812964086,10.213028907775879
3.705296516418457,5.223132246406749,10.266643524169922
3.653656244277954,5.254654501465017,10.236178398132324
3.71606707572937,5.210289579882686,10.166916847229004
3.6722464561462402,5.226920445715742,10.157526016235352
3.6728458404541016,5.315009153148691,10.236557960510254
3.707284927368164,5.299001958121413,10.2136812210083
3.6368424892425537,5.215042432504041,10.23721981048584
3.6147847175598145,5.144738682878336,10.266666412353516
3.630885601043701,5.239875593655078,10.25844955444336
3.642514705657959,5.2394716334861835,10.239069938659668
3.660949230194092,5.232155484413462,10.256292343139648
3.6975693702697754,5.211405981132494,10.186513900756836
3.6563258171081543,5.230614216399512,10.199870109558105
3.653499126434326,5.2204478419651945,10.210872650146484
3.7280683517456055,5.315232093845095,10.274881362915039
3.6424896717071533,5.187863995387619,10.200984954833984
3.624799966812134,5.199636135815776,10.194661140441895
3.7017300128936768,5.187286271081705,10.124324798583984
3.591064453125,5.177805891992258,10.196710586547852
3.7016918659210205,5.219800547663389,10.244572639465332
3.6612560749053955,5.219397536745029,10.306400299072266
3.662590265274048,5.187966197296711,10.146419525146484
3.674980401992798,5.221341798481133,10.243793487548828
3.6887972354888916,5.187755693481968,10.245067596435547
3.615543842315674,5.2038878114295315,10.191186904907227
3.6673390865325928,5.2252068948333275,10.188467979431152
3.658747911453247,5.293812262825668,10.18565559387207
3.660905599594116,5.198834319998111,10.23060417175293
3.6787285804748535,5.231078935387943,10.277979850769043
3.610910177230835,5.186208181848218,10.266833305358887
3.642263174057007,5.206920401126679,10.184810638427734
3.6854474544525146,5.236007997333737,10.181904792785645
3.6487388610839844,5.20642182440497,10.16768741607666
3.6581404209136963,5.242016403603234,10.297683715820312
3.6355748176574707,5.196024124311017,10.21493148803711
3.6041688919067383,5.211871391594676,10.249509811401367
3.6359057426452637,5.204704249111403,10.207247734069824
3.6365907192230225,5.173532176596511,10.221219062805176
3.6284852027893066,5.206429913274146,10.198125839233398
3.7286219596862793,5.253189851230543,10.2537202835083
3.6610848903656006,5.233931642424848,10.224909782409668
3.668470621109009,5.2157170946510245,10.236358642578125
3.6407454013824463,5.222191840110879,10.272443771362305
3.6554417610168457,5.220720674410196,10.193449974060059
3.690082550048828,5.198165324383548,10.192840576171875
3.6082603931427,5.256694850877726,10.29833984375
3.6609206199645996,5.207856313425248,10.20506763458252
3.570401430130005,5.1867615155809155,10.29835033416748
3.698932647705078,5.224084966749484,10.231817245483398
3.631948232650757,5.235342466538507,10.188508033752441
3.6603331565856934,5.20698475102628,10.28724193572998
3.6524670124053955,5.230450562534055,10.25800609588623
3.63139009475708,5.2260660849445095,10.279407501220703
3.646160840988159,5.214368007411914,10.247931480407715
3.6179306507110596,5.248701682946246,10.252664566040039
3.676863193511963,5.276669883801203,10.242918968200684
3.646453619003296,5.266493137759555,10.200222969055176
3.631317138671875,5.146339631772467,10.210456848144531
3.582641124725342,5.1456712000404625,10.171432495117188
3.6249887943267822,5.186643225074346,10.28555965423584
3.5852725505828857,5.216602225854461,10.203418731689453
3.6074938774108887,5.211321665306709,10.333053588867188
3.703573226928711,5.2310453899470835,10.298722267150879
3.601530075073242,5.179184438228342,10.16126823425293
3.591801881790161,5.2004137709736815,10.253149032592773
3.622685194015503,5.208279098883005,10.199873924255371
3.638988733291626,5.202052511540907,10.285953521728516
3.6727406978607178,5.173920678041343,10.164362907409668
3.614286184310913,5.235718412025433,10.271623611450195
3.6288774013519287,5.154890120195756,10.216829299926758
3.7020418643951416,5.235147252479303,10.189359664916992
3.6205496788024902,5.132041955300207,10.25645637512207
3.558725357055664,5.144939651047545,10.199641227722168
3.5943357944488525,5.199297731476171,10.267053604125977
3.620861530303955,5.158529856308763,10.122729301452637
3.633904218673706,5.213072118781773,10.224834442138672
3.687664031982422,5.268343589468194,10.161748886108398
3.6084063053131104,5.139680200655547,10.206014633178711
3.6771461963653564,5.1610392317774565,10.282461166381836
3.6383113861083984,5.223642315649029,10.215208053588867
3.6407012939453125,5.207786914493357,10.265413284301758
3.6442642211914062,5.283942677745862,10.259105682373047
3.6135284900665283,5.203439598603706,10.232442855834961
3.6616039276123047,5.254207662506296,10.258140563964844
3.630918264389038,5.248581224520292,10.207807540893555
3.6155190467834473,5.131101272035656,10.193657875061035
3.6454594135284424,5.233260515910972,10.281591415405273
3.5896520614624023,5.150066473920431,10.227109909057617
3.6264705657958984,5.110806748071419,10.218521118164062
3.6644766330718994,5.280763898410702,10.199134826660156
3.616813898086548,5.18508716060647,10.252119064331055
3.6400256156921387,5.277394155140168,10.184541702270508
3.625946521759033,5.157762741869583,10.304105758666992
3.64107084274292,5.2065496870782235,10.236766815185547
3.6821489334106445,5.287846519611776,10.184435844421387
3.648397207260132,5.1597469577765365,10.22584342956543
3.6287074089050293,5.229278986674867,10.142281532287598
3.623781204223633,5.1855995542303255,10.141561508178711
3.622891664505005,5.22510906082711,10.186171531677246
3.617008686065674,5.225481576751917,10.250932693481445
3.614842414855957,5.1619181962284655,10.218900680541992
3.6518337726593018,5.215121273017887,10.23746395111084
3.6073689460754395,5.185994526903545,10.199331283569336
3.642399549484253,5.20571901765652,10.218284606933594
3.6424779891967773,5.250054749460625,10.227128982543945
3.650144338607788,5.176008814014494,10.189374923706055
3.610868453979492,5.121276281275121,10.26986026763916
3.6362533569335938,5.212361196654716,10.237262725830078
3.6379923820495605,5.166467337104093,10.220003128051758
3.60134220123291,5.164947953806924,10.266397476196289
3.542314291000366,5.185294364179884,10.2913236618042
3.5799591541290283,5.207856709536697,10.218343734741211
3.6232361793518066,5.155865965610635,10.173027992248535
3.6182029247283936,5.198437948910786,10.2383451461792
3.6508774757385254,5.198775478738494,10.171233177185059
3.6098973751068115,5.2573100811070095,10.278717041015625
3.596118211746216,5.173072864401287,10.292457580566406
3.640734910964966,5.208246621336523,10.186574935913086
3.5707666873931885,5.122405365608366,10.164850234985352
3.5680346488952637,5.132155149110725,10.300612449645996
3.598562479019165,5.158809487840959,10.186477661132812
3.630279541015625,5.197119301717196,10.320384979248047
3.613629102706909,5.229473834890605,10.203254699707031
3.6499924659729004,5.246575094027711,10.3198823928833
3.5921053886413574,5.211715793403398,10.195385932922363
3.628988742828369,5.219712423659595,10.209280014038086
3.6413888931274414,5.211277657620876,10.269742965698242
3.642669916152954,5.212367692164012,10.152928352355957
3.6138699054718018,5.244303182133341,10.251270294189453
3.657846212387085,5.2157291762996465,10.247970581054688
3.6115996837615967,5.188385479651125,10.179132461547852
3.6280293464660645,5.233561487203198,10.307624816894531
3.673356294631958,5.193760865767087,10.232508659362793
3.610969305038452,5.156577520770952,10.147205352783203
3.6307711601257324,5.229181443740215,10.209771156311035
3.643394947052002,5.191218575662268,10.210573196411133
3.6124625205993652,5.197312481202451,10.358749389648438
3.62286376953125,5.169556210615806,10.128393173217773
3.6060855388641357,5.218408788088709,10.198506355285645
3.595099687576294,5.206549165404534,10.239553451538086
3.599705934524536,5.151444071770779,10.300517082214355
3.5254902839660645,5.066351430690182,10.24854564666748
3.6071479320526123,5.262062319487865,10.20726203918457
3.5807719230651855,5.139897787411298,10.291349411010742
3.648934841156006,5.208280086716903,10.233907699584961
3.611384153366089,5.17855203810281,10.197027206420898
3.598137378692627,5.1972212846657,10.17183780670166
3.56876802444458,5.086551306436637,10.234659194946289
3.5816612243652344,5.1307163620367655,10.290631294250488
3.629239320755005,5.200211120303721,10.202249526977539
3.606693983078003,5.1133354944509595,10.19865608215332
3.6335854530334473,5.142431543973674,10.148885726928711
3.6018126010894775,5.200786445023757,10.221050262451172
3.580423593521118,5.153554112816762,10.328483581542969
3.5885021686553955,5.181447095038102,10.178025245666504
3.7003841400146484,5.150872880060757,10.24335765838623
3.624258041381836,5.22898209790167,10.242229461669922
3.6156697273254395,5.152901948163551,10.209098815917969
3.6167709827423096,5.181241003064705,10.265886306762695
3.6041600704193115,5.102249348303303,10.27813720703125
3.5615382194519043,5.229320390715397,10.205469131469727
3.580320119857788,5.173385881220123,10.281505584716797
3.522361993789673,5.151038926327601,10.253608703613281
3.555243492126465,5.220746080291325,10.233360290527344
3.6126956939697266,5.181354180909693,10.267284393310547
3.5540554523468018,5.090924050126756,10.150060653686523
3.5519187450408936,5.153410789989201,10.23076057434082
3.540564775466919,5.123114455092166,10.230600357055664
3.6403913497924805,5.212848467319938,10.276293754577637
3.5695412158966064,5.20031019180481,10.217938423156738
3.571397066116333,5.1945717999645105,10.188446044921875
3.63458251953125,5.189117095699268,10.216850280761719
3.568516254425049,5.180430016813001,10.270610809326172
3.6013779640197754,5.089965995500929,10.223532676696777
3.5923361778259277,5.145643845167278,10.1930513381958
3.6006245613098145,5.1422367293188085,10.241571426391602
3.6388635635375977,5.215962833458825,10.157259941101074
3.5860869884490967,5.137584999037374,10.265220642089844
3.6172070503234863,5.194181279379076,10.191401481628418
3.6352171897888184,5.2245348593153595,10.234577178955078
3.638030767440796,5.191355085665626,10.161243438720703
3.5463600158691406,5.145016201073303,10.228026390075684
3.54498028755188,5.1700625433253915,10.18033504486084
3.590198278427124,5.203657428102035,10.204042434692383
3.5449202060699463,5.13893194855856,10.19758415222168
3.579831123352051,5.224455211278317,10.262838363647461
3.617156505584717,5.197831185700904,10.171951293945312
3.5496413707733154,5.163698016033907,10.174357414245605
3.548382520675659,5.163759918284735,10.279484748840332
3.616368293762207,5.144119404256344,10.24071216583252
3.646131992340088,5.2597745133098215,10.236656188964844
3.642085313796997,5.182573368373726,10.28138542175293
3.624901056289673,5.106789154566027,10.209868431091309
3.543583393096924,5.180615095122318,10.208826065063477
3.606955051422119,5.164631604083946,10.228233337402344
3.5942866802215576,5.162864923477173,10.166366577148438
3.637356996536255,5.18681107318428,10.287179946899414
3.615259885787964,5.1774802087872684,10.334421157836914
3.5602211952209473,5.092485018373866,10.197336196899414
3.565704107284546,5.1388217872341295,10.266719818115234
3.5986526012420654,5.20337904587255,10.214457511901855
3.609828472137451,5.1621633435133845,10.276163101196289
3.6231915950775146,5.258691807809685,10.290056228637695
3.5561575889587402,5.136649131974472,10.211237907409668
3.576901912689209,5.230489688060645,10.205408096313477
3.615769624710083,5.182141685692061,10.179306030273438
3.5653653144836426,5.208837323722296,10.25391674041748
3.5006723403930664,5.091915277564632,10.214395523071289
3.624317169189453,5.2156635330590815,10.25474739074707
3.57486891746521,5.108097727876157,10.212217330932617
3.5775320529937744,5.158338407220852,10.253599166870117
3.598233699798584,5.212733780133671,10.172313690185547
3.5533711910247803,5.196746357783143,10.198415756225586
3.6026713848114014,5.127370728213074,10.21285629272461
3.575497627258301,5.234762696216681,10.253915786743164
3.6481988430023193,5.142172657418996,10.301229476928711
3.6040921211242676,5.119186238618568,10.259505271911621
3.5788204669952393,5.154963801315587,10.257383346557617
3.5836234092712402,5.175499717305813,10.171467781066895
3.5638413429260254,5.210205510258674,10.217775344848633
3.5341386795043945,5.179348061426675,10.16909122467041
3.571321964263916,5.111984843720815,10.231645584106445
3.651095390319824,5.125839914926993,10.293045043945312
3.5470879077911377,5.086020668702466,10.260597229003906
3.640972852706909,5.181141630812947,10.179478645324707
3.563896894454956,5.132813432120851,10.333410263061523
3.570568799972534,5.139264724782802,10.25484848022461
3.587893486022949,5.154065033986366,10.24768352508545
3.471393346786499,5.040460355213976,10.260601997375488
3.574037551879883,5.168092958795438,10.231679916381836
3.6288492679595947,5.180443882443277,10.253669738769531
3.5626423358917236,5.141876313303198,10.166668891906738
3.6453514099121094,5.1872414797211865,10.195775985717773
3.6067988872528076,5.188846072814028,10.229973793029785
3.5510032176971436,5.116016783119579,10.260040283203125
3.555715799331665,5.172355903578656,10.2455415725708
3.627016544342041,5.223277438598286,10.239129066467285
3.581968307495117,5.207923060582419,10.32379150390625
3.5870800018310547,5.17045852222613,10.21745777130127
3.6101841926574707,5.153718554015669,10.229822158813477
3.5836451053619385,5.1496639224434535,10.240616798400879
3.62507963180542,5.153188447268414,10.199430465698242
3.5948431491851807,5.1678529299928675,10.199058532714844
3.5865678787231445,5.209499691712803,10.301338195800781
3.6132826805114746,5.259697935178078,10.268418312072754
3.59249210357666,5.1242540991599,10.303936004638672
3.6151437759399414,5.114715685569015,10.293856620788574
3.5887575149536133,5.173315715410614,10.19509506225586
3.579343557357788,5.1864604357563495,10.270247459411621
3.5839412212371826,5.162504728451105,10.114631652832031
3.56840443611145,5.1887597503872325,10.287471771240234
3.579507827758789,5.187814308297155,10.24472713470459
3.561788558959961,5.103400729397046,10.269624710083008
3.5960190296173096,5.223721884257559,10.1951904296875
3.6000640392303467,5.139301399035114,10.247323989868164
3.5481204986572266,5.132108242417286,10.223243713378906
3.6111721992492676,5.172555257799105,10.28857421875
3.563891649246216,5.157443466197168,10.21406078338623
3.528991937637329,5.133702764154545,10.211673736572266
3.557969570159912,5.176274830641757,10.274246215820312
3.6102771759033203,5.16338853398338,10.299397468566895
3.583946943283081,5.194399642990901,10.188201904296875
3.531593084335327,5.081625197515158,10.245881080627441
3.5527515411376953,5.179537284686896,10.292445182800293
3.629471778869629,5.254546289831134,10.223272323608398
3.5792973041534424,5.204600103232743,10.185564041137695
3.586940050125122,5.076237902244818,10.20391845703125
3.6503782272338867,5.200031108289425,10.22109603881836
3.533874034881592,5.076758881964322,10.244348526000977
3.5819127559661865,5.150334626536019,10.23670768737793
3.6537070274353027,5.2112055559576085,10.17996597290039
3.582204580307007,5.228221828816459,10.373491287231445
3.641634702682495,5.190551339149741,10.171131134033203
3.6269145011901855,5.122804731962138,10.263120651245117
3.5877063274383545,5.217520955185007,10.281248092651367
3.618060350418091,5.110902383158515,10.246026992797852
3.5375285148620605,5.189809307622324,10.197086334228516
3.573373317718506,5.1174175316201795,10.234674453735352
3.5734386444091797,5.143147272989154,10.281098365783691
3.5850744247436523,5.176798790693283,10.243186950683594
3.579650402069092,5.170421288747873,10.264845848083496
3.6058735847473145,5.252421848209841,10.142341613769531
3.5256905555725098,5.120707990901012,10.272791862487793
3.6537930965423584,5.167373189602847,10.177895545959473
3.5745856761932373,5.0416293917556425,10.32383918762207
3.5702483654022217,5.070542787168442,10.287726402282715
3.5811843872070312,5.174411417217925,10.222066879272461
3.5440101623535156,5.129754196153954,10.214093208312988
3.6112406253814697,5.122413585627718,10.206480026245117
3.585841417312622,5.204045917772288,10.265765190124512
3.5547871589660645,5.1489628725352565,10.256790161132812
3.5739219188690186,5.157202938538311,10.273016929626465
3.635101795196533,5.152816661799859,10.246760368347168
3.54179310798645,5.156989157399428,10.303825378417969
3.5577855110168457,5.166728930381526,10.272987365722656
3.5342912673950195,5.171630297488134,10.180669784545898
3.5967650413513184,5.0931661278009415,10.286540985107422
3.5857186317443848,5.1682209106428285,10.281747817993164
3.5255966186523438,5.175038836962943,10.294942855834961
3.570289373397827,5.163707230905337,10.257567405700684
3.541743040084839,5.109864833698208,10.180413246154785
3.546989917755127,4.99658328294754,10.226805686950684
3.580303430557251,5.121951285017921,10.219985008239746
3.5684967041015625,5.14192059396633,10.216005325317383
3.544959783554077,5.175592667789065,10.238114356994629
3.5369155406951904,5.179945468170835,10.288081169128418
3.544232130050659,5.132075347338936,10.172433853149414
3.5654494762420654,5.184484351060486,10.179333686828613
3.5744802951812744,5.198972983651662,10.197874069213867
3.5820353031158447,5.151431132573634,10.240596771240234
3.5770046710968018,5.164924190213371,10.328628540039062
3.5640957355499268,5.195451960300228,10.158655166625977
3.4990639686584473,5.189521595569594,10.221139907836914
3.547231912612915,5.166654234153351,10.206527709960938
3.5631704330444336,5.155747871945746,10.172654151916504
3.543471574783325,5.12881761376879,10.266948699951172
3.565141201019287,5.184705185537625,10.222472190856934
3.55615496635437,5.180600326973945,10.211834907531738
3.5854644775390625,5.078268856874534,10.292211532592773
3.600576162338257,5.174890549121691,10.225687026977539
3.657670497894287,5.143488735858617,10.212617874145508
3.6061389446258545,5.196406608247863,10.241656303405762
3.5799527168273926,5.13189670097615,10.196966171264648
3.5434648990631104,5.110614158612277,10.240854263305664
3.577117919921875,5.151365327648819,10.220633506774902
3.6010642051696777,5.168939152133784,10.116250991821289
3.577390193939209,5.186992257134989,10.23381233215332
3.532984733581543,5.136442444220718,10.300633430480957
3.591939926147461,5.18115318985656,10.215995788574219
3.5879478454589844,5.208266053847702,10.282962799072266
3.5568625926971436,5.1439046155594825,10.272045135498047
3.528860569000244,5.102706980392603,10.181110382080078
3.565901279449463,5.181324554607272,10.32577896118164
3.5196754932403564,5.082543038630059,10.322827339172363
3.610241651535034,5.163022406731866,10.223230361938477
3.5317888259887695,5.148062763403037,10.291712760925293
3.617915153503418,5.11030563469311,10.261357307434082
3.5158779621124268,5.1253816556252,10.249932289123535
3.5118391513824463,5.112712671414816,10.19192123413086
3.535663366317749,5.074296670965851,10.240734100341797
3.5440526008605957,5.094952331124139,10.259428024291992
3.588102102279663,5.1287476233472775,10.244030952453613
3.5627691745758057,5.162741861605485,10.330445289611816
3.4857258796691895,5.120906037378258,10.199966430664062
3.5045549869537354,5.086077058488237,10.1372709274292
3.592891216278076,5.1707414528355,10.236717224121094
3.510303020477295,5.073574694472232,10.177328109741211
3.5485475063323975,5.181447188669283,10.231947898864746
3.5525963306427,5.131165920656972,10.260551452636719
3.5605952739715576,5.132217018898311,10.192665100097656
3.544743537902832,5.160482364972787,10.333112716674805
3.5504748821258545,5.085306919080073,10.262676239013672
3.534741163253784,5.128014323534444,10.265119552612305
3.6130831241607666,5.223680586720417,10.260371208190918
3.5740275382995605,5.168996850860172,10.33018970489502
3.563060998916626,5.147516141346256,10.218103408813477
3.5119194984436035,5.1002600590498846,10.274288177490234
3.603860855102539,5.095951747415321,10.219500541687012
3.5305378437042236,5.094190360978246,10.170297622680664
3.5571210384368896,5.1365672729111145,10.242335319519043
3.5307765007019043,5.131980580078172,10.227096557617188
3.6393985748291016,5.179199849687783,10.204805374145508
3.5727438926696777,5.149406444780262,10.246917724609375
3.5543763637542725,5.117197585890867,10.269973754882812
3.5081946849823,5.053387722399618,10.264212608337402
3.5939574241638184,5.197897517621251,10.178165435791016
3.5851056575775146,5.121490375737527,10.32672119140625
3.577918291091919,5.115945032365354,10.237862586975098
3.6262433528900146,5.204804259418908,10.175212860107422
3.5527844429016113,5.173689181350969,10.20712661743164
3.5874226093292236,5.1217882030510475,10.303064346313477
3.5477232933044434,5.139500186080114,10.25251293182373
3.5131866931915283,5.09307438963359,10.16962718963623
3.6110026836395264,5.183330180023664,10.269850730895996
3.524991273880005,5.15989380695724,10.219053268432617
3.5397894382476807,5.09537086067056,10.2166748046875
3.5546741485595703,5.093831115202713,10.25993824005127
3.553011894226074,5.09295116211953,10.208634376525879
3.5444302558898926,5.123314413574658,10.193696975708008
3.529146909713745,5.146503951400519,10.22157096862793
3.5788614749908447,5.180819328974134,10.224076271057129
3.4566402435302734,5.097718181487704,10.1713228225708
3.5196235179901123,5.0838385693662405,10.259716033935547
3.5928537845611572,5.168651856415505,10.24754810333252
3.594592571258545,5.144452575860279,10.250884056091309
3.589700937271118,5.122211794102831,10.255922317504883
3.522639751434326,5.188862346611652,10.277835845947266
3.4570939540863037,5.115374874855791,10.236976623535156
3.5537102222442627,5.1717108332086354,10.278791427612305
3.554891586303711,5.18025953322649,10.186697959899902
3.5603957176208496,5.114814345658358,10.24932861328125
3.554295539855957,5.075850621863667,10.231511116027832
3.617912769317627,5.156467839310478,10.259464263916016
3.607530355453491,5.141693057891513,10.179648399353027
3.5208897590637207,5.08904289111628,10.217358589172363
3.584683656692505,5.067152142824073,10.255464553833008
3.458301305770874,5.098797730669113,10.318412780761719
3.583392381668091,5.123035931660394,10.237813949584961
3.5136191844940186,5.122225872972714,10.225859642028809
3.5408811569213867,5.079651843756437,10.266546249389648
3.540140390396118,5.136275086585167,10.318902969360352
3.545178174972534,5.103961296479351,10.251270294189453
3.5641326904296875,5.127887416863814,10.261009216308594
3.5657718181610107,5.15513365582696,10.26458740234375
3.5849599838256836,5.217131435671556,10.253317832946777
3.5852582454681396,5.140957696895514,10.287055969238281
3.576639175415039,5.156553568584579,10.255783081054688
3.5360219478607178,5.096850669576919,10.27845573425293
3.520780563354492,5.060228204088551,10.277545928955078
3.5923960208892822,5.168673699355818,10.280224800109863
3.5565245151519775,5.163825158828072,10.205251693725586
3.541642665863037,5.142140393877136,10.28573989868164
3.5691606998443604,5.0832255395528465,10.265195846557617
3.5692520141601562,5.120660930239994,10.185104370117188
3.4821791648864746,5.125402113522536,10.171165466308594
3.5780186653137207,5.126059354914884,10.26185417175293
3.566364288330078,5.128757212776691,10.19801139831543
3.5762078762054443,5.086487173302365,10.241798400878906
3.5797810554504395,5.15558555708932,10.232698440551758
3.5364179611206055,5.111792385411848,10.233074188232422
3.513833522796631,5.06495097548967,10.185647010803223
3.579976797103882,5.124339650518127,10.25377368927002
3.571652412414551,5.1386597609879185,10.206039428710938
3.536320686340332,5.085969022940845,10.218945503234863
3.57035493850708,5.141303238492194,10.216669082641602
3.5460855960845947,5.128094710409641,10.24929141998291
3.5391223430633545,5.101150767012898,10.215360641479492
3.514338731765747,5.128341089568234,10.239109992980957
3.5562806129455566,5.120880701512631,10.167643547058105
3.5048184394836426,5.055620255547442,10.271041870117188
3.5780789852142334,5.1424766263059745,10.144877433776855
3.566941976547241,5.148796830326319,10.203828811645508
3.543231248855591,5.135987327567169,10.245043754577637
3.5620291233062744,5.18856488613944,10.271650314331055
3.577146053314209,5.125183162711827,10.203601837158203
3.5846199989318848,5.16390264030945,10.157279968261719
3.559133291244507,5.06098626001871,10.266429901123047
3.5275509357452393,5.101991620979138,10.285093307495117
3.5248494148254395,5.092376053699159,10.17463207244873
3.5180208683013916,5.04541316801416,10.22784423828125
3.5277554988861084,5.124828907428309,10.257791519165039
3.569904088973999,5.1264563220819195,10.285552978515625
3.5233633518218994,5.108191955768104,10.274084091186523
3.559136152267456,5.117822615862159,10.21853256225586
3.5433268547058105,5.104296491714195,10.272631645202637
3.545487642288208,5.107293933896082,10.239846229553223
3.529879093170166,5.07943370369529,10.224771499633789
3.5136940479278564,5.174418566149792,10.254822731018066
3.574451446533203,5.10037096070924,10.248475074768066
3.5834007263183594,5.065284649808225,10.250227928161621
3.5103163719177246,5.098417423599,10.337474822998047
3.5027573108673096,5.0722829415795525,10.276925086975098
3.5659637451171875,5.105122083764789,10.281861305236816
3.518976926803589,5.03502536774613,10.233055114746094
3.537029504776001,5.163270113224697,10.226463317871094
3.5260117053985596,5.119545047637075,10.20846939086914
3.51598858833313,5.091541766189039,10.231451034545898
3.511202573776245,5.16878535784781,10.214550971984863
3.533259868621826,5.076247913297266,10.245023727416992
3.5275607109069824,5.092774559278042,10.251968383789062
3.472820520401001,5.060026852247705,10.233407974243164
3.5813136100769043,5.109202379127964,10.253097534179688
3.53298020362854,5.12354038941807,10.254486083984375
3.5765583515167236,5.1589031431025685,10.261608123779297
3.4869377613067627,5.103222957313327,10.208070755004883
3.501659631729126,5.0969860346854805,10.230896949768066
3.5334198474884033,5.128048645631809,10.271594047546387
3.5543649196624756,5.1369018963804205,10.234341621398926
3.5296437740325928,5.122135011978181,10.195209503173828
3.498853921890259,5.080413723331211,10.279706001281738
3.560645818710327,5.138095550139302,10.193924903869629
3.5284674167633057,5.07475597255065,10.196444511413574
3.4821879863739014,5.05108241826695,10.221113204956055
3.5304324626922607,5.187760524019334,10.257234573364258
3.478677988052368,5.09073615712779,10.155218124389648
3.522042751312256,5.142572531509878,10.166339874267578
3.539670944213867,5.124552669602314,10.23560905456543
3.59140944480896,5.073613413942179,10.124217987060547
3.530219316482544,5.12988905565414,10.194236755371094
3.5272812843322754,5.143614169143673,10.354144096374512
3.5098135471343994,5.1380570154371,10.217975616455078
3.524690866470337,5.130373328558302,10.250733375549316
3.491576910018921,5.116937977561195,10.235198020935059
3.5243706703186035,5.118354244157672,10.203551292419434
3.4907984733581543,5.133106018316799,10.280926704406738
3.5576441287994385,5.160956418906738,10.264280319213867
3.5245399475097656,5.099197956500575,10.244501113891602
3.572012186050415,5.1183967523808995,10.187461853027344
3.553671360015869,5.130501255160198,10.27338981628418
3.5696794986724854,5.148598376761324,10.21165943145752
3.5565125942230225,5.0919312289583365,10.203550338745117
3.54728364944458,5.076239172236196,10.257183074951172
3.591452121734619,5.117813995241055,10.185201644897461
3.4999818801879883,5.132934910943732,10.243093490600586
3.558577060699463,5.1068791567813605,10.240264892578125
3.5682358741760254,5.147332194760176,10.265508651733398
3.5512216091156006,5.052235957035529,10.290698051452637
3.573808431625366,5.116618542732405,10.208817481994629
3.5722320079803467,5.130575481602656,10.222525596618652
3.5437707901000977,5.1362626921452055,10.30490493774414
3.526080369949341,5.078956908014204,10.202265739440918
3.5567121505737305,5.135151752769681,10.260041236877441
3.54325795173645,5.169694860199733,10.263479232788086
3.524536609649658,5.1547739389685105,10.274984359741211
3.599108934402466,5.185717031326411,10.203721046447754
3.548445224761963,5.150022130659116,10.184374809265137
3.4880733489990234,5.136822864113908,10.312906265258789
3.512430429458618,5.11113474261947,10.268634796142578
3.4999687671661377,5.0985373815721164,10.172090530395508
3.5063376426696777,5.035096169016989,10.283551216125488
3.5196728706359863,5.176604139585313,10.31397533416748
3.5074174404144287,5.0777979207092105,10.275927543640137
3.4835612773895264,5.044862793625465,10.160598754882812
3.561929225921631,5.123105505448101,10.178070068359375
3.4881043434143066,5.123193505286639,10.157205581665039
3.453144073486328,5.066194579670472,10.215048789978027
3.5236639976501465,5.102858378784731,10.241312980651855
3.529428720474243,5.076891078380868,10.213340759277344
3.558927297592163,5.11414201158498,10.284908294677734
3.5524849891662598,5.12752984317818,10.231487274169922
3.5211660861968994,5.151441010513476,10.164933204650879
3.5331361293792725,5.05028016439506,10.216251373291016
3.4900646209716797,5.033178493546855,10.298401832580566
3.4987595081329346,5.125130193773657,10.247269630432129
3.526596784591675,5.10846793305661,10.252460479736328
3.493485450744629,5.019366141774559,10.252740859985352
3.5224781036376953,5.064293048810214,10.26374626159668
3.564213752746582,5.0860241269360165,10.199605941772461
3.484006881713867,5.048786629224196,10.238951683044434
3.442929983139038,5.029215449733393,10.258073806762695
3.4792609214782715,5.080557742289135,10.231624603271484
3.553079605102539,5.093408939029489,10.226183891296387
3.51755428314209,5.109347683144733,10.251086235046387
3.561960458755493,5.173684396082535,10.196122169494629
3.455368757247925,5.037576645712501,10.23916244506836
3.552492380142212,5.118611403607896,10.265381813049316
3.545783281326294,5.080698892008513,10.26904296875
3.553556203842163,5.070754417351314,10.205562591552734
3.5574276447296143,5.083526730105015,10.251361846923828
3.496399164199829,5.162741934448214,10.252955436706543
3.568010091781616,5.086950651935435,10.187307357788086
3.5448784828186035,5.117321417533925,10.162138938903809
3.5294084548950195,5.10936711598853,10.26632022857666
3.5247104167938232,5.144491710999449,10.268051147460938
3.542815685272217,5.066270394117704,10.291648864746094
3.5743801593780518,5.147093567564818,10.264532089233398
3.5405967235565186,5.050575156862449,10.237842559814453
3.514345645904541,5.039045609134649,10.309202194213867
3.531846523284912,5.1514507695433815,10.170206069946289
3.5223050117492676,5.135526869745393,10.205398559570312
3.598402261734009,5.114501272960167,10.214925765991211
3.564241409301758,5.106340291776827,10.258931159973145
3.540958881378174,5.156232985900714,10.167628288269043
3.536181688308716,5.077516984527132,10.311283111572266
3.536890983581543,5.066476024820337,10.198934555053711
3.594763994216919,5.177729656454176,10.279824256896973
3.5427660942077637,5.056789781332815,10.226879119873047
3.536621570587158,5.051730998825015,10.23394775390625
3.5259389877319336,5.152577571803704,10.263467788696289
3.5719497203826904,5.1362442193951985,10.328230857849121
3.498924970626831,5.073862309966769,10.282021522521973
3.532184600830078,5.116818997376997,10.125885009765625
3.4610342979431152,5.084600423362905,10.22132682800293
3.5395686626434326,5.151926583111552,10.270496368408203
3.551913022994995,5.037839377964181,10.262129783630371
3.5440261363983154,5.056571716642273,10.258014678955078
3.489818572998047,5.085105854751808,10.259811401367188
3.5005507469177246,5.051836188184097,10.246798515319824
3.525052547454834,5.050300892908127,10.257808685302734
3.490963935852051,5.0259410536049725,10.288856506347656
3.4879164695739746,5.055806830259307,10.26642894744873
3.4901278018951416,5.057967913237268,10.249948501586914
3.5349061489105225,5.109645797871053,10.290699005126953
3.5000436305999756,5.061189959590722,10.202997207641602
3.520528793334961,5.12067984004638,10.189262390136719
3.4847769737243652,5.041468757836681,10.19262981414795
3.5298941135406494,5.059577468383526,10.164701461791992
3.5374441146850586,5.140230920564916,10.2510347366333
3.5183300971984863,5.048569433956541,10.236099243164062
3.5152924060821533,5.1335008874801655,10.191885948181152
3.520048141479492,5.0752038541582545,10.217002868652344
3.5216495990753174,5.084455325234948,10.273612976074219
3.5039405822753906,5.0769566638129096,10.297746658325195
3.5356757640838623,5.067421547569601,10.19604778289795
3.5121872425079346,5.070546548447704,10.230362892150879
3.543151378631592,5.055078901250714,10.095041275024414
3.4665310382843018,5.0228433951269835,10.26517391204834
3.537092685699463,5.037750739072051,10.19333267211914
3.52307391166687,5.110165955698384,10.188329696655273
3.5430710315704346,5.17123992328665,10.266366958618164
3.521501302719116,5.0509228156879535,10.221234321594238
3.5112383365631104,5.034524647751823,10.289413452148438
3.4945404529571533,5.094868934081335,10.209441184997559
3.575965404510498,5.082151924393006,10.175545692443848
3.5312323570251465,5.11715847506587,10.27836799621582
3.4773058891296387,5.086315923303898,10.265390396118164
3.571337938308716,5.101453761071232,10.232450485229492
3.5504958629608154,5.146924695033314,10.274718284606934
3.472416639328003,5.048760766662391,10.184137344360352
3.534717321395874,5.071271445269564,10.161943435668945
3.6129190921783447,5.132448662405036,10.293999671936035
3.5372819900512695,5.1108345510438085,10.28955078125
3.52083158493042,5.047650554649797,10.25621509552002
3.5118095874786377,5.098411376255431,10.219034194946289
3.5395867824554443,5.049352789497269,10.203580856323242
3.5271902084350586,5.103475996592482,10.187355995178223
3.5351603031158447,5.055624281621671,10.278645515441895
3.563372850418091,5.1250757057153224,10.161615371704102
3.4770212173461914,5.073070915382621,10.227374076843262
3.521150827407837,5.0448008635347446,10.21773910522461
3.507826566696167,5.073345442535356,10.256966590881348
3.5596816539764404,5.1102049148175865,10.206183433532715
3.5249826908111572,5.181970346419673,10.18378734588623
3.5078749656677246,5.04314845391283,10.295270919799805
3.517801523208618,5.106209804004591,10.199226379394531
3.4768595695495605,5.147618565209476,10.166126251220703
3.519094467163086,5.054124084833477,10.173666000366211
3.5062332153320312,5.029423546278849,10.24899959564209
3.4955947399139404,5.0503356534588555,10.282083511352539
3.5081090927124023,5.099148124855543,10.320599555969238
3.5060949325561523,5.137435259430537,10.288016319274902
3.5200741291046143,5.115526918687724,10.26833724975586
3.473633050918579,5.054021375154012,10.180472373962402
3.5118699073791504,5.158509908410321,10.172394752502441
3.4966299533843994,5.081411473752398,10.235556602478027
3.5418009757995605,5.034937464532309,10.256556510925293
3.497433662414551,5.0553637471582205,10.25333023071289
3.525244951248169,5.126336495924209,10.323567390441895
3.527003526687622,5.078881488347958,10.258094787597656
3.426304578781128,5.038381464712855,10.19692611694336
3.514845132827759,4.992320881724092,10.235956192016602
3.524096727371216,5.048172272708533,10.258243560791016
3.4951632022857666,5.0957785038876215,10.221506118774414
3.552607536315918,5.0472646286777625,10.25985050201416
3.470313787460327,5.09663942073738,10.274499893188477
3.486332893371582,5.1164036248477975,10.214335441589355
3.523131847381592,5.099151085097609,10.263166427612305
3.556032180786133,5.173154476331548,10.212472915649414
3.5113370418548584,5.106305468528132,10.176628112792969
3.5185625553131104,5.086628989782185,10.26357364654541
3.5227789878845215,5.124161738170577,10.333822250366211
3.5246965885162354,5.055733859006847,10.191347122192383
3.552863836288452,5.119398280845157,10.289925575256348
3.4564852714538574,5.02007888596771,10.219765663146973
3.5482230186462402,5.097685576516335,10.282811164855957
3.495934247970581,5.161162222536015,10.246885299682617
3.5369296073913574,5.117772403971425,10.175071716308594
3.544837474822998,5.1042807026034485,10.238871574401855
3.4840774536132812,5.089013527180733,10.197007179260254
3.4380226135253906,4.962507453314695,10.223711967468262
3.517469644546509,5.137571326523487,10.241948127746582
3.565814256668091,5.077043708480363,10.222026824951172
3.5404088497161865,5.0740990474420995,10.243890762329102
3.461775541305542,5.049798944266513,10.293233871459961
3.555178165435791,5.115028561092912,10.251897811889648
3.497309446334839,5.0121028112314105,10.251165390014648
3.562002658843994,5.084143284874569,10.224573135375977
3.4966254234313965,4.997609988453664,10.283045768737793
3.4887337684631348,5.0315907678367315,10.232505798339844
3.462254524230957,5.080279690812209,10.147804260253906
3.4719088077545166,5.044267107533025,10.28237533569336
3.45204758644104,5.035020229007517,10.250126838684082
3.505859613418579,5.0488258504109185,10.276756286621094
3.441204786300659,5.025006666347118,10.242267608642578
3.5409939289093018,5.0572311044005405,10.246075630187988
3.546173572540283,5.0988407537474165,10.238140106201172
3.479811191558838,5.0652805807601124,10.295729637145996
3.4954094886779785,5.0935584254496336,10.277984619140625
3.5516345500946045,5.158239633244063,10.230740547180176
3.5493195056915283,5.079426008609256,10.2240571975708
3.4704067707061768,4.991855806671083,10.187956809997559
3.5265932083129883,5.08656287120123,10.202930450439453
3.5029544830322266,5.106630322756246,10.166749954223633
3.4624311923980713,5.083063291984478,10.230167388916016
3.537914752960205,5.075974936929664,10.224824905395508
3.4691123962402344,4.9998331644705365,10.223106384277344
3.470844268798828,5.0480093445429315,10.237661361694336
3.5261080265045166,5.104162855472947,10.237615585327148
3.4469151496887207,5.083287388385672,10.23752212524414
3.5363423824310303,5.113635320482509,10.282796859741211
3.4403076171875,5.07018185553274,10.26075267791748
3.474304676055908,4.955365230861519,10.227334022521973
3.5338447093963623,5.069422172282689,10.182206153869629
3.499528646469116,5.016396354950432,10.177986145019531
3.4751603603363037,5.078355916143795,10.209127426147461
3.4235496520996094,5.037075457196417,10.229269027709961
3.5003559589385986,5.068151532905176,10.221213340759277
3.513353109359741,5.091373713055094,10.248456001281738
3.42152738571167,5.012788914776008,10.238515853881836
3.5288376808166504,5.071409212458613,10.272867202758789
3.5101406574249268,5.077931886505602,10.249685287475586
3.4829561710357666,5.038391650355021,10.31502914428711
3.5067241191864014,5.128069151458996,10.205923080444336
3.513937473297119,5.112624462328053,10.253171920776367
3.5198323726654053,5.079671331847619,10.227217674255371
3.497225046157837,5.097092512462821,10.210529327392578
3.525576591491699,5.110349401931411,10.201239585876465
3.4773809909820557,5.094595755317381,10.259490013122559
3.4591267108917236,5.07170212129131,10.238770484924316
3.5034022331237793,5.070494504146544,10.267107009887695
3.5053868293762207,5.030294220162822,10.230345726013184
3.498868465423584,5.070629630337602,10.280489921569824
3.5465428829193115,5.0425813434579005,10.180153846740723
3.515420436859131,5.075074586119237,10.23826789855957
3.517489194869995,5.018532142841391,10.310205459594727
3.4395406246185303,5.002958435465449,10.179306983947754
3.5220987796783447,5.067190044958677,10.288521766662598
3.4562830924987793,5.099654000385531,10.176886558532715
3.5083563327789307,5.0426169682094555,10.26075267791748
3.483513116836548,5.066653934673273,10.293233871459961
3.44468355178833,5.056458409376709,10.213953018188477
3.5228354930877686,5.12021145394205,10.239839553833008
3.501244306564331,5.107762809909349,10.2240571975708
3.557577133178711,5.107297515529873,10.220093727111816
3.528503656387329,5.0716936426303745,10.242243766784668
3.4768850803375244,5.070370005942615,10.284361839294434
3.455146074295044,5.024136546034631,10.244328498840332
3.5609076023101807,5.115947004906567,10.228355407714844
3.520372152328491,5.056604257784785,10.225407600402832
3.4251065254211426,5.051734333126141,10.185908317565918
3.5001845359802246,5.024544717344855,10.156306266784668
3.5506155490875244,5.069494674514447,10.257037162780762
3.4877538681030273,5.034980476068865,10.16469955444336
3.4863057136535645,5.094708945502394,10.270781517028809
3.533470392227173,5.0354039536988635,10.24258804321289
3.5419578552246094,5.059530406791184,10.226882934570312
3.4779205322265625,5.107363673159853,10.254265785217285
3.489783763885498,5.059224636293948,10.249692916870117
3.4440503120422363,5.091097603086381,10.221148490905762
3.470162868499756,5.044985384780115,10.20042896270752
3.425635814666748,5.064626503669258,10.2268705368042
3.4962141513824463,5.038122778858192,10.298396110534668
3.5167276859283447,5.085312839165064,10.212379455566406
3.557645320892334,5.096441699391496,10.215652465820312
3.4887571334838867,5.0250530659686765,10.281631469726562
3.5118160247802734,5.119511456095747,10.231351852416992
3.5125274658203125,5.055365681947608,10.259676933288574
3.489988088607788,5.153491433244199,10.223453521728516
3.4750423431396484,5.060585894189509,10.239532470703125
3.5160105228424072,5.038490972016006,10.27983283996582
3.4540722370147705,5.025015229658623,10.197077751159668
3.433624505996704,5.0459730986040086,10.296859741210938
3.4492952823638916,5.092100491181815,10.277674674987793
3.519224166870117,5.0759002036148955,10.180135726928711
3.470599889755249,5.113785633218607,10.329633712768555
3.494802236557007,5.0381824421097665,10.155242919921875
3.516364574432373,5.1022481030917595,10.20105266571045
3.5276315212249756,5.125166372728667,10.259071350097656
3.489921808242798,5.132957058925449,10.252460479736328
3.4766852855682373,5.00538819087004,10.235161781311035
3.4488561153411865,5.015590919481058,10.19887924194336
3.4842870235443115,5.02625658605913,10.216192245483398
3.4350664615631104,5.028358338201152,10.218107223510742
3.4772918224334717,5.097449426539243,10.169588088989258
3.448406457901001,5.052748512443421,10.260397911071777
3.5225419998168945,5.100070450089074,10.147746086120605
3.5168042182922363,5.05549809483013,10.161982536315918
3.47041654586792,5.09680797009995,10.174172401428223
3.4875528812408447,5.095596104228337,10.237823486328125
3.500880479812622,4.976065058627033,10.143172264099121
3.459059000015259,4.996319472756503,10.242330551147461
3.4684338569641113,5.120285051309371,10.261176109313965
3.4984183311462402,5.112373971247247,10.205499649047852
3.5174720287323,5.080042505869641,10.25607681274414
3.477404832839966,5.095233524484293,10.159404754638672
3.4641239643096924,5.00923910135004,10.200905799865723
3.470668077468872,4.9869980830699205,10.317091941833496
3.4857378005981445,5.065336904122628,10.262978553771973
3.5197620391845703,5.075600911397488,10.235916137695312
3.4798011779785156,5.05430525531327,10.28520679473877
3.555075168609619,5.094993960511471,10.285636901855469
3.488321542739868,5.083940885329087,10.242279052734375
3.5123603343963623,5.125014643284626,10.219802856445312
3.5297391414642334,5.110748609561207,10.177117347717285
3.4699954986572266,5.06108469060356,10.280117988586426
3.5366878509521484,5.079118809163837,10.292047500610352
3.47792649269104,5.009597521541374,10.318700790405273
3.43507981300354,4.979948202613742,10.223908424377441
3.5064518451690674,5.063448199569913,10.186320304870605
3.432314395904541,5.041112301837918,10.220710754394531
3.506657600402832,5.054111017413171,10.149087905883789
3.5059139728546143,5.023716380021401,10.296796798706055
3.4709293842315674,5.048857845099909,10.265883445739746
3.4474093914031982,5.032476114608081,10.292688369750977
3.493178129196167,5.043403587669932,10.20688533782959
3.4723527431488037,4.967948517562555,10.14732551574707
3.417968988418579,5.006269134514566,10.246191024780273
3.5453622341156006,5.028271639686343,10.17739486694336
3.4539475440979004,5.081181235378608,10.225797653198242
3.5124547481536865,5.085403506943424,10.217733383178711
3.4250974655151367,4.986907914946122,10.164477348327637
3.4275214672088623,5.111387348268181,10.237174034118652
3.528970241546631,5.070230800192803,10.246187210083008
3.4862005710601807,5.068371888782297,10.246265411376953
3.4804913997650146,5.038151250819543,10.232994079589844
3.4669735431671143,5.061610086787757,10.251424789428711
3.484005928039551,5.030932984481166,10.248445510864258
3.422624349594116,5.0676812628018,10.219606399536133
3.460569143295288,5.037083856495363,10.281859397888184
3.4244422912597656,5.053168404381722,10.22645378112793
3.5118770599365234,5.025502912567131,10.198817253112793
3.5144598484039307,5.0506591768270095,10.24443244934082
3.4769246578216553,5.069034227668973,10.156448364257812
3.5282366275787354,5.064715682362605,10.12674331665039
3.5071818828582764,5.012857269628772,10.202787399291992
3.4261972904205322,5.022585776401683,10.229942321777344
3.4172511100769043,4.977658441755921,10.196365356445312
3.424234390258789,5.063966813630292,10.246045112609863
3.5210506916046143,5.050768911772009,10.261147499084473
3.465235948562622,5.027768058402996,10.246978759765625
3.4327232837677,5.036916776127847,10.262701988220215
3.4667086601257324,5.022642335787948,10.227128982543945
3.469355821609497,5.025637492870113,10.243678092956543
3.426142692565918,5.044167563219421,10.321198463439941
3.4242165088653564,5.018308330892719,10.233888626098633
3.4536006450653076,5.021889275571864,10.179608345031738
3.511902093887329,5.042694635356644,10.13939380645752
3.5355138778686523,5.045142898136484,10.22022819519043
3.4805076122283936,5.103517283652244,10.158880233764648
3.5521109104156494,5.047333063324913,10.176416397094727
3.438060760498047,5.025715162877791,10.335088729858398
3.5104475021362305,5.109232330495225,10.269099235534668
3.518418073654175,5.067721525539777,10.238849639892578
3.51918888092041,5.05795100298045,10.172561645507812
3.4709722995758057,5.018486573094768,10.29530143737793
3.4612607955932617,5.026121310191229,10.252373695373535
3.500537157058716,4.997972974320873,10.22416877746582
3.462390184402466,5.099213074593406,10.155077934265137
3.5043511390686035,5.000744822335298,10.257406234741211
3.4803922176361084,5.019906782245796,10.283764839172363
3.4062557220458984,5.04894161393999,10.218130111694336
3.483079433441162,5.085963316993522,10.24825382232666
3.4193294048309326,4.993861467078594,10.190223693847656
3.5176289081573486,5.070739183342083,10.20452880859375
3.414717674255371,5.038736581236923,10.264575958251953
3.438243865966797,5.004576342413202,10.227399826049805
3.4707629680633545,5.085646756325981,10.24286937713623
3.487736463546753,5.088971934813474,10.185562133789062
3.4839439392089844,5.017467559980495,10.270835876464844
3.413069725036621,4.941316444659606,10.174087524414062
3.516021966934204,5.027751788230879,10.140358924865723
3.5751149654388428,5.140898473660594,10.234004020690918
3.4575910568237305,5.078802934016234,10.24132251739502
3.3965232372283936,4.993496442413224,10.259366989135742
3.4589502811431885,5.039841372353424,10.24282455444336
3.4835867881774902,4.978371313107865,10.28341293334961
3.4669318199157715,5.073690625040658,10.15625
3.4791088104248047,5.045457146396594,10.2100830078125
3.396698236465454,5.093135881038117,10.195708274841309
3.4695494174957275,5.014342750555702,10.261568069458008
3.4606966972351074,5.016613879540403,10.205355644226074
3.4760985374450684,5.053953303955496,10.278768539428711
3.451995611190796,5.051723713653961,10.175622940063477
3.4196600914001465,4.998186087002979,10.281606674194336
3.4761507511138916,5.100266829465649,10.173206329345703
3.4943759441375732,5.023484785409112,10.225361824035645
3.4939517974853516,5.089611927978694,10.256460189819336
3.5321643352508545,5.049223098970417,10.239479064941406
3.5009658336639404,5.044378703260528,10.263275146484375
3.4717330932617188,5.098134492257876,10.210796356201172
3.496126890182495,5.134033072507009,10.195489883422852
3.4577109813690186,5.025265842975516,10.200895309448242
3.389450788497925,4.993101000187121,10.11530590057373
3.5105788707733154,5.04251893014381,10.273088455200195
3.5139174461364746,5.077204218134283,10.172771453857422
3.4455530643463135,5.036548653617501,10.236456871032715
3.4882454872131348,5.045176058708291,10.206156730651855
3.529000997543335,5.110897267802751,10.225971221923828
3.488250494003296,5.007749110959205,10.259594917297363
3.426234006881714,5.046460917685181,10.226654052734375
3.4608559608459473,5.097896583843976,10.246503829956055
3.503730297088623,4.991923071044897,10.258460998535156
3.439939022064209,4.9885537881803295,10.205021858215332
3.4956040382385254,4.981689000335922,10.232641220092773
3.446474075317383,5.030995050611507,10.16701889038086
3.4774491786956787,5.037687491259671,10.303295135498047
3.4471044540405273,4.997531993780285,10.174384117126465
3.4623069763183594,5.033126729507265,10.29461669921875
3.410141944885254,5.026632813437442,10.207918167114258
3.479583263397217,5.105864903789811,10.310237884521484
3.45808744430542,5.008032608211839,10.217680931091309
3.469273567199707,5.0780282668503265,10.257791519165039
3.44543719291687,5.01647362246045,10.208311080932617
3.429844856262207,4.961017020013449,10.21911334991455
3.4519951343536377,5.023263121223343,10.212717056274414
3.489553689956665,5.076014733108293,10.193716049194336
3.490830898284912,5.123774387707402,10.15680980682373
3.4915785789489746,5.0696015708880235,10.142070770263672
3.5008320808410645,5.044875167243715,10.215475082397461
3.439340353012085,4.99091532460547,10.17657470703125
3.474566698074341,4.949570971042185,10.210551261901855
3.4902219772338867,5.059210492131699,10.287761688232422
3.44478178024292,5.008467434539592,10.136053085327148
3.4623517990112305,5.074598917039111,10.234543800354004
3.5039796829223633,5.064250087864431,10.242202758789062
3.5019402503967285,4.9815376246281495,10.34112548828125
3.504067897796631,5.031890196459634,10.228551864624023
3.4615771770477295,5.01176896292184,10.248404502868652
3.475076675415039,4.9729472562072,10.227892875671387
3.45790433883667,5.092678439637114,10.226896286010742
3.508053779602051,5.1015878309096605,10.141366958618164
3.420799970626831,4.978296877650012,10.175198554992676
3.421785354614258,5.064397595955857,10.24869155883789
3.456184148788452,5.005896781138809,10.204980850219727
3.5007290840148926,5.026670553521917,10.296425819396973
3.4574203491210938,5.061148470433961,10.242101669311523
3.495861530303955,5.062328449949356,10.248920440673828
3.48020339012146,5.050414078370002,10.245408058166504
3.4679834842681885,5.032170667446085,10.259337425231934
3.44523549079895,5.052926845116807,10.231307983398438
3.4113082885742188,4.978867758930262,10.300622940063477
3.4508635997772217,5.061775204027072,10.15121078491211
3.4975483417510986,5.039988998656295,10.174559593200684
3.4795241355895996,4.9584047953997334,10.163311004638672
3.4991979598999023,5.036927324619943,10.218606948852539
3.520606279373169,5.0269710649071,10.164149284362793
3.4104089736938477,4.972982353164948,10.269540786743164
3.464867353439331,5.034641703690535,10.258452415466309
3.405705451965332,5.020673927352099,10.292665481567383
3.4726812839508057,5.0437717412798,10.324201583862305
3.450011968612671,5.086535616944145,10.263875007629395
3.4370338916778564,5.02835967208791,10.263882637023926
3.4080371856689453,5.089828533153716,10.226972579956055
3.4567689895629883,5.033416011171149,10.178205490112305
3.450901985168457,5.0183375122225184,10.257243156433105
3.451664924621582,5.007562100787514,10.267997741699219
3.4806203842163086,5.021376871470628,10.182823181152344
3.46281361579895,4.986139501943918,10.211368560791016
3.431481122970581,5.036165356004077,10.282855987548828
3.418149709701538,4.999535765898015,10.231632232666016
3.4706027507781982,5.046885906086703,10.226922988891602
3.4781501293182373,5.010320414722498,10.272651672363281
3.47033429145813,5.044509222165548,10.219413757324219
3.4641306400299072,5.017592267698741,10.276479721069336
3.438845634460449,5.009493981355003,10.227213859558105
3.4606573581695557,5.009923387950818,10.202872276306152
3.504164934158325,5.009011800500698,10.143611907958984
3.477400064468384,5.032798512339857,10.248027801513672
3.470036506652832,5.0316257111595135,10.180116653442383
3.4590017795562744,4.956416247246255,10.273479461669922
3.5063552856445312,5.10580563435464,10.220783233642578
3.42392897605896,4.99791255313903,10.262785911560059
3.4660239219665527,5.084167630644515,10.28199577331543
3.472430944442749,5.008637669562761,10.194690704345703
3.4346656799316406,4.988692232939814,10.212376594543457
3.467674493789673,5.071716351334803,10.278558731079102
3.478093385696411,5.016179675402652,10.241588592529297
3.461120843887329,4.985711157122361,10.217571258544922
3.4561221599578857,4.9954999992623925,10.25185775756836
3.432903289794922,5.068453690835408,10.22712516784668
3.4962685108184814,5.096450924573999,10.26955795288086
3.4884190559387207,4.993682535598055,10.214773178100586
3.4906561374664307,5.048242279195359,10.22824478149414
3.4615378379821777,5.009614392981997,10.293136596679688
3.4335732460021973,5.021214967460505,10.177421569824219
3.4562110900878906,5.019493598158339,10.2149658203125
3.4696900844573975,5.024689111326421,10.246654510498047
3.394862651824951,4.945673315885609,10.267918586730957
3.4048986434936523,5.0027760380346855,10.12190055847168
3.5174543857574463,5.024730405204796,10.21535587310791
3.4310874938964844,4.957283417295132,10.301156997680664
3.3619470596313477,5.0080086416897505,10.215780258178711
3.4518728256225586,5.010710640311507,10.214834213256836
3.4602205753326416,4.99830502727335,10.221771240234375
3.4770500659942627,5.051922811827223,10.202129364013672
3.5134646892547607,5.017155988807125,10.215428352355957
3.4579715728759766,5.0238770304380775,10.245111465454102
3.440918207168579,4.9488323529450495,10.267610549926758
3.4473788738250732,4.990203378289672,10.174915313720703
3.4456899166107178,5.01944683981128,10.260608673095703
3.455376386642456,5.068836104989584,10.233798027038574
3.5005125999450684,5.000385239687083,10.26214599609375
3.4817442893981934,5.084541743654492,10.262319564819336
3.406590223312378,5.019486856547051,10.192004203796387
3.480029821395874,5.009470194445124,10.14693546295166
3.459355354309082,5.066031030944681,10.177629470825195
3.4645402431488037,5.040188660246453,10.233169555664062
3.4521737098693848,5.043632029522477,10.217284202575684
3.392226457595825,4.976280268880406,10.201923370361328
3.5234603881835938,5.08487570348994,10.198012351989746
3.3905959129333496,4.9955955862865915,10.249592781066895
3.45790958404541,5.01167643728799,10.14394760131836
3.4608428478240967,5.038354782487398,10.23626708984375
3.456444025039673,5.046671288287533,10.228915214538574
3.441011428833008,5.067045963369311,10.191347122192383
3.3852107524871826,4.996066914106319,10.229453086853027
3.481335401535034,5.027080264707495,10.257169723510742
3.4698879718780518,5.047976864269002,10.26466178894043
3.3506364822387695,5.011488453817687,10.229373931884766
3.4868621826171875,5.0041246770415455,10.205888748168945
3.4702281951904297,5.0176836432822585,10.244161605834961
3.480247974395752,5.1250264383187245,10.248115539550781
3.5165464878082275,5.013035280330639,10.249435424804688
3.535397529602051,4.9286263487966995,10.289185523986816
3.414397716522217,4.993066886406658,10.225998878479004
3.405654191970825,5.011103790220139,10.25213623046875
3.3775413036346436,5.024100336179669,10.192785263061523
3.4585461616516113,4.98712580195362,10.269390106201172
3.4706220626831055,5.024094822483936,10.250642776489258
3.4182262420654297,4.943356076188917,10.187178611755371
3.419355630874634,4.928726424795709,10.182266235351562
3.414287567138672,4.9717710318176875,10.245731353759766
3.4298853874206543,4.977699470939115,10.269571304321289
3.4363815784454346,5.065612134058028,10.221498489379883
3.4067234992980957,5.047878612897225,10.284509658813477
3.409890651702881,5.006321707673903,10.26007080078125
3.3847239017486572,5.032709196841877,10.272343635559082
3.4466028213500977,4.978406978006076,10.231559753417969
3.3985748291015625,4.977532592435766,10.304292678833008
3.434520959854126,5.048799708119727,10.24311637878418
3.40712571144104,4.998968473003645,10.20428466796875
3.4874260425567627,4.969354294506566,10.171541213989258
3.487638473510742,5.04676698354472,10.19650936126709
3.4579851627349854,5.050175895714866,10.169089317321777
3.455461025238037,5.004960518929043,10.178380966186523
3.4461140632629395,4.962763623035113,10.200654983520508
3.4849772453308105,5.074097617329763,10.219367980957031
3.4545576572418213,4.972594455749329,10.242996215820312
3.4531612396240234,5.082354128793147,10.28448486328125
3.4587199687957764,4.998895936579045,10.236239433288574
3.4481961727142334,5.059742070534932,10.188389778137207
3.457402229309082,5.03505927128052,10.215280532836914
3.4210164546966553,4.953187864307048,10.203088760375977
3.435297727584839,5.0392862050794065,10.247316360473633
3.3901774883270264,5.020203117680336,10.239867210388184
3.430410861968994,5.014211319021082,10.224997520446777
3.457251787185669,5.070329834341205,10.191553115844727
3.418363094329834,5.002830782206728,10.22207260131836
3.381321668624878,4.96245213927302,10.263429641723633
3.5184481143951416,5.044471985560709,10.232635498046875
3.48317813873291,5.060662869763162,10.312777519226074
3.461118221282959,5.046374641358852,10.203666687011719
3.4538700580596924,5.054740705593888,10.17312240600586
3.412724733352661,5.008710405623009,10.250174522399902
3.3971357345581055,5.047424954595044,10.16187572479248
3.414588212966919,5.000027714762837,10.233057975769043
3.3466014862060547,4.985788593567642,10.203756332397461
3.4886629581451416,5.000584637879261,10.200387954711914
3.450716972351074,5.021091420303232,10.20607852935791
3.434868097305298,5.050356416098242,10.21755313873291
3.391641139984131,4.959152963544641,10.224977493286133
3.4339473247528076,5.019572207670925,10.281596183776855
3.398439645767212,4.996811106867555,10.277194023132324
3.4398882389068604,5.063571127597243,10.190864562988281
3.4687395095825195,5.055435933804671,10.307781219482422
3.3565351963043213,4.93247536925732,10.350774765014648
3.417018413543701,4.99544908279287,10.215869903564453
3.410015106201172,4.983270510266135,10.281888008117676
3.4417884349823,5.020670841847147,10.239995956420898
3.4878435134887695,5.029568080890125,10.225253105163574
3.3819425106048584,4.932174410937088,10.247465133666992
3.4366979598999023,5.005712409769851,10.20480728149414
3.3732221126556396,4.987649962172977,10.304203987121582
3.4559078216552734,5.014565677814452,10.276833534240723
3.4318408966064453,5.024394331100797,10.201123237609863
3.4524431228637695,4.904474404075049,10.181583404541016
3.4111311435699463,4.958040207225298,10.217447280883789
3.444020986557007,4.987399329431355,10.231979370117188
3.425534248352051,5.035866883483583,10.197576522827148
3.489636182785034,5.015149079163426,10.215911865234375
3.3771207332611084,4.916553264250979,10.251893043518066
3.4819822311401367,5.032796338599707,10.229255676269531
3.4172050952911377,4.927987521381251,10.180093765258789
3.4061031341552734,4.972376506775618,10.210592269897461
3.4447317123413086,4.990013175078534,10.250088691711426
3.4207191467285156,5.042903867383887,10.271721839904785
3.418416738510132,5.088075630699418,10.245427131652832
3.4589128494262695,5.077707265536967,10.248364448547363
3.415437936782837,4.961141670854496,10.228545188903809
3.4225616455078125,4.99872882976862,10.293706893920898
3.4143385887145996,4.98416332088943,10.329557418823242
3.4057552814483643,4.989374050438139,10.196439743041992
3.510380506515503,4.9506708409504165,10.23898696899414
3.402937889099121,4.973464304514761,10.170832633972168
3.357550621032715,4.969820632699079,10.209373474121094
3.405576229095459,5.017544119851665,10.22049617767334
3.434295415878296,5.020919262863962,10.263213157653809
3.4374661445617676,5.010204975559776,10.208564758300781
3.42034912109375,4.931971989106387,10.29881477355957
3.4832706451416016,5.016382715930896,10.282029151916504
3.475440740585327,5.020754102052057,10.2378568649292
3.442007064819336,4.985903903708927,10.169964790344238
3.511604070663452,5.026210570142471,10.315851211547852
3.4376676082611084,4.975633321828873,10.159918785095215
3.466343402862549,5.007723246967153,10.203438758850098
3.45041561126709,4.978372150300337,10.318702697753906
3.4197845458984375,4.932582301819431,10.244292259216309
3.4127683639526367,5.017873286003512,10.09739875793457
3.407569408416748,4.974034895954121,10.259756088256836
3.467360734939575,5.082085394766182,10.189895629882812
3.4182536602020264,4.972459146353815,10.224020004272461
3.443882465362549,5.044127741429423,10.200139999389648
3.3725526332855225,4.99811372673139,10.27420425415039
3.445727586746216,4.957413961745001,10.180299758911133
3.4254486560821533,4.985177626168089,10.234073638916016
3.4158756732940674,5.018484421174175,10.23278522491455
3.3719136714935303,5.0015078952669025,10.243870735168457
3.4254467487335205,5.056518896416362,10.204216957092285
3.435394763946533,5.0349517096432725,10.19791316986084
3.402851104736328,4.9583033936297785,10.270560264587402
3.4080796241760254,4.947522460848891,10.271352767944336
3.418628215789795,4.970049080106297,10.283095359802246
3.4143316745758057,4.922920741406934,10.278623580932617
3.3967247009277344,5.0219489366947005,10.251145362854004
3.441187858581543,4.997858327879969,10.208047866821289
3.4388346672058105,5.060227905965544,10.299015045166016
3.4413366317749023,4.973225496809131,10.220990180969238
3.4765424728393555,5.032825858731355,10.223896980285645
3.416170597076416,4.948088951575171,10.234170913696289
3.366785764694214,4.949755737923884,10.249865531921387
3.482111692428589,5.055530212320654,10.203713417053223
3.489858388900757,5.013626488158479,10.240523338317871
3.4504001140594482,5.050355942687019,10.126745223999023
3.4570789337158203,5.049468651613487,10.23616886138916
3.4033141136169434,4.994915655980418,10.198287963867188
3.42834210395813,4.951762722040128,10.190632820129395
3.3603601455688477,4.9261556419410875,10.224119186401367
3.3610308170318604,5.002523938526532,10.20012378692627
3.4465012550354004,5.005937957071833,10.15252685546875
3.4653329849243164,5.0150374843672445,10.196422576904297
3.475008487701416,5.0456583035577625,10.19822883605957
3.4208457469940186,5.019220111126613,10.263919830322266
3.4486026763916016,5.03182090642596,10.199037551879883
3.420319080352783,4.939998267750655,10.212183952331543
3.466301679611206,5.021443454049794,10.264961242675781
3.452481269836426,5.043033606040158,10.233832359313965
3.4787724018096924,5.030265486100688,10.225838661193848
3.4334375858306885,4.940580487849989,10.241897583007812
3.3718245029449463,4.922136432291673,10.268919944763184
3.5214285850524902,5.02433697892619,10.230705261230469
3.42071270942688,4.97686881176196,10.192876815795898
3.450615644454956,5.0037265904580375,10.279287338256836
3.4920265674591064,4.977038145697276,10.31476879119873
3.4092462062835693,5.036307749671063,10.212963104248047
3.465808153152466,5.035612716472575,10.241425514221191
3.3978934288024902,5.025697070805888,10.190820693969727
3.429631233215332,4.903823748729858,10.315404891967773
3.4758453369140625,5.035433005075902,10.213228225708008
3.4262354373931885,4.951358759942066,10.188714981079102
3.393538236618042,4.983657396132393,10.189126968383789
3.3855695724487305,5.004857775089996,10.245769500732422
3.4159116744995117,4.980380824634007,10.199263572692871
3.4637391567230225,5.02145619421,10.255797386169434
3.413745880126953,4.982909975207543,10.17507266998291
3.399963140487671,5.0124503991766165,10.289302825927734
3.4534406661987305,5.000825156091846,10.171018600463867
3.4107611179351807,4.978332211429786,10.16368579864502
3.423109769821167,4.969743323911513,10.223771095275879
3.4115824699401855,4.971454704446452,10.24222469329834
3.4443349838256836,5.00049606986743,10.225909233093262
3.373748302459717,4.902250019567354,10.246026992797852
3.409454822540283,5.055185108146231,10.262182235717773
3.3825316429138184,4.9747726550724884,10.16043472290039
3.4078943729400635,4.949674111624648,10.257737159729004
3.394341230392456,4.972484369928549,10.262382507324219
3.4144749641418457,5.010438302066176,10.21514892578125
3.3423118591308594,4.898627614369616,10.228087425231934
3.4606242179870605,5.031698200086664,10.302995681762695
3.390268325805664,4.940525546836269,10.300827980041504
3.4538419246673584,5.007745534780302,10.219923973083496
3.4701969623565674,5.034887006938724,10.244837760925293
3.4591009616851807,5.000983875145072,10.277111053466797
3.419962167739868,4.976962465659848,10.238686561584473
3.4465088844299316,4.968763784605211,10.154864311218262
3.4920740127563477,5.005360662538027,10.22650146484375
3.441573143005371,4.974639285588637,10.265568733215332
3.381427049636841,4.969598923144596,10.290494918823242
3.4544403553009033,4.988876146064805,10.249212265014648
3.4180538654327393,5.063295573894201,10.289915084838867
3.3730039596557617,4.992910775987964,10.301098823547363
3.384258985519409,4.91692595483203,10.186759948730469
3.4169907569885254,5.0471111694018225,10.2963285446167
3.3689968585968018,4.990256321749516,10.279458999633789
3.363461971282959,4.966011836393071,10.1738920211792
3.434863328933716,4.969396360850494,10.274144172668457
3.4527673721313477,5.00481739490559,10.240180969238281
3.415947198867798,4.946307535848713,10.272100448608398
3.3220577239990234,4.904944460273588,10.183507919311523
3.5417160987854004,5.005201581366626,10.245741844177246
3.4422082901000977,4.96605120143587,10.207784652709961
3.4355626106262207,4.963978852877127,10.248851776123047
3.4020705223083496,4.978343619765448,10.190402030944824
3.415374994277954,4.944464384910783,10.22192096710205
3.3568785190582275,4.900470405417894,10.210149765014648
3.4566256999969482,5.000407249566966,10.272486686706543
3.4039173126220703,4.989008085968505,10.206850051879883
3.4112703800201416,4.941037531343421,10.192434310913086
3.3608689308166504,4.9405710473656645,10.296732902526855
3.3884575366973877,4.954710680459226,10.250497817993164
3.402266263961792,5.018450013794271,10.198694229125977
3.405057430267334,4.969057353379737,10.302361488342285
3.434501886367798,4.9088537681049536,10.250019073486328
3.3700520992279053,4.918995342317171,10.137369155883789
3.416898250579834,5.020148354815319,10.244465827941895
3.4319655895233154,4.906503691737142,10.324332237243652
3.4267778396606445,4.9776716372330805,10.192849159240723
3.4568378925323486,4.971618985457878,10.255950927734375
3.453131675720215,5.030105397138478,10.189719200134277
3.3954336643218994,5.033471424964124,10.203810691833496
3.4413745403289795,4.984407921421474,10.221038818359375
3.41707181930542,4.912238265354452,10.256922721862793
3.3688857555389404,4.961784556341756,10.3193998336792
3.4104745388031006,5.002420601202175,10.280923843383789
3.409294366836548,4.984841112513096,10.227497100830078
3.4187159538269043,4.948432947442469,10.267005920410156
3.443352222442627,4.956639091018587,10.149803161621094
3.384556531906128,4.92656311761987,10.250653266906738
3.440364360809326,5.012893958349845,10.18041706085205
3.431267499923706,4.963865348936191,10.205832481384277
3.469210147857666,4.9540935449435235,10.210996627807617
3.4003162384033203,4.991710140403094,10.17199420928955
3.383803606033325,5.012582290052836,10.232810974121094
3.411689043045044,4.895919038648052,10.190858840942383
3.4032576084136963,4.936900293454528,10.247625350952148
3.450025796890259,5.03352852079219,10.243107795715332
3.421128749847412,5.018652367039717,10.246794700622559
3.4568490982055664,5.065523275872693,10.16827392578125
3.450821876525879,4.95883119944483,10.264974594116211
3.4201741218566895,4.984087346254714,10.18690013885498
3.358419895172119,4.959815389776071,10.298416137695312
3.382113456726074,4.929669790468844,10.294374465942383
3.3907575607299805,4.98768596969811,10.24545669555664
3.453502655029297,5.0613781022506625,10.187169075012207
3.397228717803955,4.900260623378147,10.205678939819336
3.375715732574463,4.96568898051711,10.175169944763184
3.3875393867492676,4.950676299465288,10.287508010864258
3.4184298515319824,4.959478658856824,10.193253517150879
3.41420578956604,4.918279185259182,10.271702766418457
3.4126532077789307,4.924445055591475,10.209478378295898
3.349435806274414,4.945883159958092,10.295552253723145
3.399872303009033,4.943962667203907,10.228087425231934
3.3972792625427246,4.9924479915893505,10.259170532226562
3.4347734451293945,5.016704664000177,10.260168075561523
3.408379077911377,4.952415316033044,10.191681861877441
3.378681182861328,4.989246662473307,10.206151008605957
3.3720972537994385,4.98774203681387,10.29612922668457
3.4266841411590576,4.994994526862033,10.207393646240234
3.3787426948547363,4.979749616800941,10.292482376098633
3.3790202140808105,4.9733472559268455,10.197423934936523
3.4073197841644287,4.96060806323242,10.239018440246582
3.408965826034546,4.918453919801062,10.182265281677246
3.3735573291778564,4.947638506435656,10.164538383483887
3.4139347076416016,4.8965705807786435,10.222594261169434
3.443183660507202,5.048447453084268,10.218589782714844
3.464130163192749,5.000994014054804,10.240248680114746
3.3930816650390625,5.02604666831238,10.261265754699707
3.438502788543701,5.0388985485437185,10.292082786560059
3.4378209114074707,4.9775587155018,10.262382507324219
3.4215898513793945,5.02102020575798,10.248897552490234
3.4167087078094482,4.978145080851391,10.249296188354492
3.423753499984741,5.03002556237126,10.235047340393066
3.3755061626434326,4.99308070034853,10.182228088378906
3.3779401779174805,4.98058123444207,10.176860809326172
3.4161159992218018,5.023332818211721,10.200840950012207
3.4057705402374268,4.96459367532017,10.209648132324219
3.4089319705963135,4.945018258045561,10.273845672607422
3.410102128982544,5.006536744036046,10.241192817687988
3.416253089904785,5.00142464217996,10.203927993774414
3.3643290996551514,4.972872550233401,10.185321807861328
3.356353998184204,4.987019510939717,10.208908081054688
3.4354043006896973,5.060850763460621,10.221454620361328
3.434544563293457,5.007847338382687,10.243943214416504
3.414858102798462,4.9828290514914055,10.209383010864258
3.391390085220337,4.919288456872371,10.323134422302246
3.3777246475219727,4.951553886556732,10.22452449798584
3.4154622554779053,5.030702943880377,10.256345748901367
3.4172556400299072,4.977695940893942,10.198874473571777
3.3808748722076416,5.058151864646268,10.18225383758545
3.393369436264038,4.972955576709605,10.21011734008789
3.435765504837036,4.990690764638463,10.25075912475586
3.350396156311035,4.940852901332879,10.211594581604004
3.428934097290039,4.9942072855109085,10.186820030212402
3.404367685317993,4.94346293986642,10.216390609741211
3.390526056289673,4.983964310726151,10.167254447937012
3.3707258701324463,4.9235414921838245,10.288759231567383
3.4539871215820312,4.9396498493650665,10.228630065917969
3.37998366355896,4.951022754589628,10.224507331848145
3.4088895320892334,4.9847775478847325,10.216678619384766
3.412198781967163,4.952085182203779,10.259716987609863
3.3330352306365967,5.046601760433987,10.264766693115234
3.40993070602417,4.939670379306855,10.223371505737305
3.4221584796905518,5.005013655072876,10.22214412689209
3.4182324409484863,4.964989718116287,10.23452377319336
3.3868651390075684,5.0056624815333635,10.18503189086914
3.457073211669922,5.0446492365029245,10.253497123718262
3.3767712116241455,4.969369626903375,10.220010757446289
3.3495230674743652,4.9205970321116705,10.24081802368164
3.4263052940368652,4.8926691821044574,10.155318260192871
3.410191059112549,4.899298673961311,10.196825981140137
3.410630702972412,4.990050725339513,10.257110595703125
3.3818199634552,4.991580606770835,10.255518913269043
3.422161340713501,4.881343974000109,10.19151496887207
3.4101686477661133,4.944567018022229,10.181896209716797
3.3897175788879395,4.947456320548164,10.21141242980957
3.334643840789795,5.000734380945297,10.215255737304688
3.4167566299438477,4.960868478619626,10.317275047302246
3.405266046524048,4.886688197696848,10.304866790771484
3.370283842086792,4.948406242266564,10.23659896850586
3.4571895599365234,4.995737729294758,10.184041976928711
3.389458656311035,5.0071590413405955,10.256799697875977
3.4576823711395264,4.995220798500148,10.252084732055664
3.3973145484924316,4.921700696959825,10.25749683380127
3.3963162899017334,4.950109977774057,10.28408145904541
3.365842580795288,4.94302659265564,10.256916046142578
3.382699728012085,4.950669080018997,10.267478942871094
3.428074359893799,4.948437211902014,10.259121894836426
3.357661724090576,4.934094919789848,10.271747589111328
3.3943397998809814,4.876824668641867,10.197973251342773
3.391432762145996,5.013541626344835,10.256107330322266
3.4254608154296875,5.017374033873368,10.19124984741211
3.3534255027770996,4.993736756167241,10.243268966674805
3.428245782852173,5.113260236202873,10.230375289916992
3.354614734649658,5.000519545416215,10.216614723205566
3.4161694049835205,4.962033900731643,10.27271556854248
3.373093366622925,4.971877193444276,10.194889068603516
3.409752607345581,4.97899000945368,10.240941047668457
3.4252870082855225,4.959575965169019,10.2742919921875
3.4535608291625977,4.990746960409784,10.268409729003906
3.3410069942474365,4.903400401584804,10.281497955322266
3.390557289123535,4.973137549357489,10.248615264892578
3.396089553833008,4.931730842018235,10.166946411132812
3.38779354095459,4.905811907657023,10.226850509643555
3.4399876594543457,5.020260879437306,10.255454063415527
3.3696658611297607,4.9708856260736605,10.215348243713379
3.367755174636841,4.966458796157635,10.229547500610352
3.4395153522491455,5.043250997317956,10.23576831817627
3.384361743927002,4.968504110550774,10.272485733032227
3.4104034900665283,5.0175679638715724,10.159891128540039
3.3690073490142822,4.91462585014025,10.262664794921875
3.347291946411133,4.950652978383005,10.24561595916748
3.3839964866638184,5.001603687448161,10.196645736694336
3.432049036026001,5.012947551540232,10.224571228027344
3.4211649894714355,4.952988917739796,10.296976089477539
3.3987157344818115,4.9826518875945895,10.237296104431152
3.390882968902588,4.941952883764835,10.224475860595703
3.4449868202209473,5.023102093022317,10.211541175842285
3.4290971755981445,4.847077260226277,10.276667594909668
3.4137842655181885,5.0295597676054715,10.205366134643555
3.359442949295044,4.9705468498702565,10.280449867248535
3.3335437774658203,4.946407991095579,10.28476333618164
3.387535333633423,4.892617873448347,10.220210075378418
3.4175403118133545,4.983015993343932,10.30623722076416
3.4296395778656006,4.959592477884144,10.252614974975586
3.3810036182403564,4.918740509610091,10.147735595703125
3.352238416671753,4.9083041137616545,10.283617973327637
3.417233943939209,5.022905726850565,10.258063316345215
3.3973541259765625,4.96781681095516,10.180954933166504
3.358255386352539,4.9270092873235365,10.26854133605957
3.390801191329956,4.983696876326576,10.194318771362305
3.3568742275238037,4.981805909092405,10.267045021057129
3.3276965618133545,4.9797996675396075,10.235941886901855
3.4005095958709717,4.933793148757624,10.287894248962402
3.3824703693389893,4.910747499737356,10.286954879760742
3.363213539123535,4.941455208197503,10.323790550231934
3.337055206298828,4.946904536602752,10.348873138427734
3.3795723915100098,4.944207467537905,10.294544219970703
3.3656399250030518,4.95687272466187,10.239761352539062
3.389657497406006,4.984156333442246,10.14348030090332
3.380277633666992,4.964184617357595,10.19814682006836
3.392657518386841,4.926681094736392,10.234536170959473
3.310328245162964,4.91092191826153,10.215012550354004
3.409273147583008,5.031013732011031,10.262182235717773
3.4541330337524414,4.942646072246135,10.209335327148438
3.3612303733825684,4.959789949934929,10.2669677734375
3.3825957775115967,4.9006163529453,10.233086585998535
3.3629839420318604,4.945638103111248,10.253702163696289
3.405465602874756,4.95616870210506,10.283707618713379
3.3527238368988037,4.958398372566859,10.257070541381836
3.3617072105407715,4.91314985120802,10.205470085144043
3.3474135398864746,4.877988262900285,10.250801086425781
3.3734960556030273,4.93161375804006,10.214612007141113
3.4186084270477295,4.968201876385137,10.205142974853516
3.3837075233459473,4.974689330539799,10.249649047851562
3.3929920196533203,4.945135390652077,10.245443344116211
3.3992702960968018,4.958291937164697,10.224566459655762
3.449047565460205,4.953859838756865,10.234443664550781
3.3894948959350586,4.962385812009286,10.256791114807129
3.302412986755371,5.022125703781577,10.250038146972656
3.3305575847625732,4.973166811878659,10.228181838989258
3.3482985496520996,4.9128369596853325,10.260491371154785
3.435148239135742,5.03778617928869,10.369528770446777
3.4349615573883057,4.930217456771061,10.22864818572998
3.3290865421295166,4.879478090309671,10.165731430053711
3.3878071308135986,4.965290231996082,10.297420501708984
3.437814474105835,4.929911154122758,10.179624557495117
3.3876590728759766,4.9437340751090755,10.189837455749512
3.3439884185791016,4.951882097570757,10.222952842712402
3.4031593799591064,4.994965295107769,10.270990371704102
3.3344926834106445,4.909568882048396,10.211204528808594
3.3327481746673584,4.979952073356668,10.206808090209961
3.3927576541900635,4.985242259888245,10.241471290588379
3.3621737957000732,4.90422079549171,10.180231094360352
3.3670783042907715,4.923080452817626,10.15700912475586
3.402972936630249,4.959646677432049,10.210411071777344
3.405646324157715,4.966313965552087,10.227048873901367
3.3530166149139404,4.934444117260032,10.173070907592773
3.368067502975464,4.961833338984953,10.28382682800293
3.3870632648468018,4.977615933965094,10.29460334777832
3.402015447616577,4.913763863965869,10.268549919128418
3.3843131065368652,5.007592166175268,10.257627487182617
3.376854658126831,4.921819694972198,10.227581977844238
3.3049519062042236,4.920187004076849,10.145661354064941
3.3631649017333984,4.893169711543513,10.213357925415039
3.4601869583129883,4.944349279693727,10.278158187866211
3.4212872982025146,5.0251826505575865,10.266010284423828
3.386983633041382,4.978653327595176,10.250466346740723
3.3785197734832764,4.888095277128741,10.198702812194824
3.33771014213562,4.933987464190328,10.221747398376465
3.360399007797241,4.908685084199533,10.24710464477539
3.3736963272094727,4.932602629963575,10.224641799926758
3.3579533100128174,4.858847761559965,10.184940338134766
3.363151788711548,4.948290086118504,10.261914253234863
3.3473916053771973,4.894077856958444,10.196477890014648
3.415423631668091,4.935821211198344,10.234945297241211
3.3362512588500977,4.858136448410472,10.234518051147461
3.344238042831421,4.912491383696241,10.244145393371582
3.334535598754883,4.92277586426852,10.274076461791992
3.3835203647613525,4.948559110119407,10.159117698669434
3.2653374671936035,4.87378475841667,10.159675598144531
3.336421489715576,5.0046357585982015,10.276727676391602
3.3828394412994385,4.985402873617464,10.232736587524414
3.4425222873687744,4.996369297715968,10.25396728515625
3.3119404315948486,4.883488100055339,10.200024604797363
3.344412326812744,4.898026561431055,10.221534729003906
3.387042999267578,4.950619960802474,10.327262878417969
3.3629229068756104,4.945176601077297,10.15775203704834
3.4202587604522705,4.970971372211352,10.173992156982422
3.366405725479126,4.897962881285432,10.164011001586914
3.3635456562042236,4.92526085591609,10.217860221862793
3.3824496269226074,4.869798767513462,10.257722854614258
3.401498556137085,4.876605732499489,10.23828125
3.376765012741089,4.973835074276264,10.151809692382812
3.381864547729492,4.974417309409805,10.176712036132812
3.436058282852173,4.952203718945384,10.202579498291016
3.4089107513427734,4.916897390636483,10.173538208007812
3.344630718231201,4.889023125471015,10.314897537231445
3.367249011993408,4.84188165445812,10.176477432250977
3.408926010131836,4.942743348889054,10.214256286621094
3.379547595977783,4.937120984241899,10.232735633850098
3.370487689971924,4.912495869178591,10.263711929321289
3.317516565322876,4.8792890738363255,10.207527160644531
3.37359619140625,4.97440632559093,10.182480812072754
3.3723866939544678,4.9429403880411495,10.144536972045898
3.3562498092651367,4.907737766126437,10.224326133728027
3.359994649887085,4.950082348493327,10.26600170135498
3.3819892406463623,4.944543711441968,10.222053527832031
3.3486649990081787,4.884587655475895,10.209173202514648
3.364518880844116,4.886465018681649,10.277303695678711
3.3357062339782715,4.9051030135846565,10.15045166015625
3.3972482681274414,4.963896187820605,10.154441833496094
3.318309783935547,4.921156124877078,10.238094329833984
3.370903968811035,5.026768125726709,10.16811466217041
3.3846256732940674,4.9589160311900615,10.287235260009766
3.3642361164093018,4.865234463675214,10.218664169311523
3.374011516571045,4.962508333647357,10.296347618103027
3.3832266330718994,4.894782766766315,10.243090629577637
3.4170572757720947,4.950237449158781,10.202615737915039
3.421476125717163,4.950882169517821,10.296709060668945
3.376018762588501,4.950405861816502,10.220575332641602
3.3359241485595703,4.918039498750918,10.21051025390625
3.3827404975891113,4.90534562521082,10.191940307617188
3.3763608932495117,4.902596918699731,10.190028190612793
3.394765615463257,4.883155851392076,10.278239250183105
3.3951945304870605,4.896875722599881,10.279203414916992
3.359509229660034,4.920513779124511,10.254859924316406
3.4100518226623535,4.888494504349572,10.221976280212402
3.332714796066284,4.878892209813265,10.271575927734375
3.2886931896209717,4.9221310403663665,10.151782989501953
3.2607030868530273,4.832236543763428,10.20984935760498
3.388422727584839,4.977343248735581,10.251567840576172
3.3497331142425537,4.90859721112065,10.25653076171875
3.4067230224609375,4.940279422294615,10.164567947387695
3.3196942806243896,4.93290303993438,10.184999465942383
3.416853904724121,4.953589005961216,10.312627792358398
3.357282876968384,4.89343961763994,10.191045761108398
3.401920795440674,4.936954902351967,10.201305389404297
3.3817572593688965,4.874334410564707,10.223313331604004
3.3899524211883545,5.026814075452942,10.234923362731934
3.3511905670166016,4.856436092073896,10.192234992980957
3.4418437480926514,5.009135995891744,10.306957244873047
3.372816801071167,4.914743351982907,10.224862098693848
3.377242088317871,4.917829924495891,10.227335929870605
3.338740825653076,4.8839929078905175,10.182474136352539
3.336796283721924,4.865771564655006,10.152791976928711
3.3208680152893066,4.894150506572,10.240533828735352
3.3080029487609863,4.945722530762265,10.246065139770508
3.3653059005737305,4.852457756176591,10.298358917236328
3.3847241401672363,4.899146931911153,10.319828987121582
3.3419976234436035,4.966888434220372,10.182629585266113
3.354093074798584,4.823296032014436,10.253084182739258
3.3719329833984375,4.958011871569656,10.198695182800293
3.3524348735809326,4.833967992403943,10.210699081420898
3.3377482891082764,4.875546602731837,10.225054740905762
3.4199554920196533,5.096125833091459,10.25868034362793
3.3830935955047607,4.919647394014256,10.255996704101562
3.3546559810638428,4.927336076440822,10.257590293884277
3.422412157058716,4.891058018298021,10.207358360290527
3.423278570175171,4.974764720669815,10.2431001663208
3.3566534519195557,4.931117170590109,10.191343307495117
3.3115909099578857,4.8850810864408105,10.152942657470703
3.352560043334961,4.920097036154142,10.218809127807617
3.3522589206695557,4.8782916904227545,10.289706230163574
3.368213415145874,4.930485409351864,10.251923561096191
3.3648886680603027,4.963418328469354,10.251258850097656
3.3303959369659424,4.8040808117283245,10.241506576538086
3.296457290649414,4.909444464071254,10.188876152038574
3.342806100845337,4.925803629448638,10.250141143798828
3.368469476699829,4.905531546333806,10.18231201171875
3.3927719593048096,4.910783388319293,10.294567108154297
3.3799421787261963,4.835096927958407,10.29150390625
3.375218152999878,4.881794162959392,10.229904174804688
3.323854446411133,4.890391971417038,10.24858283996582
3.3818576335906982,4.973517098896472,10.271533966064453
3.317511558532715,4.9029376441945445,10.221268653869629
3.4181182384490967,4.914574285237385,10.208346366882324
3.3439948558807373,4.911802855586367,10.228930473327637
3.4038476943969727,4.959906195523217,10.177712440490723
3.3240036964416504,4.868653202096798,10.292359352111816
3.3551418781280518,4.887447037135384,10.186530113220215
3.393153429031372,4.924896862956563,10.235135078430176
3.3175270557403564,4.875352750465805,10.24502944946289
3.3660519123077393,4.975835079094395,10.24308967590332
3.3539836406707764,4.978210110450164,10.30897331237793
3.3442904949188232,4.896730024766709,10.183982849121094
3.336984395980835,4.956411221630073,10.22134017944336
3.3693253993988037,4.880986018705048,10.229508399963379
3.417003631591797,4.950587191186579,10.296590805053711
3.359515428543091,4.920050674184624,10.250955581665039
3.3604423999786377,4.950502677621054,10.203418731689453
3.331594228744507,4.899816173827276,10.229496002197266
3.3634660243988037,4.9599874852158665,10.227570533752441
3.3345627784729004,4.9199482045535525,10.283561706542969
3.332551956176758,4.849637735202642,10.271512985229492
3.321178674697876,4.8907490776785245,10.161314964294434
3.3804352283477783,4.927359545403825,10.234447479248047
3.374972105026245,4.895562544631373,10.2676362991333
3.421527624130249,4.966255518674318,10.325738906860352
3.3195927143096924,4.877407128822856,10.298849105834961
3.3669424057006836,4.931738602463155,10.205472946166992
3.3501694202423096,4.898635746112892,10.205105781555176
3.324787139892578,4.895443966712004,10.260161399841309
3.363938331604004,4.931572161215756,10.208464622497559
3.3609695434570312,4.914424094604329,10.208621978759766
3.2567336559295654,4.817967563102554,10.190290451049805
3.400294780731201,4.912317664628582,10.198144912719727
3.4302611351013184,4.959806820743584,10.203920364379883
3.305058002471924,4.930764726329861,10.18223762512207
3.3596315383911133,4.928108930920383,10.196511268615723
3.3513894081115723,4.822568393911102,10.201842308044434
3.3856453895568848,4.950409930532,10.169759750366211
3.3640871047973633,4.977948037342036,10.23895263671875
3.296802282333374,4.897184128972835,10.161243438720703
3.340163469314575,4.889303025556728,10.280658721923828
3.3311374187469482,4.998372030677274,10.249152183532715
3.2890517711639404,4.800953073460343,10.197731018066406
3.3487322330474854,4.8943534892917215,10.2870512008667
3.384932518005371,4.902565648247088,10.189023971557617
3.3409557342529297,4.966077393519559,10.219097137451172
3.2994611263275146,4.889132434535505,10.26832389831543
3.3480448722839355,4.910601300287193,10.160330772399902
3.3500590324401855,4.933526400277125,10.234920501708984
3.3486504554748535,4.9211664504837245,10.270735740661621
3.3609890937805176,4.865730228035578,10.219225883483887
3.3527426719665527,4.834917348842801,10.282529830932617
3.35634708404541,4.949517792124035,10.305074691772461
3.369152069091797,4.906540190302101,10.222711563110352
3.3807249069213867,4.946961605987911,10.289143562316895
3.2942612171173096,4.945547463538658,10.280717849731445
3.381047487258911,4.860924953628065,10.148796081542969
3.292937994003296,4.91358964261599,10.255663871765137
3.3011996746063232,4.915209125993507,10.33104133605957
3.366976737976074,4.966632043277579,10.251469612121582
3.2971127033233643,4.913079496872212,10.202961921691895
3.337480306625366,4.918409833385209,10.213567733764648
3.3688414096832275,4.961724115901493,10.243939399719238
3.3657727241516113,4.906053812243044,10.253484725952148
3.3705101013183594,4.874011247851221,10.227655410766602
3.3470895290374756,4.879513893708853,10.236015319824219
3.2967190742492676,4.925344316122521,10.261612892150879
3.336934804916382,4.909163657176708,10.183882713317871
3.385864019393921,4.90002428653783,10.2328462600708
3.3875694274902344,4.893525427506704,10.21281623840332
3.3838329315185547,4.902642039582133,10.190786361694336
3.333010196685791,4.880363770427981,10.172250747680664
3.367055892944336,4.884869889389458,10.290068626403809
3.3520708084106445,4.956414677668363,10.21326732635498
3.314110279083252,4.905422348628885,10.200942039489746
3.3522074222564697,4.904872381161632,10.255663871765137
3.3812639713287354,4.956014228186437,10.299934387207031
3.258007764816284,4.831824690369623,10.312883377075195
3.3849802017211914,4.903532337430598,10.160943984985352
3.3303561210632324,4.858401877606021,10.231195449829102
3.2983336448669434,4.91571350561987,10.229105949401855
3.2994489669799805,4.8739208318293095,10.231410026550293
3.3547914028167725,4.806047867850533,10.161767959594727
3.356311082839966,4.8697532310616225,10.244190216064453
3.3683176040649414,4.933442657547338,10.232786178588867
3.3723042011260986,4.9465794186107805,10.269331932067871
3.3716864585876465,4.946930749275322,10.249187469482422
3.3061599731445312,4.913905134856967,10.25691032409668
3.3771119117736816,4.891220298828557,10.229935646057129
3.302678108215332,4.877994193795271,10.377113342285156
3.312547445297241,4.840427956377556,10.250582695007324
3.4073050022125244,4.89178451004305,10.282757759094238
3.3434135913848877,4.902478478915457,10.224087715148926
3.3694753646850586,4.79751826061069,10.198102951049805
3.428060531616211,4.902186612132937,10.228342056274414
3.3174240589141846,4.8360494934687654,10.259510040283203
3.3912625312805176,4.907330475747584,10.249462127685547
3.332547426223755,4.912366209185816,10.16913890838623
3.3314342498779297,4.88995925596516,10.2481689453125
3.3622710704803467,4.852783318974876,10.231429100036621
3.373300313949585,4.934597482871531,10.25871753692627
3.359443187713623,4.868188158642234,10.19218921661377
3.376314878463745,4.967310229050262,10.25689697265625
3.39316987991333,4.960929959912652,10.272172927856445
3.367429733276367,4.818582128700135,10.257061004638672
3.339536666870117,4.85883130941407,10.240133285522461
3.3108205795288086,4.881450328876131,10.175885200500488
3.318958044052124,4.83747517350795,10.246853828430176
3.2934412956237793,4.906545752925532,10.205326080322266
3.354116678237915,4.908954173991723,10.315170288085938
3.3448598384857178,4.889598294227783,10.260703086853027
3.357382297515869,4.921398631829237,10.21711254119873
3.3529884815216064,4.94026754906268,10.222465515136719
3.4574310779571533,4.93041149580053,10.193307876586914
3.403869867324829,4.949696325730266,10.216449737548828
3.328732967376709,4.825987568158391,10.174463272094727
3.3454067707061768,4.919244855908411,10.293787002563477
3.358480453491211,4.910481554056917,10.206074714660645
3.341059446334839,4.900640648656658,10.268231391906738
3.3521742820739746,4.877834946981498,10.232004165649414
3.334413528442383,4.887767092125223,10.250585556030273
3.339167594909668,4.865996463290815,10.181419372558594
3.3512156009674072,4.887756369475808,10.306343078613281
3.2902774810791016,4.790951228866886,10.229461669921875
3.368752956390381,4.932775893015788,10.252190589904785
3.27195405960083,4.835889079441716,10.227008819580078
3.336352586746216,4.937136881884986,10.2591552734375
3.3290789127349854,4.898589271919003,10.289615631103516
3.363363742828369,4.9311864328504145,10.206685066223145
3.291893243789673,4.862476313021034,10.265018463134766
3.313936710357666,4.892017901509202,10.259212493896484
3.352468490600586,4.8944339384990085,10.215997695922852
3.3714816570281982,4.872361115778663,10.21487045288086
3.3443164825439453,4.854655593633651,10.1644287109375
3.33845591545105,4.890895678595241,10.217926025390625
3.309126615524292,4.9066921529426635,10.22769546508789
3.330570697784424,4.85637683610964,10.226293563842773
3.3935863971710205,4.904960139854145,10.23143196105957
3.324125051498413,4.905989933160266,10.224762916564941
3.354869842529297,4.827036127348298,10.143265724182129
3.301544427871704,4.856487774024052,10.24330997467041
3.288800001144409,4.892109300375783,10.203248977661133
3.348252773284912,4.851959176860484,10.269535064697266
3.322331666946411,4.824025195191747,10.289735794067383
3.3108229637145996,4.919109571758392,10.21509075164795
3.3961427211761475,4.89657667073022,10.241724014282227
3.3564202785491943,4.91273829740073,10.207965850830078
3.3459813594818115,4.918996751142133,10.252046585083008
3.329602003097534,4.909217569544645,10.216917037963867
3.362346887588501,4.934954365914954,10.232563018798828
3.335883378982544,4.896857027662918,10.241454124450684
3.3552417755126953,4.87074132822454,10.174466133117676
3.3106846809387207,4.864764003016587,10.193391799926758
3.325042486190796,4.8680631868275155,10.272832870483398
3.271721601486206,4.861519166235147,10.30579948425293
3.310603141784668,4.839055816343586,10.23574161529541
3.235940933227539,4.829024949510183,10.302600860595703
3.3670172691345215,4.8758664113868555,10.20544719696045
3.325873613357544,4.919504406096946,10.188175201416016
3.3572006225585938,4.926562780181744,10.291080474853516
3.3316986560821533,4.871918494813144,10.216989517211914
3.3498730659484863,4.913662961384814,10.280014991760254
3.2724738121032715,4.80642459099181,10.193307876586914
3.3676395416259766,4.921425906009971,10.128140449523926
3.3296070098876953,4.875240379811398,10.250882148742676
3.3367226123809814,4.874866344400548,10.182498931884766
3.2754406929016113,4.87349875480868,10.208488464355469
3.3452436923980713,4.922898886924876,10.183806419372559
3.3113043308258057,4.846661831052708,10.280376434326172
3.3752524852752686,4.877150740042063,10.195972442626953
3.312694787979126,4.871291675305526,10.338079452514648
3.28387713432312,4.8416056932349285,10.201662063598633
3.3485894203186035,4.870916798378208,10.19068431854248
3.3636081218719482,4.905163121243406,10.25053596496582
3.373431921005249,4.899663265727993,10.240612030029297
3.345254898071289,4.8733162625160595,10.185697555541992
3.358323335647583,4.899033464690937,10.266023635864258
3.3249542713165283,4.918621479234259,10.2395601272583
3.3001153469085693,4.8487050026721725,10.228097915649414
3.383162498474121,4.934055691352114,10.195443153381348
3.4007880687713623,4.866675169373464,10.243902206420898
3.3590941429138184,4.942776116110118,10.249686241149902
3.366917848587036,4.881685076048598,10.264944076538086
3.3278284072875977,4.850658262314807,10.232877731323242
3.2776341438293457,4.789944147923961,10.163778305053711
3.3445918560028076,4.901691093076287,10.204573631286621
3.359241008758545,4.918610136856192,10.200626373291016
3.326596975326538,4.858788392539801,10.206537246704102
3.3333470821380615,4.896782033511305,10.230688095092773
3.354369640350342,4.904313580731729,10.28411865234375
3.3762049674987793,4.859972532239875,10.275224685668945
3.2982676029205322,4.839831932780466,10.15140151977539
3.327165126800537,4.862844822562432,10.21403694152832
3.3751823902130127,4.923635247030428,10.295906066894531
3.351707696914673,4.87834198460249,10.265082359313965
3.266019821166992,4.9024676673912575,10.29753303527832
3.364287853240967,4.887413950670244,10.19735050201416
3.304699420928955,4.868617709559787,10.218860626220703
3.306521415710449,4.86761460849084,10.22403621673584
3.2844438552856445,4.877776903266619,10.258176803588867
3.2753305435180664,4.833644990909047,10.21670913696289
3.393226385116577,4.932192698852824,10.168172836303711
3.3081345558166504,4.878423293121158,10.207681655883789
3.3331117630004883,4.834320633705439,10.182053565979004
3.3169984817504883,4.85524233344144,10.325549125671387
3.3021976947784424,4.872069655219094,10.212857246398926
3.2713544368743896,4.811809805986871,10.262460708618164
3.346951961517334,4.9299353633209,10.202880859375
3.3057708740234375,4.7912439743522555,10.156241416931152
3.299917697906494,4.873979194322601,10.290517807006836
3.3135221004486084,4.851476914781545,10.21255874633789
3.3070526123046875,4.881539471613776,10.251852035522461
3.3719019889831543,4.874238278284404,10.241917610168457
3.286208391189575,4.8165823738090685,10.332304000854492
3.3727943897247314,4.859758106825342,10.34957504272461
3.3677256107330322,4.956543074255542,10.213866233825684
3.2169148921966553,4.831100370369054,10.253913879394531
3.367553234100342,4.895090760264013,10.267663955688477
3.3547093868255615,4.87976954997118,10.272314071655273
3.351045608520508,4.924197169286864,10.258081436157227
3.33099627494812,4.925940092420206,10.312150955200195
3.345522165298462,4.848248757521755,10.288704872131348
3.378559112548828,4.93102103997288,10.218852996826172
3.3048622608184814,4.893988106233467,10.28071403503418
3.324693441390991,4.871793238113502,10.2235689163208
3.3600010871887207,4.863905966115584,10.233983039855957
3.3739452362060547,4.857896314900634,10.270355224609375
3.3159213066101074,4.904593847791796,10.179333686828613
3.3032150268554688,4.889630996921499,10.193832397460938
3.3331034183502197,4.911844933538565,10.267416000366211
3.3654279708862305,4.872394470231874,10.200033187866211
3.3574881553649902,4.913453082886658,10.233041763305664
3.300666093826294,4.880611364696441,10.221552848815918
3.3162152767181396,4.888751772797799,10.267335891723633
3.3359107971191406,4.873618834851577,10.237220764160156
3.239118814468384,4.856282203291942,10.309100151062012
3.340013027191162,4.819608880938696,10.298659324645996
3.330467700958252,4.941170226283637,10.231443405151367
3.3544530868530273,4.904294210685683,10.202324867248535
3.339015245437622,4.858950225436793,10.145055770874023
3.316662073135376,4.810501042221275,10.215842247009277
3.222337007522583,4.865342720444979,10.274688720703125
3.3627829551696777,4.963450776479606,10.256473541259766
3.317302942276001,4.832411214476451,10.274957656860352
3.264786958694458,4.857938936346077,10.215312957763672
3.3351638317108154,4.864457660454459,10.196783065795898
3.3047120571136475,4.910542758813659,10.24818229675293
3.3394906520843506,4.880605885326596,10.23998737335205
3.344614028930664,4.952586883745555,10.175851821899414
3.3819708824157715,4.947641423371222,10.234271049499512
3.2457568645477295,4.847824502137622,10.169575691223145
3.264962673187256,4.82666594678137,10.203577041625977
3.30033802986145,4.849765121238305,10.285750389099121
3.325839042663574,4.831020347774029,10.2017240524292
3.2809362411499023,4.846641580873568,10.210073471069336
3.332139253616333,4.896790567220055,10.213970184326172
3.3109750747680664,4.858036933500053,10.22347354888916
3.3694076538085938,4.862445672242237,10.207687377929688
3.319873809814453,4.829628559660965,10.138195037841797
3.3482346534729004,4.881136171885633,10.227594375610352
3.332495927810669,4.855001671006903,10.230582237243652
3.308922052383423,4.82153900350178,10.238168716430664
3.2766530513763428,4.882357098561313,10.27078628540039
3.314197063446045,4.917679868904608,10.278255462646484
3.2427029609680176,4.8566000688421935,10.263697624206543
3.3056774139404297,4.8867218248945266,10.206448554992676
3.330519437789917,4.850914557331374,10.271007537841797
3.2815866470336914,4.8559958521675854,10.288494110107422
3.330122232437134,4.813719086681626,10.30965518951416
3.286451816558838,4.854786355514079,10.20572280883789
3.3058245182037354,4.872383129716452,10.254772186279297
3.3653435707092285,4.8771614521808395,10.289644241333008
3.2975752353668213,4.852141121734999,10.220454216003418
3.343682050704956,4.941046689370912,10.26507568359375
3.3750452995300293,4.873538531229964,10.250667572021484
3.2848317623138428,4.887225295949195,10.274588584899902
3.2744195461273193,4.851112914837099,10.208108901977539
3.3162527084350586,4.8896214641364555,10.199930191040039
3.3124899864196777,4.814748714179066,10.215598106384277
3.3061063289642334,4.871393683898662,10.202962875366211
3.3657724857330322,4.939596817329792,10.268498420715332
3.289227247238159,4.803590334386432,10.16534423828125
3.3954238891601562,4.8811288298041156,10.248817443847656
3.3500499725341797,4.891896756498943,10.195466041564941
3.396735191345215,4.88963166936966,10.310479164123535
3.3546173572540283,4.842711545793073,10.248324394226074
3.328693151473999,4.836734966641026,10.20383071899414
3.292832374572754,4.855228993908636,10.273580551147461
3.3440866470336914,4.880983367129894,10.143098831176758
3.278968572616577,4.811805434159137,10.263930320739746
3.312702178955078,4.845000142032014,10.27262020111084
3.3544199466705322,4.920592293875026,10.210174560546875
3.3641068935394287,4.919721358156364,10.20146656036377
3.305471181869507,4.8228063809884985,10.198627471923828
3.3385305404663086,4.822825231921992,10.170098304748535
3.3646438121795654,4.921021426495697,10.286417961120605
3.3065130710601807,4.871316142313715,10.182635307312012
3.325345039367676,4.894509680203295,10.316774368286133
3.3645641803741455,4.840272957359307,10.262031555175781
3.2801547050476074,4.828366745795522,10.249942779541016
3.3403663635253906,4.788276890326024,10.223920822143555
3.3489861488342285,4.877728027191812,10.265573501586914
3.3048617839813232,4.83257549794923,10.157060623168945
3.349928855895996,4.89258849487773,10.172037124633789
3.302849531173706,4.84829335323801,10.27430534362793
3.339055299758911,4.872264770790935,10.242652893066406
3.312969923019409,4.90038725906717,10.176297187805176
3.3523454666137695,4.88174536182279,10.187155723571777
3.342576503753662,4.894769106758758,10.202563285827637
3.329280376434326,4.845406225483333,10.175854682922363
3.3272576332092285,4.885315299333473,10.226129531860352
3.2709462642669678,4.800039368282472,10.277908325195312
3.3049957752227783,4.864722343427795,10.290241241455078
3.2711803913116455,4.8877751698185286,10.217138290405273
3.358628988265991,4.937212329324601,10.260751724243164
3.276097059249878,4.83897098666057,10.164656639099121
3.3802318572998047,4.8740761380509605,10.219160079956055
3.309669017791748,4.847837153389784,10.160297393798828
3.3305282592773438,4.883406602345141,10.237430572509766
3.3336172103881836,4.822237840088617,10.177181243896484
3.318253517150879,4.88072411948815,10.261695861816406
3.3424487113952637,4.868836664960586,10.245637893676758
3.2664120197296143,4.779799672409094,10.21079158782959
3.298391580581665,4.824573384631159,10.186834335327148
3.2728075981140137,4.8459103078514865,10.22623348236084
3.3072001934051514,4.920545934134029,10.232512474060059
3.282435894012451,4.826991087923359,10.189311027526855
3.34385347366333,4.9074391775232336,10.238122940063477
3.31772518157959,4.854338329784306,10.21245288848877
3.2927920818328857,4.901573401942317,10.17961311340332
3.387295961380005,4.918894102630604,10.222862243652344
3.3179214000701904,4.854194065622453,10.256162643432617
3.3115177154541016,4.844921838458894,10.226932525634766
3.2782845497131348,4.8866172210047285,10.218783378601074
3.3077139854431152,4.899718523324867,10.305086135864258
3.285318613052368,4.851620889801,10.201764106750488
3.326115131378174,4.8960787178283285,10.270751953125
3.2988345623016357,4.924213873721393,10.201616287231445
3.283212184906006,4.817238878059601,10.239252090454102
3.3294756412506104,4.867340050371629,10.27258586883545
3.3214967250823975,4.842625898042959,10.26805305480957
3.3594040870666504,4.941575522933688,10.245973587036133
3.270504951477051,4.804507021592663,10.248960494995117
3.2551026344299316,4.833126899852817,10.170984268188477
3.2995707988739014,4.835861315984013,10.198651313781738
3.3439383506774902,4.888499242519694,10.145722389221191
3.2593116760253906,4.842018083935338,10.217005729675293
3.3066787719726562,4.889000006984652,10.181389808654785
3.3192498683929443,4.9416716819562545,10.310968399047852
3.353444814682007,4.854236634049032,10.190788269042969
3.3064920902252197,4.802652816920142,10.244226455688477
3.3139140605926514,4.814935147496206,10.211199760437012
3.269465446472168,4.803167050138914,10.171473503112793
3.330256700515747,4.919006228114345,10.269673347473145
3.3556342124938965,4.854355437681079,10.209238052368164
3.243975877761841,4.836108294581729,10.134604454040527
3.3096818923950195,4.8363065630796225,10.187809944152832
3.2855284214019775,4.846633662403162,10.237526893615723
3.247232437133789,4.789661757681253,10.244194030761719
3.284912347793579,4.818193655760427,10.199433326721191
3.31740665435791,4.827807138341346,10.272405624389648
3.3075368404388428,4.862704392156697,10.270122528076172
3.3598880767822266,4.927990709730823,10.221579551696777
3.366504669189453,4.924139904889411,10.222915649414062
3.3998425006866455,4.885280277779591,10.201692581176758
3.326982259750366,4.8830814898745825,10.173340797424316
3.278698205947876,4.878149769601545,10.180986404418945
3.2631330490112305,4.765175055845508,10.249998092651367
3.3466506004333496,4.885664397983679,10.225441932678223
3.288593292236328,4.842823759885505,10.258320808410645
3.350820302963257,4.890002055193431,10.223487854003906
3.2733895778656006,4.865888686584575,10.26284122467041
3.345137119293213,4.915389722146625,10.243125915527344
3.2931034564971924,4.860599141335114,10.237763404846191
3.3260250091552734,4.866220589128456,10.282910346984863
3.286553144454956,4.846965907673751,10.248082160949707
3.234595775604248,4.88091186706775,10.164484024047852
3.2916934490203857,4.854832927496838,10.272894859313965
3.2675366401672363,4.826192479813471,10.316486358642578
3.374145269393921,4.86925486555057,10.167497634887695
3.3415651321411133,4.871646546492619,10.163930892944336
3.3012328147888184,4.9161641656953305,10.183548927307129
3.25077486038208,4.81635154155083,10.208158493041992
3.265822649002075,4.821423196965562,10.212342262268066
3.3543615341186523,4.8433213790745615,10.342084884643555
3.3123905658721924,4.872942195839381,10.18874740600586
3.3693909645080566,4.942855641744765,10.178182601928711
3.317739963531494,4.819725220657087,10.207473754882812
3.3434946537017822,4.883906443636599,10.230484962463379
3.3577959537506104,4.966331042781738,10.191343307495117
3.3089029788970947,4.915091993752867,10.223329544067383
3.247464179992676,4.852365417672055,10.224194526672363
3.3342998027801514,4.932776817419965,10.276895523071289
3.336806535720825,4.856179305219224,10.214802742004395
3.3070452213287354,4.833658786789914,10.278728485107422
3.2857038974761963,4.841503369688455,10.259722709655762
3.263699769973755,4.82739108884042,10.153995513916016
3.312257766723633,4.888539092182847,10.37176513671875
3.280045509338379,4.889552532329357,10.227606773376465
3.347046136856079,4.886909148423001,10.205192565917969
3.3030507564544678,4.773501166940799,10.229811668395996
3.3299667835235596,4.917881124752707,10.328380584716797
3.3264589309692383,4.854431235863428,10.265798568725586
3.367964029312134,4.9240904090194295,10.328617095947266
3.29805064201355,4.880946572969801,10.270259857177734
3.2925684452056885,4.848501427398463,10.21786117553711
3.3172035217285156,4.882785402837077,10.266576766967773
3.3299784660339355,4.816925906476431,10.236775398254395
3.3200509548187256,4.880055259480806,10.27662181854248
3.328199863433838,4.8825575614880234,10.31650161743164
3.2704591751098633,4.793664059701508,10.226228713989258
3.328517198562622,4.879305697545143,10.206656455993652
3.2903966903686523,4.804094875564,10.28713607788086
3.2714967727661133,4.894357531664095,10.259958267211914
3.3048017024993896,4.955430238773781,10.18824577331543
3.30572772026062,4.847165881390018,10.21550178527832
3.3121373653411865,4.857736108891134,10.244431495666504
3.257495641708374,4.858462309531335,10.280172348022461
3.297959804534912,4.855654407758266,10.182469367980957
3.307558298110962,4.8099762162725845,10.159357070922852
3.3072738647460938,4.909362135055874,10.276436805725098
3.2931888103485107,4.833260609668546,10.184877395629883
3.3315207958221436,4.897304099685113,10.212239265441895
3.2759406566619873,4.8266351962062926,10.356132507324219
3.359776496887207,4.846685564345015,10.217153549194336
3.261566162109375,4.765452493314764,10.212562561035156
3.272576093673706,4.856693721975067,10.27392578125
3.2169408798217773,4.7611483185818155,10.273564338684082
3.312121629714966,4.92271310623203,10.242572784423828
3.2927823066711426,4.88314592502346,10.187121391296387
3.294602394104004,4.782220352507596,10.14084243774414
3.3051459789276123,4.865977629520264,10.245341300964355
3.3383865356445312,4.820520071213,10.209526062011719
3.3509364128112793,4.837497287163777,10.300439834594727
3.2292673587799072,4.862288460601122,10.183723449707031
3.3195908069610596,4.8274102425867955,10.187122344970703
3.2661266326904297,4.828126599679568,10.14671516418457
3.2906150817871094,4.850855780100184,10.217546463012695
3.265591621398926,4.800189304165543,10.250473976135254
3.316861867904663,4.892554367160691,10.231893539428711
3.3296496868133545,4.888159509914527,10.18520450592041
3.288072347640991,4.856816890150574,10.207369804382324
3.3151872158050537,4.8970228268631875,10.291297912597656
3.2773866653442383,4.828759380483201,10.20323657989502
3.3004238605499268,4.874585158856852,10.234332084655762
3.3003365993499756,4.772780567706962,10.275391578674316
3.243403911590576,4.828695443957778,10.218534469604492
3.298765182495117,4.814725640362927,10.184313774108887
3.3696234226226807,4.879494248190895,10.203286170959473
3.354667901992798,4.8225919846777945,10.168158531188965
3.264496326446533,4.838617818330282,10.237144470214844
3.3193235397338867,4.820223022119276,10.172843933105469
3.322147846221924,4.896244426224647,10.240166664123535
3.2835328578948975,4.927024005080707,10.155536651611328
3.3196628093719482,4.768164933492828,10.230679512023926
3.373966693878174,4.885865083662793,10.262493133544922
3.3303284645080566,4.8569694217294455,10.303197860717773
3.2995665073394775,4.830528447737119,10.134002685546875
3.292386770248413,4.897416029724159,10.25168514251709
3.277454137802124,4.841337193169498,10.177390098571777
3.2501182556152344,4.817333109676837,10.233591079711914
3.3152706623077393,4.867909752564239,10.146638870239258
3.324179172515869,4.844099620390416,10.225801467895508
3.285761594772339,4.886588856677657,10.255317687988281
3.268143653869629,4.845728200128568,10.217416763305664
3.2940523624420166,4.76933702434014,10.290610313415527
3.3065109252929688,4.881542301104803,10.214700698852539
3.3525774478912354,4.882129156063975,10.2808837890625
3.2808215618133545,4.819230928185529,10.334983825683594
3.3145620822906494,4.865484288960163,10.284436225891113
3.3178932666778564,4.8147065328168015,10.206648826599121
3.21844482421875,4.836484523456809,10.269250869750977
3.2948644161224365,4.823423557582178,10.2937650680542
3.297858953475952,4.870402789874269,10.258278846740723
3.3154640197753906,4.827736286147099,10.216789245605469
3.2664127349853516,4.860667994578502,10.28737735748291
3.2561750411987305,4.835810970747843,10.231432914733887
3.2871549129486084,4.811606618076829,10.22639274597168
3.3583712577819824,4.885632808586316,10.22172737121582
3.265594482421875,4.873487563038777,10.171316146850586
3.306387186050415,4.8271052088655,10.222574234008789
3.297825574874878,4.806438967452518,10.23126220703125
3.2784476280212402,4.82418245246767,10.29159927368164
3.350299119949341,4.851022282083119,10.203276634216309
3.2816762924194336,4.863929157278368,10.264402389526367
3.286553144454956,4.848117295386536,10.165847778320312
3.317984104156494,4.9028616105538925,10.202583312988281
3.3091046810150146,4.898476224292868,10.220277786254883
3.2025458812713623,4.78091213280069,10.233682632446289
3.244903087615967,4.825491656582536,10.280704498291016
3.3098256587982178,4.868797142091872,10.230199813842773
3.294363021850586,4.837882475029411,10.187480926513672
3.315664768218994,4.8202885965417535,10.261261940002441
3.224684476852417,4.736448742582329,10.240718841552734
3.348914623260498,4.856525740353391,10.185412406921387
3.331094980239868,4.848984307942113,10.280970573425293
3.297210454940796,4.856434495920049,10.269556999206543
3.308662176132202,4.757451120331617,10.165491104125977
3.219947576522827,4.799496181974453,10.192623138427734
3.2686538696289062,4.903926144786445,10.31767463684082
3.2836103439331055,4.8697474822402,10.185993194580078
3.323514223098755,4.860354877775535,10.197356224060059
3.2686994075775146,4.860356510151178,10.249795913696289
3.238614320755005,4.881282056715073,10.25778579711914
3.3366432189941406,4.841932645233881,10.295931816101074
3.2802391052246094,4.922724555046964,10.144798278808594
3.3268394470214844,4.8413091765583625,10.242473602294922
3.279754400253296,4.843916972533666,10.2139310836792
3.2412219047546387,4.745327927371752,10.216629028320312
3.28780198097229,4.838048637279177,10.168448448181152
3.289372682571411,4.803673121612519,10.253763198852539
3.3037025928497314,4.893719846648829,10.235939025878906
3.3553879261016846,4.910908200345668,10.233916282653809
3.3025951385498047,4.814740313682705,10.259194374084473
3.323338031768799,4.79190690033803,10.21654987335205
3.2936463356018066,4.8541913894337725,10.23704719543457
3.2443294525146484,4.795208003638046,10.293354034423828
3.314969778060913,4.808205407245883,10.263340950012207
3.258364200592041,4.822112588245155,10.319263458251953
3.245326042175293,4.845005095138081,10.102691650390625
3.2844910621643066,4.7852832285820375,10.161840438842773
3.268897771835327,4.763610655608188,10.175127983093262
3.2860004901885986,4.798902247733038,10.214646339416504
3.2712562084198,4.792753711176505,10.236907005310059
3.286160707473755,4.813919819824929,10.273299217224121
3.282489776611328,4.8336596672888845,10.20690631866455
3.3242275714874268,4.8473437572829425,10.260676383972168
3.3221991062164307,4.851451126758807,10.24699878692627
3.371504306793213,4.802177227202004,10.259488105773926
3.2702925205230713,4.811187106084877,10.289155960083008
3.2749850749969482,4.829389866441488,10.206503868103027
3.3097152709960938,4.794542178378574,10.193042755126953
3.293872833251953,4.831335284481091,10.180095672607422
3.2257540225982666,4.755845778688257,10.223960876464844
3.2401952743530273,4.794666087620759,10.282563209533691
3.320122241973877,4.771502607801398,10.172001838684082
3.2821295261383057,4.812305123179352,10.171817779541016
3.3083245754241943,4.896215180234451,10.245780944824219
3.2992031574249268,4.837207136276578,10.27011775970459
3.2387807369232178,4.850000169460795,10.240387916564941
3.2518115043640137,4.813022690725379,10.280252456665039
3.311781406402588,4.821915371376756,10.180293083190918
3.329347610473633,4.886010586184317,10.151543617248535
3.27921724319458,4.805663484015636,10.21116828918457
3.2719409465789795,4.881077666567371,10.236736297607422
3.2528247833251953,4.835145944097479,10.290666580200195
3.281834363937378,4.84939633875287,10.241214752197266
3.235880136489868,4.788926949026063,10.283588409423828
3.3335564136505127,4.832410755467468,10.250297546386719
3.289163827896118,4.7726724553254565,10.203666687011719
3.293421745300293,4.845178480725735,10.263880729675293
3.3033833503723145,4.8303339512619585,10.245719909667969
3.272287130355835,4.81329084274226,10.239465713500977
3.28175950050354,4.779113497252443,10.32763671875
3.252415180206299,4.819935046701825,10.243026733398438
3.2439889907836914,4.784124410544921,10.24606990814209
3.260938882827759,4.777647589034001,10.285470008850098
3.2412474155426025,4.900124909156667,10.250665664672852
3.250335693359375,4.796858466030764,10.168907165527344
3.268627166748047,4.82060926351031,10.160405158996582
3.3288662433624268,4.8773379757933855,10.255022048950195
3.217789649963379,4.848256258526818,10.196434020996094
3.31286358833313,4.839702758372629,10.237931251525879
3.253617525100708,4.80720120485473,10.261453628540039
3.2926077842712402,4.836345092526504,10.235751152038574
3.2603983879089355,4.841841387662239,10.247536659240723
3.3099594116210938,4.802851337839717,10.260507583618164
3.2450296878814697,4.874163573940418,10.233160972595215
3.2696316242218018,4.9112562403814595,10.254631042480469
3.263873815536499,4.8034381084144115,10.300759315490723
3.2451953887939453,4.802881039845358,10.221792221069336
3.283686399459839,4.7795607361144254,10.276451110839844
3.307408094406128,4.850926147674078,10.208924293518066
3.260830879211426,4.888828185287171,10.249468803405762
3.2728776931762695,4.821451533352955,10.160624504089355
3.284101963043213,4.8464712014954,10.24079704284668
3.2962865829467773,4.8443623768897455,10.191582679748535
3.2601048946380615,4.855422884624983,10.221389770507812
3.277151107788086,4.798552166337945,10.213520050048828
3.2511253356933594,4.820896489213088,10.223676681518555
3.3319015502929688,4.846726817444765,10.194803237915039
3.2380194664001465,4.79488628274495,10.191553115844727
3.2574961185455322,4.860921516615366,10.250946998596191
3.209084987640381,4.855361569473255,10.241673469543457
3.253411054611206,4.815925187597584,10.219850540161133
3.277160882949829,4.885053803578817,10.227911949157715
3.2977657318115234,4.847192309098318,10.248553276062012
3.3529443740844727,4.8454098537165144,10.198643684387207
3.333516836166382,4.834533392418442,10.142398834228516
3.285161256790161,4.854908192929413,10.298460006713867
3.2775306701660156,4.7847934810311665,10.266806602478027
3.2840843200683594,4.879642451115485,10.215238571166992
3.3082025051116943,4.855807286421103,10.182374000549316
3.3268465995788574,4.890279503140066,10.28215503692627
3.309846878051758,4.839961709720748,10.258000373840332
3.2739200592041016,4.791751350143127,10.168656349182129
3.3449506759643555,4.874704775866122,10.199814796447754
3.294259786605835,4.860092617770923,10.245339393615723
3.25361704826355,4.726913710058268,10.167449951171875
3.290893793106079,4.887103003549523,10.257966995239258
3.351093053817749,4.921418133690687,10.225212097167969
3.2538833618164062,4.794949640985578,10.287467002868652
3.2799251079559326,4.856201068032533,10.303871154785156
3.3578155040740967,4.941346417613594,10.16177749633789
3.3099889755249023,4.816318813811189,10.249700546264648
3.270462989807129,4.788813284930906,10.221016883850098
3.3233959674835205,4.854952399053477,10.1693115234375
3.291346788406372,4.81645545972112,10.235156059265137
3.2543623447418213,4.85541295413194,10.250641822814941
3.2382795810699463,4.779670359034623,10.254000663757324
3.278874397277832,4.80811971532447,10.2314453125
3.3623476028442383,4.916258657916583,10.227977752685547
3.253743886947632,4.814009143272416,10.234519004821777
3.3132145404815674,4.8540469960841754,10.178442001342773
3.3284294605255127,4.85848476897393,10.285333633422852
3.2728421688079834,4.854886435138593,10.24793815612793
3.2913620471954346,4.86337981885299,10.194548606872559
3.272976875305176,4.855882523581386,10.240522384643555
3.2734787464141846,4.82503021328843,10.215590476989746
3.2174532413482666,4.847437708505562,10.230823516845703
3.253244400024414,4.878784279837938,10.216094970703125
3.279059410095215,4.80607752904429,10.182746887207031
3.246814012527466,4.7868936668216655,10.207741737365723
3.2614564895629883,4.834327548176848,10.293096542358398
3.2879440784454346,4.842258752323686,10.264192581176758
3.2897756099700928,4.857823699612968,10.281044006347656
3.2878358364105225,4.876201052451505,10.308982849121094
3.341076612472534,4.851550364600761,10.170109748840332
3.2873411178588867,4.853950956304159,10.215428352355957
3.252422332763672,4.785120781976729,10.257002830505371
3.2964651584625244,4.880678080887135,10.186079978942871
3.2538862228393555,4.763120063281218,10.19196891784668
3.2959694862365723,4.809416704711371,10.28230094909668
3.323357582092285,4.8327296850204995,10.235162734985352
3.2522900104522705,4.790295164766055,10.33031177520752
3.3074333667755127,4.846166375325993,10.301020622253418
3.281076192855835,4.789239549942847,10.188508987426758
3.2577710151672363,4.779838897853292,10.262256622314453
3.262598991394043,4.74135735737426,10.24547004699707
3.358001708984375,4.881497044249304,10.265625
3.2167599201202393,4.761332467996649,10.18870735168457
3.3053882122039795,4.877147045385624,10.250654220581055
3.253891944885254,4.7679399055362275,10.222976684570312
3.2607381343841553,4.806373741810343,10.240439414978027
3.2419626712799072,4.798069940547325,10.192440032958984
3.2637369632720947,4.840376515806254,10.310994148254395
3.2595553398132324,4.787566855516551,10.217507362365723
3.2878470420837402,4.798791684675963,10.246335983276367
3.226757526397705,4.846576606655227,10.192355155944824
3.3283910751342773,4.885217125494299,10.174962997436523
3.3261611461639404,4.832606336733859,10.254627227783203
3.298032283782959,4.867377267817833,10.153642654418945
3.22463321685791,4.7744875671342015,10.270816802978516
3.222907066345215,4.803291032656229,10.206475257873535
3.2312710285186768,4.787248945761738,10.203855514526367
3.313021421432495,4.841454046312719,10.227533340454102
3.2095272541046143,4.833425414781751,10.219481468200684
3.209824323654175,4.797784052190504,10.164363861083984
3.3051400184631348,4.861755589954555,10.294280052185059
3.327406167984009,4.839545111970177,10.264222145080566
3.2440600395202637,4.794671663083136,10.23025894165039
3.2487051486968994,4.845475031961022,10.250725746154785
3.2172484397888184,4.71399957606835,10.263242721557617
3.254891872406006,4.879311032992389,10.27413558959961
3.317751169204712,4.892697102490014,10.205235481262207
3.256185531616211,4.768654631417511,10.267399787902832
3.2625491619110107,4.840654752084188,10.22603702545166
3.2913615703582764,4.8273255059695135,10.220649719238281
3.3193416595458984,4.804164407941113,10.263680458068848
3.292771816253662,4.784906450692298,10.281896591186523
3.2824862003326416,4.807241959597117,10.220359802246094
3.308769941329956,4.797453691617453,10.326197624206543
3.2762820720672607,4.740439606897001,10.24152946472168
3.267908811569214,4.849513631081208,10.199553489685059
3.2520034313201904,4.782136744420443,10.242476463317871
3.256589412689209,4.811922157781997,10.144700050354004
3.295780897140503,4.789769268029237,10.269563674926758
3.3425936698913574,4.833318893764433,10.21493148803711
3.2916617393493652,4.853704825010417,10.263143539428711
3.282125234603882,4.8296172955139935,10.155073165893555
3.227125644683838,4.747931154012414,10.227676391601562
3.300335168838501,4.7678472338510405,10.259697914123535
3.2607839107513428,4.849737219778555,10.206294059753418
3.2312257289886475,4.84422828456653,10.21841812133789
3.304973840713501,4.770457372002836,10.268381118774414
3.237187623977661,4.779116313571908,10.255952835083008
3.2359161376953125,4.830367869963603,10.255595207214355
3.2980382442474365,4.87748976590644,10.207107543945312
3.228475570678711,4.799734975510677,10.215841293334961
3.331845998764038,4.878482572268695,10.213691711425781
3.2538013458251953,4.742016765654886,10.150811195373535
3.2599215507507324,4.808592405403034,10.206130027770996
3.2843339443206787,4.794893356272951,10.207094192504883
3.3024959564208984,4.820005856720464,10.255905151367188
3.2351067066192627,4.829659058479592,10.277776718139648
3.2674663066864014,4.8057581453051945,10.134357452392578
3.260869026184082,4.804717016572665,10.222878456115723
3.2678802013397217,4.794105172390117,10.20112419128418
3.2789642810821533,4.79281905695929,10.243025779724121
3.2500853538513184,4.8165959298743735,10.240365028381348
3.2153751850128174,4.73826191617575,10.205015182495117
3.300415277481079,4.807415767273467,10.243091583251953
3.2895708084106445,4.858275770941483,10.194878578186035
3.2692501544952393,4.711885765194893,10.243314743041992
3.251847982406616,4.82246858516841,10.349140167236328
3.2488603591918945,4.792991371359676,10.213935852050781
3.2576255798339844,4.835559559852949,10.160611152648926
3.2296688556671143,4.830851875611447,10.266544342041016
3.2480196952819824,4.793157564975055,10.31131362915039
3.273510694503784,4.812665148837758,10.296555519104004
3.2912819385528564,4.896166892888556,10.178778648376465
3.2422783374786377,4.754562332960112,10.15841007232666
3.276275634765625,4.86590711230279,10.219698905944824
3.3207578659057617,4.883596457374681,10.21742057800293
3.2790424823760986,4.772095430243229,10.343246459960938
3.2478370666503906,4.825149870045217,10.18033218383789
3.224262237548828,4.762734271652463,10.177397727966309
3.2880585193634033,4.816607753679689,10.260665893554688
3.3809309005737305,4.841751615716411,10.19967269897461
3.2270212173461914,4.7735001306116045,10.226293563842773
3.265763282775879,4.84701458384682,10.091939926147461
3.2624402046203613,4.779409094148183,10.213890075683594
3.325798749923706,4.82721664244309,10.233564376831055
3.2807676792144775,4.852378074878028,10.197173118591309
3.2814862728118896,4.858039082826249,10.247183799743652
3.211625576019287,4.80615011226785,10.174576759338379
3.27634859085083,4.8124615351469915,10.248491287231445
3.268468141555786,4.786652565301795,10.29969596862793
3.2582530975341797,4.808213851980066,10.26400375366211
3.237011194229126,4.785592241545341,10.246289253234863
3.2981951236724854,4.805953647076551,10.25794506072998
3.2416045665740967,4.8004147830818376,10.268939971923828
3.2935562133789062,4.798977241851389,10.202259063720703
3.2855117321014404,4.805511359790605,10.276914596557617
3.2904906272888184,4.872115221772609,10.19178581237793
3.2990949153900146,4.833476658644421,10.24423599243164
3.321430206298828,4.801014681513022,10.244874000549316
3.290649890899658,4.831563537175368,10.275290489196777
3.2869179248809814,4.7465616049511095,10.146916389465332
3.2795276641845703,4.876671908223735,10.224376678466797
3.329732894897461,4.816044563560614,10.198841094970703
3.251544713973999,4.799968747555146,10.253185272216797
3.28908371925354,4.882531602866948,10.20236587524414
3.261204481124878,4.773598397782604,10.112022399902344
3.1900482177734375,4.785651953391997,10.251960754394531
3.285728931427002,4.82131320667187,10.225020408630371
3.2543740272521973,4.855345044451366,10.182670593261719
3.2600653171539307,4.8135563992961705,10.221006393432617
3.25313401222229,4.851181739542102,10.175344467163086
3.230196714401245,4.772549579119576,10.242477416992188
3.242067575454712,4.8257813409436485,10.168302536010742
3.2495980262756348,4.798876717686653,10.256844520568848
3.283975601196289,4.833447897573933,10.24583911895752
3.3090980052948,4.825842024026704,10.216853141784668
3.227933645248413,4.805469111738993,10.181961059570312
3.2408993244171143,4.768910502283169,10.224250793457031
3.3209917545318604,4.749022780086047,10.223444938659668
3.2147438526153564,4.844600200087631,10.172301292419434
3.241121530532837,4.8275973553037534,10.261275291442871
3.2877893447875977,4.809172739474369,10.185111999511719
3.227130651473999,4.833856114785054,10.23141860961914
3.308941602706909,4.813632737279737,10.228443145751953
3.251246452331543,4.825059710935291,10.244735717773438
3.282839775085449,4.846832697612366,10.173892974853516
3.2837986946105957,4.841491666522676,10.27430534362793
3.2776458263397217,4.845272494313707,10.214557647705078
3.3077354431152344,4.862922586234552,10.244821548461914
3.280961036682129,4.791820676232288,10.265575408935547
3.2314846515655518,4.789534776970478,10.164657592773438
3.2589292526245117,4.82178524698663,10.258058547973633
3.314289093017578,4.81392780052764,10.22802734375
3.2845098972320557,4.804042722131791,10.164457321166992
3.2978930473327637,4.822119956370443,10.22254467010498
3.26387357711792,4.827451158082114,10.283474922180176
3.2586421966552734,4.80276203208736,10.181207656860352
3.3320038318634033,4.803414597841246,10.253530502319336
3.2454617023468018,4.818334526914571,10.205329895019531
3.301398277282715,4.880076368838282,10.202061653137207
3.2648627758026123,4.832456263879846,10.306689262390137
3.312237024307251,4.8601809257109245,10.240673065185547
3.2583351135253906,4.81053052929097,10.261486053466797
3.2598869800567627,4.79109338780732,10.198896408081055
3.293605089187622,4.8195714896012625,10.20274829864502
3.2549357414245605,4.788412736495957,10.232335090637207
3.2873480319976807,4.833904053217599,10.227723121643066
3.303774833679199,4.854899741376617,10.202320098876953
3.2184290885925293,4.812652337996822,10.211454391479492
3.3169636726379395,4.842032394338666,10.232144355773926
3.1963891983032227,4.759140160134328,10.19971752166748
3.2340104579925537,4.8110844842823495,10.309332847595215
3.2268927097320557,4.777740009927324,10.250783920288086
3.2687833309173584,4.945135235986007,10.237979888916016
3.3031270503997803,4.8049523339473765,10.21666431427002
3.260018825531006,4.777444525721616,10.203232765197754
3.218113899230957,4.776796132126557,10.208694458007812
3.3120081424713135,4.780227496255455,10.285789489746094
3.3569066524505615,4.819925293027024,10.350826263427734
3.2793996334075928,4.83153986727952,10.241440773010254
3.233302593231201,4.784416594974962,10.241704940795898
3.2466864585876465,4.789783566491678,10.28426456451416
3.283388137817383,4.837782506997297,10.168375015258789
3.2692058086395264,4.771489354881591,10.225187301635742
3.271191358566284,4.783076707539814,10.182308197021484
3.235781192779541,4.813208359426685,10.209808349609375
3.21026349067688,4.788699249171518,10.286044120788574
3.265089511871338,4.750142290888887,10.298187255859375
3.2752604484558105,4.842821339577703,10.228157043457031
3.2742507457733154,4.77556431326749,10.27486801147461
3.3396213054656982,4.788089909490996,10.23023796081543
3.2456464767456055,4.805396509689412,10.183308601379395
3.2903943061828613,4.77917714836076,10.257233619689941
3.16176700592041,4.714012614052211,10.15472412109375
3.19870662689209,4.769619893648529,10.194129943847656
3.212448835372925,4.788185062718445,10.186382293701172
3.286315441131592,4.847355895941811,10.247624397277832
3.1686339378356934,4.7405902607299915,10.252124786376953
3.214801788330078,4.728791862659689,10.186275482177734
3.2294013500213623,4.800667144025542,10.242425918579102
3.226412057876587,4.797023928058999,10.235851287841797
3.2120440006256104,4.809478392525178,10.276302337646484
3.2308707237243652,4.825501973973587,10.142799377441406
3.2346229553222656,4.791527374581034,10.197543144226074
3.2313897609710693,4.802585558367094,10.200228691101074
3.2722201347351074,4.81168886812936,10.186392784118652
3.1896276473999023,4.7079517784461915,10.24562931060791
3.307176113128662,4.8334391603712,10.224889755249023
3.2908499240875244,4.747924698117588,10.216209411621094
3.250392436981201,4.830575814869787,10.309715270996094
3.2502801418304443,4.778924587415532,10.286359786987305
3.2767748832702637,4.8689793208946615,10.311431884765625
3.258819103240967,4.76990571132462,10.1575927734375
3.272373676300049,4.833883447073665,10.147103309631348
3.2877633571624756,4.870234677734386,10.242178916931152
3.2104978561401367,4.748654316711638,10.286406517028809
3.196881055831909,4.799213640790965,10.287245750427246
3.2677173614501953,4.792966156832076,10.249695777893066
3.257516860961914,4.819030312322346,10.251354217529297
3.297668695449829,4.82775967042627,10.191563606262207
3.3022258281707764,4.861691957239859,10.19265079498291
3.2623038291931152,4.830901428026014,10.242082595825195
3.2906835079193115,4.796771221062435,10.210006713867188
3.235257148742676,4.713787156057411,10.286073684692383
3.2776379585266113,4.785684088743957,10.163049697875977
3.3268048763275146,4.854433347238228,10.197982788085938
3.2608842849731445,4.7906219390487035,10.220647811889648
3.2424135208129883,4.8317848111037165,10.32396125793457
3.2603206634521484,4.802989058462637,10.262029647827148
3.3175675868988037,4.862872185451644,10.283391952514648
3.2604808807373047,4.789811737003869,10.202749252319336
3.2838547229766846,4.849968112606023,10.239785194396973
3.2528305053710938,4.81327294082647,10.24587631225586
3.2587339878082275,4.80979764062379,10.232732772827148
3.304157018661499,4.908855457191489,10.238207817077637
3.2259178161621094,4.807521079234513,10.2454833984375
3.2669870853424072,4.8051913033705205,10.308460235595703
3.2394144535064697,4.803754174749234,10.297929763793945
3.270622968673706,4.771966924026076,10.130803108215332
3.2491886615753174,4.769250552835208,10.251421928405762
3.200324535369873,4.747840803848313,10.254651069641113
3.239838123321533,4.859692155350266,10.190185546875
3.2677628993988037,4.794141753244082,10.272407531738281
3.1852352619171143,4.804944621399045,10.292374610900879
3.2126681804656982,4.787105901133534,10.214380264282227
3.258868932723999,4.870514538238889,10.296953201293945
3.2068769931793213,4.774277173647923,10.252119064331055
3.255523204803467,4.80000938212366,10.209668159484863
3.2931456565856934,4.794440912382145,10.197935104370117
3.2722976207733154,4.81232680613175,10.22476577758789
3.2592179775238037,4.832305521271856,10.220637321472168
3.3230197429656982,4.813785450167155,10.23313045501709
3.2548277378082275,4.860480804162632,10.25699234008789
3.2920258045196533,4.820747666892463,10.214136123657227
3.230853319168091,4.811029100324959,10.233531951904297
3.2544543743133545,4.81843532961128,10.297599792480469
3.2891037464141846,4.811328551133297,10.235712051391602
3.2404699325561523,4.795674207686846,10.169129371643066
3.2036125659942627,4.831282697351916,10.208986282348633
3.280442237854004,4.817061398244862,10.252859115600586
3.230943202972412,4.807996133076293,10.251853942871094
3.24636173248291,4.807686434260437,10.224496841430664
3.315582036972046,4.78475908276492,10.171221733093262
3.296200752258301,4.8373966748892725,10.27446460723877
3.296105146408081,4.762948916958911,10.25851058959961
3.196418046951294,4.802392963985247,10.224051475524902
3.256868362426758,4.83420584759941,10.2298583984375
3.285722255706787,4.839362178197397,10.270313262939453
3.1689910888671875,4.745650049165955,10.234529495239258
3.238522529602051,4.7332107693489105,10.221001625061035
3.2412290573120117,4.844739885767922,10.195235252380371
3.227733612060547,4.786182761957337,10.193378448486328
3.2384512424468994,4.78048639042702,10.21436882019043
3.289557456970215,4.794328160118312,10.203706741333008
3.198988437652588,4.828238230631022,10.25311279296875
3.2876930236816406,4.767738520267552,10.203664779663086
3.258387565612793,4.778677247198565,10.253113746643066
3.276968002319336,4.763838148409767,10.197519302368164
3.2577223777770996,4.8186652739864915,10.279312133789062
3.2372424602508545,4.7843791216478815,10.181235313415527
3.24118971824646,4.797680994662057,10.2177734375
3.24381947517395,4.830493780285386,10.181418418884277
3.2480239868164062,4.845552766595834,10.244653701782227
3.2502763271331787,4.7997638146126915,10.230257987976074
3.289935827255249,4.793786244367117,10.246459007263184
3.260624408721924,4.832159828328129,10.166143417358398
3.2988784313201904,4.850970211638404,10.21362018585205
3.3311266899108887,4.827528921222049,10.164692878723145
3.2593276500701904,4.829299352630707,10.230875015258789
3.251587390899658,4.836945335580302,10.283449172973633
3.216830253601074,4.77152436459437,10.246807098388672
3.276397466659546,4.891009284249906,10.27681827545166
3.2753779888153076,4.767776623667617,10.245035171508789
3.2487776279449463,4.775265349939999,10.270654678344727
3.2188518047332764,4.760797993679131,10.198808670043945
3.2457358837127686,4.784759536485321,10.288597106933594
3.2892074584960938,4.767919494038713,10.189285278320312
3.2473151683807373,4.7881590506461045,10.193721771240234
3.2869410514831543,4.769212710604604,10.251371383666992
3.2063674926757812,4.7482165011710356,10.248492240905762
3.2963595390319824,4.792136858550034,10.213074684143066
3.197117805480957,4.737590957998431,10.207515716552734
3.2593259811401367,4.771911741367409,10.229196548461914
3.2687771320343018,4.74785320474101,10.273895263671875
3.2344508171081543,4.776806642567473,10.268311500549316
3.2116219997406006,4.795613752245638,10.307877540588379
3.308715581893921,4.797073687460007,10.179458618164062
3.2522802352905273,4.752749911575977,10.17047119140625
3.213840961456299,4.771652398497931,10.216182708740234
3.3069090843200684,4.869541919424332,10.275300979614258
3.2772152423858643,4.806465411159609,10.266740798950195
3.22114634513855,4.813110274229465,10.236554145812988
3.3068835735321045,4.8430911061753115,10.248900413513184
3.1914896965026855,4.790718260620321,10.249393463134766
3.2156410217285156,4.766465572473993,10.211923599243164
3.2587528228759766,4.7701731501479765,10.219400405883789
3.249872922897339,4.779303698767243,10.240297317504883
3.25384259223938,4.783766196974154,10.28271198272705
3.2251181602478027,4.770679674510445,10.164810180664062
3.3128814697265625,4.807797314831987,10.240184783935547
3.3049051761627197,4.833274758620453,10.246499061584473
3.216430425643921,4.736017435523016,10.235414505004883
3.249305248260498,4.844177790185702,10.24100399017334
3.2052245140075684,4.783570881700143,10.242438316345215
3.308523178100586,4.835340348305181,10.264640808105469
3.2600440979003906,4.864038825201403,10.209284782409668
3.1742970943450928,4.772530634954039,10.23150634765625
3.2248525619506836,4.781472577447338,10.20759391784668
3.2544281482696533,4.796163312126217,10.210886001586914
3.231910467147827,4.816715547182995,10.141593933105469
3.157844305038452,4.786797417693639,10.176580429077148
3.2782161235809326,4.800452501945463,10.188915252685547
3.2122037410736084,4.732781843082713,10.293506622314453
3.2226614952087402,4.800590913576473,10.221916198730469
3.220897674560547,4.828177206484334,10.187312126159668
3.2288639545440674,4.806955593205722,10.244020462036133
3.2824041843414307,4.887155753360795,10.249649047851562
3.2284576892852783,4.832859003184629,10.23423957824707
3.2505242824554443,4.757402478817052,10.187874794006348
3.178048849105835,4.724879607890865,10.332298278808594
3.2544801235198975,4.705108339465888,10.258910179138184
3.239201068878174,4.809590635289038,10.276463508605957
3.279536008834839,4.795380952102797,10.246007919311523
3.2320027351379395,4.824624316999689,10.189800262451172
3.258329391479492,4.7646104873025,10.25182819366455
3.2253499031066895,4.725043140917219,10.282273292541504
3.2695188522338867,4.862240173986979,10.25991153717041
3.2501909732818604,4.781824288823243,10.190614700317383
3.2734122276306152,4.741203133748578,10.180283546447754
3.261329174041748,4.799920423787885,10.295326232910156
3.220930337905884,4.800975567561442,10.188705444335938
3.1777617931365967,4.8251394034097235,10.156617164611816
3.2256762981414795,4.78617752732576,10.24720573425293
3.1972126960754395,4.776735696276384,10.254273414611816
3.2799649238586426,4.764565405834999,10.187585830688477
3.260499954223633,4.797519428256367,10.196724891662598
3.2630317211151123,4.774959477862078,10.304193496704102
3.302947521209717,4.751859010662883,10.257244110107422
3.2262749671936035,4.800357761659792,10.240419387817383
3.2693214416503906,4.796148618217558,10.24116325378418
3.23282790184021,4.753550566932452,10.239507675170898
3.2400593757629395,4.7937232855308265,10.208941459655762
3.2820987701416016,4.817599645150559,10.25489616394043
3.2947497367858887,4.779153780712346,10.190692901611328
3.193800926208496,4.754178568388203,10.206795692443848
3.2637975215911865,4.7885402331261755,10.138078689575195
3.3109395503997803,4.818113053284053,10.23399829864502
3.185182571411133,4.79282814932854,10.246753692626953
3.220867872238159,4.819769286883196,10.340828895568848
3.2601935863494873,4.808940116848264,10.282751083374023
3.2636337280273438,4.8196277979628315,10.281232833862305
3.19911527633667,4.772198801194983,10.260387420654297
3.287053346633911,4.7383701951642125,10.227607727050781
3.260552406311035,4.828433549829891,10.21241283416748
3.247521162033081,4.83339061787618,10.21556282043457
3.2491583824157715,4.833323216099026,10.215753555297852
3.248802900314331,4.843098634388298,10.263788223266602
3.288876533508301,4.823334823728406,10.26463508605957
3.283966064453125,4.893024322510298,10.212244033813477
3.2519781589508057,4.837468774357278,10.197234153747559
3.232839822769165,4.768030780334292,10.272154808044434
3.215512752532959,4.788700897080291,10.202489852905273
3.2786059379577637,4.854761520433905,10.268299102783203
3.2630062103271484,4.794478946631508,10.265544891357422
3.234541893005371,4.69871733563819,10.272274017333984
3.2506215572357178,4.744456233489992,10.279715538024902
3.2680435180664062,4.786089339160493,10.22683334350586
3.262601613998413,4.740063924541962,10.258635520935059
3.259619951248169,4.781270663852671,10.229849815368652
3.240654945373535,4.776455742639622,10.272193908691406
3.1633055210113525,4.840151941004608,10.252725601196289
3.2509067058563232,4.778634344161088,10.196388244628906
3.229569911956787,4.755708836684269,10.32058048248291
3.227069854736328,4.732018634144749,10.216086387634277
3.253016471862793,4.824014938669279,10.206585884094238
3.2146964073181152,4.769035815128258,10.19168472290039
3.2534563541412354,4.814602984281789,10.210172653198242
3.2817108631134033,4.780013592148732,10.242921829223633
3.2436485290527344,4.7984437873986145,10.209206581115723
3.2271032333374023,4.775348384631798,10.186277389526367
3.3010342121124268,4.85936676271792,10.255288124084473
3.254042863845825,4.74205653725325,10.255851745605469
3.249666213989258,4.756569953003367,10.152366638183594
3.2551910877227783,4.701855150151199,10.29808235168457
3.216928005218506,4.75026781797143,10.1818265914917
3.241400718688965,4.786540825518646,10.256380081176758
3.221726655960083,4.749678491947375,10.180246353149414
3.2648887634277344,4.826946805730196,10.235091209411621
3.2347679138183594,4.69038797329579,10.269134521484375
3.2005558013916016,4.781107307012593,10.199041366577148
3.326040506362915,4.845463420563776,10.182215690612793
3.2578577995300293,4.813486582865673,10.254960060119629
3.1969406604766846,4.740005855548328,10.210357666015625
3.2119572162628174,4.764097178820521,10.142471313476562
3.2672536373138428,4.86123138054141,10.244588851928711
3.3027262687683105,4.820983756632943,10.3152437210083
3.3233304023742676,4.810242492971676,10.127829551696777
3.2751448154449463,4.759194015425497,10.300286293029785
3.257995843887329,4.789602390623518,10.230443954467773
3.2798473834991455,4.8521888386125545,10.200034141540527
3.2384185791015625,4.76415315995525,10.240379333496094
3.212008476257324,4.736368972242677,10.26402759552002
3.186537742614746,4.760026018700695,10.237035751342773
3.293977975845337,4.814857830626092,10.207525253295898
3.202495574951172,4.723944293867265,10.231023788452148
3.237720489501953,4.761448932312695,10.265857696533203
3.2863974571228027,4.830721974439387,10.196388244628906
3.220942497253418,4.779467572258519,10.190080642700195
3.257647752761841,4.72779962363919,10.244463920593262
3.2437946796417236,4.766055671664487,10.214165687561035
3.2605698108673096,4.780656998810757,10.222945213317871
3.2237467765808105,4.841375120216981,10.209630966186523
3.236745834350586,4.7968808855927945,10.24351978302002
3.175560235977173,4.7802800587711065,10.22094440460205
3.2786717414855957,4.857177215162665,10.20186996459961
3.2518537044525146,4.753022227635873,10.223023414611816
3.2352914810180664,4.765757439591523,10.197915077209473
3.243513584136963,4.781815065702956,10.180283546447754
3.282133102416992,4.815231319117759,10.302572250366211
3.2468361854553223,4.798407128113987,10.240409851074219
3.239156484603882,4.794515488037307,10.228544235229492
3.169785499572754,4.737598546381507,10.261903762817383
3.2981386184692383,4.806696673788662,10.32374095916748
3.1903367042541504,4.735363861013736,10.293275833129883
3.209188938140869,4.783420193873878,10.217123031616211
3.2322356700897217,4.788316337491518,10.132192611694336
3.2548577785491943,4.806209791983877,10.252739906311035
3.2585790157318115,4.819395423600716,10.266694068908691
3.2343244552612305,4.799074249508391,10.289965629577637
3.23380708694458,4.770702310837805,10.190796852111816
3.263227939605713,4.805081880751199,10.188651084899902
3.2401926517486572,4.777588516307463,10.229260444641113
3.1790943145751953,4.760162752986486,10.294986724853516
3.198221445083618,4.738443909745132,10.265148162841797
3.2566473484039307,4.832076037302613,10.205561637878418
3.200805187225342,4.8469075054329425,10.245759963989258
3.2353901863098145,4.764701107151009,10.242648124694824
3.173288106918335,4.767939888506329,10.258554458618164
3.2358691692352295,4.810669044265523,10.265399932861328
3.2249181270599365,4.7415302816578855,10.22313117980957
3.2142298221588135,4.711195204639807,10.220749855041504
3.2738239765167236,4.8384472427424035,10.198881149291992
3.243764877319336,4.765095498379586,10.277217864990234
3.223115921020508,4.842674483345555,10.102069854736328
3.2688398361206055,4.745444709501628,10.262533187866211
3.2506754398345947,4.7716960408724844,10.180005073547363
3.2104694843292236,4.76818918466701,10.238648414611816
3.223479747772217,4.8096008232595135,10.202970504760742
3.203967809677124,4.725971442979893,10.276679992675781
3.2176856994628906,4.818479758654056,10.265822410583496
3.2295970916748047,4.828314737516588,10.279068946838379
3.2503981590270996,4.8115239638635625,10.238880157470703
3.224985361099243,4.810279761208221,10.179276466369629
3.1914522647857666,4.761337369181482,10.288568496704102
3.2245655059814453,4.712128122669778,10.215458869934082
3.262765884399414,4.783061539554702,10.229310035705566
3.2872393131256104,4.7947423447455675,10.188655853271484
3.1927146911621094,4.796807948400134,10.209997177124023
3.2127249240875244,4.807790408942051,10.229179382324219
3.2381532192230225,4.777603311131576,10.212823867797852
3.2863945960998535,4.813837558995666,10.242326736450195
3.242279529571533,4.782120970277382,10.326421737670898
3.277292251586914,4.80900972868715,10.204911231994629
3.207688808441162,4.77469097876123,10.21858024597168
3.2282931804656982,4.762644579767117,10.235513687133789
3.1780200004577637,4.791550356728424,10.178967475891113
3.1791176795959473,4.7193255242559,10.212995529174805
3.255750894546509,4.815592263060223,10.298084259033203
3.259852647781372,4.809048188417884,10.257126808166504
3.271696090698242,4.799887023034638,10.282851219177246
3.2047224044799805,4.753003360869895,10.227229118347168
3.1667590141296387,4.788647108511733,10.202923774719238
3.2959344387054443,4.8084450923571636,10.218756675720215
3.2336974143981934,4.79442802959654,10.187016487121582
3.2191977500915527,4.800734824634024,10.260063171386719
3.2507224082946777,4.831008016797049,10.232139587402344
3.258635997772217,4.753800866061023,10.19481086730957
3.248422622680664,4.766721600600119,10.220637321472168
3.2415666580200195,4.761591812329633,10.283203125
3.241274833679199,4.802449307504243,10.209243774414062
3.184451103210449,4.768452173032399,10.184287071228027
3.156459093093872,4.727984385797754,10.226273536682129
3.2937636375427246,4.812558290515361,10.219655990600586
3.2571542263031006,4.749389116519263,10.154657363891602
3.245196580886841,4.786422699290727,10.232097625732422
3.2415266036987305,4.806283543984006,10.155717849731445
3.327430248260498,4.832786230935849,10.249082565307617
3.223557949066162,4.8532188993413,10.217414855957031
3.2889866828918457,4.787008622494926,10.185972213745117
3.1946444511413574,4.714734662856374,10.307109832763672
3.23114275932312,4.770245801757223,10.225634574890137
3.235400915145874,4.679118000835713,10.283136367797852
3.207024097442627,4.756551499910919,10.170683860778809
3.2369587421417236,4.706042650820954,10.267387390136719
3.3241424560546875,4.826685743605984,10.19886589050293
3.215071439743042,4.714928419462272,10.227867126464844
3.2421517372131348,4.7539892405537625,10.22035026550293
3.2126898765563965,4.778032898636802,10.248936653137207
3.2764976024627686,4.827934432841306,10.189836502075195
3.236368417739868,4.785492875846103,10.300535202026367
3.271470785140991,4.766694681020454,10.286288261413574
3.196536064147949,4.806497381733997,10.21911334991455
3.2125775814056396,4.793294894176402,10.255194664001465
3.268876791000366,4.864921596633004,10.226998329162598
3.2649476528167725,4.831376318886344,10.32184886932373
3.2971415519714355,4.845954865450039,10.291037559509277
3.26812481880188,4.800526034818696,10.265344619750977
3.171311378479004,4.71743127184787,10.232879638671875
3.2229692935943604,4.7447037579425215,10.210978507995605
3.204418659210205,4.785641912470705,10.281743049621582
3.217963695526123,4.7545290329892715,10.281548500061035
3.231879234313965,4.819741442333908,10.225107192993164
3.2311768531799316,4.784544136308665,10.251580238342285
3.2236318588256836,4.73826731691536,10.279332160949707
3.233844041824341,4.80909810614373,10.231108665466309
3.2312347888946533,4.794065936268972,10.25699234008789
3.210752248764038,4.789297199508707,10.272541046142578
3.274179458618164,4.816844931770382,10.17153263092041
3.2429964542388916,4.815129589588781,10.210212707519531
3.2381205558776855,4.695602331776172,10.236898422241211
3.2681996822357178,4.790628421985145,10.16763973236084
3.169917345046997,4.815238488671769,10.214191436767578
3.2276699542999268,4.842017350552071,10.183646202087402
3.2234177589416504,4.728516556921282,10.210339546203613
3.272442102432251,4.811955230044467,10.242574691772461
3.178802490234375,4.716917206134116,10.244816780090332
3.1948788166046143,4.736245524138211,10.22441291809082
3.2612900733947754,4.875982119435711,10.162416458129883
3.2456271648406982,4.810486092764352,10.236940383911133
3.2491414546966553,4.81607055081986,10.198007583618164
3.2166175842285156,4.77729107090272,10.225662231445312
3.203085422515869,4.799420248783593,10.299821853637695
3.229569911956787,4.843626467976718,10.261371612548828
3.3138949871063232,4.86148399380701,10.270088195800781
3.196945905685425,4.822647177414702,10.171746253967285
3.2337729930877686,4.813748762543712,10.227616310119629
3.179702043533325,4.707880399223151,10.266592979431152
3.2361044883728027,4.850466364595507,10.179675102233887
3.267381191253662,4.82162796679352,10.24009895324707
3.2173664569854736,4.807798240999025,10.200790405273438
3.2512292861938477,4.835030461827826,10.251401901245117
3.2792203426361084,4.792382443323731,10.239635467529297
3.2187206745147705,4.736642831404294,10.16560173034668
3.2752740383148193,4.838018865324556,10.251458168029785
3.2307159900665283,4.777606261361922,10.221942901611328
3.188974142074585,4.785057578701526,10.256632804870605
3.1707425117492676,4.823980925338609,10.243428230285645
3.250382661819458,4.826317351278184,10.232898712158203
3.2072441577911377,4.707571961883722,10.186769485473633
3.203727960586548,4.797733063543482,10.220529556274414
3.2098731994628906,4.7865779346986015,10.188772201538086
3.279686689376831,4.8331927065737545,10.247413635253906
3.2732722759246826,4.881956764796216,10.235743522644043
3.1850380897521973,4.765952213367979,10.197808265686035
3.285043239593506,4.847825040042932,10.232669830322266
3.199220895767212,4.799936163970934,10.252840995788574
3.1762661933898926,4.757022458827123,10.187054634094238
3.22086238861084,4.8035464291793435,10.235920906066895
3.2169902324676514,4.7721275498957505,10.189933776855469
3.2169716358184814,4.702941667222018,10.21004581451416
3.269336223602295,4.755896184161039,10.257706642150879
3.2647788524627686,4.810466696441705,10.184954643249512
3.173546075820923,4.793711526319385,10.133075714111328
3.205026865005493,4.75537595003178,10.245732307434082
3.2182252407073975,4.834738417728139,10.212055206298828
3.1952855587005615,4.769326685096269,10.202239990234375
3.1846721172332764,4.722855868516491,10.260550498962402
3.2462897300720215,4.784207542859284,10.208361625671387
3.2397947311401367,4.8306983282922635,10.225916862487793
3.2379238605499268,4.759398136420973,10.255756378173828
3.230069398880005,4.795747738697433,10.19594955444336
3.243854522705078,4.786534097544583,10.26750373840332
3.223473072052002,4.763946075325034,10.231916427612305
3.206669807434082,4.820266549309184,10.209146499633789
3.1746134757995605,4.675161490615989,10.287652015686035
3.26023268699646,4.761303814360871,10.25157356262207
3.248396158218384,4.780740331758612,10.193305015563965
3.2349112033843994,4.791550524732364,10.203374862670898
3.1996207237243652,4.7710776113838484,10.221829414367676
3.209615707397461,4.747038545452857,10.270835876464844
3.306671142578125,4.780372987235231,10.25905990600586
3.2140612602233887,4.810080088375668,10.281022071838379
3.2080113887786865,4.772793538768643,10.224372863769531
3.268771171569824,4.762688416122859,10.239227294921875
3.2172961235046387,4.79229181532615,10.21920108795166
3.2345173358917236,4.816516052299578,10.255790710449219
3.2190356254577637,4.808765846570688,10.21759033203125
3.2147791385650635,4.725229370707113,10.246540069580078
3.2481024265289307,4.795266564602831,10.19013786315918
3.266494035720825,4.790268061715843,10.274484634399414
3.2496883869171143,4.7706841242699225,10.269657135009766
3.201399087905884,4.717907280128982,10.26839828491211
3.140735387802124,4.708497647561931,10.262591361999512
3.206643581390381,4.699063955373796,10.199295043945312
3.159977674484253,4.762266845009955,10.205437660217285
3.2613525390625,4.785867883391413,10.190991401672363
3.2446961402893066,4.781524314245741,10.26976203918457
3.187981605529785,4.724870379481997,10.278024673461914
3.226545810699463,4.759985041239166,10.237492561340332
3.2789878845214844,4.836107220434184,10.282238006591797
3.192730188369751,4.786069286588047,10.172410011291504
3.1988301277160645,4.758478949046029,10.291767120361328
3.2121827602386475,4.807186909751701,10.220264434814453
3.255674123764038,4.799482875636645,10.257293701171875
3.2450547218322754,4.785188388046143,10.203405380249023
3.229130506515503,4.83362230808208,10.175537109375
3.1932284832000732,4.819175737344527,10.207334518432617
3.2255940437316895,4.8067326021846375,10.24111557006836
3.1873703002929688,4.767379633782963,10.261107444763184
3.251652479171753,4.754359740763902,10.23154067993164
3.2404706478118896,4.7209880949397185,10.186079978942871
3.219346046447754,4.71671073448046,10.22607135772705
3.2044360637664795,4.788896360634161,10.236080169677734
3.194772720336914,4.794629562779197,10.233022689819336
3.230069875717163,4.778701702299129,10.187725067138672
3.166663408279419,4.7367938151583076,10.19645881652832
3.2459945678710938,4.807612545488935,10.208857536315918
3.256758213043213,4.833065819726992,10.188878059387207
3.2450637817382812,4.849321339578767,10.244165420532227
3.2182047367095947,4.753305989749996,10.236674308776855
3.232224225997925,4.7931556163488755,10.245138168334961
3.1951420307159424,4.767546816795532,10.25181770324707
3.2295806407928467,4.710808998106845,10.233723640441895
3.2011117935180664,4.779016355684559,10.258256912231445
3.2296712398529053,4.834872479849894,10.28171443939209
3.2214744091033936,4.712544233604734,10.261480331420898
3.200502634048462,4.790242343775129,10.330294609069824
3.2614376544952393,4.786083882475005,10.285664558410645
3.2522284984588623,4.838531382149085,10.26745319366455
3.2425589561462402,4.892394865397364,10.277379989624023
3.179331064224243,4.726769899749863,10.13996696472168
3.2586450576782227,4.796538674172813,10.194034576416016
3.1903679370880127,4.813017308013515,10.26461410522461
3.2219626903533936,4.786868299091501,10.199260711669922
3.218949317932129,4.761316581629217,10.17691707611084
3.189859628677368,4.81321399193257,10.259783744812012
3.242388963699341,4.798992075624743,10.200961112976074
3.2522730827331543,4.780559863229947,10.220224380493164
3.2491354942321777,4.80824001968306,10.250749588012695
3.213752269744873,4.759259716108708,10.323983192443848
3.2813031673431396,4.808064468038667,10.232775688171387
3.274868965148926,4.789864910034729,10.229984283447266
3.253870725631714,4.826382518247036,10.296106338500977
3.220297336578369,4.828036480915865,10.191254615783691
3.2017221450805664,4.740997905576868,10.188007354736328
3.322880744934082,4.825884230002496,10.20913314819336
3.1741697788238525,4.690028155588412,10.19244384765625
3.1750779151916504,4.781235555153606,10.256649017333984
3.2596514225006104,4.8426077028603425,10.18513298034668
3.2192938327789307,4.73949785527241,10.246885299682617
3.2293648719787598,4.777122711496694,10.26952838897705
3.2529547214508057,4.767201729917101,10.233356475830078
3.192004442214966,4.667175653556894,10.221770286560059
3.2004306316375732,4.754767755711717,10.236377716064453
3.2029943466186523,4.7226410232750435,10.2383451461792
3.2694437503814697,4.767589446922233,10.212262153625488
3.240260601043701,4.773647951793724,10.2437105178833
3.2598862648010254,4.848056914983317,10.209275245666504
3.2796638011932373,4.827601664865921,10.21249008178711
3.167126178741455,4.742543930853052,10.22160530090332
3.2167952060699463,4.788833641380604,10.204948425292969
3.2425050735473633,4.821697535558737,10.264894485473633
3.261808395385742,4.819519203788201,10.222050666809082
3.2065773010253906,4.713552236823099,10.248425483703613
3.2733559608459473,4.806825768235805,10.188855171203613
3.226038932800293,4.763156880158931,10.280267715454102
3.2773265838623047,4.7773618407414435,10.217317581176758
3.2207703590393066,4.791158799348133,10.170684814453125
3.208548069000244,4.8045395464702905,10.137036323547363
3.215352773666382,4.7738769084680825,10.194854736328125
3.210344076156616,4.812775353867828,10.228422164916992
3.171847105026245,4.7844333684271465,10.180350303649902
3.2239177227020264,4.688514259643854,10.240375518798828
3.2485108375549316,4.758207937502968,10.323639869689941
3.202028512954712,4.789886005555412,10.268165588378906
3.2299954891204834,4.778212207036891,10.159719467163086
3.2112393379211426,4.7476483602742,10.191620826721191
3.232651472091675,4.739643247099593,10.210482597351074
3.246544122695923,4.780986512944635,10.262741088867188
3.2538018226623535,4.830073371729148,10.323750495910645
3.2215917110443115,4.714133805096415,10.180208206176758
3.2106451988220215,4.772281551700352,10.268638610839844
3.2822299003601074,4.784397901168892,10.197652816772461
3.3020031452178955,4.7813690807670355,10.169041633605957
3.2005929946899414,4.746882217137942,10.262554168701172
3.230286121368408,4.729073016671464,10.17316722869873
3.240283727645874,4.783267777745745,10.177295684814453
3.1922993659973145,4.753943760347154,10.287802696228027
3.147688150405884,4.712600656419194,10.215648651123047
3.261521339416504,4.805086720169388,10.218175888061523
3.223682165145874,4.847289436895933,10.206514358520508
3.1806938648223877,4.717399851951216,10.18069839477539
3.201014995574951,4.755205063282379,10.180574417114258
3.202862501144409,4.7814318763890435,10.25292682647705
3.1655216217041016,4.737093826955451,10.248125076293945
3.209048271179199,4.761767415529383,10.191981315612793
3.221447467803955,4.8231325125920455,10.257584571838379
3.222386360168457,4.7271122416547895,10.209430694580078
3.252272129058838,4.7365170154121845,10.29166316986084
3.277167320251465,4.843143913329446,10.292314529418945
3.1838173866271973,4.7304872655908445,10.285518646240234
3.255776882171631,4.813840506831184,10.196096420288086
3.1937921047210693,4.715299636358395,10.191518783569336
3.147660493850708,4.750436846366418,10.193439483642578
3.2192153930664062,4.8235208430394,10.209736824035645
3.1397809982299805,4.78363482397981,10.178836822509766
3.17647385597229,4.729371217744691,10.201654434204102
3.213301658630371,4.787658085647437,10.282268524169922
3.233480215072632,4.70219084450842,10.248102188110352
3.1501760482788086,4.741061926786123,10.248403549194336
3.2502100467681885,4.758945363606992,10.21173095703125
3.2252767086029053,4.689442214556038,10.230437278747559
3.302145004272461,4.836805848038889,10.230045318603516
3.23508620262146,4.781227381999737,10.192361831665039
3.256115436553955,4.847457471436688,10.30196762084961
3.2345781326293945,4.80211263070149,10.246095657348633
3.180723190307617,4.768892301213262,10.152738571166992
3.2082760334014893,4.767434065762375,10.268919944763184
3.1989808082580566,4.756660208471917,10.246028900146484
3.2342770099639893,4.762332283891737,10.226059913635254
3.171114206314087,4.7017739456745655,10.265894889831543
3.1992995738983154,4.714681975377191,10.229157447814941
3.2545063495635986,4.764465495977285,10.152820587158203
3.251990556716919,4.771978688027178,10.165179252624512
3.1677894592285156,4.766019213379228,10.257556915283203
3.197741746902466,4.728991678649826,10.241243362426758
3.264514446258545,4.7920826395774,10.262608528137207
3.1962292194366455,4.762105991997357,10.205114364624023
3.191892623901367,4.720282743219287,10.363548278808594
3.25231671333313,4.801313583007349,10.298691749572754
3.2249462604522705,4.751264001076509,10.263822555541992
3.21955943107605,4.765628651316677,10.227228164672852
3.267416477203369,4.768425791224997,10.181976318359375
3.262594223022461,4.725676883344672,10.26971435546875
3.2759838104248047,4.747238763807608,10.302164077758789
3.229341506958008,4.7523650725904325,10.196412086486816
3.228593349456787,4.723750906663813,10.208495140075684
3.235999345779419,4.754948161908292,10.209571838378906
3.1730973720550537,4.784600883722306,10.234004020690918
3.271477699279785,4.823563225068417,10.16835880279541
3.184797763824463,4.750373535822812,10.194055557250977
3.208784580230713,4.756667723380295,10.169078826904297
3.2244086265563965,4.764810469068054,10.239285469055176
3.2221620082855225,4.773320845561102,10.178672790527344
3.1713852882385254,4.78908503285077,10.244647026062012
3.185004949569702,4.723844895405429,10.187896728515625
3.2629756927490234,4.811854989068317,10.243955612182617
3.1772544384002686,4.739407427642229,10.2096529006958
3.142778158187866,4.78495300897131,10.238271713256836
3.1601197719573975,4.749091942628313,10.190163612365723
3.179757833480835,4.778524562117776,10.285294532775879
3.229235887527466,4.843836601623999,10.29453182220459
3.225674629211426,4.751115611621311,10.321152687072754
3.2218215465545654,4.740056115601744,10.209844589233398
3.233184814453125,4.777426092087158,10.187006950378418
3.2018046379089355,4.695522539151301,10.204507827758789
3.1487326622009277,4.719684248956453,10.236872673034668
3.196197748184204,4.7536648606016705,10.165138244628906
3.2538554668426514,4.773772739007005,10.193366050720215
3.2399072647094727,4.770060792232731,10.223906517028809
3.2141690254211426,4.810031790851748,10.262367248535156
3.1681597232818604,4.742628138645419,10.24036979675293
3.1576576232910156,4.753071718782719,10.293012619018555
3.260469913482666,4.792526154246714,10.210799217224121
3.1906328201293945,4.814037303972457,10.269997596740723
3.180898427963257,4.692739492581625,10.223033905029297
3.2747247219085693,4.755153751000762,10.214607238769531
3.219588041305542,4.817975302725764,10.229007720947266
3.145301342010498,4.753147882841794,10.226099014282227
3.2091214656829834,4.851162270775863,10.20482063293457
3.1935510635375977,4.765706378001986,10.200333595275879
3.2221202850341797,4.75895901689572,10.214664459228516
3.2607147693634033,4.840523465736103,10.200069427490234
3.232218027114868,4.767021611632247,10.292555809020996
3.1560535430908203,4.754301058693922,10.177444458007812
3.20644474029541,4.794700825586915,10.278828620910645
3.217535972595215,4.760733845078253,10.23955249786377
3.210343360900879,4.7513066340304375,10.21802043914795
3.2255449295043945,4.762040311204536,10.181365966796875
3.2610554695129395,4.79480842587405,10.264366149902344
3.2099592685699463,4.795029684768192,10.268477439880371
3.192922592163086,4.757408566174231,10.160276412963867
3.179781436920166,4.808736259849477,10.26958179473877
3.159705638885498,4.7412303493890375,10.177682876586914
3.2218260765075684,4.7752363691771675,10.222026824951172
3.268263816833496,4.838681298773736,10.196280479431152
3.174293041229248,4.72615375649184,10.189958572387695
3.234583616256714,4.770544911335621,10.273921966552734
3.204314708709717,4.7427904052393774,10.254474639892578
3.239860773086548,4.776720334742485,10.23182487487793
3.1696672439575195,4.740532307586233,10.169716835021973
3.28730845451355,4.775105747760141,10.25756549835205
3.230137825012207,4.752093616706718,10.274356842041016
3.270524263381958,4.863009761320426,10.153013229370117
3.213388681411743,4.719112797839833,10.244173049926758
3.203908920288086,4.79292344671142,10.284387588500977
3.166459798812866,4.760795018768737,10.206872940063477
3.2664246559143066,4.827765745509947,10.239742279052734
3.2010092735290527,4.782578736909532,10.237238883972168
3.199700117111206,4.785783936535673,10.18250846862793
3.2112419605255127,4.792405866086483,10.178107261657715
3.238398790359497,4.714473956963047,10.176036834716797
3.2536168098449707,4.797255385201424,10.217205047607422
3.1589624881744385,4.738206242543779,10.283610343933105
3.150773763656616,4.821146799584053,10.26020622253418
3.1981654167175293,4.764380520342716,10.166476249694824
3.1968846321105957,4.776952098589391,10.144869804382324
3.1794180870056152,4.756800940659429,10.175265312194824
3.1960973739624023,4.711680267604867,10.186077117919922
3.2322235107421875,4.738627711809906,10.155479431152344
3.1781978607177734,4.753091111446598,10.215873718261719
3.1913576126098633,4.742809413799217,10.298775672912598
3.2199795246124268,4.773894039481613,10.20104694366455
3.2304673194885254,4.77725037845916,10.176657676696777
3.215306520462036,4.748007759584912,10.231666564941406
3.2498955726623535,4.821062199738143,10.239886283874512
3.200924873352051,4.794241556099483,10.22573471069336
3.1937215328216553,4.7315001235942225,10.168471336364746
3.1930525302886963,4.776107507391965,10.261373519897461
3.156751871109009,4.756969956880702,10.208036422729492
3.190302848815918,4.79938600594843,10.239069938659668
3.218278169631958,4.762573651370726,10.216368675231934
3.2362518310546875,4.8209300939925015,10.260281562805176
3.2037861347198486,4.763555223953777,10.220884323120117
3.1607773303985596,4.7629072900661935,10.195268630981445
3.2129530906677246,4.745026939415506,10.267492294311523
3.2182791233062744,4.840376120992005,10.271608352661133
3.23207950592041,4.8084169638875345,10.189697265625
3.18772029876709,4.764112561176132,10.207273483276367
3.214385747909546,4.749655192218987,10.172109603881836
3.253002166748047,4.81844174249896,10.214244842529297
3.181358575820923,4.6915860118544,10.27735424041748
3.210644483566284,4.809585861695399,10.254638671875
3.1779866218566895,4.702104131458327,10.204751968383789
3.1991348266601562,4.7679078996381055,10.229626655578613
3.2299468517303467,4.806912217222687,10.169271469116211
3.197540760040283,4.768812729910549,10.202043533325195
3.18507719039917,4.762329030482631,10.190751075744629
3.2067551612854004,4.7382677315867365,10.257376670837402
3.2395179271698,4.787341883505827,10.261528968811035
3.189023017883301,4.734853801783174,10.145967483520508
3.244164228439331,4.821218787226826,10.16377067565918
3.1777615547180176,4.729262921959163,10.250494956970215
3.2291159629821777,4.779195436343019,10.280076026916504
3.180159330368042,4.720415930496529,10.190459251403809
3.1810548305511475,4.733527894830331,10.250372886657715
3.210211992263794,4.732422617696493,10.282487869262695
3.1750335693359375,4.783924991264939,10.225675582885742
3.209324598312378,4.806886948578592,10.261377334594727
3.2236671447753906,4.762728413566947,10.201963424682617
3.17183256149292,4.80175145692192,10.227127075195312
3.2004270553588867,4.8053222849432915,10.206559181213379
3.2741808891296387,4.862574396056256,10.22938060760498
3.212764263153076,4.781580117331552,10.217804908752441
3.159045934677124,4.741376427534435,10.302964210510254
3.199761390686035,4.7927245601812105,10.27335262298584
3.213287115097046,4.797721048318116,10.282036781311035
3.2011263370513916,4.807641061754631,10.203801155090332
3.207702159881592,4.737800934318718,10.20190715789795
3.2743451595306396,4.828219774278945,10.207979202270508
3.2082903385162354,4.711065510121574,10.28625774383545
3.195493698120117,4.780928831414452,10.236654281616211
3.157849073410034,4.802083085790009,10.308387756347656
3.183643341064453,4.688346326085073,10.186033248901367
3.180133819580078,4.832329822803981,10.110774040222168
3.1966090202331543,4.795697198781583,10.195273399353027
3.2195065021514893,4.809552029773061,10.237481117248535
3.1605374813079834,4.713693691051699,10.27376937866211
3.2333767414093018,4.77490833534726,10.195960998535156
3.174268960952759,4.7747755620096415,10.268692016601562
3.212002992630005,4.821678348650624,10.261784553527832
3.2170629501342773,4.772234614073699,10.285984992980957
3.223684072494507,4.739852374286524,10.275249481201172
3.2385759353637695,4.756421585101634,10.219869613647461
3.138554096221924,4.699860052438452,10.21349811553955
3.20471453666687,4.771499585759427,10.270381927490234
3.1437480449676514,4.712429954404277,10.239794731140137
3.2156403064727783,4.8229003564920285,10.17846393585205
3.261754035949707,4.742423421803063,10.195596694946289
3.221726179122925,4.803123748428853,10.3388090133667
3.1520278453826904,4.675058494787663,10.188541412353516
3.2245802879333496,4.7918972568253855,10.246829986572266
3.1878299713134766,4.7246060948153685,10.183036804199219
3.218691825866699,4.784994431405461,10.242748260498047
3.1956872940063477,4.785112694371492,10.290979385375977
3.197941541671753,4.801502863444123,10.204690933227539
3.2150065898895264,4.801317878000971,10.26622486114502
3.255317449569702,4.7808872885403355,10.219401359558105
3.215787887573242,4.807439847117555,10.27515697479248
3.1177046298980713,4.724763007568462,10.152922630310059
3.2117323875427246,4.796875729258837,10.237991333007812
3.2851767539978027,4.7626817354466775,10.163992881774902
3.21885085105896,4.638739086454734,10.165487289428711
3.1982100009918213,4.7580127329565585,10.296028137207031
3.201179265975952,4.809888722108943,10.220681190490723
3.258469820022583,4.81311382356632,10.155537605285645
3.1513984203338623,4.634184006967448,10.228255271911621
3.1406936645507812,4.766193600770618,10.231369018554688
3.2194740772247314,4.846708257848929,10.22309684753418
3.2608227729797363,4.800168525460841,10.197488784790039
3.174870014190674,4.796327889364745,10.202923774719238
3.202118396759033,4.8475657978560776,10.302204132080078
3.1930198669433594,4.64900444903677,10.275252342224121
3.2084522247314453,4.762271764056225,10.210636138916016
3.1891119480133057,4.732771986197414,10.150382995605469
3.1971826553344727,4.7459809278537115,10.226349830627441
3.17121958732605,4.777145101555757,10.205946922302246
3.1720802783966064,4.73384166222864,10.234691619873047
3.26155948638916,4.806483387581206,10.255342483520508
3.157106637954712,4.762091109396092,10.23009967803955
3.172199249267578,4.739967702788167,10.237335205078125
3.256516695022583,4.787511916298952,10.134038925170898
3.2517478466033936,4.709616331483371,10.290525436401367
3.152393102645874,4.766042762569019,10.211233139038086
3.21504807472229,4.706104118277186,10.229762077331543
3.2062509059906006,4.815078710704776,10.27914047241211
3.2914884090423584,4.83105777187406,10.204032897949219
3.1579315662384033,4.766578246573253,10.242505073547363
3.219505786895752,4.809492471062446,10.243056297302246
3.1703782081604004,4.777312119358352,10.191727638244629
3.296226978302002,4.7891440065245,10.194814682006836
3.1696653366088867,4.684550915279293,10.184022903442383
3.2011568546295166,4.810285721839007,10.211275100708008
3.226903200149536,4.756274774570817,10.273900985717773
3.200471878051758,4.8079251662961076,10.156265258789062
3.1811907291412354,4.734991168403732,10.215299606323242
3.1976115703582764,4.8646683044332475,10.24261474609375
3.1700961589813232,4.756464190880901,10.189831733703613
3.1897335052490234,4.798918081680312,10.300981521606445
3.204054355621338,4.779670830483415,10.220685958862305
3.251304864883423,4.736794696255986,10.23890495300293
3.2445738315582275,4.7916838663098,10.244454383850098
3.1768956184387207,4.731521785259247,10.165170669555664
3.2065682411193848,4.758182775262477,10.25424575805664
3.248371124267578,4.798129414274757,10.169698715209961
3.194615602493286,4.779745327907481,10.231922149658203
3.2293384075164795,4.810660624078341,10.229788780212402
3.233586072921753,4.7912422871616265,10.196830749511719
3.2491090297698975,4.778739727567881,10.274062156677246
3.2396557331085205,4.832703895999917,10.19171142578125
3.1903696060180664,4.76488263569107,10.244124412536621
3.226541519165039,4.803720515221357,10.156305313110352
3.1952836513519287,4.788133244229747,10.221159934997559
3.206524133682251,4.797743329478959,10.23890209197998
3.2204651832580566,4.758070024428888,10.144408226013184
3.1902213096618652,4.811721740756184,10.221254348754883
3.177248001098633,4.736450771102681,10.254531860351562
3.255913496017456,4.81360338605009,10.20026969909668
3.2257754802703857,4.798845904679704,10.205236434936523
3.230257749557495,4.777789060591854,10.243653297424316
3.1811275482177734,4.724519765303869,10.261176109313965
3.211038112640381,4.805843822458493,10.195046424865723
3.2029519081115723,4.753220952747922,10.144208908081055
3.1437885761260986,4.708857518221651,10.22407054901123
3.2062997817993164,4.744123291590118,10.267951965332031
3.171048641204834,4.748709492618219,10.248336791992188
3.1927895545959473,4.7587058566111535,10.22999382019043
3.188685655593872,4.709487309612865,10.270380020141602
3.277531862258911,4.7518888191719135,10.212095260620117
3.2504026889801025,4.802249413116702,10.264619827270508
3.1884164810180664,4.760673869168386,10.228974342346191
3.171642541885376,4.708305240841582,10.218639373779297
3.150313377380371,4.746579615066626,10.153276443481445
3.177274465560913,4.764609421769689,10.232580184936523
3.197615623474121,4.769528549929549,10.149340629577637
3.21138334274292,4.8033113400119225,10.141916275024414
3.2708382606506348,4.768083755625412,10.207930564880371
3.1871163845062256,4.791306946925552,10.210140228271484
3.124614953994751,4.649905728342544,10.186066627502441
3.210423707962036,4.75023798474909,10.21518611907959
3.23649263381958,4.826584627652275,10.172540664672852
3.211221218109131,4.810057817991557,10.157404899597168
3.188849925994873,4.802176512578237,10.223480224609375
3.2709782123565674,4.824504206023579,10.205909729003906
3.1540632247924805,4.782374247210099,10.204048156738281
3.213487148284912,4.69831183509502,10.299051284790039
3.1324880123138428,4.7494122884236285,10.229907989501953
3.240341901779175,4.771678550268657,10.130908012390137
3.2220518589019775,4.777401555229777,10.280150413513184
3.146968364715576,4.72585606811169,10.203351974487305
3.179352283477783,4.7480452102276365,10.154191017150879
3.2203099727630615,4.781283339419003,10.289083480834961
3.176142692565918,4.708488772091056,10.195873260498047
3.1435940265655518,4.71703948330001,10.284703254699707
3.1871414184570312,4.792250463705776,10.288293838500977
3.1940948963165283,4.764461960144607,10.348228454589844
3.2307872772216797,4.7755873452739,10.172322273254395
3.198338508605957,4.799151744261119,10.228782653808594
3.22708797454834,4.7939440406127165,10.150946617126465
3.1495704650878906,4.724569264998926,10.262752532958984
3.135340929031372,4.715266456960568,10.24946403503418
3.2107653617858887,4.826060895309119,10.245031356811523
3.2118968963623047,4.733940244153408,10.207941055297852
3.217198371887207,4.7794351196914375,10.229217529296875
3.2270724773406982,4.780441194207274,10.292011260986328
3.118165969848633,4.7145665534439365,10.277307510375977
3.1942238807678223,4.757811684394254,10.268573760986328
3.2439188957214355,4.750875823831717,10.215633392333984
3.178297519683838,4.744776064230661,10.29334831237793
3.1951916217803955,4.82942871220543,10.204437255859375
3.2325234413146973,4.727283694082871,10.21064281463623
3.1850078105926514,4.776373308650883,10.200872421264648
3.2415785789489746,4.845864518545568,10.173993110656738
3.189352035522461,4.713968804704824,10.245866775512695
3.173827648162842,4.775164565470602,10.237298965454102
3.218428373336792,4.75167135618228,10.222992897033691
3.2289772033691406,4.754239550259497,10.239444732666016
3.1565003395080566,4.70682273359437,10.216161727905273
3.166588544845581,4.695573356933893,10.239028930664062
3.1837000846862793,4.746112730819732,10.237635612487793
3.202449321746826,4.744526497886649,10.137445449829102
3.1876280307769775,4.827868744764211,10.20743179321289
3.2083535194396973,4.741326609293798,10.218947410583496
3.209141969680786,4.784347996082423,10.315807342529297
3.261523962020874,4.78199014180739,10.23139762878418
3.2067527770996094,4.829742412116113,10.155211448669434
3.188103199005127,4.773915001856429,10.208234786987305
3.2055346965789795,4.775453548379509,10.171895980834961
3.186462640762329,4.761378430029644,10.233785629272461
3.1748974323272705,4.7707370524294666,10.17919921875
3.2096035480499268,4.793704615107605,10.203248977661133
3.1683266162872314,4.770068973136534,10.164985656738281
3.1950535774230957,4.77653410541825,10.189242362976074
3.251802444458008,4.774696154420131,10.317190170288086
3.223097324371338,4.801353439256283,10.185429573059082
3.1325507164001465,4.776545556761058,10.221009254455566
3.1952855587005615,4.779994214252968,10.231908798217773
3.18046498298645,4.698788575428938,10.179866790771484
3.163604259490967,4.779365988049125,10.194962501525879
3.2076613903045654,4.796302250553189,10.19103717803955
3.169886589050293,4.777822088849332,10.144415855407715
3.1977176666259766,4.710170262892332,10.252005577087402
3.214128017425537,4.770877582486719,10.190982818603516
3.2363860607147217,4.825750619971326,10.17819595336914
3.181447982788086,4.7537461963282635,10.180038452148438
3.167219877243042,4.750639338079574,10.223211288452148
3.1793978214263916,4.760019451413038,10.259113311767578
3.1911773681640625,4.838714135145502,10.220361709594727
3.175976514816284,4.743561639583536,10.225011825561523
3.19122314453125,4.759814409173227,10.246798515319824
3.1236889362335205,4.749117769567031,10.161127090454102
3.259188175201416,4.793337562786681,10.185564994812012
3.211148977279663,4.7480967504837155,10.180489540100098
3.2143096923828125,4.759324363532609,10.273180961608887
3.217033863067627,4.804644794968356,10.266879081726074
3.142840623855591,4.771037581875654,10.138864517211914
3.215820789337158,4.747157068291147,10.343647003173828
3.154822587966919,4.730381687670681,10.267175674438477
3.179649591445923,4.665421553388503,10.110742568969727
3.145127773284912,4.700165744105886,10.25883960723877
3.203218936920166,4.784117301260786,10.213091850280762
3.1894538402557373,4.762593899188297,10.306815147399902
3.1693947315216064,4.720124069601297,10.203702926635742
3.199796676635742,4.793360097234005,10.256239891052246
3.230031967163086,4.792324935651517,10.192123413085938
3.1935179233551025,4.753306282783992,10.183176040649414
3.1764492988586426,4.807116670334446,10.149174690246582
3.1509451866149902,4.732695901267497,10.217573165893555
3.217679500579834,4.789872977782839,10.294628143310547
3.2409796714782715,4.820242106781473,10.2406005859375
3.2109298706054688,4.804792140876608,10.24106216430664
3.2414700984954834,4.817548049946448,10.213033676147461
3.161588668823242,4.7443514851121495,10.176458358764648
3.208836555480957,4.7410831543883045,10.26845645904541
3.2567079067230225,4.844383624581886,10.201675415039062
3.21394944190979,4.730724965122395,10.247915267944336
3.222346782684326,4.807779798583526,10.245061874389648
3.174433469772339,4.797140872571617,10.221480369567871
3.3065311908721924,4.831942604854703,10.162128448486328
3.128955125808716,4.699211632167654,10.252220153808594
3.1941938400268555,4.793258719379081,10.263284683227539
3.195648670196533,4.765183038044987,10.259218215942383
3.146103858947754,4.771470218830344,10.233989715576172
3.137317657470703,4.77901845834484,10.232970237731934
3.118391513824463,4.761068398798151,10.182380676269531
3.185105562210083,4.771226260145861,10.212519645690918
3.1946966648101807,4.764149077502744,10.174026489257812
3.174626350402832,4.807522783787656,10.210845947265625
3.140573501586914,4.722792267932424,10.21909236907959
3.152845621109009,4.769167938103367,10.211602210998535
3.1632890701293945,4.7517049532117595,10.220601081848145
3.2659873962402344,4.819172289355524,10.19670295715332
3.2811496257781982,4.836489360579955,10.185701370239258
3.185652732849121,4.781927536208449,10.206099510192871
3.1849799156188965,4.733769328333437,10.233569145202637
3.2058839797973633,4.770449021698109,10.258784294128418
3.2050235271453857,4.831629060142275,10.305516242980957
3.2586910724639893,4.858145112837,10.193328857421875
3.153823137283325,4.764438670760552,10.232745170593262
3.2046778202056885,4.763271341798827,10.209564208984375
3.176713705062866,4.789939247770235,10.073123931884766
3.210749626159668,4.699141905410214,10.23126220703125
3.1427934169769287,4.647582481083061,10.205211639404297
3.229652166366577,4.795483472790304,10.280696868896484
3.218449354171753,4.754949752075065,10.26778507232666
3.2026443481445312,4.760524534287729,10.206742286682129
3.1628270149230957,4.742707443090954,10.285872459411621
3.2525501251220703,4.802243647631258,10.243936538696289
3.154664993286133,4.713336281012743,10.209148406982422
3.2803328037261963,4.763675502900567,10.302295684814453
3.2349629402160645,4.793265514441632,10.177600860595703
3.207413911819458,4.789452146605722,10.2046480178833
3.173649787902832,4.749771920365414,10.246072769165039
3.1622252464294434,4.764989383751526,10.257983207702637
3.1972925662994385,4.825458771416119,10.232227325439453
3.2030019760131836,4.808061917079613,10.22871208190918
3.245262622833252,4.764259660450209,10.1677827835083
3.12141489982605,4.691698484588414,10.242094993591309
3.239079236984253,4.74931523426702,10.245612144470215
3.189775228500366,4.8130428475061695,10.186019897460938
3.148947238922119,4.7615548473383695,10.231966972351074
3.1727566719055176,4.741547653385039,10.189104080200195
3.229327917098999,4.795522972741829,10.216205596923828
3.194080114364624,4.77222933084704,10.259443283081055
3.202937602996826,4.757781841592597,10.213393211364746
3.1628222465515137,4.686886185746906,10.203901290893555
3.247194766998291,4.822011801680284,10.191450119018555
3.1598470211029053,4.723728193336034,10.280040740966797
3.217341423034668,4.802531198798014,10.223451614379883
3.1700644493103027,4.741612137760967,10.229225158691406
3.14192271232605,4.725982719999073,10.196474075317383
3.1195356845855713,4.813215137126723,10.152076721191406
3.212141275405884,4.782821780037401,10.192975044250488
3.2089579105377197,4.7707643187604845,10.282794952392578
3.2065329551696777,4.788089083141781,10.224660873413086
3.217571973800659,4.753387988611523,10.145322799682617
3.175386428833008,4.823065842002896,10.21858024597168
3.225043773651123,4.83831370259369,10.214019775390625
3.194964647293091,4.791450546622011,10.321815490722656
3.205049753189087,4.730820969079755,10.21722412109375
3.189615249633789,4.811405257920602,10.25108528137207
3.2079482078552246,4.777250808630404,10.30880069732666
3.1854052543640137,4.790049591434322,10.192000389099121
3.1816389560699463,4.803999425078343,10.234081268310547
3.1617119312286377,4.7336283294217925,10.16530990600586
3.227459192276001,4.735263245579388,10.135013580322266
3.2092812061309814,4.752132191156436,10.159303665161133
3.2134430408477783,4.695747463465002,10.264013290405273
3.173241376876831,4.775542790768668,10.20777702331543
3.1844606399536133,4.795936466527303,10.23770523071289
3.199411153793335,4.677288094868085,10.21915054321289
3.1387999057769775,4.727336909355863,10.259554862976074
3.203469753265381,4.737542804496895,10.235855102539062
3.177950859069824,4.791058289785203,10.195852279663086
3.1415767669677734,4.722599090376336,10.221742630004883
3.1874873638153076,4.75458772397334,10.288228988647461
3.1793856620788574,4.706856732655849,10.181623458862305
3.2244701385498047,4.81634903792292,10.288688659667969
3.177741765975952,4.763729915355466,10.161584854125977
3.1686182022094727,4.740462760041868,10.200105667114258
3.2037792205810547,4.760123095707968,10.290102005004883
3.2585251331329346,4.724029100932446,10.232827186584473
3.1304657459259033,4.774375272814982,10.287263870239258
3.1950225830078125,4.749047747680119,10.225353240966797
3.1672070026397705,4.74054611437688,10.177870750427246
3.1591649055480957,4.74394827076633,10.208983421325684
3.0887510776519775,4.697141430507014,10.192708015441895
3.219364881515503,4.768974902208096,10.202617645263672
3.2348995208740234,4.79079040914907,10.14168930053711
3.1782045364379883,4.824487162953509,10.181081771850586
3.1801469326019287,4.740989431572546,10.230047225952148
3.1770997047424316,4.7544643221689125,10.167535781860352
3.1749377250671387,4.776975355543462,10.270586967468262
3.199409246444702,4.711306592915207,10.224119186401367
3.1959636211395264,4.733432764719639,10.281730651855469
3.187002420425415,4.779198811954952,10.279279708862305
3.198404550552368,4.793910876914326,10.280342102050781
3.180962085723877,4.7696294489183595,10.166132926940918
3.170687198638916,4.843548727953541,10.232072830200195
3.1876096725463867,4.7989357245886435,10.29953670501709
3.166072130203247,4.801556469240626,10.248920440673828
3.178971290588379,4.719218805831458,10.308895111083984
3.1385748386383057,4.794107403639438,10.234604835510254
3.1431500911712646,4.8131820557505955,10.168695449829102
3.083540678024292,4.711365012950929,10.233488082885742
3.167454481124878,4.828077324300206,10.241253852844238
3.2129926681518555,4.761110262479633,10.215028762817383
3.1878821849823,4.732663144390764,10.2576265335083
3.1768312454223633,4.808872957348026,10.25848388671875
3.168668031692505,4.714934014881562,10.24403190612793
3.1751201152801514,4.762729077267327,10.209693908691406
3.21846604347229,4.794891627172806,10.275503158569336
3.11629581451416,4.701360524565513,10.161015510559082
3.1804559230804443,4.764458836654999,10.258810043334961
3.215437412261963,4.793904958226319,10.25949764251709
3.243990421295166,4.794487708181674,10.205214500427246
3.266684055328369,4.837554220343009,10.216327667236328
3.1991984844207764,4.740064435705009,10.236867904663086
3.208289623260498,4.793803501608116,10.214537620544434
3.1282668113708496,4.70763752493076,10.23775863647461
3.1591875553131104,4.7662762649623405,10.310840606689453
3.244799852371216,4.8207089337852915,10.264107704162598
3.1767561435699463,4.786414050064715,10.159400939941406
3.1429197788238525,4.733943088678643,10.314689636230469
3.136444330215454,4.783833910378495,10.235190391540527
3.131444215774536,4.781005202992154,10.28785514831543
3.182170867919922,4.790363053192517,10.23141860961914
3.1884732246398926,4.715441670767697,10.261575698852539
3.1641104221343994,4.715825880711367,10.146172523498535
3.2580580711364746,4.895718653287207,10.30588436126709
3.2493252754211426,4.748780417588673,10.183234214782715
3.2205045223236084,4.807506045692467,10.256461143493652
3.2314698696136475,4.74755746608467,10.166311264038086
3.2028961181640625,4.797874225436577,10.250632286071777
3.1338253021240234,4.747269644734582,10.211360931396484
3.1525659561157227,4.7276854669409145,10.23044204711914
3.1717605590820312,4.8048206719436815,10.225064277648926
3.172811508178711,4.782209359009617,10.273411750793457
3.130949020385742,4.741863170572158,10.194133758544922
3.1882448196411133,4.7307385726765325,10.21346664428711
3.1829137802124023,4.722730053688532,10.180886268615723
3.1868104934692383,4.754525660437399,10.30569076538086
3.220653533935547,4.828817403043753,10.210124969482422
3.173476219177246,4.793610410798074,10.26364803314209
3.223024606704712,4.793710098069694,10.13711166381836
3.107983112335205,4.787623722804709,10.17642593383789
3.2037973403930664,4.722164056230603,10.249640464782715
3.1930084228515625,4.7625383761977504,10.231013298034668
3.181917428970337,4.828761772585234,10.21643352508545
3.2109501361846924,4.790046082044553,10.106247901916504
3.195699691772461,4.745330028734835,10.220926284790039
3.228848934173584,4.791232425253839,10.197396278381348
3.1771559715270996,4.7492414850275955,10.2526216506958
3.154391050338745,4.778401176877586,10.239660263061523
3.2241621017456055,4.714645953083943,10.335601806640625
3.165292978286743,4.772627942330603,10.213111877441406
3.1558289527893066,4.663698302082984,10.181296348571777
3.1935575008392334,4.768512769036793,10.256827354431152
3.1754050254821777,4.697323084376486,10.303592681884766
3.1828646659851074,4.723198308443118,10.25201416015625
3.2112364768981934,4.783907358301803,10.273101806640625
3.186995267868042,4.745403294185443,10.220235824584961
3.1873581409454346,4.836255574000202,10.208112716674805
3.1754813194274902,4.858683067939377,10.257161140441895
3.210951566696167,4.819782132582207,10.210758209228516
3.176884174346924,4.784824649237894,10.137454986572266
3.207817316055298,4.731768928900627,10.239432334899902
3.1873180866241455,4.7981312990388165,10.200176239013672
3.221287250518799,4.761863723264209,10.223762512207031
3.1688921451568604,4.761665316298603,10.220365524291992
3.230170249938965,4.782929202974109,10.195828437805176
3.228095531463623,4.743349797458254,10.246757507324219
3.1894142627716064,4.780105671412977,10.118531227111816
3.1796107292175293,4.745842881500721,10.254396438598633
3.179217576980591,4.769339496436129,10.223516464233398
3.150299549102783,4.866235459755575,10.205144882202148
3.2057368755340576,4.7798561581543515,10.170969009399414
3.230309247970581,4.839648413804492,10.236902236938477
3.226076126098633,4.809416107134894,10.206934928894043
3.1999692916870117,4.751955183156366,10.22149658203125
3.1023313999176025,4.665319394686127,10.224051475524902
3.2001662254333496,4.800732546020299,10.258927345275879
3.173313617706299,4.749159725482709,10.272950172424316
3.204585552215576,4.706997213752142,10.244060516357422
3.1832008361816406,4.830156537471339,10.272404670715332
3.172081470489502,4.7539180264409095,10.204641342163086
3.1740596294403076,4.7359723865187595,10.180932998657227
3.233961820602417,4.741088134669033,10.1693754196167
3.180173873901367,4.807346157895934,10.244269371032715
3.2009825706481934,4.738869018553357,10.264616966247559
3.164665460586548,4.756249565963766,10.292238235473633
3.157675266265869,4.788312800893826,10.180868148803711
3.1952290534973145,4.761662014128109,10.148677825927734
3.2062113285064697,4.818014162293236,10.196964263916016
3.169874668121338,4.763384646170639,10.250068664550781
3.13040828704834,4.693728008274255,10.289653778076172
3.171879768371582,4.670569943530218,10.167497634887695
3.198186159133911,4.782014287675597,10.21426773071289
3.1913132667541504,4.754577580939181,10.287581443786621
3.155231475830078,4.708758235509906,10.256050109863281
3.181004047393799,4.8020404284553875,10.159221649169922
3.176037311553955,4.758125034626572,10.22607421875
3.225580930709839,4.728833176594759,10.191143989562988
3.192142963409424,4.73950356597613,10.227417945861816
3.1326074600219727,4.763012690502884,10.265811920166016
3.1130192279815674,4.72085382060946,10.22036361694336
3.172487497329712,4.706008502049372,10.240760803222656
3.1723427772521973,4.767568382966731,10.218157768249512
3.2168467044830322,4.8339521899220665,10.146766662597656
3.201493263244629,4.738131054743592,10.22835922241211
3.166198492050171,4.726165901403874,10.14990234375
3.1648149490356445,4.773291622554617,10.232125282287598
3.158010721206665,4.659757681590106,10.198071479797363
3.200549364089966,4.819586938612962,10.257288932800293
3.197098970413208,4.838628304457026,10.279499053955078
3.1846799850463867,4.733800663512999,10.238504409790039
3.1903486251831055,4.748574340915574,10.262837409973145
3.151885986328125,4.825356639456004,10.179616928100586
3.2970998287200928,4.805364208096372,10.342527389526367
3.1934826374053955,4.838671857191782,10.195869445800781
3.1761014461517334,4.795004777710086,10.2364501953125
3.2111704349517822,4.777078724699095,10.221566200256348
3.165060043334961,4.7319269273097495,10.301529884338379
3.1486098766326904,4.712453587180271,10.225906372070312
3.1303608417510986,4.775526273031054,10.235925674438477
3.21126127243042,4.797360517317429,10.194446563720703
3.144195318222046,4.788016804128087,10.208277702331543
3.135232925415039,4.695425878345434,10.171510696411133
3.221954107284546,4.761025298652905,10.128798484802246
3.169619083404541,4.7479413087213675,10.153390884399414
3.2307522296905518,4.802824725463455,10.172538757324219
3.1811234951019287,4.743836538067886,10.203500747680664
3.2167623043060303,4.772027822510738,10.27078628540039
3.2069873809814453,4.746136365358585,10.253342628479004
3.141733407974243,4.761838377120771,10.163558959960938
3.195798873901367,4.821337715589575,10.208771705627441
3.1862683296203613,4.766339416283049,10.260702133178711
3.1931440830230713,4.797309523148995,10.11695671081543
3.1754136085510254,4.715940878693281,10.21838092803955
3.2656772136688232,4.777436604324196,10.172585487365723
3.207064151763916,4.824693847946556,10.165281295776367
3.1453187465667725,4.791118982048439,10.175419807434082
3.2266592979431152,4.834136735614655,10.24556827545166
3.2135610580444336,4.8323552744529605,10.226676940917969
3.1859617233276367,4.7373309874508,10.227659225463867
3.216001033782959,4.738217325215893,10.246986389160156
3.172346830368042,4.7694999087335805,10.190980911254883
3.1297755241394043,4.7257321214835555,10.23164176940918
3.1207399368286133,4.760827015320372,10.212925910949707
3.235654354095459,4.790499319189362,10.338099479675293
3.1570894718170166,4.712252144435687,10.220211029052734
3.160583257675171,4.699956371947858,10.15825366973877
3.18467116355896,4.7666996323969215,10.145134925842285
3.2041282653808594,4.798148543507393,10.198099136352539
3.183013677597046,4.753937988575282,10.226480484008789
3.226743459701538,4.766098662013454,10.278814315795898
3.1884074211120605,4.772613712120801,10.285741806030273
3.2079269886016846,4.755850739211643,10.185691833496094
3.192749261856079,4.7244634308320075,10.20522689819336
3.149665117263794,4.729227713275967,10.21484088897705
3.1797800064086914,4.728139769152871,10.208788871765137
3.1241421699523926,4.783564199161317,10.18407917022705
3.1737942695617676,4.744746477542711,10.171937942504883
3.186553478240967,4.782288390876991,10.193685531616211
3.1658284664154053,4.731324907159433,10.189535140991211
3.1894514560699463,4.780066376186109,10.204771041870117
3.2088513374328613,4.756043167917856,10.349803924560547
3.1717095375061035,4.841244934226519,10.251368522644043
3.150324821472168,4.714840205918465,10.24797248840332
3.2133402824401855,4.7559813971830796,10.183921813964844
3.139652729034424,4.796843006707994,10.137550354003906
3.155806541442871,4.752164613422273,10.312309265136719
3.132765769958496,4.779321020435808,10.190621376037598
3.1298177242279053,4.725663211795368,10.244834899902344
3.178663730621338,4.821757757204718,10.274120330810547
3.1468708515167236,4.758278679934198,10.221132278442383
3.17887020111084,4.745421046757006,10.273214340209961
3.1752398014068604,4.775149873790464,10.233685493469238
3.155726909637451,4.766693139980946,10.188289642333984
3.1836049556732178,4.796618190660541,10.194620132446289
3.155897617340088,4.744672132988593,10.226920127868652
3.1307640075683594,4.658816863549873,10.224288940429688
3.1665422916412354,4.685705663902419,10.298381805419922
3.1321663856506348,4.705361011837209,10.199668884277344
3.170032262802124,4.780089418170974,10.217748641967773
3.178311824798584,4.768712768963139,10.24368667602539
3.173501968383789,4.7835301691666245,10.153940200805664
3.126779556274414,4.7689502444450875,10.279605865478516
3.1819517612457275,4.828111705503294,10.336393356323242
3.1473894119262695,4.767178634414449,10.255609512329102
3.2346112728118896,4.815075316566175,10.18871021270752
3.1996567249298096,4.803991456715656,10.289682388305664
3.1368916034698486,4.7248937783629765,10.292102813720703
3.1466591358184814,4.784865762339906,10.181924819946289
3.1984987258911133,4.759981139263671,10.199165344238281
3.1180620193481445,4.7108146876895,10.273250579833984
3.1383121013641357,4.798516892063032,10.151907920837402
3.2506260871887207,4.819813632040417,10.235797882080078
3.276900053024292,4.796054189226457,10.203994750976562
3.1392478942871094,4.7563634431987465,10.235522270202637
3.121413230895996,4.740804744817849,10.238356590270996
3.170959711074829,4.741486466290163,10.223837852478027
3.1521310806274414,4.7205404217488,10.233154296875
3.219907760620117,4.789068613667041,10.156586647033691
3.157907485961914,4.777146222435736,10.212601661682129
3.176295518875122,4.824449666443147,10.235343933105469
3.231740951538086,4.802961278640266,10.223937034606934
3.144497871398926,4.7002269907388845,10.280153274536133
3.191715955734253,4.75523102812336,10.218157768249512
3.1653101444244385,4.77923401787744,10.212665557861328
3.1611390113830566,4.758554274049986,10.2385835647583
3.205517292022705,4.807873273833788,10.258563041687012
3.1795942783355713,4.753073396959475,10.240350723266602
3.1710622310638428,4.752408284394603,10.21542739868164
3.1211209297180176,4.751424205722287,10.156789779663086
3.2453858852386475,4.733365392245885,10.165950775146484
3.17741322517395,4.764903600826593,10.173131942749023
3.0936830043792725,4.73803195560218,10.194748878479004
3.1579248905181885,4.750687190730657,10.261163711547852
3.170239210128784,4.691984070198876,10.222249984741211
3.148327350616455,4.652306378220341,10.196690559387207
3.2516069412231445,4.790720267720255,10.230178833007812
3.1313509941101074,4.734894932414005,10.275354385375977
3.1382346153259277,4.7501184432102095,10.15861988067627
3.1441454887390137,4.772296058679266,10.238234519958496
3.0977225303649902,4.781732389670132,10.142011642456055
3.1237125396728516,4.6867377544154545,10.184202194213867
3.239001989364624,4.79541182664356,10.256943702697754
3.211984395980835,4.80187430991126,10.237030029296875
3.1577985286712646,4.743954888811069,10.20376968383789
3.22546124458313,4.76299029798247,10.232105255126953
3.147035598754883,4.714968732458406,10.249433517456055
3.1543259620666504,4.698201467349593,10.222498893737793
3.2072107791900635,4.741954059373321,10.18641185760498
3.174268960952759,4.744543361277985,10.228050231933594
3.14184308052063,4.756435512066154,10.175821304321289
3.1655049324035645,4.722199221607298,10.206216812133789
3.1826982498168945,4.74344920945753,10.177678108215332
3.186866283416748,4.804680229696844,10.163174629211426
3.222707748413086,4.807247136021033,10.250667572021484
3.1814074516296387,4.801235565782657,10.181694030761719
3.121811628341675,4.7423155774428905,10.265666961669922
3.133096933364868,4.780322854340609,10.153883934020996
3.109952926635742,4.758167540255402,10.197876930236816
3.072476625442505,4.697912548435852,10.211172103881836
3.1305267810821533,4.701130903691852,10.215132713317871
3.197909355163574,4.8537007701649735,10.25003719329834
3.162419319152832,4.772791900572234,10.182302474975586
3.1570885181427,4.739535858056375,10.220392227172852
3.2556705474853516,4.850655851220446,10.226861000061035
3.189547061920166,4.787459925848193,10.261500358581543
3.220663070678711,4.792530936188996,10.229263305664062
3.20383358001709,4.768562200346164,10.214988708496094
3.1922154426574707,4.80953376580562,10.211655616760254
3.1684134006500244,4.775975518527308,10.185220718383789
3.150974988937378,4.805020742184881,10.3001708984375
3.1887567043304443,4.846671894425527,10.274574279785156
3.153761863708496,4.74742360073807,10.253061294555664
3.156581401824951,4.749659761154492,10.240974426269531
3.1772642135620117,4.787791174537103,10.182352066040039
3.164653778076172,4.69754078688233,10.206398963928223
3.2259387969970703,4.770993635956463,10.296104431152344
3.1502485275268555,4.711731852464643,10.163909912109375
3.154489517211914,4.75305620195078,10.21838665008545
3.14247727394104,4.717754350941894,10.245231628417969
3.1642253398895264,4.767661082225718,10.235292434692383
3.1878912448883057,4.7732567600905895,10.241150856018066
3.1364593505859375,4.746873951816399,10.214258193969727
3.0652968883514404,4.708365621311324,10.227520942687988
3.1829068660736084,4.759607926243915,10.151666641235352
3.115138530731201,4.7419990262548835,10.092790603637695
3.1702702045440674,4.733145190868527,10.241279602050781
3.1402018070220947,4.684941252992887,10.242374420166016
3.0920569896698,4.677257743630825,10.212923049926758
3.1840929985046387,4.704004713533712,10.205870628356934
3.1883745193481445,4.767171788960695,10.1778564453125
3.180572509765625,4.7538735335027535,10.149173736572266
3.1802256107330322,4.816551649643641,10.239418029785156
3.1921474933624268,4.807817369799262,10.26071548461914
3.208855152130127,4.795108600020675,10.187898635864258
3.2033133506774902,4.740336586056011,10.230936050415039
3.2010040283203125,4.73617967377816,10.288408279418945
3.115891456604004,4.674598324910871,10.248926162719727
3.230438232421875,4.7956675885112166,10.224552154541016
3.1138198375701904,4.641678152339799,10.228349685668945
3.193781614303589,4.78131178021431,10.25045394897461
3.1587562561035156,4.726177054856505,10.221632957458496
3.174647808074951,4.758499565168417,10.228320121765137
3.19987154006958,4.74131966841274,10.188156127929688
3.167797803878784,4.808742195966521,10.195207595825195
3.2068941593170166,4.751543949757303,10.198379516601562
3.1753718852996826,4.832054630321051,10.219927787780762
3.146252155303955,4.717048573540524,10.214807510375977
3.1511223316192627,4.811946624291263,10.19037914276123
3.158968448638916,4.707963105390912,10.128127098083496
3.174414873123169,4.7246372553054234,10.155393600463867
3.213165044784546,4.797813797768738,10.217921257019043
3.1409947872161865,4.812120290306796,10.156733512878418
3.2043228149414062,4.740582715287538,10.223443984985352
3.210345983505249,4.8390324111429175,10.127039909362793
3.197455644607544,4.782020028580779,10.231109619140625
3.2025086879730225,4.87379071938007,10.182815551757812
3.1813130378723145,4.7988356015245826,10.155080795288086
3.1903867721557617,4.805451472389644,10.189980506896973
3.1174323558807373,4.71880002236659,10.204094886779785
3.1960067749023438,4.7662124683348726,10.203071594238281
3.156611204147339,4.726201634721033,10.214877128601074
3.1609373092651367,4.7457083941969485,10.223675727844238
3.1397039890289307,4.782982474425808,10.222869873046875
3.1455228328704834,4.746504421312627,10.145973205566406
3.1954617500305176,4.75474541018983,10.170670509338379
3.2127809524536133,4.765194399415382,10.226930618286133
3.134117364883423,4.807532402919605,10.192169189453125
3.146848201751709,4.69605238695762,10.287026405334473
3.1466453075408936,4.760838057646262,10.229462623596191
3.150881767272949,4.692879540113998,10.23961067199707
3.199713945388794,4.80309095303528,10.216866493225098
3.175377130508423,4.794019690814562,10.211020469665527
3.2206079959869385,4.793656267924234,10.198453903198242
3.201106071472168,4.726550104661978,10.200165748596191
3.1904871463775635,4.749113907405574,10.299664497375488
3.155925989151001,4.803146549201172,10.285279273986816
3.160951852798462,4.783467937593482,10.26297664642334
3.195786714553833,4.813226867633473,10.211483001708984
3.179131269454956,4.769038509145112,10.20724105834961
3.15175724029541,4.795949443675844,10.156410217285156
3.183168649673462,4.782267862797847,10.159797668457031
3.1302361488342285,4.709312129300087,10.200090408325195
3.1757867336273193,4.781714575298662,10.225299835205078
3.1222965717315674,4.733300849562511,10.281911849975586
3.139127254486084,4.768186180719307,10.258739471435547
3.188127040863037,4.765472643908912,10.202848434448242
3.187654972076416,4.834562560942556,10.214317321777344
3.1788864135742188,4.750854342676965,10.213580131530762
3.175436496734619,4.758646916598081,10.26079273223877
3.155783176422119,4.764640552623729,10.216227531433105
3.19978666305542,4.716578003950416,10.176708221435547
3.1361420154571533,4.740719802677632,10.179563522338867
3.221083402633667,4.866508445004001,10.238958358764648
3.1966772079467773,4.7665369147767445,10.29443073272705
3.112987756729126,4.706200004854638,10.116778373718262
3.1697134971618652,4.805337323108688,10.197051048278809
3.124389886856079,4.743213639794184,10.168207168579102
3.1842923164367676,4.741824544567082,10.233063697814941
3.1455531120300293,4.791257755132392,10.206767082214355
3.171095132827759,4.739307963888028,10.259170532226562
3.1563682556152344,4.788415339841907,10.24405288696289
3.1749649047851562,4.750536150165967,10.256979942321777
3.111795663833618,4.736940455489925,10.229022026062012
3.187045097351074,4.752333733352965,10.16336727142334
3.2183942794799805,4.714449295674318,10.32193374633789
3.2103874683380127,4.772150093057593,10.202062606811523
3.180467367172241,4.694396963775425,10.182226181030273
3.1632447242736816,4.744911488245374,10.206647872924805
3.217400074005127,4.812971480224015,10.258777618408203
3.24162220954895,4.768895437308986,10.191865921020508
3.148113250732422,4.80699120269024,10.24190902709961
3.156438112258911,4.77123546909674,10.165167808532715
3.173288345336914,4.812235911077422,10.175636291503906
3.1751863956451416,4.810039615325097,10.228706359863281
3.107879400253296,4.752215818768101,10.135749816894531
3.115140438079834,4.710328826181856,10.208251953125
3.1086933612823486,4.787684045732021,10.236734390258789
3.117746114730835,4.695126968968127,10.185966491699219
3.132267475128174,4.724779154872522,10.25475025177002
3.1574337482452393,4.757426865166053,10.218067169189453
3.105163812637329,4.730174954381905,10.232954978942871
3.2120234966278076,4.707070559994983,10.2118501663208
3.2241039276123047,4.743981188063377,10.180085182189941
3.182363510131836,4.777839251594352,10.262920379638672
3.1467247009277344,4.793720662627103,10.19247817993164
3.141690969467163,4.771020717952135,10.263304710388184
3.126573085784912,4.711055187009541,10.217391967773438
3.122654914855957,4.749058474387441,10.207067489624023
3.1304986476898193,4.750495283199208,10.234753608703613
3.1180453300476074,4.738591169605829,10.241591453552246
3.1918094158172607,4.748210252362436,10.241116523742676
3.1946566104888916,4.719188299528988,10.249613761901855
3.1234688758850098,4.797016618607034,10.228791236877441
3.1593821048736572,4.762870659652565,10.24177360534668
3.1327452659606934,4.7286910372121,10.179825782775879
3.1544101238250732,4.747340781481138,10.250147819519043
3.132143497467041,4.708380134210789,10.251769065856934
3.135223150253296,4.712809459605653,10.232172012329102
3.1423046588897705,4.68410729497139,10.226202011108398
3.1817431449890137,4.7693558445732505,10.180152893066406
3.1067302227020264,4.770490637747571,10.166457176208496
3.121398687362671,4.711809136306069,10.220108985900879
3.1554269790649414,4.705855373891869,10.206099510192871
3.1560659408569336,4.8054277851978044,10.184369087219238
3.1049115657806396,4.771523519718487,10.27739143371582
3.149259328842163,4.725174728847508,10.274731636047363
3.172304391860962,4.7423812357509245,10.165865898132324
3.1192123889923096,4.753869497416807,10.20991039276123
3.201148748397827,4.794482144726706,10.203378677368164
3.176412582397461,4.8115851863486965,10.212510108947754
3.112433433532715,4.7293803612701595,10.2081880569458
3.206355571746826,4.8234308007439335,10.22187614440918
3.2260234355926514,4.810537314840726,10.252164840698242
3.151677370071411,4.720289044747395,10.206926345825195
3.1154181957244873,4.795250040412482,10.128406524658203
3.1427228450775146,4.784755076314988,10.284289360046387
3.1742758750915527,4.783059917190777,10.274697303771973
3.161834955215454,4.790985902338954,10.123777389526367
3.096057891845703,4.716065401643781,10.333749771118164
3.1764936447143555,4.7988506403552105,10.173003196716309
3.1325178146362305,4.749657674093863,10.305023193359375
3.1722540855407715,4.756009319564328,10.23672866821289
3.149703025817871,4.794829551962072,10.212632179260254
3.1583268642425537,4.767367874272168,10.274659156799316
3.125814199447632,4.76482785330154,10.284454345703125
3.1788251399993896,4.764063803512338,10.175704956054688
3.215641736984253,4.786309901425349,10.1763916015625
3.196089267730713,4.790192309999838,10.145947456359863
3.2099385261535645,4.783064898036952,10.366286277770996
3.2308156490325928,4.758295523401882,10.247313499450684
3.153419256210327,4.775861260447917,10.188279151916504
3.183302640914917,4.793915574971054,10.316080093383789
3.2329812049865723,4.756985223719052,10.229231834411621
3.123614549636841,4.75539449878436,10.237951278686523
3.1603074073791504,4.725029727144698,10.229939460754395
3.1599831581115723,4.747975095940222,10.244670867919922
3.063270330429077,4.689007737241419,10.226544380187988
3.161489486694336,4.744908793696336,10.241827011108398
3.135868549346924,4.724063401942008,10.203670501708984
3.167797565460205,4.822240009870646,10.29501724243164
3.135660171508789,4.734884324483573,10.21706771850586
3.11743426322937,4.714573855378798,10.173929214477539
3.1264796257019043,4.7343685225517085,10.23112678527832
3.1334004402160645,4.713471620742763,10.237112998962402
3.1540238857269287,4.731923044526151,10.197145462036133
3.140700340270996,4.763140899129212,10.274775505065918
3.10986065864563,4.767601494178442,10.283515930175781
3.181273937225342,4.789584782806092,10.277374267578125
3.1938817501068115,4.745646101322824,10.29983901977539
3.1196086406707764,4.68063084674733,10.202569961547852
3.2010650634765625,4.755339925809364,10.18234920501709
3.1674890518188477,4.739429889712483,10.247870445251465
3.202463388442993,4.78052319300228,10.227188110351562
3.0926458835601807,4.750091669848188,10.247492790222168
3.1564812660217285,4.797104414286358,10.271037101745605
3.1640520095825195,4.759353057048949,10.31247329711914
3.1951913833618164,4.714519400315892,10.268543243408203
3.106623649597168,4.686722593980709,10.175336837768555
3.157839059829712,4.739772054732644,10.202215194702148
3.2129018306732178,4.794225504122941,10.187110900878906
3.145263671875,4.734399321987959,10.1973237991333
3.2329087257385254,4.856149345037661,10.145318984985352
3.09840989112854,4.662765825865789,10.231485366821289
3.154874324798584,4.7513498837527415,10.226690292358398
3.1639797687530518,4.7779028292612296,10.245994567871094
3.109586238861084,4.750065441908581,10.275641441345215
3.1740424633026123,4.7207942474633455,10.233346939086914
3.220428943634033,4.779203409062965,10.25162124633789
3.190260648727417,4.775545455914522,10.255636215209961
3.1551294326782227,4.762186793144792,10.188457489013672
3.1663599014282227,4.725212680242424,10.34044075012207
3.155871868133545,4.844535707961768,10.223260879516602
3.1834909915924072,4.731641388664554,10.188520431518555
3.1674861907958984,4.797278944402933,10.250508308410645
3.214348316192627,4.806576155425448,10.217662811279297
3.16591739654541,4.776478516004448,10.230016708374023
3.165116786956787,4.700784506076681,10.201452255249023
3.1193041801452637,4.769040729817268,10.22436237335205
3.124394416809082,4.782784196315332,10.1976318359375
3.191983699798584,4.78886889975651,10.159679412841797
3.210817813873291,4.729381294355594,10.210725784301758
3.1552062034606934,4.750634779056002,10.234869956970215
3.1318235397338867,4.703033360752411,10.229095458984375
3.1655704975128174,4.692842777884965,10.198068618774414
3.153329372406006,4.704253392693187,10.206709861755371
3.1213464736938477,4.778858461051381,10.197433471679688
3.1648519039154053,4.793451967283286,10.252397537231445
3.1373958587646484,4.694590540203665,10.322270393371582
3.1217238903045654,4.744185547643741,10.208812713623047
3.170844078063965,4.743605564082308,10.195295333862305
3.183025360107422,4.751137401176883,10.236530303955078
3.14308762550354,4.665409875102341,10.297189712524414
3.1501500606536865,4.752211588567921,10.209155082702637
3.127851963043213,4.745987336750009,10.17392349243164
3.2031302452087402,4.798711549523951,10.29128360748291
3.148448944091797,4.760522981274074,10.22746753692627
3.13309907913208,4.7629196028158605,10.133695602416992
3.202458381652832,4.767490656747085,10.189369201660156
3.215541124343872,4.766375781502575,10.249648094177246
3.1456539630889893,4.695290064040039,10.32422161102295
3.1739492416381836,4.7663222023818115,10.189170837402344
3.112891674041748,4.7471642378451575,10.24794864654541
3.1681931018829346,4.769866164341304,10.331863403320312
3.166520833969116,4.780082291025402,10.23997974395752
3.0947861671447754,4.731137098777773,10.179153442382812
3.0669174194335938,4.707097266667656,10.190947532653809
3.1567318439483643,4.760587847858136,10.299738883972168
3.128443717956543,4.700149647558906,10.278463363647461
3.1475040912628174,4.733398289951895,10.24825382232666
3.135997772216797,4.7112070422486525,10.197834968566895
3.1205196380615234,4.6557517067329695,10.18916130065918
3.1717748641967773,4.7805232056749185,10.241677284240723
3.066246509552002,4.69254719771977,10.282624244689941
3.126237392425537,4.731672345760411,10.224735260009766
3.1199748516082764,4.719341439560854,10.238648414611816
3.2150003910064697,4.801673788710364,10.246063232421875
3.112962484359741,4.753906075210709,10.288516998291016
3.1808719635009766,4.766730019124225,10.269877433776855
3.1453943252563477,4.7821897074048,10.208130836486816
3.173891067504883,4.725308586710265,10.192500114440918
3.171290636062622,4.7732958034279624,10.202546119689941
3.116598606109619,4.74689482874237,10.229888916015625
3.1680688858032227,4.694000631204939,10.19759464263916
3.193800687789917,4.700953743586848,10.218420028686523
3.143463611602783,4.74107823327982,10.196876525878906
3.1744630336761475,4.802792811267344,10.196197509765625
3.190187692642212,4.7544248220843395,10.21891975402832
3.134490489959717,4.767277446741771,10.174144744873047
3.161888599395752,4.758953151991592,10.26781940460205
3.143216371536255,4.7541450181244205,10.203485488891602
3.172991991043091,4.769215266985287,10.172809600830078
3.138478994369507,4.73354374155003,10.253681182861328
3.1594789028167725,4.689551748468408,10.18103313446045
3.117403984069824,4.650910183554515,10.167741775512695
3.131708860397339,4.7034492203300555,10.167754173278809
3.14296293258667,4.660217398411727,10.248703002929688
3.159635066986084,4.768284475663677,10.250290870666504
3.0707414150238037,4.722683507283883,10.226480484008789
3.203364372253418,4.773698229974668,10.17969036102295
3.0894827842712402,4.701869401016405,10.18578815460205
3.1138994693756104,4.717769197421149,10.248859405517578
3.2014482021331787,4.78038801864854,10.256813049316406
3.2205891609191895,4.785473801894114,10.246685028076172
3.1046345233917236,4.713442741793447,10.214741706848145
3.1254160404205322,4.719491957021611,10.303203582763672
3.1416397094726562,4.748524634200813,10.1967191696167
3.1865804195404053,4.7704894997379075,10.112775802612305
3.156421184539795,4.735305877369164,10.166925430297852
3.1659090518951416,4.827025790033596,10.21805191040039
3.096331834793091,4.728367816856397,10.26356029510498
3.108259916305542,4.72118637171973,10.228633880615234
3.0858500003814697,4.7435467314041615,10.267950057983398
3.1549267768859863,4.7604184111447205,10.133371353149414
3.2013168334960938,4.763961681297847,10.235612869262695
3.1267030239105225,4.756730988122789,10.219820022583008
3.1283063888549805,4.7153548807504455,10.242356300354004
3.1384899616241455,4.683347877148273,10.296348571777344
3.1534087657928467,4.717641298393054,10.197097778320312
3.135601043701172,4.762435752199963,10.177726745605469
3.1895177364349365,4.7841538737661065,10.214081764221191
3.196744441986084,4.812506510177627,10.19739818572998
3.136416435241699,4.7893993654620965,10.223311424255371
3.1348369121551514,4.787156200003145,10.162052154541016
3.2154252529144287,4.832460612790392,10.22906494140625
3.112887382507324,4.702039847350013,10.219664573669434
3.1666412353515625,4.781090449774637,10.155304908752441
3.1141810417175293,4.722306121639642,10.186847686767578
3.17250657081604,4.767798570882795,10.276543617248535
3.1797165870666504,4.819378749966355,10.219289779663086
3.073072910308838,4.685671132091167,10.271170616149902
3.0993590354919434,4.719212627171406,10.249905586242676
3.1991987228393555,4.735187492665968,10.166963577270508
3.158114433288574,4.7914003480026235,10.257862091064453
3.1573715209960938,4.822593475858281,10.243083953857422
3.1058239936828613,4.752200521861336,10.237751960754395
3.096923351287842,4.715302298244621,10.227277755737305
3.1354384422302246,4.657989345557454,10.107850074768066
3.1613903045654297,4.764463663034673,10.215892791748047
3.1505391597747803,4.729941145683239,10.23912239074707
3.1150710582733154,4.726587046968884,10.183050155639648
3.1467418670654297,4.793496698906113,10.270120620727539
3.1544721126556396,4.740994771676405,10.162700653076172
3.175562858581543,4.690339256377358,10.30153751373291
3.109588623046875,4.716599598892831,10.190299987792969
3.1300570964813232,4.707081767231492,10.158615112304688
3.180800437927246,4.738801997554089,10.179500579833984
3.1491074562072754,4.671584149157362,10.284826278686523
3.1394944190979004,4.784015703979613,10.145468711853027
3.1597397327423096,4.772302966132494,10.265944480895996
3.116243839263916,4.811749642781382,10.185434341430664
3.178882122039795,4.733865308275978,10.244415283203125
3.200871706008911,4.7991462183584055,10.27027702331543
3.210127592086792,4.800949837313965,10.180908203125
3.1580934524536133,4.718774509715981,10.136337280273438
3.1199870109558105,4.73369797867989,10.210184097290039
3.1541199684143066,4.810034276219085,10.180000305175781
3.1842079162597656,4.789765835639888,10.245588302612305
3.115312099456787,4.72625952200698,10.287494659423828
3.183845281600952,4.764751999572452,10.200961112976074
3.1094560623168945,4.709064729411953,10.23263168334961
3.117233991622925,4.727730934508145,10.27955436706543
3.1737592220306396,4.798188792707931,10.217388153076172
3.1699929237365723,4.728794762332524,10.228893280029297
3.1269843578338623,4.688657781840968,10.143957138061523
3.13161039352417,4.754136414267123,10.208442687988281
3.103746175765991,4.69728113335025,10.193048477172852
3.0984795093536377,4.773943896538445,10.275141716003418
3.147420644760132,4.761747501457908,10.225126266479492
3.153095006942749,4.713555949640327,10.208663940429688
3.1614203453063965,4.702029491974307,10.248872756958008
3.1390366554260254,4.779656068621469,10.219691276550293
3.1356565952301025,4.757808909319075,10.204206466674805
3.1069090366363525,4.748782919686553,10.245267868041992
3.1058943271636963,4.76800673262083,10.23230266571045
3.1365461349487305,4.7174800586820185,10.314356803894043
3.129878044128418,4.71114549383388,10.139488220214844
3.1146080493927,4.691706370761884,10.287921905517578
3.178926467895508,4.776818041456863,10.224386215209961
3.0943524837493896,4.772282317214247,10.238911628723145
3.193775177001953,4.753354504870783,10.186325073242188
3.1423087120056152,4.701602219737001,10.209885597229004
3.123464345932007,4.750394302819457,10.218548774719238
3.11509108543396,4.7852128827611775,10.116275787353516
3.111145257949829,4.754750601282076,10.159452438354492
3.116140842437744,4.728891349264553,10.210248947143555
3.179594039916992,4.812846514862031,10.288116455078125
3.1429548263549805,4.67831501301511,10.147100448608398
3.1160333156585693,4.731064765980201,10.26805305480957
3.118422508239746,4.712090935225465,10.229875564575195
3.1447834968566895,4.769107436362121,10.286266326904297
3.092700958251953,4.7384394119892805,10.316291809082031
3.116220235824585,4.759519507809143,10.244088172912598
3.0888137817382812,4.69303552470436,10.239313125610352
3.0572192668914795,4.683873970360895,10.224767684936523
3.1139678955078125,4.731585930301142,10.186670303344727
3.112941265106201,4.713414049274953,10.240407943725586
3.1582279205322266,4.721751386898437,10.19289493560791
3.129291534423828,4.712919553342675,10.166090965270996
3.130401611328125,4.656258153130434,10.190719604492188
3.141221761703491,4.728415594469491,10.199077606201172
3.1670279502868652,4.783332906929511,10.266216278076172
3.0838141441345215,4.678716695468341,10.223204612731934
3.1226232051849365,4.729986788538684,10.27087688446045
3.152740478515625,4.7387522456701845,10.205970764160156
3.172532796859741,4.763883619901857,10.285178184509277
3.134145498275757,4.714223742352001,10.269085884094238
3.16792631149292,4.819022197941584,10.246856689453125
3.162998914718628,4.652199056598224,10.250913619995117
3.138063907623291,4.771890193124168,10.23083209991455
3.1529862880706787,4.72828114199053,10.241728782653809
3.148331642150879,4.795612973892795,10.196720123291016
3.128406524658203,4.729471163757678,10.23818588256836
3.1076560020446777,4.721858160836356,10.236483573913574
3.0805342197418213,4.746127473822396,10.112916946411133
3.1099019050598145,4.724517102053921,10.228944778442383
3.1591436862945557,4.734627167295132,10.287385940551758
3.1432368755340576,4.729956378960716,10.151399612426758
3.1383934020996094,4.720958397657212,10.233698844909668
3.1406636238098145,4.6957461912118434,10.29302978515625
3.146186590194702,4.7199228527689625,10.160469055175781
3.170487880706787,4.7347666168851505,10.287958145141602
3.1822681427001953,4.772727093692603,10.199649810791016
3.099705696105957,4.763683266106193,10.206624984741211
3.132396936416626,4.721445935678536,10.227241516113281
3.119502544403076,4.788078757834488,10.279886245727539
3.1638731956481934,4.788691789942926,10.2579345703125
3.108203411102295,4.731611535917701,10.279447555541992
3.1936285495758057,4.7626135149704565,10.255949020385742
3.144414186477661,4.762098880817315,10.120023727416992
3.1452417373657227,4.705486404609734,10.262619972229004
3.1339259147644043,4.711580126346753,10.197433471679688
3.1882662773132324,4.863101114452417,10.246988296508789
3.226606845855713,4.758146579410615,10.210799217224121
3.1584177017211914,4.7674670570663045,10.200274467468262
3.1637871265411377,4.769953405750649,10.189079284667969
3.102729320526123,4.742735725029239,10.152856826782227
3.0980682373046875,4.760438236973382,10.222494125366211
3.1653079986572266,4.712780998021897,10.266969680786133
3.1130199432373047,4.7571062426348885,10.199124336242676
3.1591224670410156,4.774642059646014,10.213197708129883
3.1072838306427,4.770385979940849,10.261859893798828
3.1770997047424316,4.80008688156626,10.263284683227539
3.093141794204712,4.760752842063085,10.266227722167969
3.069031238555908,4.688538457433294,10.211785316467285
3.1496732234954834,4.701057057461835,10.204734802246094
3.1428918838500977,4.728166031950553,10.195990562438965
3.127255916595459,4.699642631591165,10.236031532287598
3.127523422241211,4.772430319704913,10.286239624023438
3.154291868209839,4.766764057633867,10.279911041259766
3.130589485168457,4.724724112544209,10.229572296142578
3.138341188430786,4.7564911959759355,10.23084831237793
3.103372812271118,4.779348825403888,10.198576927185059
3.171266555786133,4.732283134878214,10.184118270874023
3.1129701137542725,4.6561714304345,10.246292114257812
3.1607131958007812,4.769741085224918,10.234691619873047
3.107208013534546,4.772268487373367,10.2040376663208
3.0994277000427246,4.794406016556813,10.226995468139648
3.1859848499298096,4.736209593214361,10.176614761352539
3.1907577514648438,4.708333062839562,10.171953201293945
3.127180576324463,4.694547422729166,10.175167083740234
3.127030849456787,4.71811543734345,10.233187675476074
3.1896016597747803,4.7138203932305,10.18587875366211
3.1810622215270996,4.733042776983764,10.216609954833984
3.1425299644470215,4.782689422535311,10.222626686096191
3.1175670623779297,4.72328487271443,10.17806625366211
3.099680185317993,4.684035303969202,10.237693786621094
3.0938966274261475,4.700962075331647,10.221147537231445
3.1137804985046387,4.698085854029548,10.2218656539917
3.195054292678833,4.769444590500955,10.235328674316406
3.160870313644409,4.711938011193913,10.229682922363281
3.1289010047912598,4.782213816485767,10.271690368652344
3.0762898921966553,4.670366412294762,10.129755020141602
3.1335971355438232,4.776091153301032,10.222148895263672
3.088322639465332,4.705280135651784,10.17243766784668
3.171590805053711,4.758809496116426,10.215432167053223
3.166900873184204,4.695716867123597,10.180169105529785
3.1769423484802246,4.748414949547233,10.272367477416992
3.140854597091675,4.672558812790417,10.196434020996094
3.109388589859009,4.693620444940669,10.172367095947266
3.1376359462738037,4.682642286876216,10.178898811340332
3.1312410831451416,4.761843463705321,10.235084533691406
3.1087727546691895,4.7208243710920215,10.2083740234375
3.1333539485931396,4.771129336740288,10.199606895446777
3.1386051177978516,4.687951088616891,10.194990158081055
3.076925754547119,4.729852674861571,10.226430892944336
3.1315126419067383,4.782113629160448,10.231042861938477
3.112675666809082,4.721404069203086,10.247991561889648
3.1449692249298096,4.784901311521285,10.193324089050293
3.1289281845092773,4.751406946884734,10.302583694458008
3.176419973373413,4.797297102332648,10.228209495544434
3.175703763961792,4.757335116288492,10.232095718383789
3.172177791595459,4.720923839070436,10.247623443603516
3.1128597259521484,4.727674065423863,10.247588157653809
3.1198112964630127,4.747568463041846,10.263543128967285
3.2179174423217773,4.801231583081453,10.168891906738281
3.0937130451202393,4.764411057212524,10.146317481994629
3.1211936473846436,4.728612999498313,10.2981538772583
3.08662748336792,4.647144312837294,10.173311233520508
3.0958423614501953,4.663598366148237,10.199585914611816
3.1379501819610596,4.758058265550061,10.213215827941895
3.140260934829712,4.821424377350403,10.18242073059082
3.1277341842651367,4.806361043093991,10.223210334777832
3.1581153869628906,4.705520202372489,10.241975784301758
3.121443271636963,4.729741664503568,10.290745735168457
3.1692092418670654,4.758749800634437,10.164735794067383
3.1434824466705322,4.762187253916636,10.228385925292969
3.1448476314544678,4.727955839064504,10.19827651977539
3.1355037689208984,4.746462122104796,10.2657470703125
3.140009641647339,4.7499077884546885,10.266688346862793
3.12935471534729,4.733598735116955,10.195786476135254
3.0810813903808594,4.651781862269023,10.263286590576172
3.1752045154571533,4.756606013015179,10.170206069946289
3.145843982696533,4.808282836041014,10.177872657775879
3.2107415199279785,4.770539869920218,10.235858917236328
3.129176378250122,4.742229936677696,10.274101257324219
3.1495978832244873,4.76521667781552,10.068380355834961
3.18388295173645,4.77379897476307,10.180500984191895
3.1710598468780518,4.749286236174937,10.200304985046387
3.1339402198791504,4.713852513681299,10.22734260559082
3.1321332454681396,4.747308479488961,10.262101173400879
3.120543956756592,4.6848310966576845,10.19705867767334
3.099039316177368,4.677106708254931,10.209336280822754
3.1700479984283447,4.768844348212172,10.205034255981445
3.0699479579925537,4.647954400163144,10.27027702331543
3.120201587677002,4.809208011853376,10.25189208984375
3.1244940757751465,4.74323941487819,10.194578170776367
3.201103448867798,4.808875261872475,10.219049453735352
3.134420871734619,4.6686744597807,10.231821060180664
3.110443353652954,4.724747162312268,10.162376403808594
3.1178407669067383,4.709925268178007,10.234661102294922
3.127114772796631,4.8174013606871355,10.296958923339844
3.115035057067871,4.797792978584766,10.194929122924805
3.106326103210449,4.755828348653657,10.166988372802734
3.0691938400268555,4.6962716941322595,10.222652435302734
3.090576171875,4.735761471691409,10.20333194732666
3.1304616928100586,4.79205900969516,10.261749267578125
3.1630382537841797,4.783701202466285,10.192351341247559
3.1048080921173096,4.771755661316481,10.249878883361816
3.1237564086914062,4.697271758357861,10.167753219604492
3.1163787841796875,4.763881970529578,10.163599014282227
3.1890318393707275,4.7612820986126145,10.235570907592773
3.1431775093078613,4.775387914352386,10.19370174407959
3.1363539695739746,4.738002658089889,10.247455596923828
3.09387469291687,4.754965465416068,10.196451187133789
3.176682472229004,4.7305952315883975,10.262347221374512
3.131291389465332,4.770085318845564,10.184904098510742
3.121716022491455,4.7337142117654105,10.219688415527344
3.1505160331726074,4.681041005666235,10.261826515197754
3.14902663230896,4.736419087974355,10.152009963989258
3.115755319595337,4.724975587766884,10.29320240020752
3.1386687755584717,4.822802137450449,10.257715225219727
3.156456232070923,4.770072320077037,10.229763984680176
3.0567829608917236,4.703022348494934,10.241790771484375
3.1463141441345215,4.737220755578685,10.22095012664795
3.1160309314727783,4.805068801456531,10.161633491516113
3.121534824371338,4.72134697603594,10.221784591674805
3.0440902709960938,4.6660804644426594,10.229340553283691
3.1732394695281982,4.739914625982887,10.207585334777832
3.1206884384155273,4.779578941641375,10.204108238220215
3.104005813598633,4.745348664499553,10.175552368164062
3.1666409969329834,4.775257134444213,10.209775924682617
3.1220293045043945,4.752549324650317,10.209426879882812
3.1728410720825195,4.776090161675322,10.16409969329834
3.1386871337890625,4.739953079759808,10.179744720458984
3.1361610889434814,4.70864470968289,10.277534484863281
3.1307930946350098,4.801385863850426,10.239860534667969
3.094916820526123,4.7433891281086416,10.247154235839844
3.113121509552002,4.721469996729865,10.2232666015625
3.0655109882354736,4.704538832651451,10.278507232666016
3.093480348587036,4.808684529736638,10.195700645446777
3.0973381996154785,4.683195004738601,10.219860076904297
3.138721227645874,4.757380238734186,10.269845962524414
3.169760227203369,4.769488135053377,10.201533317565918
3.113917112350464,4.70068229415587,10.202067375183105
3.0765206813812256,4.721426772818502,10.17366886138916
3.1359140872955322,4.676274567909006,10.203551292419434
3.1084816455841064,4.701521983137354,10.187774658203125
3.1112494468688965,4.668675058754162,10.133990287780762
3.1369664669036865,4.762184708545518,10.189144134521484
3.089231252670288,4.734027486327769,10.237814903259277
3.076141119003296,4.772342240837003,10.273744583129883
3.0950422286987305,4.686162119265646,10.236595153808594
3.0479161739349365,4.720842969869929,10.230106353759766
3.0906081199645996,4.764598324196412,10.146221160888672
3.1112937927246094,4.716080467382978,10.290223121643066
3.103912591934204,4.716264099747476,10.227792739868164
3.0976240634918213,4.693291872307392,10.237613677978516
3.1364693641662598,4.819131042209587,10.225276947021484
3.1550076007843018,4.807912465417758,10.137131690979004
3.1146140098571777,4.721192912797311,10.160819053649902
3.1520144939422607,4.826504190618705,10.139617919921875
3.078339099884033,4.737641825739826,10.274187088012695
3.0764994621276855,4.785855989936473,10.282052040100098
3.132857084274292,4.80918655840547,10.18502426147461
3.1105003356933594,4.78232621917102,10.23929500579834
3.105912685394287,4.769468225638515,10.22703742980957
3.1364450454711914,4.754550179998789,10.215754508972168
3.122500419616699,4.65436867531389,10.247135162353516
3.114471673965454,4.677974090711879,10.184623718261719
3.079016923904419,4.6860448303299815,10.189559936523438
3.089508056640625,4.708281899569556,10.262886047363281
3.104423999786377,4.79402018122242,10.216638565063477
3.134840726852417,4.708265688303592,10.221073150634766
3.119758367538452,4.755936183135158,10.263256072998047
3.0957419872283936,4.7141347896374235,10.241668701171875
3.1717772483825684,4.732444427208975,10.218597412109375
3.1698076725006104,4.742812329603891,10.148195266723633
3.091618061065674,4.72366121225059,10.201593399047852
3.1590139865875244,4.773062734897914,10.242287635803223
3.1185739040374756,4.759158130502329,10.162149429321289
3.111837387084961,4.730432095072632,10.207730293273926
3.1195075511932373,4.722164516104385,10.218695640563965
3.0864667892456055,4.6957052488744795,10.17586898803711
3.1179521083831787,4.709009430803625,10.172441482543945
3.0953290462493896,4.7383374456715375,10.22551441192627
3.131431818008423,4.7160713491695265,10.255389213562012
3.0822296142578125,4.727618467362065,10.175407409667969
3.1878275871276855,4.775702856946737,10.139163970947266
3.123176097869873,4.749844019933205,10.13013744354248
3.099071502685547,4.725350610180092,10.261740684509277
3.1393020153045654,4.739316562024344,10.237786293029785
3.155522584915161,4.782494164504377,10.258761405944824
3.1545445919036865,4.756134724477306,10.272201538085938
3.111077070236206,4.691285204375162,10.277647972106934
3.1319668292999268,4.743450742647318,10.28637981414795
3.085153341293335,4.667870610852593,10.227752685546875
3.140169143676758,4.760132400950949,10.23699951171875
3.110422134399414,4.766031367770796,10.155773162841797
3.101564884185791,4.768477758326169,10.1814603805542
3.1344480514526367,4.714651615791288,10.235983848571777
3.1115152835845947,4.707996394917635,10.275510787963867
3.104811429977417,4.750442336646041,10.252859115600586
3.128580093383789,4.810530062498791,10.22047233581543
3.08798885345459,4.712305269736265,10.266223907470703
3.04828143119812,4.69371635905866,10.249699592590332
3.1038029193878174,4.7817468705720145,10.271480560302734
3.154857873916626,4.7891622081931144,10.236013412475586
3.1147217750549316,4.708244889409148,10.247994422912598
3.0902445316314697,4.679970340470651,10.143726348876953
3.091775417327881,4.6964788321139554,10.256006240844727
3.1369874477386475,4.746258621104062,10.30557632446289
3.174894332885742,4.7623936650010625,10.213212966918945
3.070195198059082,4.768241952472765,10.258722305297852
3.1223034858703613,4.784638570887703,10.162103652954102
3.0491228103637695,4.695658104261383,10.19039535522461
3.1844208240509033,4.763448499409216,10.346364974975586
3.134049415588379,4.7641905436092715,10.229349136352539
3.0966928005218506,4.70285237124855,10.239034652709961
3.094583749771118,4.687158578674176,10.209254264831543
3.132113218307495,4.745937367701637,10.288416862487793
3.0857229232788086,4.724107631748276,10.162107467651367
3.0943548679351807,4.717355059725898,10.191934585571289
3.0812900066375732,4.672769924060309,10.216259956359863
3.106388568878174,4.727130350557023,10.154796600341797
3.1208324432373047,4.798931420514626,10.220909118652344
3.083317279815674,4.7278112118531554,10.164189338684082
3.105076789855957,4.738386519020424,10.248963356018066
3.1060614585876465,4.767561758103382,10.252893447875977
3.113135576248169,4.771047369743298,10.219673156738281
3.118694543838501,4.7376453539556165,10.245195388793945
3.1346447467803955,4.735823582591755,10.237109184265137
3.164799928665161,4.7660716438133806,10.212625503540039
3.1398324966430664,4.701018633088097,10.233562469482422
3.0625059604644775,4.7205406031238715,10.244636535644531
3.1653621196746826,4.860095552335094,10.168899536132812
3.2054624557495117,4.747408110681655,10.220954895019531
3.095759868621826,4.764302044408396,10.206038475036621
3.136800765991211,4.832478235143103,10.234193801879883
3.174541711807251,4.808652101350683,10.24072265625
3.1581759452819824,4.742729997594974,10.209477424621582
3.161909341812134,4.788494698470458,10.238581657409668
3.096654176712036,4.681241902190127,10.180431365966797
3.118990659713745,4.771385287500119,10.211329460144043
3.082017660140991,4.714933762360098,10.256710052490234
3.121549129486084,4.763612966518849,10.239501953125
3.1157288551330566,4.7657547096854875,10.244376182556152
3.110901355743408,4.792704670157817,10.235113143920898
3.0666821002960205,4.694327681026022,10.219761848449707
3.123682737350464,4.690233400158053,10.230655670166016
3.0933735370635986,4.737631590005809,10.239175796508789
3.2048451900482178,4.729695601422074,10.173966407775879
3.087594509124756,4.742453411055196,10.308900833129883
3.103606939315796,4.684769936205288,10.226068496704102
3.076491355895996,4.775416494313894,10.183319091796875
3.0818896293640137,4.685917978574123,10.173471450805664
3.191497325897217,4.72031978827103,10.230576515197754
3.120291233062744,4.764660884526425,10.189083099365234
3.1640288829803467,4.778195666648181,10.218311309814453
3.1357853412628174,4.705127265869773,10.168580055236816
3.0991580486297607,4.748218871054373,10.221744537353516
3.1554081439971924,4.764254968679909,10.27510929107666
3.0449202060699463,4.707755444538114,10.199422836303711
3.167417287826538,4.7760416539385915,10.25792121887207
3.142960786819458,4.765574444151883,10.226749420166016
3.0975606441497803,4.665850331208536,10.230849266052246
3.1444311141967773,4.758797388789909,10.169930458068848
3.0589940547943115,4.719293103120955,10.216854095458984
3.0945098400115967,4.668750614027626,10.216628074645996
3.0326011180877686,4.702627079328523,10.224082946777344
3.0827553272247314,4.686478729126975,10.212440490722656
3.100072145462036,4.727063703184416,10.193702697753906
3.11735200881958,4.794521292172639,10.258694648742676
3.0737650394439697,4.712115762988105,10.336004257202148
3.1138393878936768,4.637779827994693,10.223254203796387
3.0666840076446533,4.653570141576763,10.262771606445312
3.11384654045105,4.76397023952034,10.271745681762695
3.116703987121582,4.7014332926566045,10.189275741577148
3.121370315551758,4.71473478702163,10.226717948913574
3.128358840942383,4.750481373297849,10.283817291259766
3.063352108001709,4.767169543941106,10.216285705566406
3.0418713092803955,4.682699545452904,10.162813186645508
3.0798726081848145,4.740215579014538,10.176217079162598
3.180083751678467,4.776042549937431,10.228842735290527
3.119734287261963,4.763299615721085,10.211780548095703
3.0420002937316895,4.65875788588476,10.229758262634277
3.162212610244751,4.786947092540297,10.257110595703125
3.156686305999756,4.76177629040155,10.17519474029541
3.1357054710388184,4.718864251227517,10.278829574584961
3.0939247608184814,4.785599724955059,10.193583488464355
3.1162450313568115,4.695196407747322,10.29676628112793
3.10530161857605,4.7636714636547755,10.188382148742676
3.1977155208587646,4.755115309963003,10.269729614257812
3.1529908180236816,4.790352854478572,10.236888885498047
3.1251542568206787,4.782218265380444,10.212471008300781
3.074418306350708,4.777447970051851,10.203643798828125
3.095715045928955,4.763567333675122,10.125304222106934
3.094836473464966,4.731908501391964,10.182550430297852
3.071596622467041,4.69419160887732,10.203716278076172
3.098029375076294,4.740465420098709,10.276966094970703
3.1447620391845703,4.747750125027129,10.187546730041504
3.1559221744537354,4.775027554814836,10.260818481445312
3.059964418411255,4.726146348253159,10.207128524780273
3.041757345199585,4.76764776032152,10.181621551513672
3.0833749771118164,4.7540143352068425,10.173940658569336
3.086679697036743,4.774882861878724,10.121183395385742
3.054300546646118,4.711291537686651,10.221372604370117
3.086503505706787,4.697246480500326,10.260496139526367
3.091407060623169,4.700962964245783,10.21826171875
3.106109380722046,4.740628381159955,10.240999221801758
3.0925443172454834,4.742123907099344,10.226561546325684
3.1364612579345703,4.815713742515072,10.263468742370605
3.1453990936279297,4.712085521380816,10.211198806762695
3.157224178314209,4.739373747858085,10.24208927154541
3.068500280380249,4.7343292944465905,10.231796264648438
3.05587100982666,4.692476179151397,10.22675609588623
3.1424105167388916,4.784829179357205,10.262165069580078
3.187771797180176,4.784577946178615,10.232328414916992
3.116628408432007,4.787270757170128,10.281561851501465
3.112363815307617,4.797773427296696,10.20607852935791
3.1007423400878906,4.7596089578499745,10.24236011505127
3.0947022438049316,4.689648980341319,10.180717468261719
3.156620502471924,4.794511766106423,10.236572265625
3.163562774658203,4.772301139775664,10.230249404907227
3.145128011703491,4.8383700561576655,10.145517349243164
3.079136371612549,4.678684429132513,10.209959030151367
3.1235623359680176,4.654084732556449,10.213894844055176
3.064056873321533,4.720182717944096,10.199377059936523
3.1052966117858887,4.738228187463911,10.2567777633667
3.1210179328918457,4.714394630298817,10.261917114257812
3.145571708679199,4.661483252587329,10.278024673461914
3.106426239013672,4.845215984719937,10.230842590332031
3.118468761444092,4.7376665563788265,10.20943832397461
3.1148059368133545,4.7398523682994504,10.182635307312012
3.118892192840576,4.809392836044675,10.239177703857422
3.1360533237457275,4.806423697520846,10.205830574035645
3.1559925079345703,4.672610976666745,10.195917129516602
3.062338352203369,4.680075504883591,10.183984756469727
3.1217119693756104,4.714345331536606,10.171846389770508
3.0619144439697266,4.725839884186696,10.175430297851562
3.1161069869995117,4.757005633786321,10.229554176330566
3.1094722747802734,4.796747978743431,10.264572143554688
3.1183416843414307,4.770304298360965,10.250417709350586
3.130763053894043,4.727084581141493,10.242815971374512
3.054927110671997,4.689081881128783,10.211904525756836
3.1259243488311768,4.800782581724759,10.179035186767578
3.1070973873138428,4.760101583054555,10.217348098754883
3.0894854068756104,4.752880393727017,10.154781341552734
3.122002124786377,4.69956419034861,10.344642639160156
3.1910598278045654,4.744473902442094,10.202947616577148
3.1281027793884277,4.745449537411333,10.224721908569336
3.127213478088379,4.750880498272766,10.27070140838623
3.117762327194214,4.730188092482941,10.185544967651367
3.1347646713256836,4.790455293775137,10.1995849609375
3.11545991897583,4.815911017092211,10.227760314941406
3.111116647720337,4.713719859952107,10.204532623291016
3.147528648376465,4.754343620601243,10.190216064453125
3.065422534942627,4.703496420755982,10.25857162475586
3.093319892883301,4.7520278694241185,10.239108085632324
3.127549886703491,4.763864909864163,10.262730598449707
3.073697566986084,4.709109072739791,10.13512134552002
3.1293883323669434,4.744822161006076,10.195409774780273
3.1177706718444824,4.689887228687959,10.272141456604004
3.1137683391571045,4.69317871428627,10.254234313964844
3.0298593044281006,4.698498440740098,10.195054054260254
3.084278106689453,4.706672126260986,10.300823211669922
3.088745355606079,4.708770080136934,10.233665466308594
3.0860743522644043,4.659517593548767,10.239446640014648
3.1225976943969727,4.7742940044097075,10.302005767822266
3.1213343143463135,4.740858588267916,10.215243339538574
3.1329503059387207,4.762105803604104,10.269327163696289
3.077908754348755,4.726855443324894,10.112161636352539
3.1177492141723633,4.82246835240429,10.19437313079834
3.1951050758361816,4.836553027753585,10.263376235961914
3.1057727336883545,4.675471656090979,10.286168098449707
3.0725314617156982,4.705446944239417,10.227350234985352
3.104522943496704,4.721361251847287,10.174639701843262
3.1301517486572266,4.735460369348793,10.263864517211914
3.1804471015930176,4.815792695419597,10.1927490234375
3.0713376998901367,4.722790741029064,10.240011215209961
3.125709056854248,4.787281971325033,10.214644432067871
3.0992050170898438,4.751914674017047,10.21307373046875
3.119263172149658,4.774471121574087,10.29271411895752
3.0816256999969482,4.683603230930333,10.224470138549805
3.1156344413757324,4.768095507552581,10.25294017791748
3.186384439468384,4.797933802673859,10.166833877563477
3.114541530609131,4.797275832355288,10.331165313720703
3.0480737686157227,4.70639333408326,10.225849151611328
3.1119565963745117,4.704388138206143,10.231471061706543
3.1168179512023926,4.702739954526935,10.259946823120117
3.0994813442230225,4.7306553451676985,10.262544631958008
3.094682455062866,4.75086811663849,10.206418991088867
3.146310329437256,4.774543563935108,10.306859970092773
3.1082229614257812,4.751526816016329,10.175729751586914
3.084980010986328,4.753481124128614,10.228102684020996
3.1134989261627197,4.649515597016683,10.171745300292969
2.9946653842926025,4.627508495302339,10.218597412109375
3.137392520904541,4.7965557789762645,10.274499893188477
3.142186164855957,4.765968098305167,10.199692726135254
3.1211321353912354,4.782430973469412,10.12651538848877
3.090289831161499,4.7864920758708775,10.245223045349121
3.1161890029907227,4.783869166226525,10.164216995239258
3.0962324142456055,4.716757174780858,10.20022201538086
3.111316204071045,4.717152703187561,10.231242179870605
3.133493661880493,4.752796990364524,10.262535095214844
3.130805492401123,4.715161637236763,10.175871849060059
3.0889453887939453,4.752511723266382,10.212970733642578
3.108471393585205,4.714804147203852,10.297494888305664
3.142472267150879,4.743162863721539,10.140458106994629
3.1940107345581055,4.804114512533748,10.218945503234863
3.079056739807129,4.741054777288809,10.236541748046875
3.100160598754883,4.7847053703985045,10.143476486206055
3.101020574569702,4.7255930993373365,10.227296829223633
3.150830030441284,4.785815540967244,10.186910629272461
3.0544097423553467,4.756846677046269,10.195755958557129
3.11930251121521,4.8218881033494005,10.114572525024414
3.0855140686035156,4.716799598286992,10.22079849243164
3.1169703006744385,4.727413187069553,10.267460823059082
3.1444921493530273,4.78903188167273,10.196904182434082
3.0393879413604736,4.750238414122058,10.170669555664062
3.122986316680908,4.78250753417212,10.204954147338867
3.093386173248291,4.808015438362158,10.191781997680664
3.133073568344116,4.819123398046941,10.18785285949707
3.1380691528320312,4.706684814998881,10.201213836669922
3.140540838241577,4.726293215228777,10.261394500732422
3.1179356575012207,4.726944207546435,10.186257362365723
3.074291706085205,4.724092113552615,10.231388092041016
3.1635310649871826,4.761263084331794,10.176643371582031
3.079892635345459,4.6986418831095635,10.100896835327148
3.0341014862060547,4.7164662500311225,10.132936477661133
3.1187191009521484,4.694237386042785,10.178590774536133
3.1221556663513184,4.842892243327307,10.277868270874023
3.134000301361084,4.747033832361922,10.194684982299805
3.0653059482574463,4.7176262218106,10.246479034423828
3.147536039352417,4.7444566049213925,10.275823593139648
3.078226089477539,4.706842684818965,10.23768424987793
3.143900156021118,4.78495833577056,10.193013191223145
3.136101007461548,4.799380561935583,10.131614685058594
3.0670366287231445,4.740252917998337,10.231457710266113
3.091705083847046,4.757793851828734,10.265310287475586
3.1173102855682373,4.651850484577673,10.282758712768555
3.0917861461639404,4.764608744232516,10.254050254821777
3.013798952102661,4.6989611772753825,10.235254287719727
3.096843719482422,4.7358183557433735,10.260274887084961
3.1313652992248535,4.7769381971031954,10.26427173614502
3.080139398574829,4.742148046215464,10.221393585205078
3.017714738845825,4.691207556386611,10.194149017333984
3.1406502723693848,4.791989387212587,10.247152328491211
3.1387839317321777,4.755942182149738,10.123394966125488
3.067725896835327,4.726110849462982,10.223301887512207
3.07051944732666,4.799993155490872,10.211411476135254
3.0590174198150635,4.765014256749835,10.24367904663086
3.1840033531188965,4.8538158576869,10.298208236694336
3.114020586013794,4.768697934225202,10.208361625671387
3.1500465869903564,4.7235668292601725,10.225488662719727
3.1475160121917725,4.770298069043617,10.161251068115234
3.1172802448272705,4.726356009786416,10.213692665100098
3.130185604095459,4.706563362618908,10.227848052978516
3.147493839263916,4.794838516839913,10.248297691345215
3.107151985168457,4.758281918841281,10.184602737426758
3.1542880535125732,4.84740434656851,10.179948806762695
3.133195638656616,4.759006617424477,10.173774719238281
3.0975494384765625,4.818319379019418,10.201361656188965
3.088884115219116,4.776812956601913,10.217339515686035
3.0933337211608887,4.761839625691728,10.173958778381348
3.1152429580688477,4.699088831897826,10.223609924316406
3.0980618000030518,4.716327406499269,10.230607986450195
3.2026007175445557,4.75528357969597,10.266092300415039
3.0565106868743896,4.6914089400919945,10.180377006530762
3.0654025077819824,4.680868876066858,10.212337493896484
3.118600368499756,4.787442114004599,10.246757507324219
3.100102663040161,4.715243754675613,10.252220153808594
3.054591417312622,4.739797134284995,10.172565460205078
3.058544874191284,4.7161375370342284,10.197275161743164
3.0938773155212402,4.736196523299441,10.238753318786621
3.1168689727783203,4.777886939534385,10.13119125366211
3.1020379066467285,4.801083693813,10.20591926574707
3.108707904815674,4.781723190099001,10.208707809448242
3.094949245452881,4.726134011255843,10.14480972290039
3.1475107669830322,4.6920794678652396,10.248825073242188
3.0609920024871826,4.726902461411166,10.262271881103516
3.142516851425171,4.8014518441965,10.183222770690918
3.082494020462036,4.737539632778082,10.265154838562012
3.1137077808380127,4.7327111239678095,10.243498802185059
3.1303207874298096,4.765250056882255,10.228723526000977
3.1559860706329346,4.772703071523989,10.212440490722656
3.052558422088623,4.704646096431783,10.20388412475586
3.10174560546875,4.71319940317023,10.241896629333496
3.095010757446289,4.686001367334808,10.172128677368164
3.1326980590820312,4.693012706868882,10.224889755249023
3.1144046783447266,4.733388216434313,10.211395263671875
3.0786800384521484,4.712709748552048,10.232711791992188
3.082547187805176,4.773099174290629,10.208702087402344
3.0593466758728027,4.735795816040731,10.274797439575195
3.0845460891723633,4.715783395172496,10.276763916015625
3.104074001312256,4.722239194238292,10.242154121398926
3.166445255279541,4.8233193124844025,10.198602676391602
3.1443886756896973,4.780130313709378,10.209357261657715
3.1065213680267334,4.682570779463276,10.211723327636719
3.12221622467041,4.73210835363716,10.175332069396973
3.0813493728637695,4.7303794089571705,10.20193099975586
3.0823235511779785,4.755519004671701,10.29774284362793
3.089458465576172,4.793762759072706,10.255348205566406
3.052537679672241,4.765885029520306,10.200831413269043
3.0553762912750244,4.7435907177361,10.184385299682617
3.078887462615967,4.733930580284713,10.225590705871582
3.1098053455352783,4.760727894459185,10.192405700683594
3.1305899620056152,4.762561317400209,10.169267654418945
3.0815629959106445,4.757237558419416,10.244422912597656
3.0449256896972656,4.706091331484329,10.226356506347656
3.091343879699707,4.774812779489106,10.276251792907715
3.157104253768921,4.829226575292912,10.179922103881836
3.106677770614624,4.787781049364379,10.279186248779297
3.1539721488952637,4.815465986728668,10.209693908691406
3.1452796459198,4.8413157124471455,10.216672897338867
3.090733528137207,4.676494508482782,10.288960456848145
3.1521975994110107,4.720312727648498,10.239545822143555
3.0607645511627197,4.724840780054884,10.229036331176758
3.114480972290039,4.780635837132909,10.266668319702148
3.1116485595703125,4.751710883541299,10.215455055236816
3.100250720977783,4.783506504559358,10.170463562011719
3.1049818992614746,4.798926637441452,10.209220886230469
3.0643343925476074,4.683067961728998,10.241965293884277
3.120681047439575,4.741325541266373,10.176981925964355
3.113732099533081,4.793501711716609,10.25383472442627
3.171612501144409,4.775945352822808,10.237403869628906
3.0593783855438232,4.750127606991945,10.231046676635742
3.0972869396209717,4.733698813943192,10.185083389282227
3.073277473449707,4.706726185278967,10.224217414855957
3.0968997478485107,4.686792289405795,10.214889526367188
3.055013656616211,4.70989908201487,10.199592590332031
3.103130340576172,4.670876587408461,10.218506813049316
3.1024441719055176,4.69175472835611,10.249805450439453
3.0362863540649414,4.772395717944683,10.222968101501465
3.1056699752807617,4.775460018776357,10.240411758422852
3.1340787410736084,4.713508433462786,10.208887100219727
3.080580711364746,4.737568001262844,10.177371978759766
3.077587127685547,4.710123844777367,10.30899429321289
3.1429779529571533,4.751163586575006,10.285954475402832
3.0881195068359375,4.781445015986849,10.235544204711914
3.1025612354278564,4.77493883443198,10.191652297973633
3.0638697147369385,4.768567255797929,10.291093826293945
3.0898051261901855,4.757848280980917,10.209077835083008
3.12107515335083,4.783113150790866,10.249170303344727
3.0660364627838135,4.705621743474954,10.150693893432617
3.117766857147217,4.790709753554048,10.199504852294922
3.1302871704101562,4.717793368701158,10.142593383789062
3.053593158721924,4.6804682710873236,10.328727722167969
3.0036587715148926,4.702016592923818,10.20375919342041
3.126228094100952,4.769589223765902,10.101114273071289
3.103893280029297,4.687939165658983,10.244192123413086
3.106499671936035,4.784805447927543,10.262706756591797
3.095203161239624,4.754075678896958,10.266317367553711
3.155648946762085,4.764504480641335,10.196399688720703
3.0663959980010986,4.803019894519821,10.26229476928711
3.1400859355926514,4.823665836227259,10.287582397460938
3.068848133087158,4.735477403138897,10.261106491088867
3.1106021404266357,4.757043214282021,10.177956581115723
3.1445157527923584,4.85881446365134,10.234025955200195
3.110896110534668,4.743379290381978,10.239351272583008
3.0275189876556396,4.774284319419946,10.228170394897461
3.1056082248687744,4.698072803073695,10.180561065673828
3.0556983947753906,4.756576758011111,10.25688362121582
3.1412153244018555,4.750642928660715,10.235790252685547
3.046984910964966,4.756910562814612,10.243108749389648
3.061793804168701,4.750104010570794,10.207283973693848
3.0736355781555176,4.746429765863079,10.237593650817871
3.0796821117401123,4.813186283589207,10.228854179382324
3.0687670707702637,4.802187252523644,10.206192970275879
3.0824222564697266,4.73829698672385,10.224678039550781
3.0990347862243652,4.735270848464486,10.245763778686523
3.088834285736084,4.737140675108614,10.19876480102539
3.085547685623169,4.757743091355743,10.231151580810547
3.137418746948242,4.771752692293376,10.269264221191406
3.114886999130249,4.702985801634245,10.240015983581543
3.06193470954895,4.733466820758102,10.207561492919922
3.1222715377807617,4.7820718304719785,10.236663818359375
3.0249087810516357,4.726689121552877,10.225860595703125
3.0414230823516846,4.732249048471982,10.193403244018555
3.1642236709594727,4.8012923892986565,10.230761528015137
3.13331937789917,4.782489561143199,10.173667907714844
3.1074211597442627,4.76400180570116,10.187219619750977
3.108245611190796,4.760009505453387,10.236924171447754
3.0887367725372314,4.706726959873257,10.216768264770508
3.042569637298584,4.698867109936795,10.24714469909668
3.0630621910095215,4.703251954899835,10.256336212158203
3.095241069793701,4.719021753008876,10.23930549621582
3.040468454360962,4.729757001889603,10.226539611816406
3.1024675369262695,4.748689160316385,10.219658851623535
3.1361451148986816,4.7584310223548005,10.277891159057617
3.1005523204803467,4.737317646454487,10.234773635864258
3.11025333404541,4.75422309744837,10.288463592529297
3.1186773777008057,4.739507569964709,10.226046562194824
3.06587553024292,4.709170815435105,10.235289573669434
3.0984294414520264,4.720562430830406,10.199817657470703
3.096287965774536,4.769156575901434,10.2564058303833
3.1097233295440674,4.6900982136971185,10.212239265441895
3.080343723297119,4.757840533607772,10.24738597869873
3.107271432876587,4.746715291569542,10.125307083129883
3.1063196659088135,4.810120562124731,10.263346672058105
3.061664342880249,4.738653601845726,10.220589637756348
3.101048707962036,4.734665546566248,10.248567581176758
3.117290735244751,4.76742235241857,10.283219337463379
3.1140029430389404,4.7081268373544205,10.245121002197266
3.0794074535369873,4.685506997696524,10.24061107635498
3.0812082290649414,4.805074093830107,10.206006050109863
3.1093392372131348,4.762628315582073,10.217578887939453
3.059792995452881,4.722484698751941,10.24642562866211
3.019057273864746,4.7640709676779815,10.162466049194336
3.078382968902588,4.709542029936399,10.269062995910645
3.0336713790893555,4.688116552008848,10.241493225097656
3.0520169734954834,4.726043769491039,10.19803237915039
3.0449318885803223,4.718647223531401,10.215795516967773
3.059636116027832,4.746463240556684,10.256996154785156
3.065598964691162,4.72001237339074,10.264629364013672
3.0574135780334473,4.716798782215587,10.28331184387207
3.1247611045837402,4.7360716535310665,10.237632751464844
3.140131950378418,4.781479370780289,10.24126148223877
3.1144094467163086,4.754359186161309,10.175046920776367
3.0868499279022217,4.710048077162355,10.221165657043457
3.0949809551239014,4.662419607297384,10.154206275939941
3.0918796062469482,4.7159690390274465,10.301265716552734
3.0866167545318604,4.716742483100721,10.238502502441406
3.0842976570129395,4.79786691811335,10.19264030456543
3.088106393814087,4.776640167559631,10.266273498535156
3.0619053840637207,4.72724906671127,10.249406814575195
3.064161539077759,4.785312738402614,10.209495544433594
3.110103130340576,4.7272731285276155,10.199262619018555
3.0707590579986572,4.732320414390415,10.227556228637695
3.0622806549072266,4.801315592335803,10.277420043945312
3.11975359916687,4.729463575241556,10.146153450012207
3.075718641281128,4.687290724034288,10.267496109008789
3.031440019607544,4.622906521195546,10.267374992370605
3.05361008644104,4.735801036403115,10.248642921447754
3.0911061763763428,4.726526788402615,10.194181442260742
3.07265567779541,4.766824057824644,10.236244201660156
3.02943754196167,4.70403773583738,10.188370704650879
3.0801684856414795,4.744688209412354,10.27800178527832
3.071129560470581,4.73824037009451,10.216818809509277
3.1721599102020264,4.778552862749036,10.200019836425781
3.138099193572998,4.7395065614421465,10.188733100891113
3.090804100036621,4.717306059219742,10.257891654968262
3.057213306427002,4.720856950917681,10.178243637084961
3.1089282035827637,4.792504581223642,10.171027183532715
3.068181276321411,4.744671260405864,10.264435768127441
3.108067274093628,4.698788895338241,10.264861106872559
3.0777668952941895,4.762818038530115,10.214742660522461
3.05366849899292,4.783278063937489,10.193068504333496
3.082429885864258,4.675790555309505,10.207345008850098
3.117687702178955,4.731758580908977,10.260025024414062
3.1141066551208496,4.79817153719653,10.189481735229492
3.124927282333374,4.7559776396956295,10.201764106750488
3.080021858215332,4.7662710805556605,10.294072151184082
3.0422604084014893,4.722927256520571,10.131095886230469
3.1059064865112305,4.772067017054983,10.20042610168457
3.0815606117248535,4.762959768796073,10.203817367553711
3.062603712081909,4.656205840309017,10.171589851379395
3.1083366870880127,4.806540273396032,10.21389102935791
3.029710054397583,4.747711531618344,10.280917167663574
3.0299201011657715,4.674366944502773,10.243223190307617
3.0918893814086914,4.7103232606646745,10.201151847839355
3.0325396060943604,4.7048266474490195,10.24290943145752
3.1284446716308594,4.823615215818531,10.173016548156738
3.0390987396240234,4.742111209081487,10.206432342529297
3.0979959964752197,4.721057552944071,10.2523193359375
3.1377925872802734,4.792778302482994,10.226945877075195
2.9965779781341553,4.669783569140626,10.262105941772461
3.1003637313842773,4.763743499693062,10.157512664794922
3.032606601715088,4.703073225050632,10.184988021850586
3.1045100688934326,4.740784697800077,10.272774696350098
3.0879054069519043,4.766335575841367,10.236032485961914
3.0409674644470215,4.744042561189937,10.19200325012207
3.0841071605682373,4.788570576214364,10.168384552001953
3.01016902923584,4.6910549673983555,10.27987003326416
3.054565191268921,4.742980325461498,10.185422897338867
3.1031956672668457,4.780471948607425,10.216399192810059
3.054872989654541,4.7591243631073405,10.1642427444458
3.1415557861328125,4.7771806690642356,10.180246353149414
3.071275234222412,4.709707753832585,10.215991973876953
3.0758702754974365,4.794177192728967,10.26889705657959
3.089197874069214,4.722719251444297,10.229036331176758
3.093928098678589,4.701770128116811,10.217414855957031
3.083183765411377,4.80800297051402,10.26052188873291
3.10896372795105,4.802258110339089,10.179259300231934
3.083631992340088,4.839250735605935,10.259540557861328
3.0305697917938232,4.711992775223085,10.269806861877441
3.1500232219696045,4.746031910580184,10.188474655151367
3.1631691455841064,4.769970185422737,10.212800979614258
3.1230356693267822,4.795385683687138,10.26144790649414
3.081531524658203,4.755736105742732,10.152243614196777
3.0532760620117188,4.699322210258937,10.240748405456543
3.0235743522644043,4.684550098542656,10.229066848754883
3.079091787338257,4.723204899911902,10.22610092163086
3.053208589553833,4.653038484510034,10.22191047668457
3.134310483932495,4.783274214914334,10.162422180175781
3.1217994689941406,4.715574203657785,10.25191593170166
3.0992143154144287,4.704150809174671,10.325288772583008
3.0553781986236572,4.673282414940851,10.190509796142578
3.0484249591827393,4.730901820684917,10.28495979309082
3.134779930114746,4.831864465360662,10.167844772338867
3.104444980621338,4.810877298137971,10.154199600219727
3.094992160797119,4.770795895718038,10.27064323425293
3.087628126144409,4.731908421331484,10.176844596862793
3.1247446537017822,4.833590583709468,10.286815643310547
3.1241424083709717,4.757936755527876,10.304692268371582
3.094285726547241,4.731569916309257,10.261994361877441
3.0646793842315674,4.720818837638944,10.259847640991211
3.0706264972686768,4.743088638010834,10.249860763549805
3.0963945388793945,4.705002351198345,10.200347900390625
3.0705745220184326,4.780258009476321,10.231371879577637
3.098599433898926,4.707552463215377,10.243342399597168
3.0985450744628906,4.75916569580191,10.175434112548828
3.109288454055786,4.781152498043541,10.255806922912598
3.14282488822937,4.777492034781193,10.184771537780762
3.0705552101135254,4.747221040173566,10.152376174926758
3.068598747253418,4.7202300614943455,10.259185791015625
3.065169334411621,4.749312437837943,10.20680046081543
3.0749783515930176,4.745739944977686,10.229272842407227
2.9817588329315186,4.694802246588682,10.288993835449219
3.1191842555999756,4.739174616423302,10.16254711151123
3.118349075317383,4.707445656847475,10.208782196044922
3.0611836910247803,4.710617127196331,10.29084587097168
3.0465283393859863,4.770139261847362,10.223555564880371
3.1053247451782227,4.761594879440963,10.182692527770996
3.0211381912231445,4.707018264403034,10.221423149108887
3.087059497833252,4.703093625139445,10.242145538330078
3.1136980056762695,4.728371586317994,10.304248809814453
3.03196382522583,4.732574404084256,10.164064407348633
3.1027369499206543,4.7393094490481795,10.235504150390625
3.031773805618286,4.734358777857519,10.25187873840332
3.1075050830841064,4.782585532604052,10.236637115478516
3.0536885261535645,4.726804348540359,10.14576530456543
3.0587375164031982,4.731269274272822,10.249993324279785
3.098626136779785,4.7319830892873656,10.193720817565918
3.1329925060272217,4.718038882727601,10.245450973510742
3.054302453994751,4.731040493851261,10.224954605102539
3.0705912113189697,4.785652541755033,10.293953895568848
3.0848612785339355,4.74686072091572,10.14425277709961
3.0361921787261963,4.658152875224395,10.24820327758789
3.1030170917510986,4.700544371668782,10.313661575317383
3.0819294452667236,4.789281854173168,10.230907440185547
3.0847129821777344,4.772940415489886,10.352778434753418
3.1095104217529297,4.810513871189739,10.162321090698242
3.0624094009399414,4.714955397216337,10.17387580871582
3.090400218963623,4.783171421715191,10.209802627563477
3.1456501483917236,4.7893022803390135,10.252732276916504
3.0687105655670166,4.73765332401464,10.189823150634766
3.090160846710205,4.739579634175503,10.294090270996094
3.1107075214385986,4.797382615639695,10.20974349975586
3.0582892894744873,4.722477753447103,10.245943069458008
3.1016170978546143,4.750847169031788,10.301117897033691
3.063072919845581,4.72994511621073,10.233186721801758
3.1290433406829834,4.769410903499062,10.179611206054688
3.052057981491089,4.724837654503062,10.154243469238281
3.078096866607666,4.709790998437842,10.178832054138184
2.989750623703003,4.670545240897419,10.173685073852539
3.1025426387786865,4.773898955700653,10.2417631149292
3.1077585220336914,4.725180535111576,10.181461334228516
3.137016534805298,4.762854761743386,10.219490051269531
3.045152425765991,4.725021562871656,10.237602233886719
3.134042263031006,4.748404419215928,10.230552673339844
3.043200969696045,4.819290995764147,10.271343231201172
3.0857157707214355,4.766405171448631,10.287315368652344
3.0506675243377686,4.679017918982675,10.250041961669922
3.093305826187134,4.8148832070375125,10.274781227111816
3.0957391262054443,4.818904056247058,10.19356632232666
3.0867693424224854,4.745892528311482,10.178138732910156
3.1491599082946777,4.779376276170037,10.188711166381836
3.0934836864471436,4.681385795219935,10.289390563964844
3.0797770023345947,4.79715716363197,10.192070007324219
3.1023154258728027,4.734609226563147,10.302623748779297
3.083540439605713,4.7722307338844985,10.21874713897705
3.071141004562378,4.729987838904241,10.263025283813477
3.070744037628174,4.749271816540776,10.308357238769531
3.08969783782959,4.761993691757588,10.182391166687012
3.0921552181243896,4.692113819665143,10.244916915893555
3.140756607055664,4.825933610355215,10.236967086791992
3.105311870574951,4.727354638078915,10.126001358032227
3.070957660675049,4.7600905948118974,10.36803150177002
3.038573980331421,4.738757565251685,10.27461051940918
3.100193500518799,4.745441937187154,10.293997764587402
3.0758004188537598,4.795309130601319,10.175647735595703
3.1699085235595703,4.867236894721697,10.162005424499512
3.1154844760894775,4.767421237991324,10.305621147155762
3.0634360313415527,4.7615212465503385,10.169713020324707
3.066192626953125,4.747807435724618,10.18539810180664
3.046245574951172,4.720672058274172,10.253169059753418
3.0972774028778076,4.7581333270229935,10.198992729187012
3.0397777557373047,4.704971949370312,10.177350044250488
3.119769334793091,4.786424499304433,10.221402168273926
3.0929689407348633,4.753776257890942,10.157988548278809
3.087007999420166,4.747460499705214,10.240554809570312
3.0537195205688477,4.695429203732471,10.170061111450195
3.0515551567077637,4.7194786067453345,10.242264747619629
3.0459768772125244,4.806428501016594,10.223587036132812
3.128283977508545,4.816945453673335,10.27142333984375
3.020664691925049,4.740694897947833,10.278724670410156
3.04768443107605,4.7389758961009125,10.280597686767578
3.0363121032714844,4.755862695164978,10.179593086242676
3.060663938522339,4.755383211321064,10.236475944519043
3.1027722358703613,4.794150672487116,10.271353721618652
3.131075143814087,4.786104937084019,10.283777236938477
3.0896081924438477,4.816433691585969,10.227642059326172
3.031729221343994,4.719779350695068,10.130699157714844
3.10554838180542,4.811027946349766,10.260231018066406
3.0515048503875732,4.7730298947010725,10.230712890625
3.0810534954071045,4.766686938303922,10.225170135498047
3.0455334186553955,4.707373397591125,10.250303268432617
3.089846134185791,4.745920985105581,10.282154083251953
3.0822932720184326,4.747052265896595,10.224671363830566
3.0541892051696777,4.733337120651933,10.192437171936035
3.1472153663635254,4.841182392556221,10.206907272338867
3.0835072994232178,4.75108142652815,10.243537902832031
3.0907914638519287,4.774880768831021,10.167384147644043
3.1281299591064453,4.787985690470253,10.195240020751953
3.086050271987915,4.725998271955177,10.233402252197266
3.078300952911377,4.743604216957466,10.15835189819336
3.0375373363494873,4.738698092488838,10.276569366455078
3.140730857849121,4.7908085089043855,10.223359107971191
3.1042444705963135,4.753678078962756,10.221758842468262
3.095345973968506,4.786762891004661,10.290424346923828
3.059952974319458,4.763437838360135,10.188345909118652
3.0332529544830322,4.641061731880265,10.236922264099121
3.039628267288208,4.730454137548804,10.252091407775879
3.039419651031494,4.773819145846313,10.218709945678711
3.0646355152130127,4.700460515184594,10.228656768798828
3.051436424255371,4.730558955709316,10.207290649414062
3.1033499240875244,4.739425342663059,10.223840713500977
3.065122604370117,4.708224843489005,10.188943862915039
3.038811206817627,4.744618158854012,10.183662414550781
3.0918681621551514,4.727915071582954,10.240884780883789
3.0783984661102295,4.7480386362211515,10.228043556213379
3.1565768718719482,4.848705956978457,10.190851211547852
3.081597328186035,4.771945651321273,10.241065979003906
3.054300546646118,4.785470442247711,10.171445846557617
3.0620546340942383,4.724791876572583,10.242039680480957
3.0805256366729736,4.688643022706466,10.242827415466309
3.084001302719116,4.65181699292069,10.247888565063477
3.038466215133667,4.7300765952428,10.283594131469727
3.0897817611694336,4.7594735455100565,10.24161148071289
3.08274507522583,4.742507418351514,10.193604469299316
3.062112808227539,4.758516637375579,10.261754989624023
3.1113812923431396,4.694081410931956,10.242603302001953
3.087742805480957,4.763003938997697,10.186613082885742
3.0498640537261963,4.721037671868024,10.187877655029297
3.0581634044647217,4.690421102601769,10.192360877990723
3.1082088947296143,4.783442736071136,10.178473472595215
3.1252427101135254,4.7963691006215035,10.217691421508789
3.040980815887451,4.741470733990094,10.2471284866333
3.079998016357422,4.780425283825025,10.267640113830566
3.0495121479034424,4.735381906985172,10.20258903503418
3.073307514190674,4.789837033421334,10.1825532913208
3.007758140563965,4.700584120316697,10.180299758911133
3.073317289352417,4.7395153329042445,10.247922897338867
3.0369863510131836,4.688685052662289,10.227898597717285
3.0767102241516113,4.75568794994615,10.243471145629883
3.053220510482788,4.744080532408719,10.233037948608398
3.0634262561798096,4.762045115365513,10.25981616973877
3.0883970260620117,4.7560946047638675,10.243616104125977
3.148700714111328,4.8856610697028895,10.16069507598877
3.073270320892334,4.770585886834721,10.239458084106445
3.023876428604126,4.721977799199521,10.187601089477539
3.0942044258117676,4.801690568814853,10.281074523925781
3.060703992843628,4.729972412477114,10.13404655456543
3.0629966259002686,4.749712223652751,10.236137390136719
3.085973024368286,4.749432904113616,10.202605247497559
3.1101322174072266,4.7456414596776355,10.23154067993164
2.9979476928710938,4.715771663701161,10.242599487304688
3.0917742252349854,4.754914314918486,10.245572090148926
3.0344743728637695,4.731415680177244,10.173945426940918
3.0351943969726562,4.71576060604171,10.30406379699707
3.0683348178863525,4.788458314291867,10.232404708862305
3.0838873386383057,4.784309076477906,10.154352188110352
3.0462708473205566,4.6929348782702744,10.220907211303711
3.102592945098877,4.80451086802142,10.259775161743164
3.0564451217651367,4.722290734294802,10.19198226928711
3.074378728866577,4.762912071941952,10.267313957214355
3.101698160171509,4.7760855628044485,10.274181365966797
3.0159850120544434,4.698067843714463,10.23219108581543
3.01751971244812,4.722550665593839,10.189498901367188
3.097310781478882,4.807438968148615,10.23794174194336
3.0039353370666504,4.655132821993902,10.146940231323242
3.0471901893615723,4.736621137043195,10.218069076538086
3.0621912479400635,4.695466986424955,10.254956245422363
3.034759044647217,4.728579639357382,10.257843017578125
2.9630086421966553,4.701131048046851,10.241460800170898
3.068408966064453,4.7689601966246435,10.267383575439453
3.1055259704589844,4.742744736905609,10.287127494812012
3.099965810775757,4.76335783193021,10.269906997680664
3.0924839973449707,4.743395563913509,10.254327774047852
3.079054355621338,4.758281235949003,10.274791717529297
3.0918872356414795,4.781852065851645,10.208656311035156
3.102473020553589,4.746485458287809,10.253666877746582
3.0603444576263428,4.697060322588576,10.177713394165039
3.0660171508789062,4.77782047157442,10.295360565185547
3.114030599594116,4.802714627236128,10.166619300842285
3.0418267250061035,4.790998808241316,10.321322441101074
3.131889581680298,4.794394633000983,10.235090255737305
3.093374490737915,4.797927907169131,10.195216178894043
3.0270633697509766,4.739088989295332,10.246478080749512
3.035130262374878,4.749769421593685,10.164609909057617
3.148959159851074,4.832211236469447,10.296520233154297
3.0894227027893066,4.849935290370402,10.170825004577637
3.0090596675872803,4.705689745822123,10.22085189819336
3.111051321029663,4.785214320324094,10.182323455810547
3.055945873260498,4.696622895409487,10.254079818725586
3.076164722442627,4.7488544793533425,10.267501831054688
3.051602363586426,4.768909623014873,10.268038749694824
3.130735397338867,4.78866259228172,10.175259590148926
3.079312324523926,4.772180960314082,10.169624328613281
3.1458942890167236,4.775821910439325,10.288000106811523
3.0214314460754395,4.76556015224196,10.280393600463867
3.110365867614746,4.751884169943098,10.221216201782227
3.0076828002929688,4.702555610598731,10.1986722946167
3.0687849521636963,4.761030264032472,10.188216209411621
3.062851905822754,4.738771226124039,10.272071838378906
3.0712673664093018,4.840579032365765,10.236818313598633
3.089986801147461,4.8455138120334595,10.24246597290039
3.0688798427581787,4.731670317506151,10.225847244262695
3.1493184566497803,4.85580133437179,10.238136291503906
3.06998872756958,4.780835430137813,10.192928314208984
3.0256333351135254,4.741612953566281,10.276859283447266
3.0750882625579834,4.730162456698183,10.35322380065918
3.086322784423828,4.689826045650988,10.273377418518066
3.0646841526031494,4.80177754030696,10.246042251586914
3.0208511352539062,4.7325894583482295,10.251025199890137
3.0606813430786133,4.793781689002311,10.24610424041748
3.0002262592315674,4.724425368277091,10.188616752624512
3.0497820377349854,4.773885474507032,10.196023941040039
3.0658838748931885,4.8018077050801375,10.249452590942383
3.025989055633545,4.766449949670848,10.169153213500977
3.026228666305542,4.781618767318183,10.225790023803711
3.0587403774261475,4.7968903899725,10.206809043884277
3.1107428073883057,4.794831354071253,10.230816841125488
3.1254539489746094,4.790315420599655,10.24160385131836
3.0577282905578613,4.7460340929350675,10.206443786621094
3.073720932006836,4.81730371510743,10.203648567199707
3.064276933670044,4.7529007267273435,10.25313949584961
2.9960360527038574,4.765217232917036,10.202449798583984
3.0605435371398926,4.819647743034043,10.186405181884766
3.067199468612671,4.805959731573238,10.256111145019531
3.0319948196411133,4.738179563212075,10.246710777282715
3.1628971099853516,4.766252962207155,10.245576858520508
3.104238510131836,4.729373028135992,10.188238143920898
3.0655577182769775,4.759114058854591,10.26215648651123
3.030524253845215,4.789394467470369,10.223148345947266
2.9749481678009033,4.6835074576416185,10.227859497070312
3.039266586303711,4.770306679819311,10.265594482421875
3.0454702377319336,4.789167178861265,10.293840408325195
3.0598762035369873,4.750136796085696,10.174903869628906
3.027233839035034,4.786033487180248,10.264963150024414
3.0619630813598633,4.746881222053031,10.199862480163574
3.1022095680236816,4.7440996707217495,10.2283296585083
3.0508182048797607,4.759816458215937,10.170385360717773
3.1299591064453125,4.8061032100979775,10.286232948303223
3.0608508586883545,4.762824795874101,10.231891632080078
3.088921070098877,4.7958879180119505,10.197867393493652
3.1342251300811768,4.8158297109018475,10.314159393310547
3.031987190246582,4.74871454251531,10.211503028869629
3.0281519889831543,4.709314568799787,10.211710929870605
3.0726161003112793,4.73252154677175,10.197078704833984
3.14048433303833,4.7965839866083115,10.234089851379395
3.064584732055664,4.763778569376362,10.235377311706543
3.0417840480804443,4.761543449180732,10.281638145446777
3.0565226078033447,4.82503683442649,10.224456787109375
2.997251510620117,4.703168500181553,10.233132362365723
3.0902490615844727,4.76616292606507,10.193893432617188
3.0357046127319336,4.8110786760558515,10.166382789611816
3.0385794639587402,4.7251725690439335,10.246828079223633
3.097158432006836,4.798218573975777,10.229238510131836
2.998164653778076,4.677954010765202,10.229494094848633
3.044790267944336,4.787713939224236,10.241973876953125
3.0180723667144775,4.661806901684032,10.294622421264648
3.085686683654785,4.791132848942652,10.214773178100586
3.0718302726745605,4.7696457570418715,10.277510643005371
3.0824503898620605,4.793310133673783,10.207464218139648
2.9804158210754395,4.692176363597226,10.277199745178223
3.1012837886810303,4.871644001088238,10.224926948547363
3.008126735687256,4.765577578152131,10.262009620666504
3.104703426361084,4.79873633308203,10.293647766113281
3.033834457397461,4.777856284852273,10.242141723632812
3.0775039196014404,4.748199382630576,10.206401824951172
3.0686864852905273,4.755924703453534,10.227994918823242
3.074399709701538,4.80873029329814,10.204509735107422
3.0304298400878906,4.7702118161001374,10.275487899780273
3.024256944656372,4.808613339538819,10.211915969848633
3.0214977264404297,4.711380132839881,10.2778902053833
3.0367367267608643,4.695589832396114,10.258209228515625
3.0619146823883057,4.7624779115763625,10.23560905456543
3.0594451427459717,4.802561795205943,10.206136703491211
3.08701229095459,4.800491415695952,10.247400283813477
3.0679807662963867,4.737145747922893,10.214485168457031
2.995176076889038,4.7186128105303,10.202757835388184
3.087271213531494,4.791579374810681,10.219040870666504
3.0528194904327393,4.714026601752267,10.236692428588867
2.997340202331543,4.693615750376401,10.200971603393555
2.9985761642456055,4.6996894213038365,10.199644088745117
3.054412841796875,4.721562088101304,10.22792911529541
3.0487093925476074,4.74919518326143,10.23831558227539
3.083245038986206,4.792452284966462,10.25369930267334
3.009713649749756,4.746669636673427,10.252461433410645
3.0283350944519043,4.78526394970582,10.235960006713867
3.04768705368042,4.779869657941163,10.239554405212402
3.078376293182373,4.751622672159491,10.239548683166504
3.059220314025879,4.787757428329704,10.179095268249512
3.0508713722229004,4.753940640682621,10.268965721130371
3.0680227279663086,4.693149711138436,10.121800422668457
3.0845718383789062,4.79875152441673,10.243921279907227
3.0657167434692383,4.7918167895570924,10.151285171508789
3.070451021194458,4.805556711108823,10.223052978515625
3.124713897705078,4.80227444054825,10.284221649169922
3.071535348892212,4.773081900518654,10.249119758605957
3.0380523204803467,4.691558497558747,10.24661922454834
3.073462963104248,4.744910869381523,10.18060302734375
3.070681571960449,4.731761479883322,10.215832710266113
3.042484998703003,4.728813397066135,10.276688575744629
3.0478568077087402,4.762819846626371,10.194231986999512
3.0365889072418213,4.754077555445422,10.167899131774902
3.0186805725097656,4.7170881734761805,10.309791564941406
3.1061770915985107,4.781373136577064,10.204855918884277
3.0852677822113037,4.783370205267732,10.252283096313477
3.083338737487793,4.7858331379746755,10.204808235168457
3.142573118209839,4.789713973811428,10.306865692138672
3.013537883758545,4.785498241594594,10.247279167175293
3.085921287536621,4.751003263884091,10.235854148864746
3.0385115146636963,4.724502557356443,10.317588806152344
3.0115318298339844,4.759732887082333,10.24276065826416
2.9640042781829834,4.716190373159146,10.263975143432617
3.083505392074585,4.808580140583217,10.231147766113281
3.043854236602783,4.776755904745577,10.247148513793945
3.058687925338745,4.7345798600664635,10.267297744750977
3.054185152053833,4.7386780163339735,10.195812225341797
3.0746350288391113,4.816374014697171,10.219398498535156
3.008113145828247,4.757121753280184,10.19239330291748
3.0694518089294434,4.753178966032074,10.202051162719727
3.0411834716796875,4.724566238799265,10.222126007080078
3.0262057781219482,4.699019998877442,10.29581069946289
3.1471142768859863,4.785397294110486,10.229287147521973
3.030280828475952,4.7632443518710454,10.19633674621582
3.0425500869750977,4.819296753433133,10.212892532348633
3.0544986724853516,4.753658780861381,10.154467582702637
3.0571887493133545,4.699637308783297,10.222240447998047
3.051790714263916,4.722157949116082,10.190685272216797
3.0697386264801025,4.7869612179430465,10.223531723022461
3.0555360317230225,4.744244509875509,10.189828872680664
3.062737226486206,4.763362331881321,10.261836051940918
3.0554428100585938,4.778653298737481,10.293279647827148
3.0325660705566406,4.725331607407758,10.25837230682373
3.0353002548217773,4.7214010829505115,10.223538398742676
3.0519747734069824,4.800652396000389,10.23794174194336
3.042506217956543,4.736556238694383,10.200303077697754
3.0050365924835205,4.641770144857998,10.277993202209473
3.0383660793304443,4.7209435661456425,10.204839706420898
3.0491960048675537,4.67928012300815,10.246105194091797
3.019897699356079,4.733771827171689,10.131115913391113
3.045154094696045,4.820421782388752,10.1924467086792
3.042081356048584,4.790440554863641,10.321019172668457
2.993696451187134,4.721326610472586,10.204577445983887
3.0932791233062744,4.776730434536669,10.191024780273438
3.0242795944213867,4.75098933688631,10.21153450012207
3.095839023590088,4.780197442176619,10.239178657531738
2.9995157718658447,4.781878287704394,10.200631141662598
3.0582356452941895,4.681494397277545,10.209148406982422
3.06732439994812,4.797508432097467,10.18376636505127
3.0431501865386963,4.810232627238812,10.197436332702637
3.0638818740844727,4.752717232863817,10.253538131713867
3.0476975440979004,4.798454872864698,10.19126033782959
3.0553431510925293,4.822514986519569,10.259016036987305
3.0265729427337646,4.779044534977792,10.307096481323242
3.0433385372161865,4.775097794531446,10.24055004119873
3.0527162551879883,4.745896930373939,10.27110767364502
3.0132267475128174,4.689817181123154,10.169600486755371
2.9786179065704346,4.792859733570367,10.228477478027344
3.0652005672454834,4.779219651062574,10.251978874206543
3.0541961193084717,4.833767641867911,10.174180030822754
3.1068174839019775,4.799719991594819,10.271926879882812
3.0170187950134277,4.745640432395573,10.310088157653809
3.0745177268981934,4.748952364149902,10.177260398864746
3.050928831100464,4.750777566439605,10.15947437286377
3.004371166229248,4.7467146681156,10.208706855773926
3.01936936378479,4.859687657394846,10.180048942565918
3.0521671772003174,4.774724287080711,10.270801544189453
2.9850378036499023,4.714040032022501,10.178504943847656
3.0175955295562744,4.762655113590881,10.105443000793457
3.039844512939453,4.800693186066512,10.16413402557373
3.080183744430542,4.747771139955148,10.232730865478516
3.093634843826294,4.805401809945969,10.259550094604492
3.0746395587921143,4.794394670353671,10.237600326538086
3.0755255222320557,4.7918000231230895,10.225135803222656
3.0038106441497803,4.8304399578566,10.266765594482422
3.0370147228240967,4.762648320291191,10.16086196899414
3.091121196746826,4.737507733649441,10.237893104553223
3.0680649280548096,4.770851306317906,10.217842102050781
3.0391149520874023,4.778416490215542,10.205634117126465
3.0620336532592773,4.796555524292801,10.148125648498535
3.076948642730713,4.818365780403837,10.284475326538086
3.0191941261291504,4.760355692290302,10.239767074584961
3.0290956497192383,4.800692087205659,10.29623794555664
3.08404278755188,4.783146972269086,10.128305435180664
3.084519147872925,4.776352784795952,10.241312980651855
3.0059280395507812,4.726476364935349,10.270578384399414
2.9841291904449463,4.699963944431927,10.209321022033691
3.0631213188171387,4.734878030139952,10.274264335632324
3.1043601036071777,4.805968751365851,10.235696792602539
3.0859127044677734,4.739932743034192,10.258658409118652
3.0571556091308594,4.788545465296401,10.17698860168457
3.0001220703125,4.804819723724255,10.246922492980957
2.98765230178833,4.75604171591944,10.18896484375
3.0410845279693604,4.753083277793069,10.179664611816406
3.0232930183410645,4.758053685937608,10.251816749572754
3.06158185005188,4.770644114485809,10.181724548339844
3.0558462142944336,4.790115051038031,10.243191719055176
3.0410068035125732,4.745456434520227,10.268226623535156
3.0351531505584717,4.807872699640159,10.235424041748047
3.044426202774048,4.777220507917392,10.206925392150879
3.018207311630249,4.752792251462649,10.212959289550781
3.041858196258545,4.77456292187396,10.24782657623291
3.0189318656921387,4.671060812060855,10.248595237731934
3.047609329223633,4.718448625312053,10.235915184020996
3.073838949203491,4.74448055062177,10.240986824035645
2.9483494758605957,4.7241172005888075,10.24690055847168
3.0597126483917236,4.755365680670367,10.179281234741211
2.991478204727173,4.747877646969366,10.240565299987793
3.0267770290374756,4.716176988224365,10.209905624389648
3.0990724563598633,4.8419281290178855,10.209587097167969
3.0775561332702637,4.805112468378087,10.25955867767334
3.0896077156066895,4.786611340008676,10.22666072845459
3.0231311321258545,4.852473147213459,10.258864402770996
3.0261361598968506,4.724081672661538,10.096322059631348
3.091475009918213,4.778447381852727,10.235613822937012
2.9962589740753174,4.687966669211165,10.185775756835938
3.070777654647827,4.803104835961546,10.384525299072266
3.0615005493164062,4.72040787458952,10.202083587646484
3.0591328144073486,4.752781794506259,10.165525436401367
3.030150890350342,4.752240457838135,10.196346282958984
3.0147347450256348,4.774388502218893,10.187736511230469
3.04643177986145,4.831631027228598,10.188689231872559
3.049424648284912,4.787811626680195,10.276809692382812
3.0241575241088867,4.718562347215734,10.154573440551758
3.015443801879883,4.764220788476191,10.227629661560059
3.0580949783325195,4.802908029141171,10.32496166229248
3.0600643157958984,4.817905630118081,10.179670333862305
3.0215702056884766,4.675389298370906,10.236719131469727
3.0609989166259766,4.822327614163182,10.237497329711914
3.0735530853271484,4.837789448776415,10.187175750732422
3.0449323654174805,4.787221512258318,10.16508674621582
3.03834867477417,4.727262107289529,10.166793823242188
3.0607378482818604,4.801371894377683,10.273458480834961
3.0475564002990723,4.773242944851518,10.179513931274414
2.999314308166504,4.792774822862286,10.144195556640625
3.093935966491699,4.787371788406745,10.174762725830078
2.946000099182129,4.651467085250521,10.201986312866211
3.072988986968994,4.756063690276019,10.195327758789062
3.0302555561065674,4.769382340035268,10.20863151550293
3.048219680786133,4.791203466975795,10.199150085449219
3.028416872024536,4.751560035627334,10.240728378295898
3.061946153640747,4.770633821043053,10.201095581054688
3.0556042194366455,4.732320873299614,10.284605026245117
2.9906632900238037,4.732361416365686,10.278780937194824
3.1248137950897217,4.801908917957917,10.200080871582031
3.048395872116089,4.820681423813638,10.308225631713867
3.04284405708313,4.748509407642164,10.325026512145996
2.9937665462493896,4.72222646312522,10.140485763549805
3.065886974334717,4.7299011703248,10.171436309814453
3.0416970252990723,4.805340476300833,10.256617546081543
2.9947509765625,4.782408411281982,10.241836547851562
3.036282539367676,4.7454296239385645,10.198284149169922
3.0566599369049072,4.776308649485664,10.261383056640625
3.0537567138671875,4.762965800406944,10.275434494018555
2.9937877655029297,4.740955858491362,10.188796997070312
3.0440192222595215,4.7970480379715035,10.284173011779785
3.026740312576294,4.735794770265264,10.279162406921387
3.0216379165649414,4.751488017849624,10.25497055053711
2.9900171756744385,4.70552273706666,10.216228485107422
3.034979820251465,4.744103800804753,10.159143447875977
3.062425136566162,4.811676431912929,10.218494415283203
3.08899188041687,4.810444934925597,10.23408317565918
3.0041418075561523,4.76437244218375,10.186769485473633
2.99135422706604,4.761966866673902,10.21811294555664
3.0240015983581543,4.794138477416709,10.290576934814453
3.019500732421875,4.732220307957115,10.240294456481934
3.008847236633301,4.727719175296702,10.267915725708008
3.0541162490844727,4.767779255385643,10.262884140014648
3.0769338607788086,4.751060484076983,10.274118423461914
3.0441133975982666,4.765685507761582,10.356597900390625
2.9748752117156982,4.736306243276755,10.140117645263672
3.0158631801605225,4.676069724040905,10.167729377746582
3.0112295150756836,4.721538316824341,10.247308731079102
3.0130677223205566,4.722403588106058,10.238174438476562
3.026143789291382,4.773929453554697,10.287264823913574
3.029633045196533,4.804235984804109,10.288473129272461
3.1069564819335938,4.841224328481726,10.213025093078613
3.0427160263061523,4.730859099721004,10.206573486328125
3.0001580715179443,4.765146592465629,10.23476505279541
3.0771875381469727,4.762262622526447,10.23034954071045
3.042426109313965,4.727376128280802,10.2229642868042
3.024409770965576,4.7139869089837045,10.225507736206055
3.070726156234741,4.758126164287595,10.221128463745117
3.0139150619506836,4.742432426960606,10.208478927612305
3.0406033992767334,4.846061779818099,10.262563705444336
3.0540244579315186,4.776139229968456,10.198183059692383
2.9992566108703613,4.717965449805239,10.200901985168457
3.0142905712127686,4.766606473829597,10.189126968383789
3.0054194927215576,4.735124865779653,10.186603546142578
3.044957399368286,4.742184469709173,10.250652313232422
3.033195734024048,4.794278371480427,10.17088794708252
2.974273204803467,4.75251904765277,10.212251663208008
2.9936797618865967,4.769927184962268,10.245410919189453
3.0395631790161133,4.755459956957826,10.256936073303223
3.054873466491699,4.782107755608325,10.254230499267578
3.009007453918457,4.811852212928768,10.19807243347168
2.9993577003479004,4.70468588426177,10.227067947387695
3.0366411209106445,4.799112900326561,10.29547119140625
2.9509172439575195,4.704717923155321,10.261021614074707
3.0366880893707275,4.709528577414208,10.263911247253418
2.9951820373535156,4.74727362833385,10.260993003845215
3.0594844818115234,4.800597366577546,10.139664649963379
3.0634264945983887,4.818783349789945,10.206758499145508
3.0135960578918457,4.767566487326154,10.198291778564453
3.051255226135254,4.8098970753739465,10.2041654586792
3.013948678970337,4.755387097364292,10.222015380859375
2.975482940673828,4.67240128260372,10.244659423828125
3.042863368988037,4.820836457257559,10.240702629089355
3.032935380935669,4.845170756036948,10.20427131652832
3.0547049045562744,4.796219535903739,10.207651138305664
3.0040335655212402,4.7375217477591445,10.270075798034668
3.0716841220855713,4.780093506943168,10.15296745300293
3.0456650257110596,4.713550379799147,10.179732322692871
3.0715856552124023,4.8268638378275295,10.285655975341797
2.9794647693634033,4.78140943161478,10.12464427947998
3.0383527278900146,4.775501589490367,10.151954650878906
2.9599103927612305,4.7410725107682605,10.239324569702148
3.0367722511291504,4.737286067900381,10.197382926940918
3.0551609992980957,4.827248754279156,10.16971206665039
3.0515973567962646,4.7535982819473634,10.19253921508789
3.0457866191864014,4.790655029272395,10.229194641113281
3.0252606868743896,4.757436207562153,10.168058395385742
3.055177688598633,4.762601103666904,10.179768562316895
3.069293975830078,4.774907921141546,10.272042274475098
3.032837152481079,4.79793484721865,10.208039283752441
2.9958393573760986,4.763243008371709,10.227901458740234
3.024562358856201,4.761025784803289,10.21403980255127
3.0945963859558105,4.816932989650272,10.262796401977539
3.019077777862549,4.760222652561165,10.231123924255371
3.0666146278381348,4.809038780396804,10.274272918701172
2.990490674972534,4.819252775682669,10.276694297790527
3.0336501598358154,4.7664347356850545,10.244420051574707
3.0592153072357178,4.82224446807855,10.192333221435547
3.0111210346221924,4.721377171376454,10.211648941040039
3.0676932334899902,4.803558607951605,10.233811378479004
2.9789063930511475,4.727701973236565,10.185202598571777
2.9879510402679443,4.739531221500198,10.20804214477539
3.0360822677612305,4.793304545305935,10.1765775680542
3.0701065063476562,4.84310504275241,10.184717178344727
2.951063632965088,4.749017300616418,10.2327880859375
3.0183258056640625,4.7763291264751135,10.185667991638184
3.0289857387542725,4.702344396717048,10.191488265991211
3.009204149246216,4.717770858135607,10.151302337646484
3.0029244422912598,4.808418232382142,10.199613571166992
3.0030291080474854,4.788595453470147,10.222661972045898
3.096135139465332,4.829547822009772,10.275870323181152
3.0730748176574707,4.8050576615746,10.207595825195312
3.0477962493896484,4.844504084138732,10.222047805786133
3.0074362754821777,4.796117371812995,10.267745018005371
2.981266498565674,4.7196957163645745,10.241047859191895
3.011737108230591,4.803333898573848,10.191253662109375
3.00730299949646,4.787575141227405,10.190079689025879
3.0565273761749268,4.799548445834911,10.22313117980957
3.0308265686035156,4.755740594318403,10.14340591430664
3.0428860187530518,4.8006897176549375,10.21703052520752
3.047760009765625,4.806464280134865,10.199663162231445
3.0720374584198,4.876837122752997,10.302864074707031
2.950984239578247,4.760549257642456,10.214798927307129
3.01412034034729,4.7663004710339,10.2876615524292
3.0313775539398193,4.703944174173687,10.24625015258789
2.9982264041900635,4.815918537555263,10.24613094329834
2.9704954624176025,4.672103732026049,10.196535110473633
2.981001138687134,4.825508280557447,10.222596168518066
3.013622999191284,4.794417363125831,10.226839065551758
3.029578685760498,4.786744907465099,10.229907989501953
3.0039844512939453,4.778488134399855,10.175145149230957
3.0420780181884766,4.812373163178563,10.28358268737793
3.065795660018921,4.733279814411486,10.171010971069336
3.0091488361358643,4.76079537716162,10.202981948852539
3.056037664413452,4.755288997132864,10.125255584716797
2.991746664047241,4.7895719691046645,10.247806549072266
2.972534418106079,4.755239686396505,10.187137603759766
3.049210548400879,4.812425382900983,10.200439453125
3.013033151626587,4.764468965719321,10.276318550109863
2.9551706314086914,4.694092407656301,10.188081741333008
3.035811185836792,4.8205660078674555,10.25831413269043
3.0401992797851562,4.798982298267739,10.299500465393066
3.0683815479278564,4.851863879078468,10.31661319732666
2.9524331092834473,4.758455555254061,10.183361053466797
3.0003795623779297,4.818386291153729,10.207557678222656
3.004636287689209,4.768588537682913,10.21383285522461
2.9984099864959717,4.760592426539266,10.295059204101562
3.083975315093994,4.796754707083372,10.238256454467773
2.982182502746582,4.7665243332407305,10.176793098449707
3.0342495441436768,4.778767754789442,10.252084732055664
2.99399995803833,4.756002855387383,10.297198295593262
3.068302631378174,4.777635400915253,10.204060554504395
3.0294244289398193,4.769462229916825,10.152442932128906
2.996940851211548,4.795302846735077,10.137752532958984
3.0036656856536865,4.766712366902669,10.15997314453125
3.0427467823028564,4.789630951393129,10.185342788696289
3.003054141998291,4.806346126200099,10.225720405578613
2.9926609992980957,4.764572232728825,10.247055053710938
2.9881393909454346,4.769033060641959,10.229930877685547
2.9888758659362793,4.688295396078112,10.281314849853516
2.9907336235046387,4.723667319697728,10.242825508117676
3.097843647003174,4.751765643778657,10.289361000061035
3.072172164916992,4.8451384767956505,10.184642791748047
3.0470612049102783,4.827874682577592,10.26220703125
3.039796829223633,4.742283718394382,10.179094314575195
3.0050570964813232,4.6843189762106965,10.126899719238281
2.9794976711273193,4.796930196495461,10.26364803314209
3.044959545135498,4.792198131293325,10.282808303833008
3.068310022354126,4.834534976531619,10.225271224975586
2.965895891189575,4.696776707756467,10.201678276062012
3.0425362586975098,4.852681326879455,10.221774101257324
3.0750441551208496,4.792405788021695,10.226590156555176
2.98921537399292,4.7560345595369915,10.185672760009766
3.036834716796875,4.74285521148704,10.252822875976562
3.0481340885162354,4.796641245118475,10.270488739013672
2.9710235595703125,4.754464629605146,10.156124114990234
3.017986536026001,4.763074354667748,10.204697608947754
3.0416383743286133,4.781673290068284,10.18437671661377
3.011674165725708,4.761529391032777,10.282879829406738
3.044475555419922,4.758394597663677,10.156105995178223
3.0175435543060303,4.799535260535777,10.213319778442383
2.991941452026367,4.704603151052392,10.290393829345703
3.048326015472412,4.770595803590758,10.195160865783691
3.042531967163086,4.771034364987697,10.198627471923828
3.0415828227996826,4.831492695525022,10.156868934631348
3.041898012161255,4.796088355194245,10.191776275634766
3.0246899127960205,4.841285232188446,10.198784828186035
2.9712395668029785,4.765044739935547,10.170933723449707
2.9945247173309326,4.759713389844235,10.285957336425781
2.9832255840301514,4.757438735304667,10.2625150680542
2.9998483657836914,4.783001960288467,10.244513511657715
3.002206802368164,4.773249468001138,10.151545524597168
3.0319199562072754,4.835188418194385,10.234055519104004
3.046729326248169,4.804414247362209,10.189411163330078
3.0694010257720947,4.8149390212326715,10.228494644165039
2.9836390018463135,4.761345600243659,10.212767601013184
2.996116876602173,4.805568466129314,10.208517074584961
3.0164105892181396,4.692278003819021,10.22075366973877
3.0478696823120117,4.821090289158747,10.206253051757812
3.000505208969116,4.755366598023102,10.265725135803223
2.948500871658325,4.752590303142955,10.256229400634766
3.039095163345337,4.761265857244975,10.246271133422852
3.029439926147461,4.813832142855972,10.251673698425293
3.0473480224609375,4.796702502561467,10.239787101745605
2.9799208641052246,4.7609137655901055,10.196691513061523
2.993954658508301,4.745079021368708,10.201910972595215
2.9509966373443604,4.678450163254248,10.148039817810059
3.0468459129333496,4.805445894366129,10.1235933303833
3.029278516769409,4.794068639366223,10.134918212890625
3.0135903358459473,4.755524768261238,10.201841354370117
3.0306644439697266,4.832468493375927,10.209552764892578
3.0464649200439453,4.764490814879537,10.270522117614746
3.031801223754883,4.883207408744576,10.243401527404785
2.970273971557617,4.78383298890133,10.230938911437988
3.0415408611297607,4.778989307515855,10.182328224182129
3.0543372631073,4.743068249729861,10.244758605957031
3.0472652912139893,4.789544339458059,10.167859077453613
3.0222365856170654,4.778734909703157,10.307355880737305
3.030294895172119,4.7712574019429415,10.196704864501953
3.0083811283111572,4.790842951574763,10.253711700439453
3.0364792346954346,4.8318490432575345,10.255520820617676
3.0347087383270264,4.756875130713785,10.273496627807617
3.0657715797424316,4.872380206660766,10.231486320495605
2.9515023231506348,4.801128940423951,10.26052474975586
3.0058982372283936,4.726175992350493,10.201950073242188
3.0038211345672607,4.7372345666600655,10.197050094604492
2.9941933155059814,4.701211242304583,10.146056175231934
3.003485918045044,4.7395337296516775,10.251546859741211
3.014761447906494,4.820632180598166,10.150774955749512
3.0010693073272705,4.728714273444243,10.237703323364258
3.0489678382873535,4.79761873741102,10.291251182556152
2.9725711345672607,4.745508489198983,10.228012084960938
3.008345365524292,4.788500800462705,10.250316619873047
2.9945406913757324,4.8341339748419285,10.265239715576172
2.974933385848999,4.792238406770464,10.229284286499023
3.0242996215820312,4.787954705102103,10.213203430175781
3.0776419639587402,4.771780387564961,10.197436332702637
3.003305673599243,4.777388131844678,10.19892406463623
3.0074188709259033,4.899556203978137,10.224063873291016
3.0246503353118896,4.836598968831822,10.224864959716797
2.9601194858551025,4.786322419830997,10.24152946472168
3.0258381366729736,4.74517330953053,10.203483581542969
2.983708620071411,4.729072605093409,10.205387115478516
3.0254461765289307,4.785134860913136,10.201316833496094
2.973567485809326,4.70678403833881,10.286523818969727
3.024582862854004,4.813444428578285,10.294510841369629
2.9927496910095215,4.732475900457107,10.220047950744629
3.033108711242676,4.8140189834604294,10.20106315612793
2.9523255825042725,4.748892736521417,10.241289138793945
3.084226131439209,4.816872550407424,10.16820240020752
3.0055832862854004,4.7751924803014845,10.248406410217285
3.036102294921875,4.778287588385864,10.144189834594727
3.023524522781372,4.832059725087935,10.179996490478516
2.9783272743225098,4.739977612725592,10.223763465881348
3.0308473110198975,4.7559378478409995,10.314888954162598
2.9756646156311035,4.769968308142519,10.199360847473145
2.988994598388672,4.746959931682794,10.155206680297852
3.0078775882720947,4.750088248268835,10.24951171875
2.9639198780059814,4.742231186113453,10.185468673706055
2.9983115196228027,4.763704235998115,10.256318092346191
2.9869801998138428,4.778514685242304,10.184157371520996
2.987457752227783,4.697687544294499,10.157530784606934
2.979224681854248,4.79302817865807,10.202117919921875
3.0239572525024414,4.757883721164295,10.2117919921875
3.0195531845092773,4.769770479727803,10.203702926635742
2.9963696002960205,4.725832908713659,10.25809097290039
3.0004043579101562,4.7922603401821116,10.21539306640625
3.0639238357543945,4.802399514908238,10.25816822052002
3.0225818157196045,4.796943947938937,10.239418983459473
2.979848623275757,4.764021609776787,10.206892967224121
3.0389273166656494,4.779239901674114,10.223133087158203
3.0328304767608643,4.7621195687845885,10.246648788452148
3.022089719772339,4.799977089344924,10.205784797668457
2.971522092819214,4.797868966823444,10.247864723205566
3.042464017868042,4.8442531733973215,10.218732833862305
3.009881019592285,4.86585666861252,10.197352409362793
2.989065408706665,4.745539690234832,10.240599632263184
2.9459056854248047,4.829986428609118,10.216897964477539
2.9701154232025146,4.744434062956965,10.2327299118042
2.952792167663574,4.723177039929267,10.223154067993164
2.945291757583618,4.6763676233323554,10.197330474853516
3.0343902111053467,4.785276299409036,10.19572639465332
2.953042507171631,4.79934914579748,10.197526931762695
3.0210516452789307,4.8267485558920145,10.243637084960938
3.006707191467285,4.767687471151086,10.261611938476562
2.9738292694091797,4.783192465214857,10.397497177124023
3.0363779067993164,4.819097194388243,10.266995429992676
3.023472785949707,4.755335152248985,10.218029022216797
3.018178939819336,4.767350464793188,10.229488372802734
2.9694786071777344,4.807504216974069,10.17807388305664
3.0127460956573486,4.78548789047636,10.221186637878418
2.9767038822174072,4.769015472814706,10.214855194091797
2.9977357387542725,4.802361701382323,10.211564064025879
3.01204776763916,4.737186399587829,10.2806396484375
2.9957051277160645,4.753819138177538,10.17294979095459
3.040252685546875,4.808957096089476,10.193537712097168
2.987955093383789,4.801553842012903,10.126310348510742
3.020416021347046,4.772649729990268,10.257610321044922
2.990064859390259,4.8234684938631425,10.210002899169922
2.9834797382354736,4.826126831317587,10.223703384399414
2.983450412750244,4.751855957288561,10.23155403137207
2.989511728286743,4.803694172363196,10.230307579040527
3.0100531578063965,4.813823337533645,10.224542617797852
3.0420262813568115,4.777224476050054,10.233930587768555
3.034008502960205,4.8562553043011585,10.24202823638916
2.999558687210083,4.747450480104558,10.211709976196289
2.9961330890655518,4.782736624391483,10.275432586669922
3.0324440002441406,4.810680804641119,10.212607383728027
3.0085437297821045,4.794891454711822,10.17696762084961
2.9185900688171387,4.704173639283649,10.213602066040039
2.9794347286224365,4.766551945824176,10.172795295715332
2.994392156600952,4.758122360666416,10.244293212890625
2.9968411922454834,4.744503507922802,10.247614860534668
2.9980361461639404,4.814724623757813,10.142621040344238
3.0116662979125977,4.872133963741362,10.295372009277344
2.999119281768799,4.732146688437622,10.237146377563477
2.976762056350708,4.721891224284523,10.263938903808594
2.9902665615081787,4.7473268405135185,10.218254089355469
3.0684549808502197,4.8194838954202295,10.210143089294434
2.973358631134033,4.703552306895809,10.218250274658203
3.0520682334899902,4.8717624992797415,10.263618469238281
3.0156586170196533,4.849045026881088,10.219400405883789
2.9676666259765625,4.752839296058353,10.30769157409668
2.998542547225952,4.8293429004760196,10.242385864257812
3.048879623413086,4.768873437374298,10.275382041931152
2.9929163455963135,4.770571060046287,10.200575828552246
2.960817575454712,4.792583556446647,10.143270492553711
3.008694887161255,4.773635141950632,10.174407958984375
2.9885425567626953,4.7330519095329295,10.260299682617188
3.0164599418640137,4.812486690169732,10.275629043579102
2.9688284397125244,4.748364713841251,10.191902160644531
2.9093313217163086,4.711216676747426,10.235505104064941
2.969287157058716,4.693240382342733,10.193634986877441
2.948967456817627,4.739576432155445,10.235513687133789
3.021467685699463,4.786361646638917,10.16739273071289
3.0458261966705322,4.844306088451829,10.188423156738281
2.9727108478546143,4.785850020857262,10.228572845458984
2.948258638381958,4.7901207788381726,10.202810287475586
2.9894464015960693,4.78325530643841,10.18067741394043
3.035623788833618,4.839703256264328,10.223085403442383
3.002650499343872,4.7774888657233,10.17759895324707
2.9930248260498047,4.7798644258707235,10.241409301757812
3.029245615005493,4.796779002994299,10.26736831665039
2.9614434242248535,4.671296930772119,10.27765941619873
2.9618160724639893,4.758761519033993,10.243782997131348
3.003934860229492,4.8351048813866715,10.232726097106934
2.982635498046875,4.846674166952393,10.199756622314453
2.9869608879089355,4.758521186620263,10.235547065734863
3.036038637161255,4.794971571703043,10.219083786010742
3.0043773651123047,4.833035494234148,10.196104049682617
2.9467179775238037,4.79442887507113,10.29833698272705
2.9903879165649414,4.773000535654968,10.197463989257812
3.0428411960601807,4.766787944361568,10.224029541015625
2.954899311065674,4.688361985875027,10.205613136291504
3.019298791885376,4.75581767303603,10.175984382629395
2.9913835525512695,4.709084991465455,10.170376777648926
3.001542806625366,4.756955606264195,10.179229736328125
2.995633840560913,4.83176859717683,10.215656280517578
2.9937586784362793,4.812039358607893,10.230947494506836
2.9756174087524414,4.7629937207925,10.193893432617188
2.944856882095337,4.770594523388094,10.194427490234375
3.0038793087005615,4.740773899314392,10.243000030517578
2.9731576442718506,4.773317907936871,10.290699005126953
3.0546727180480957,4.771548011772601,10.262203216552734
2.9738495349884033,4.8005982112538605,10.196693420410156
2.9630160331726074,4.8063350261654705,10.188572883605957
3.0410122871398926,4.865227180699419,10.262483596801758
2.985469341278076,4.765428506869025,10.22414779663086
2.9753711223602295,4.7691650746855885,10.152862548828125
3.0056164264678955,4.759251079588596,10.195444107055664
3.018080472946167,4.757675048229951,10.271000862121582
3.0234663486480713,4.791869461203792,10.255661010742188
3.017505407333374,4.858763334274824,10.165542602539062
3.003114700317383,4.802729687720005,10.291400909423828
2.9692745208740234,4.751511674174772,10.217779159545898
3.0111045837402344,4.831427384034864,10.17625617980957
2.994060754776001,4.770297277552475,10.27392292022705
3.0132393836975098,4.782414224364662,10.213716506958008
2.9705560207366943,4.785397969685229,10.246818542480469
2.9822678565979004,4.74825628434441,10.248573303222656
2.9922664165496826,4.771781524443733,10.17722225189209
2.971224069595337,4.789152940036729,10.202890396118164
2.977490186691284,4.7852327133129755,10.162798881530762
3.036201000213623,4.752922049490735,10.208600997924805
2.9429492950439453,4.784585991441937,10.206507682800293
2.9827730655670166,4.778813008584881,10.209233283996582
2.9986565113067627,4.855313717487402,10.32301139831543
2.9377238750457764,4.752962529027302,10.201395034790039
2.973302125930786,4.754899233080712,10.253872871398926
3.0053672790527344,4.7284742896445096,10.186403274536133
2.991751194000244,4.8046307106435835,10.192967414855957
3.026291608810425,4.861590045870149,10.237303733825684
3.009331464767456,4.792157645437068,10.197134017944336
2.936343193054199,4.767682486679404,10.262911796569824
2.9833669662475586,4.765906023460308,10.219687461853027
2.9286937713623047,4.6845534136518845,10.215004920959473
2.9783060550689697,4.750335506130276,10.190711975097656
3.0011682510375977,4.803762738958799,10.24248218536377
2.9560317993164062,4.776791892746197,10.224638938903809
2.985568046569824,4.7934720730409035,10.242691040039062
2.9475181102752686,4.758368331606366,10.278877258300781
2.9651455879211426,4.752600114859109,10.273563385009766
2.9425976276397705,4.671963103714266,10.273481369018555
3.004615068435669,4.806362158685391,10.180999755859375
2.9814021587371826,4.791019923752174,10.256890296936035
3.032689332962036,4.825762559693041,10.194494247436523
2.936464548110962,4.762652025125654,10.237865447998047
2.9637935161590576,4.73306094020206,10.339327812194824
3.007002353668213,4.796470859021481,10.177124977111816
3.023259162902832,4.861238624834057,10.211292266845703
3.0059566497802734,4.788648145506158,10.222546577453613
2.970144510269165,4.74283042333887,10.226874351501465
3.044732093811035,4.826908753519612,10.266643524169922
2.994615316390991,4.792844211516369,10.214624404907227
2.976313591003418,4.7009129052915215,10.129886627197266
3.0055835247039795,4.7464298696722835,10.287677764892578
2.976428270339966,4.843722871970385,10.17353630065918
2.9529218673706055,4.720469151590285,10.28547477722168
2.9987685680389404,4.745734244318945,10.20906925201416
3.009615898132324,4.753194416141404,10.216653823852539
2.9919841289520264,4.7643102000667055,10.257547378540039
2.970444917678833,4.837489289298122,10.247203826904297
2.9889330863952637,4.806467771663197,10.180288314819336
2.9734954833984375,4.836917542153969,10.204368591308594
3.0152440071105957,4.843177204685553,10.210119247436523
2.9661407470703125,4.757777034903743,10.223392486572266
2.9437148571014404,4.715336995332369,10.315982818603516
2.9707329273223877,4.772242672142705,10.25456714630127
2.976564645767212,4.810553772774126,10.292426109313965
2.991431951522827,4.790755412441546,10.216696739196777
2.993678092956543,4.804762004209416,10.165693283081055
2.9294533729553223,4.746614585264719,10.233063697814941
2.989806890487671,4.764423305700932,10.26595687866211
2.9765896797180176,4.794652498593288,10.233925819396973
2.9463002681732178,4.739810683298856,10.24201774597168
2.955662488937378,4.779369970484238,10.267648696899414
2.968125820159912,4.748781529288473,10.284618377685547
2.9847917556762695,4.782798427589504,10.181467056274414
2.9582650661468506,4.710764010037694,10.150084495544434
2.9719974994659424,4.769445280677506,10.185820579528809
2.990335464477539,4.758776035825058,10.236223220825195
2.953418731689453,4.7430478107583305,10.249789237976074
2.947162389755249,4.787238926926095,10.190518379211426
2.972188711166382,4.813215876430539,10.263198852539062
3.026522159576416,4.7978753217695544,10.289192199707031
3.0097951889038086,4.829535156455157,10.174625396728516
2.992570400238037,4.820620212471113,10.265975952148438
2.979560136795044,4.769384223102991,10.247633934020996
2.978119134902954,4.7516166873143195,10.244599342346191
2.9616050720214844,4.764676478026168,10.182762145996094
2.981626033782959,4.836839976121804,10.229143142700195
2.9907827377319336,4.815110942747976,10.221434593200684
2.9538230895996094,4.762792765528762,10.196846961975098
3.0122389793395996,4.802788685641384,10.186833381652832
3.0681958198547363,4.865419267044802,10.267267227172852
2.970435619354248,4.751166826779289,10.246384620666504
3.000920534133911,4.816946881690195,10.308144569396973
2.9744009971618652,4.798322291645621,10.187068939208984
3.0194454193115234,4.811388683206003,10.204540252685547
2.9414284229278564,4.7739629124158185,10.204790115356445
2.970646858215332,4.817231055615204,10.273383140563965
2.9814646244049072,4.859277747205592,10.224610328674316
3.002174139022827,4.80109190548371,10.28061294555664
2.9738993644714355,4.827631082718393,10.235170364379883
2.994384288787842,4.754095426926921,10.206939697265625
2.951525926589966,4.735626974276134,10.2282133102417
2.963850498199463,4.798082831482004,10.258968353271484
2.903151512145996,4.789493381444897,10.221839904785156
2.9801464080810547,4.751220613019542,10.240205764770508
2.9851279258728027,4.823760681153674,10.26118278503418
2.9757585525512695,4.906057713320479,10.309798240661621
3.010745048522949,4.880982734662082,10.252230644226074
2.8919365406036377,4.7278871092546195,10.147432327270508
2.9490814208984375,4.751679392065854,10.21785831451416
2.9632389545440674,4.783009868314756,10.267112731933594
2.9772837162017822,4.790470341120714,10.185881614685059
2.951066493988037,4.686439194949343,10.205334663391113
2.8882720470428467,4.714167887943664,10.177926063537598
2.9255783557891846,4.7546003081370145,10.148728370666504
2.9909534454345703,4.780169199154313,10.2158203125
3.002110004425049,4.792969143250957,10.139275550842285
2.9979312419891357,4.841652978810349,10.214153289794922
2.956918239593506,4.813397928706504,10.163360595703125
2.980330467224121,4.780799420883081,10.198662757873535
2.988118886947632,4.835769330982917,10.27646255493164
3.0219979286193848,4.763208962245179,10.191032409667969
3.024285316467285,4.785749701616754,10.302919387817383
3.0021073818206787,4.844407982292719,10.20943832397461
2.9425787925720215,4.781161923094519,10.259469985961914
2.959995746612549,4.801201245747507,10.260309219360352
3.0721874237060547,4.869297631084919,10.206095695495605
2.9986586570739746,4.76311153925157,10.214156150817871
2.9213547706604004,4.722928187444008,10.172354698181152
2.9919142723083496,4.762795333451192,10.138418197631836
2.9646201133728027,4.771665353461036,10.215271949768066
2.917477607727051,4.764638869657314,10.177386283874512
2.9132821559906006,4.711100797634573,10.296554565429688
2.9446451663970947,4.781779478370611,10.147266387939453
2.9756500720977783,4.74533636362425,10.230438232421875
3.0097103118896484,4.845578242193109,10.277509689331055
2.9496958255767822,4.794256601582415,10.158186912536621
2.975646734237671,4.776149693011705,10.181747436523438
3.009927749633789,4.855122507682868,10.166755676269531
2.9612278938293457,4.732255017418148,10.268375396728516
2.938692808151245,4.837813364807516,10.25868034362793
2.972221851348877,4.844197466071429,10.225433349609375
2.934009075164795,4.702689786707716,10.23890209197998
2.944573163986206,4.712724861289773,10.224538803100586
2.9460954666137695,4.7681690564911285,10.146759033203125
2.9814515113830566,4.811215767703418,10.22446060180664
2.999821662902832,4.871278032627222,10.266712188720703
2.9642601013183594,4.736992280231789,10.244646072387695
2.9957618713378906,4.787735247419083,10.148972511291504
2.9361867904663086,4.794071345889408,10.198333740234375
3.005528688430786,4.837908934535725,10.198771476745605
2.973507881164551,4.756252891583634,10.194828987121582
2.949186325073242,4.757743114971423,10.246594429016113
2.934894561767578,4.779178640805185,10.168355941772461
2.987449884414673,4.7880325577487906,10.158226013183594
3.041325330734253,4.88551684522203,10.18659496307373
2.904911518096924,4.785272717542414,10.193073272705078
3.004037380218506,4.797022021807996,10.203590393066406
2.9710049629211426,4.808861374023503,10.19798469543457
2.9233226776123047,4.762939896900207,10.172900199890137
2.906904458999634,4.776408414689025,10.308643341064453
2.9835598468780518,4.812572004872241,10.197494506835938
2.9529776573181152,4.7826436137381405,10.230758666992188
2.9651083946228027,4.757314882074882,10.245716094970703
2.9081308841705322,4.725628670504582,10.199219703674316
2.907758951187134,4.738712955632114,10.161285400390625
2.9567296504974365,4.794602002516123,10.233369827270508
2.9454917907714844,4.827572821207078,10.27656364440918
2.9402616024017334,4.807977333398802,10.232572555541992
2.9597978591918945,4.817519880166011,10.24674129486084
2.994070053100586,4.846624046697149,10.227836608886719
3.000722885131836,4.775448597701533,10.223393440246582
2.9924120903015137,4.823786197529573,10.32504940032959
2.961764335632324,4.852244228889634,10.192174911499023
2.9651339054107666,4.780909225311396,10.236199378967285
2.980113983154297,4.810251562490261,10.265694618225098
3.017240524291992,4.863177103256541,10.235530853271484
2.973484516143799,4.742496266029775,10.140087127685547
2.938416004180908,4.787440670521131,10.18618392944336
2.9895734786987305,4.781398428337915,10.088556289672852
2.9824819564819336,4.804089083968263,10.260284423828125
2.982236862182617,4.817395200221135,10.20030689239502
2.959477663040161,4.855422710234831,10.167451858520508
2.922761917114258,4.766608615705212,10.2802095413208
2.894728899002075,4.682590412674472,10.26623249053955
2.974623680114746,4.786048699835581,10.171794891357422
2.9401280879974365,4.793869825545698,10.220087051391602
2.94630765914917,4.765379831893369,10.206459045410156
2.974128484725952,4.800673891557381,10.285369873046875
2.9729936122894287,4.797438244302092,10.190557479858398
3.022549629211426,4.816698697196054,10.292617797851562
2.9378557205200195,4.828928999369963,10.215885162353516
3.0094242095947266,4.8532823732322345,10.2528076171875
2.9548604488372803,4.784060669663762,10.161500930786133
2.9569201469421387,4.814822958549485,10.166346549987793
2.9639711380004883,4.731248042612736,10.219437599182129
2.896343469619751,4.697348781595273,10.267078399658203
2.9715473651885986,4.853684569176819,10.198689460754395
2.987699508666992,4.841680813181613,10.156961441040039
3.0024755001068115,4.782862216500299,10.200918197631836
2.928907871246338,4.794768194667995,10.335805892944336
3.0232017040252686,4.809162285212161,10.229796409606934
2.9377098083496094,4.7741479471858055,10.201858520507812
2.928291082382202,4.77135539304332,10.219426155090332
2.925835371017456,4.764024149426924,10.157194137573242
2.9536337852478027,4.749460872129671,10.25745677947998
2.890458822250366,4.773273669948269,10.187270164489746
2.962535858154297,4.814539086672345,10.226522445678711
2.974248170852661,4.806154445478959,10.216955184936523
2.949740409851074,4.80259956945,10.302091598510742
2.9407758712768555,4.824765158817171,10.240015029907227
2.910195827484131,4.761227100289294,10.193870544433594
2.9893555641174316,4.822986350760663,10.253576278686523
2.9177303314208984,4.730630738760478,10.161314964294434
2.9589428901672363,4.829768797848374,10.25112247467041
2.981293201446533,4.9024503310211,10.229227066040039
2.953864336013794,4.799426887250905,10.17419147491455
2.9484004974365234,4.8026654874307235,10.194798469543457
2.909478187561035,4.7786828952043185,10.232096672058105
2.9847464561462402,4.762632766472442,10.2618989944458
2.9850196838378906,4.765656221524945,10.225235939025879
2.985990524291992,4.783358773216605,10.195124626159668
2.9603776931762695,4.8169238172870665,10.17164134979248
2.9660556316375732,4.817017338471487,10.241843223571777
2.9442081451416016,4.730991843655439,10.203207015991211
2.9871134757995605,4.843795931631965,10.23764419555664
2.9421279430389404,4.712569131682227,10.23931884765625
2.956868886947632,4.802187979287868,10.232964515686035
2.9523746967315674,4.8309988604991565,10.218751907348633
2.949077844619751,4.713889165415561,10.168505668640137
2.952877998352051,4.747015263585906,10.230267524719238
2.974335193634033,4.861753965894293,10.190343856811523
2.9393393993377686,4.72416629529159,10.312084197998047
2.959310531616211,4.80524367380089,10.144245147705078
2.9224536418914795,4.7902839463204145,10.164178848266602
2.9496796131134033,4.755652749478551,10.243509292602539
3.0111422538757324,4.80854280758649,10.222092628479004
2.9812204837799072,4.789866113602849,10.164539337158203
2.945995330810547,4.813428539816023,10.230642318725586
2.9381582736968994,4.75903092787069,10.272224426269531
3.014068603515625,4.810864116464342,10.204925537109375
2.9317543506622314,4.785788912891543,10.196638107299805
2.9550130367279053,4.757743017282337,10.198930740356445
2.9198505878448486,4.781806849142803,10.187284469604492
2.9878175258636475,4.7790001713936885,10.21514892578125
2.943027973175049,4.8077422673481385,10.2573881149292
2.9004123210906982,4.806330763468784,10.286076545715332
2.9793081283569336,4.850344630224364,10.268476486206055
2.970756769180298,4.795595988597987,10.284449577331543
2.9332404136657715,4.735104095323809,10.282196998596191
2.9749796390533447,4.869431329691516,10.19425106048584
2.9859619140625,4.803452990051093,10.28152847290039
2.9599132537841797,4.792271281958425,10.202791213989258
3.014359712600708,4.8128387643623025,10.251611709594727
2.9048256874084473,4.735393099719659,10.268826484680176
3.0203166007995605,4.815647187077307,10.234018325805664
2.8990447521209717,4.669811363132403,10.145805358886719
2.9630143642425537,4.790878866732653,10.245583534240723
2.9614033699035645,4.822494657876502,10.205764770507812
2.9192442893981934,4.749167826425817,10.179394721984863
2.975736379623413,4.760199908632785,10.277765274047852
2.9096927642822266,4.81259906035848,10.226981163024902
2.979607343673706,4.867132426738474,10.228320121765137
2.937843084335327,4.852142863541043,10.259867668151855
2.9330978393554688,4.864395568513178,10.137224197387695
2.9534401893615723,4.800539768866396,10.181774139404297
3.0122320652008057,4.833304881583899,10.156135559082031
2.925220251083374,4.788889849159334,10.212345123291016
2.962730884552002,4.790990446993549,10.22146224975586
2.9083266258239746,4.7882893229834735,10.20072078704834
2.9241394996643066,4.81928902728084,10.224048614501953
2.9122848510742188,4.763791820433523,10.18879508972168
2.8919713497161865,4.710727610658588,10.208517074584961
2.9848666191101074,4.857674704498745,10.155284881591797
2.9241766929626465,4.780443137944011,10.11467456817627
2.9811856746673584,4.822369551153055,10.194445610046387
2.937692642211914,4.803190264451717,10.20407772064209
2.9439172744750977,4.80637265499016,10.222801208496094
2.954115390777588,4.818059841370476,10.229145050048828
2.9424867630004883,4.816384646708945,10.20689868927002
2.944892406463623,4.726634063924264,10.16333293914795
2.913215160369873,4.8367643295787275,10.226388931274414
2.948622941970825,4.816168394704748,10.221023559570312
2.944770097732544,4.828712227721033,10.327978134155273
2.913992404937744,4.749591710677903,10.274049758911133
2.9127774238586426,4.739921810471319,10.211104393005371
2.9829251766204834,4.910729086359164,10.213677406311035
2.884432554244995,4.734618147136644,10.197225570678711
2.9031248092651367,4.759418968909554,10.181368827819824
2.981825113296509,4.854349812559251,10.232707977294922
2.9015636444091797,4.756754665968142,10.185440063476562
2.953665256500244,4.812032590054773,10.216848373413086
2.957463502883911,4.79459010021362,10.193111419677734
2.9949185848236084,4.887149067994739,10.199264526367188
2.933873176574707,4.79034806292371,10.22006893157959
2.9842474460601807,4.847173086866471,10.295522689819336
2.9573774337768555,4.860833344947812,10.152502059936523
2.9651918411254883,4.805772440241916,10.254451751708984
2.874847650527954,4.804906396793999,10.24061393737793
2.9854049682617188,4.868547858770138,10.171653747558594
2.9584202766418457,4.851834509288892,10.21588134765625
2.9398820400238037,4.766213685440432,10.261331558227539
2.9569668769836426,4.789483544449988,10.276204109191895
2.97430157661438,4.847128185776195,10.177254676818848
2.9066102504730225,4.835687557967114,10.126523971557617
2.967677116394043,4.828815378714352,10.20089054107666
2.970346689224243,4.849351122675995,10.280255317687988
2.941319704055786,4.8367476101765146,10.231761932373047
2.964221239089966,4.803053482402382,10.195457458496094
3.0191266536712646,4.823586594113814,10.264623641967773
2.975752115249634,4.839007866435818,10.227828979492188
2.943624973297119,4.834168410959786,10.181797981262207
2.965580940246582,4.775296436556215,10.217041015625
2.9634900093078613,4.77248797835117,10.21025562286377
2.9703524112701416,4.768064001608374,10.16447639465332
2.876216173171997,4.761660113032642,10.216669082641602
2.946413278579712,4.814308349641838,10.286806106567383
2.9734551906585693,4.859902309420119,10.215097427368164
2.9165427684783936,4.805705691454932,10.208229064941406
2.9009506702423096,4.744944569654763,10.272013664245605
2.9211502075195312,4.8157519177600205,10.239588737487793
2.9688634872436523,4.8194760220857065,10.213944435119629
2.934119462966919,4.742306211464372,10.223176956176758
2.959059715270996,4.832055692926848,10.233739852905273
2.9055798053741455,4.817274711992858,10.186992645263672
2.933640718460083,4.74431548510412,10.29079532623291
2.9472007751464844,4.850220898532176,10.246125221252441
2.992844581604004,4.831798251685021,10.194005012512207
2.9529430866241455,4.868747895816341,10.20308780670166
2.986809253692627,4.839646893619959,10.162872314453125
2.9323830604553223,4.828867885849571,10.228100776672363
2.9112510681152344,4.814540072477289,10.185222625732422
2.950118064880371,4.7961181648341675,10.185319900512695
2.9492123126983643,4.862749711344285,10.22871208190918
2.9461801052093506,4.860708561493084,10.1907958984375
2.9074738025665283,4.740256714268721,10.18039321899414
2.9189438819885254,4.7672508380242755,10.197120666503906
2.952679395675659,4.805641091096082,10.165475845336914
2.9149303436279297,4.775201931861894,10.233659744262695
2.952195644378662,4.834967466437125,10.268499374389648
2.9180097579956055,4.7960221203642766,10.195188522338867
2.9519472122192383,4.844021575558664,10.242208480834961
2.9423036575317383,4.802006798995925,10.272165298461914
2.9163429737091064,4.852732839395426,10.238090515136719
2.8871028423309326,4.73200924624689,10.136096954345703
2.9002256393432617,4.742372812703253,10.285713195800781
2.9416139125823975,4.818398938148415,10.19544792175293
2.9285202026367188,4.752329379419929,10.253556251525879
2.854938507080078,4.749927849342514,10.257040023803711
2.889394521713257,4.7612835239685545,10.135481834411621
2.862978935241699,4.688250830962455,10.168156623840332
2.9823360443115234,4.834649741017659,10.200162887573242
2.915308952331543,4.780757498960676,10.283393859863281
2.943758487701416,4.807321426691487,10.280965805053711
2.9103806018829346,4.803477868637336,10.203817367553711
2.8759682178497314,4.793485314053084,10.201178550720215
3.00930118560791,4.841209599814777,10.208083152770996
2.9088892936706543,4.841998174686783,10.250362396240234
2.975250005722046,4.886760953281607,10.224527359008789
2.9576783180236816,4.8761721306613515,10.19313907623291
2.9446394443511963,4.855986089611958,10.288491249084473
2.934319496154785,4.76529579313605,10.254284858703613
2.9289088249206543,4.752753216041518,10.217058181762695
2.9073739051818848,4.814221384735512,10.237907409667969
2.9556028842926025,4.839062736868592,10.210845947265625
2.979525089263916,4.849557627424863,10.221915245056152
2.8927667140960693,4.8261818678251345,10.202281951904297
2.9271435737609863,4.81372759594316,10.196319580078125
2.897000789642334,4.8279571028625865,10.228909492492676
2.8840880393981934,4.742070174909064,10.240022659301758
2.9265666007995605,4.881940916114088,10.209150314331055
2.9036529064178467,4.762486854834216,10.173824310302734
2.9182753562927246,4.728349935562749,10.225506782531738
2.8659543991088867,4.765797884236755,10.216230392456055
2.9264676570892334,4.816916522303862,10.243840217590332
2.950641393661499,4.78868674473571,10.262362480163574
2.915863275527954,4.855300733620035,10.182381629943848
2.953697681427002,4.876438564687435,10.166276931762695
2.9589667320251465,4.783023308164307,10.27343463897705
2.9326088428497314,4.845862038666383,10.248780250549316
2.9509494304656982,4.831198487264503,10.191083908081055
2.9739649295806885,4.82345691359868,10.193090438842773
2.9258999824523926,4.790729118111943,10.196619033813477
2.9626643657684326,4.832092496566474,10.223461151123047
2.9561715126037598,4.83589197884846,10.184039115905762
2.8712754249572754,4.75739724648052,10.21686840057373
2.9485275745391846,4.79192824754864,10.215208053588867
2.928095817565918,4.806789109949022,10.215789794921875
2.9579663276672363,4.833584095817059,10.212532043457031
2.9308011531829834,4.85520857386291,10.271469116210938
2.947514057159424,4.794047865717273,10.25100326538086
2.890692710876465,4.756023451020675,10.272613525390625
2.9721126556396484,4.90020065927612,10.156532287597656
2.9526350498199463,4.816160169230508,10.327486038208008
2.9141223430633545,4.842512734034764,10.239542961120605
2.874603748321533,4.744177966112536,10.216302871704102
2.942312002182007,4.836276713658922,10.206954956054688
2.9766969680786133,4.8501119131355415,10.240983009338379
2.9055190086364746,4.807374677953443,10.173810958862305
2.9500772953033447,4.839858009546463,10.2184476852417
2.8950278759002686,4.807520897094427,10.16787338256836
2.8748416900634766,4.818438780360989,10.195440292358398
2.915285348892212,4.7979973198712935,10.141744613647461
2.9304933547973633,4.804396839313475,10.223079681396484
2.9132513999938965,4.892559038807771,10.191336631774902
2.909599542617798,4.787618734175339,10.264608383178711
2.892068862915039,4.752677254279011,10.324785232543945
2.9295718669891357,4.836467164003157,10.209484100341797
2.946711778640747,4.839637671065118,10.263344764709473
2.877480983734131,4.7978031305995374,10.179450988769531
3.0194168090820312,4.870043041217806,10.21147346496582
2.924055576324463,4.800398745141657,10.219874382019043
2.950016975402832,4.80807398223052,10.231990814208984
2.972066640853882,4.933301605517045,10.161224365234375
2.944805383682251,4.801556983397209,10.1858491897583
2.932624101638794,4.811672001611441,10.282855033874512
2.973872661590576,4.894419632353155,10.168115615844727
2.9294517040252686,4.827183407332216,10.23078727722168
2.8902244567871094,4.806256536826758,10.239930152893066
2.886253595352173,4.7426760765125175,10.167318344116211
2.9333248138427734,4.837866904912516,10.215185165405273
2.856687545776367,4.721192498890949,10.262091636657715
2.8730897903442383,4.8097862451935995,10.198567390441895
2.891902208328247,4.794197297122862,10.30456829071045
2.933502197265625,4.87302718504465,10.215291976928711
2.9453659057617188,4.834872163965233,10.198190689086914
2.999112606048584,4.888977545446584,10.221942901611328
2.91752552986145,4.881313587106498,10.319754600524902
2.919602155685425,4.832453636652124,10.232475280761719
2.957751989364624,4.783685847651213,10.222886085510254
2.8552491664886475,4.760784748742091,10.147364616394043
2.9599666595458984,4.795009930751154,10.251564979553223
2.9724857807159424,4.822860227498626,10.101807594299316
2.985440254211426,4.859975414649982,10.247156143188477
2.9128689765930176,4.777152433459248,10.234447479248047
2.9464683532714844,4.892176860976699,10.123224258422852
2.9503650665283203,4.768657147451969,10.203064918518066
2.9526336193084717,4.864973366227267,10.195279121398926
2.8983328342437744,4.795774567772501,10.209063529968262
2.9417660236358643,4.8857667639053295,10.241968154907227
2.8614532947540283,4.828981696162373,10.286567687988281
2.9148240089416504,4.814560290159924,10.160280227661133
2.9697179794311523,4.898998652052666,10.24148178100586
2.96370530128479,4.869645823691306,10.189005851745605
2.9161014556884766,4.860692202113569,10.162763595581055
2.934006452560425,4.777498642514859,10.211240768432617
2.8690028190612793,4.809097636790414,10.179718017578125
2.9194464683532715,4.861773867027036,10.269360542297363
2.937098503112793,4.792662593369771,10.183265686035156
2.8678534030914307,4.771847585182903,10.300936698913574
2.9068799018859863,4.83143594278954,10.167863845825195
2.8563737869262695,4.764246530531506,10.259187698364258
2.9392130374908447,4.809607063453378,10.25193977355957
2.972165584564209,4.869099716290032,10.200374603271484
2.9021430015563965,4.7978611760772765,10.287373542785645
2.9085676670074463,4.85576570885522,10.259453773498535
2.919086456298828,4.806881132203021,10.258307456970215
2.907050609588623,4.8263854973816445,10.22223949432373
2.9275288581848145,4.883841937773728,10.209488868713379
2.9231998920440674,4.872650122403034,10.156283378601074
2.965736150741577,4.792981610034726,10.248674392700195
2.947615385055542,4.847393028072214,10.303215980529785
2.896472215652466,4.844218074709976,10.220060348510742
2.850314140319824,4.833834755833127,10.155956268310547
2.9098613262176514,4.842553472678576,10.187355995178223
2.975537061691284,4.923191729134747,10.188621520996094
2.900709867477417,4.840060110270445,10.271878242492676
2.9250032901763916,4.821243918700409,10.24449348449707
2.893484354019165,4.808519166195766,10.197458267211914
2.925074338912964,4.7918878199665675,10.212349891662598
2.916374444961548,4.766774089574548,10.241083145141602
2.981295347213745,4.8564697005120765,10.144231796264648
2.9465153217315674,4.8875886112385025,10.238136291503906
2.937328815460205,4.8657075489339014,10.250402450561523
2.920966625213623,4.831305655052088,10.252477645874023
2.9322049617767334,4.863801886261041,10.252941131591797
2.9053192138671875,4.827918173046782,10.223332405090332
2.8858425617218018,4.7926541031338274,10.223037719726562
2.8886356353759766,4.773580098824044,10.231155395507812
2.8745388984680176,4.799473595206759,10.198305130004883
2.889523506164551,4.88724071559097,10.20369815826416
2.9924705028533936,4.879649932862127,10.241373062133789
2.9161455631256104,4.775732742988372,10.144325256347656
2.9366610050201416,4.880806354639519,10.276826858520508
2.916755437850952,4.87901424809492,10.302289009094238
2.9686014652252197,4.82384229561181,10.229166984558105
2.903332471847534,4.817938339696932,10.202536582946777
2.9625518321990967,4.897115238875682,10.253782272338867
2.9282517433166504,4.7869849223976155,10.236604690551758
2.9022183418273926,4.83607889452417,10.212554931640625
2.8505775928497314,4.803413668980023,10.209259033203125
2.9152956008911133,4.8682952567136715,10.216548919677734
2.913755178451538,4.827954621553155,10.173105239868164
2.877877712249756,4.78036771268983,10.235160827636719
2.8849074840545654,4.791516632772983,10.275179862976074
2.875814437866211,4.794327290229766,10.176254272460938
2.8622448444366455,4.833052882259445,10.202217102050781
2.8973159790039062,4.812926129238413,10.163202285766602
2.9406204223632812,4.781497861657823,10.240476608276367
2.9038138389587402,4.800569729047961,10.162208557128906
2.9052538871765137,4.8673047638564775,10.273508071899414
2.9061543941497803,4.8423487225414386,10.251273155212402
2.906951427459717,4.859736135728391,10.197003364562988
2.974802255630493,4.864774557096617,10.262130737304688
2.929992198944092,4.850656738005845,10.206731796264648
2.9311442375183105,4.894436045150671,10.282864570617676
2.9309325218200684,4.915253178781963,10.180632591247559
2.9569828510284424,4.857537088649614,10.156553268432617
2.8904805183410645,4.74608609615825,10.176222801208496
2.9410979747772217,4.8841780825917205,10.209123611450195
2.925276517868042,4.891826120837193,10.252460479736328
2.9775595664978027,4.903416902026427,10.142102241516113
2.9791014194488525,4.883524939351315,10.192084312438965
2.9180374145507812,4.853227899875492,10.231874465942383
2.82429575920105,4.784365558165258,10.207881927490234
2.9241631031036377,4.8383545081929435,10.20463752746582
2.92716908454895,4.828355647091355,10.238182067871094
2.9331090450286865,4.8757150805488765,10.183791160583496
2.87773060798645,4.8257015182836245,10.214274406433105
2.9179635047912598,4.808339041790791,10.236700057983398
2.922177791595459,4.851531647677932,10.231321334838867
2.8837971687316895,4.848207073286177,10.303529739379883
2.9315319061279297,4.8958872691728175,10.204306602478027
2.948787212371826,4.850963164619835,10.25269889831543
2.9535632133483887,4.853842609761549,10.238262176513672
2.9703261852264404,4.8732417854480445,10.231463432312012
2.94577956199646,4.853850241251556,10.281585693359375
2.885563850402832,4.774652047648227,10.251699447631836
2.8788681030273438,4.816792961309797,10.183470726013184
2.925334930419922,4.860326506696375,10.207199096679688
2.9007723331451416,4.8586092438947945,10.216504096984863
2.9571876525878906,4.915459138241463,10.231722831726074
2.927802324295044,4.908564137860334,10.274551391601562
2.8922979831695557,4.784478727328991,10.187844276428223
2.9032211303710938,4.840695140118311,10.203327178955078
2.899167776107788,4.772910992881017,10.181026458740234
2.972911834716797,4.909150026672121,10.281722068786621
2.9065780639648438,4.836108732902045,10.223621368408203
2.9203317165374756,4.889919855931242,10.190377235412598
2.8779401779174805,4.822675928340426,10.261007308959961
2.93235445022583,4.8553902472236325,10.170464515686035
2.8866946697235107,4.7976180729456255,10.181779861450195
2.909520387649536,4.83576440259016,10.1494722366333
2.8788695335388184,4.835330448113382,10.228096008300781
2.922083854675293,4.869141229927274,10.262738227844238
2.9274747371673584,4.799053116901113,10.190695762634277
2.9066245555877686,4.818283319440006,10.2999267578125
2.9437055587768555,4.84012283165274,10.18592357635498
2.9542768001556396,4.869545846745106,10.186296463012695
2.911350727081299,4.8633516863919795,10.250736236572266
2.8869247436523438,4.7909980570631365,10.16778564453125
2.9038562774658203,4.915553722264511,10.196085929870605
2.877964496612549,4.8243904026956965,10.232566833496094
2.878556728363037,4.788670665118844,10.187492370605469
2.929020404815674,4.8070324772104085,10.176220893859863
2.9323742389678955,4.868160446640103,10.180740356445312
2.873518705368042,4.779331778774836,10.196977615356445
2.909222364425659,4.8572577470580915,10.246780395507812
2.928887128829956,4.830313281688307,10.270923614501953
2.97529935836792,4.938341414056985,10.21142292022705
2.888054847717285,4.828071936732158,10.240513801574707
2.948265552520752,4.849972004170662,10.197147369384766
2.893336772918701,4.781557735255253,10.170297622680664
2.866224527359009,4.8058997621161055,10.226064682006836
2.8966469764709473,4.873420329897532,10.219088554382324
2.899261474609375,4.890531406538295,10.16244125366211
2.9021239280700684,4.801208075335515,10.262468338012695
2.9038290977478027,4.832012614800727,10.24656867980957
2.865208148956299,4.796206670281078,10.199980735778809
2.887596607208252,4.865816376604405,10.241249084472656
2.925978422164917,4.845409701611581,10.199601173400879
2.8777506351470947,4.870373117637687,10.228189468383789
2.8782589435577393,4.797572941785411,10.260234832763672
2.9143593311309814,4.841997216123024,10.254097938537598
2.8386642932891846,4.768250830138901,10.228837966918945
2.888091564178467,4.863897859318448,10.26207160949707
2.924936532974243,4.870839076815173,10.284257888793945
2.8961944580078125,4.890232846673046,10.141217231750488
2.858018398284912,4.775310000338192,10.21696662902832
2.923273801803589,4.839769330008754,10.193374633789062
2.9276299476623535,4.90974111482501,10.257031440734863
2.926659107208252,4.928975719925282,10.157167434692383
2.9489083290100098,4.883222347058887,10.250654220581055
2.8952808380126953,4.85103602640863,10.21550178527832
2.8866615295410156,4.855373199197596,10.23067855834961
2.9264438152313232,4.859955545182206,10.228633880615234
2.9489898681640625,4.889288948183614,10.213020324707031
2.8954615592956543,4.858160112552079,10.224275588989258
2.8450417518615723,4.81435291136482,10.236414909362793
2.896864414215088,4.913388679668839,10.182737350463867
2.9023025035858154,4.897259775050251,10.200026512145996
2.902981758117676,4.842527005389066,10.197616577148438
2.9177937507629395,4.853761636951406,10.227505683898926
2.9462780952453613,4.888836565893144,10.258512496948242
2.909742832183838,4.829895079801125,10.233059883117676
2.909310817718506,4.827075657368238,10.308711051940918
2.9073657989501953,4.818491096541818,10.272722244262695
2.9301743507385254,4.8548282461373935,10.157279968261719
2.8384220600128174,4.7990522243614695,10.301043510437012
2.8944180011749268,4.833297627512366,10.147836685180664
2.9436094760894775,4.863633920737941,10.2813720703125
2.910370349884033,4.873333364359236,10.197918891906738
2.837806224822998,4.808589488567252,10.155945777893066
2.8961517810821533,4.820424563284698,10.167278289794922
2.8618481159210205,4.810177813816283,10.185090065002441
2.9180285930633545,4.893587713528956,10.222953796386719
2.883810043334961,4.9108697007011095,10.172951698303223
2.826843023300171,4.847176894179678,10.325684547424316
2.888803005218506,4.795540065837225,10.263558387756348
2.8705179691314697,4.852157342014835,10.147920608520508
2.9271461963653564,4.888005666534549,10.232600212097168
2.9178078174591064,4.869608224968293,10.202695846557617
2.8969762325286865,4.861258761092487,10.23462200164795
2.91867733001709,4.818242472396897,10.253050804138184
2.8804214000701904,4.859730253860887,10.269030570983887
2.8732244968414307,4.810503682321204,10.227987289428711
2.885301113128662,4.855075513844246,10.225630760192871
2.857609510421753,4.806078464491294,10.237918853759766
2.8885443210601807,4.848106042315651,10.263086318969727
2.9233932495117188,4.869363180827349,10.292713165283203
2.7953360080718994,4.8072324984906505,10.15280818939209
2.9049735069274902,4.904662590008229,10.157758712768555
2.8656365871429443,4.83269884663501,10.245416641235352
2.884536027908325,4.843613220312234,10.167715072631836
2.8785691261291504,4.8529397976983875,10.181083679199219
2.862462043762207,4.812730341950165,10.238676071166992
2.901404857635498,4.83655064150558,10.226414680480957
2.8870413303375244,4.823181054854233,10.175349235534668
2.8549752235412598,4.880429059632921,10.208879470825195
2.9403021335601807,4.925717441531431,10.215340614318848
2.9111058712005615,4.949838834581897,10.181361198425293
2.878587007522583,4.816548879457904,10.200027465820312
2.8636183738708496,4.802529483534662,10.23141098022461
2.908104181289673,4.88999237153413,10.227267265319824
2.9400033950805664,4.830230745220823,10.27675724029541
2.8832616806030273,4.870980817192633,10.23994255065918
2.8880136013031006,4.783658956410363,10.170415878295898
2.901205062866211,4.818153663039474,10.274469375610352
2.874037027359009,4.803093903864335,10.153167724609375
2.9087398052215576,4.895938697104741,10.31396770477295
2.9245831966400146,4.895159355131909,10.206690788269043
2.8874762058258057,4.837935106396409,10.179571151733398
2.9530627727508545,4.91114705534918,10.195954322814941
2.908392906188965,4.890543709109937,10.270303726196289
2.8669533729553223,4.800477983330244,10.308511734008789
2.893425226211548,4.8742518207790075,10.220865249633789
2.8717172145843506,4.789267064537853,10.183035850524902
2.8716936111450195,4.839944578175034,10.238224029541016
2.892240285873413,4.880685904129807,10.186795234680176
2.929842472076416,4.938803737517446,10.200294494628906
2.8298091888427734,4.82559349254838,10.294076919555664
2.829500913619995,4.854123389714265,10.197006225585938
2.8642237186431885,4.774779021274298,10.196584701538086
2.8711962699890137,4.880395236624671,10.275357246398926
2.889094829559326,4.860907957523263,10.150535583496094
2.9437081813812256,4.915786696764241,10.280118942260742
2.90067195892334,4.897239734252383,10.191657066345215
2.8386523723602295,4.848959857730994,10.22010612487793
2.890618085861206,4.872320181789941,10.244890213012695
2.941514015197754,4.913325523392165,10.234634399414062
2.8967738151550293,4.877610155348001,10.157325744628906
2.8939850330352783,4.8938755483499605,10.211566925048828
2.8490171432495117,4.8520127599393685,10.179183959960938
2.912142753601074,4.866784987472264,10.219386100769043
2.9388816356658936,4.883704040166256,10.276593208312988
2.829759359359741,4.7967226367244225,10.221991539001465
2.906550645828247,4.918026532844773,10.264480590820312
2.8914296627044678,4.850798206270806,10.2517671585083
2.883504867553711,4.915538868800337,10.190511703491211
2.853227376937866,4.853276594142828,10.21972942352295
2.889312267303467,4.88666084255757,10.219170570373535
2.8989076614379883,4.861924694318856,10.20438289642334
2.876370429992676,4.82429531469409,10.295586585998535
2.8752036094665527,4.8399054667845895,10.274774551391602
2.927105188369751,4.90040782646143,10.171147346496582
2.9113736152648926,4.933060191372143,10.259885787963867
2.933945655822754,4.862103930907324,10.229934692382812
2.8392837047576904,4.853587106701785,10.210365295410156
2.9609405994415283,4.8640985979831655,10.246820449829102
2.9538967609405518,4.8920304724015296,10.24384880065918
2.8824782371520996,4.886208787094802,10.194280624389648
2.85664963722229,4.8709790441872824,10.169442176818848
2.855717658996582,4.848197786969,10.188810348510742
2.9056546688079834,4.908343299391812,10.308314323425293
2.897083282470703,4.894187133393383,10.271050453186035
2.899266242980957,4.911636982212907,10.208023071289062
2.900617837905884,4.841482511688291,10.144716262817383
2.8319177627563477,4.762181986322894,10.21116828918457
2.862975835800171,4.8454395537264645,10.159565925598145
2.906297445297241,4.906513606863363,10.248388290405273
2.850811719894409,4.823638013929927,10.224929809570312
2.8913352489471436,4.9044341516148835,10.208462715148926
2.9169232845306396,4.964987559609914,10.236672401428223
2.8983631134033203,4.896590786387345,10.141919136047363
2.8807098865509033,4.93333676607082,10.267752647399902
2.8944342136383057,4.915717453329957,10.206151008605957
2.8682241439819336,4.815544833828296,10.229588508605957
2.8971846103668213,4.778127246935452,10.27394962310791
2.9075443744659424,4.843757097143681,10.148697853088379
2.848172426223755,4.85424171467977,10.167587280273438
2.945298433303833,4.917182053173228,10.246596336364746
2.9219558238983154,4.891482133917244,10.190420150756836
2.8410532474517822,4.841437321455617,10.23513126373291
2.864168882369995,4.874913959863728,10.165124893188477
2.8683042526245117,4.8443651725538075,10.227771759033203
2.9107956886291504,4.829651309942295,10.261804580688477
2.848156690597534,4.868838961635317,10.234768867492676
2.870445728302002,4.830720292437555,10.252517700195312
2.877558946609497,4.8365213300234515,10.224329948425293
2.8972694873809814,4.869815135973373,10.170523643493652
2.950657606124878,4.874507638259924,10.220293045043945
2.863868236541748,4.860089495345684,10.26333236694336
2.901562452316284,4.880243276345676,10.207801818847656
2.924405574798584,4.863300253371043,10.157699584960938
2.876142740249634,4.85050251211838,10.217231750488281
2.8310303688049316,4.810416281023728,10.267786026000977
2.940797805786133,4.933986449148506,10.274297714233398
2.8682472705841064,4.8762092235764225,10.206546783447266
2.884063720703125,4.871223413252404,10.135113716125488
2.9240028858184814,4.909406563333635,10.18796157836914
2.8761420249938965,4.922131317002433,10.172000885009766
2.928248643875122,4.896714376551764,10.344325065612793
2.881502389907837,4.849317499369914,10.281229019165039
2.8787193298339844,4.863725123960259,10.233991622924805
2.836162567138672,4.8311159937709025,10.219612121582031
2.889643907546997,4.8947354061861645,10.204353332519531
2.8779470920562744,4.918865383768987,10.152444839477539
2.8638978004455566,4.899299220980279,10.246244430541992
2.893742084503174,4.815012798544817,10.210359573364258
2.8941688537597656,4.9031856714282185,10.227622985839844
2.903272867202759,4.867011350446513,10.2005615234375
2.8726212978363037,4.9370904274484415,10.229347229003906
2.8155899047851562,4.787689719349147,10.195207595825195
2.867079973220825,4.825086806734492,10.17162799835205
2.8863277435302734,4.841236109978386,10.247044563293457
2.8901727199554443,4.901030117812168,10.208229064941406
2.9205515384674072,4.874257249458294,10.179659843444824
2.854905366897583,4.87795073721957,10.23287582397461
2.8438568115234375,4.889465809400592,10.243795394897461
2.919752359390259,4.894467501801306,10.166006088256836
2.856173515319824,4.835635753381732,10.23294734954834
2.8908252716064453,4.8967009565926025,10.199664115905762
2.8644919395446777,4.840959895402192,10.218280792236328
2.9328267574310303,4.896332902800557,10.170995712280273
2.8660800457000732,4.858521942082526,10.11876392364502
2.8333497047424316,4.871862100404022,10.18053150177002
2.815760850906372,4.8301718063719035,10.239160537719727
2.8362390995025635,4.865121003672747,10.279468536376953
2.8668320178985596,4.8605822882881125,10.128602027893066
2.8693830966949463,4.851729831392212,10.212225914001465
2.8399200439453125,4.836312272020482,10.120235443115234
2.9068398475646973,4.916293688949995,10.191865921020508
2.867457389831543,4.903680631691324,10.167734146118164
2.855987548828125,4.849237298426618,10.198612213134766
2.862368583679199,4.818230555126709,10.227663040161133
2.9255590438842773,4.970944849874026,10.177633285522461
2.8787567615509033,4.8569720077794045,10.204597473144531
2.8950817584991455,4.827313764552985,10.16028118133545
2.8219187259674072,4.824670631105879,10.103524208068848
2.8246636390686035,4.837249948776194,10.210229873657227
2.8789052963256836,4.893157467645194,10.219270706176758
2.8490653038024902,4.837948299179387,10.193746566772461
2.8996171951293945,4.883809460027676,10.198802947998047
2.849153995513916,4.875312119788889,10.17776870727539
2.8950438499450684,4.865834380333711,10.168750762939453
2.8954570293426514,4.898446889294844,10.244166374206543
2.8533072471618652,4.854181810381955,10.191388130187988
2.886265993118286,4.928940590371245,10.24699592590332
2.836313247680664,4.737951158379604,10.22425651550293
2.9225943088531494,4.914320343806009,10.245182991027832
2.8833627700805664,4.864210101210379,10.251968383789062
2.888014316558838,4.9427922278576135,10.28996467590332
2.87892484664917,4.883915357391483,10.170242309570312
2.804276466369629,4.825705728327323,10.209574699401855
2.873487949371338,4.811166690030534,10.165949821472168
2.9127423763275146,4.93406283828829,10.19482707977295
2.900428533554077,4.858946052812305,10.302997589111328
2.8278279304504395,4.841511112804125,10.266748428344727
2.889486312866211,4.909138921515218,10.192091941833496
2.8366305828094482,4.787602590064385,10.210848808288574
2.878340721130371,4.905360999317574,10.100622177124023
2.8448219299316406,4.893519646820746,10.190023422241211
2.861020088195801,4.872963963841487,10.217777252197266
2.889538049697876,4.904621414341299,10.263168334960938
2.8827977180480957,4.88066891644017,10.213984489440918
2.8758444786071777,4.884693986536669,10.186466217041016
2.8614227771759033,4.860166735381687,10.142388343811035
2.8557348251342773,4.874341699594099,10.235071182250977
2.855433464050293,4.914654760854319,10.187809944152832
2.892286777496338,4.893367436581424,10.26873779296875
2.829141139984131,4.871564136418913,10.17479133605957
2.8461639881134033,4.833632136229426,10.209880828857422
2.8482651710510254,4.884217328990676,10.2535400390625
2.8374722003936768,4.825566625854533,10.223515510559082
2.8739800453186035,4.899325954694567,10.203133583068848
2.8205902576446533,4.852938537984821,10.15384578704834
2.9081404209136963,4.873089383356273,10.166847229003906
2.863382577896118,4.955795327999762,10.32106876373291
2.89156174659729,4.935349466977641,10.201019287109375
2.843221664428711,4.860590319282243,10.206819534301758
2.8517346382141113,4.892935572657734,10.177204132080078
2.8435652256011963,4.831937153025397,10.180866241455078
2.9251513481140137,4.9365026710688,10.198381423950195
2.8490679264068604,4.902868707498004,10.226319313049316
2.8332438468933105,4.911089498416654,10.23290729522705
2.827401876449585,4.8292304263450205,10.195845603942871
2.883617639541626,4.917438008223794,10.230426788330078
2.90396785736084,4.901428742833169,10.18531608581543
2.8414928913116455,4.844344959760617,10.170913696289062
2.888474941253662,4.8502647083452235,10.223776817321777
2.8525302410125732,4.786149603181651,10.280403137207031
2.847850799560547,4.842480686992141,10.195831298828125
2.8418784141540527,4.857663302349725,10.216672897338867
2.874901294708252,4.87345572743964,10.165640830993652
2.8063626289367676,4.813613772625104,10.264220237731934
2.8367016315460205,4.894518512500716,10.21810245513916
2.843135118484497,4.903975049000499,10.219139099121094
2.8234896659851074,4.893709019624762,10.17404556274414
2.820784091949463,4.8809376173054,10.244878768920898
2.819896697998047,4.814461325760931,10.272431373596191
2.8890280723571777,4.916931959634114,10.21119213104248
2.8410186767578125,4.8678567790359795,10.305938720703125
2.813162088394165,4.833355174100559,10.28575325012207
2.8765580654144287,4.925231719090204,10.206618309020996
2.8722565174102783,4.88552131144596,10.2147798538208
2.8876454830169678,4.974382252997851,10.176451683044434
2.823737859725952,4.838697714198913,10.262144088745117
2.817749261856079,4.799956852570176,10.229576110839844
2.817682981491089,4.857581184578261,10.203634262084961
2.815138339996338,4.849264981624271,10.222477912902832
2.9231996536254883,4.891948670281896,10.13086986541748
2.8603668212890625,4.891984130621754,10.298274993896484
2.829761505126953,4.820440438875396,10.28412914276123
2.903165578842163,4.883757324756257,10.259220123291016
2.8517684936523438,4.845997763830903,10.281702995300293
2.8340330123901367,4.827084955892393,10.221930503845215
2.8105993270874023,4.826135408698714,10.216318130493164
2.853876829147339,4.859860944727968,10.23281192779541
2.8615293502807617,4.895569197933323,10.219136238098145
2.8800227642059326,4.899122077206682,10.237430572509766
2.8386027812957764,4.870191646340702,10.253653526306152
2.824647903442383,4.892626071781186,10.18148422241211
2.891495704650879,4.883527188694902,10.255959510803223
2.864987850189209,4.931876749132893,10.240105628967285
2.846040725708008,4.86953066053268,10.186180114746094
2.8215346336364746,4.8583772927190045,10.169118881225586
2.8216514587402344,4.834325211056109,10.214964866638184
2.804198980331421,4.784164493105242,10.269144058227539
2.8463573455810547,4.876256907558335,10.241995811462402
2.892458200454712,4.913037297981126,10.237027168273926
2.8393807411193848,4.906883302410799,10.211668014526367
2.8835668563842773,4.913321821651022,10.195091247558594
2.8697526454925537,4.831559591793588,10.247262001037598
2.865253448486328,4.803795096431194,10.212291717529297
2.8884031772613525,4.888609440498319,10.159872055053711
2.8719215393066406,4.85901056552705,10.134015083312988
2.861330509185791,4.928395792010374,10.149125099182129
2.847841501235962,4.905835306105604,10.189209938049316
2.8792247772216797,4.967549910269944,10.209259033203125
2.832752227783203,4.858365904306993,10.252209663391113
2.8660783767700195,4.87414029390285,10.170723915100098
2.797402858734131,4.823499424615875,10.237360000610352
2.842832565307617,4.851910502749629,10.213152885437012
2.7999839782714844,4.842725494444104,10.154269218444824
2.7905681133270264,4.868063465359488,10.272592544555664
2.847862958908081,4.904688187143099,10.249114990234375
2.864224910736084,4.882350794837943,10.244051933288574
2.849459648132324,4.874194738288809,10.21000862121582
2.8225059509277344,4.866996986192784,10.226855278015137
2.828514814376831,4.908104370248371,10.276247024536133
2.849139451980591,4.9399274657147805,10.227495193481445
2.821577310562134,4.868591371191932,10.155406951904297
2.839669704437256,4.900120242033153,10.26795768737793
2.850315570831299,4.806417227755967,10.191003799438477
2.897056818008423,4.882331778395123,10.154193878173828
2.8725149631500244,4.921015738443073,10.184785842895508
2.8819832801818848,4.881416174649661,10.22713565826416
2.8535988330841064,4.873271950753407,10.136789321899414
2.8429336547851562,4.90043558702538,10.179071426391602
2.816174030303955,4.858911504104202,10.102188110351562
2.867161989212036,4.951846568479335,10.235489845275879
2.8434505462646484,4.846575115075601,10.22922134399414
2.8726537227630615,4.926780740165018,10.272493362426758
2.8124072551727295,4.809120438893192,10.130331039428711
2.8359458446502686,4.905472405687241,10.217333793640137
2.791778564453125,4.831560726144484,10.237359046936035
2.8161189556121826,4.844929240976593,10.238027572631836
2.8489978313446045,4.920674264031861,10.19744873046875
2.836308717727661,4.842190277696188,10.198152542114258
2.8321521282196045,4.905729584894808,10.256036758422852
2.859614372253418,4.884462218997735,10.175765991210938
2.7768869400024414,4.816765375634921,10.183695793151855
2.870800256729126,4.9416777873411775,10.224272727966309
2.832686185836792,4.854056010554944,10.19485855102539
2.835850715637207,4.897278071514198,10.259334564208984
2.8271069526672363,4.8714234766417315,10.223630905151367
2.843116283416748,4.868299037151571,10.212871551513672
2.7669260501861572,4.854266841663048,10.275389671325684
2.8245134353637695,4.876353006111457,10.293131828308105
2.8491592407226562,4.889139608014376,10.232198715209961
2.8869128227233887,4.922044811604012,10.178122520446777
2.8181397914886475,4.851198701487322,10.210092544555664
2.7884161472320557,4.810906089975366,10.1905517578125
2.8764309883117676,4.9267392327144215,10.220865249633789
2.8197643756866455,4.888873930521576,10.210786819458008
2.8786158561706543,4.900118910641011,10.182637214660645
2.8827877044677734,4.9062875356924325,10.197122573852539
2.8356382846832275,4.914311712807311,10.163775444030762
2.8546173572540283,4.9337149185926785,10.181641578674316
2.842747449874878,4.895489669138832,10.223896026611328
2.8711612224578857,4.928545399369406,10.184807777404785
2.85778546333313,4.830072375979008,10.28028392791748
2.8550126552581787,4.952627523536129,10.181633949279785
2.781345844268799,4.802454903389195,10.333418846130371
2.852625846862793,4.972990063285189,10.17979907989502
2.8255772590637207,4.92697484225833,10.209281921386719
2.8281726837158203,4.8645354088928014,10.22510051727295
2.831089496612549,4.856261728464493,10.209329605102539
2.8827712535858154,4.975398224379335,10.181367874145508
2.8337020874023438,4.947378781690661,10.244917869567871
2.827962636947632,4.919704683923296,10.163422584533691
2.8248438835144043,4.8620278580180765,10.266218185424805
2.8837718963623047,4.948104434979282,10.202923774719238
2.8588268756866455,4.878955393331125,10.16986083984375
2.856168508529663,4.879873961509605,10.190089225769043
2.8263778686523438,4.883615525905043,10.261100769042969
2.8200249671936035,4.848471795574629,10.247568130493164
2.7697067260742188,4.83633645201501,10.228459358215332
2.8397295475006104,4.886818158506816,10.16880989074707
2.853863000869751,4.8590760799790065,10.212509155273438
2.79008412361145,4.864376529419263,10.204238891601562
2.86171817779541,4.867751732402082,10.269378662109375
2.8093650341033936,4.893302865858589,10.177119255065918
2.841794490814209,4.916444015389841,10.229738235473633
2.8221447467803955,4.892950940843937,10.149940490722656
2.8106141090393066,4.865623324776866,10.23646068572998
2.82738995552063,4.878103051900066,10.256315231323242
2.8234057426452637,4.876949860281976,10.22995376586914
2.800191640853882,4.8663688934008995,10.234151840209961
2.8238677978515625,4.873506058107263,10.234661102294922
2.879605293273926,4.938652974320576,10.333184242248535
2.849003553390503,5.01707603403234,10.237911224365234
2.8762359619140625,4.961381501019267,10.270879745483398
2.774022102355957,4.869037533777633,10.248915672302246
2.8180930614471436,4.878149345450636,10.199893951416016
2.8592581748962402,4.947121465345845,10.149852752685547
2.8222548961639404,4.88464811194821,10.155529975891113
2.8599190711975098,4.928347321825901,10.188020706176758
2.840350866317749,4.908276422148836,10.301218032836914
2.793132781982422,4.859553786194217,10.215259552001953
2.8047842979431152,4.879463497249942,10.227575302124023
2.8260653018951416,4.81906835269183,10.245135307312012
2.8766140937805176,4.969946380205719,10.137360572814941
2.800100326538086,4.850540617913274,10.143373489379883
2.8466410636901855,4.940278966212645,10.150952339172363
2.867039918899536,4.903651361353695,10.245739936828613
2.891777515411377,4.925723680228527,10.155662536621094
2.9005119800567627,4.9317765233905195,10.240315437316895
2.861855983734131,4.93805737450852,10.228240013122559
2.9025332927703857,5.0001271641148,10.224639892578125
2.820946216583252,4.902378079980346,10.160602569580078
2.8415560722351074,4.935374208825774,10.23360824584961
2.8501033782958984,4.925628303350614,10.262720108032227
2.8536219596862793,4.927867410937324,10.236802101135254
2.7959210872650146,4.872150074091873,10.276026725769043
2.843654155731201,4.957429329798158,10.163680076599121
2.834627628326416,4.897838183811733,10.231757164001465
2.801556348800659,4.812390162842347,10.291488647460938
2.8300533294677734,4.97153534201373,10.282541275024414
2.8570306301116943,4.891464880068919,10.246408462524414
2.8229622840881348,4.868246035450804,10.138921737670898
2.8361337184906006,4.912339867258977,10.21165657043457
2.768850326538086,4.842421009404851,10.145391464233398
2.8252995014190674,4.926150613597461,10.210898399353027
2.857781171798706,4.974224135013564,10.253202438354492
2.7914445400238037,4.923036441107149,10.235807418823242
2.8934619426727295,4.950455685744861,10.201560974121094
2.8259048461914062,4.946692438397024,10.173677444458008
2.853942394256592,4.956326017056458,10.210813522338867
2.8539199829101562,4.955935057319168,10.228925704956055
2.839001417160034,4.875974305739095,10.246549606323242
2.8388054370880127,4.9243498795466225,10.29161548614502
2.813145399093628,4.9622763375685155,10.28175163269043
2.8182122707366943,4.944456438766792,10.12536907196045
2.7892568111419678,4.895437215920538,10.166074752807617
2.8499579429626465,4.947036647969591,10.143803596496582
2.763664484024048,4.868205321254209,10.182199478149414
2.818803548812866,4.924171657501055,10.226659774780273
2.8415300846099854,4.946437159253817,10.184549331665039
2.846540689468384,4.867788575356826,10.153661727905273
2.851051092147827,4.922650992870331,10.187898635864258
2.7981584072113037,4.888820395372542,10.169185638427734
2.826995372772217,4.899025090271607,10.141861915588379
2.784302234649658,4.949192999496257,10.28154182434082
2.841120481491089,4.94973640662751,10.209188461303711
2.8113646507263184,4.92361145157234,10.15835189819336
2.840721607208252,4.829073171829805,10.209163665771484
2.860959768295288,4.903073275894193,10.23717212677002
2.8113484382629395,4.784070176438296,10.134889602661133
2.830554962158203,4.966166806872934,10.240839958190918
2.8711116313934326,4.9897649192716935,10.198470115661621
2.8283159732818604,4.911119615792163,10.231121063232422
2.765838384628296,4.894549586244725,10.192184448242188
2.82035493850708,4.9026991290572495,10.269698143005371
2.7940261363983154,4.880939264050019,10.238360404968262
2.8302218914031982,4.855055394682235,10.267965316772461
2.856144666671753,4.968695179526028,10.21200180053711
2.7401676177978516,4.843570420185902,10.251129150390625
2.7795751094818115,4.891118820789936,10.219202995300293
2.8291375637054443,4.9397874681744725,10.172390937805176
2.8253748416900635,4.932848650962114,10.19464111328125
2.7729032039642334,4.928951213136315,10.262499809265137
2.79002046585083,4.87646250180634,10.147171020507812
2.8789381980895996,4.965206436114386,10.183073997497559
2.808382511138916,4.854859133350796,10.232776641845703
2.7975423336029053,4.915628465724045,10.201733589172363
2.8383896350860596,4.949915557999962,10.24698543548584
2.818610668182373,4.892777833289334,10.260961532592773
2.8628876209259033,4.960312789904752,10.221328735351562
2.7915210723876953,4.907435494308759,10.214080810546875
2.8317503929138184,4.950791222908134,10.216792106628418
2.87406063079834,4.944765752879903,10.194681167602539
2.816579818725586,4.878815752221271,10.223015785217285
2.7909860610961914,4.839633774843866,10.212587356567383
2.8290059566497803,4.9026860800305645,10.225055694580078
2.822448253631592,4.8813553688981175,10.150579452514648
2.8368709087371826,4.908519770550941,10.231009483337402
2.824796199798584,4.923371277283877,10.23664379119873
2.822378635406494,4.941007369397474,10.172386169433594
2.8262109756469727,4.928485974237057,10.297776222229004
2.835597038269043,4.98841733216042,10.243282318115234
2.8097214698791504,4.898666494825323,10.203834533691406
2.846290111541748,4.941827362303489,10.213868141174316
2.837825298309326,4.88193880720064,10.178508758544922
2.818777322769165,4.958982115212296,10.173186302185059
2.8270418643951416,4.967218545232234,10.229698181152344
2.7937076091766357,4.8568057738178005,10.203218460083008
2.7741403579711914,4.915106873560165,10.174224853515625
2.804412364959717,4.886725611252976,10.191969871520996
2.7657625675201416,4.852177417271638,10.23413372039795
2.837839126586914,4.976021743080179,10.174371719360352
2.8253378868103027,4.982578510418534,10.179449081420898
2.7586100101470947,4.89383688921641,10.148719787597656
2.8425557613372803,4.940973863005638,10.166191101074219
2.8075313568115234,4.940153303888759,10.250804901123047
2.8765175342559814,4.986848744297667,10.170019149780273
2.875864267349243,4.9922074744078735,10.200691223144531
2.8280341625213623,4.9884357831573904,10.281452178955078
2.818307638168335,4.869993332274524,10.256353378295898
2.7666733264923096,4.905639981285536,10.242853164672852
2.8094232082366943,4.9507983673829585,10.197595596313477
2.798969030380249,4.9118459720297585,10.170125961303711
2.7764320373535156,4.903793152854113,10.260781288146973
2.784879446029663,4.879222190672797,10.209543228149414
2.7489161491394043,4.866303155830662,10.191394805908203
2.7867770195007324,4.886512086660202,10.187975883483887
2.8539347648620605,4.933632222702727,10.244563102722168
2.832517147064209,4.965249285866905,10.222216606140137
2.8356645107269287,4.955950661795213,10.161563873291016
2.8448240756988525,4.934850953985006,10.169696807861328
2.843059539794922,4.945909318746999,10.193115234375
2.8338983058929443,4.975863753086222,10.137292861938477
2.8215272426605225,4.962820432248658,10.277887344360352
2.833383321762085,4.935191906190345,10.227770805358887
2.884762763977051,5.044756898822795,10.142596244812012
2.8312900066375732,4.963682072469965,10.17402172088623
2.86650013923645,4.944418614630455,10.199631690979004
2.7840981483459473,4.885257711234901,10.173609733581543
2.80631947517395,4.90720604762568,10.246419906616211
2.8345625400543213,4.914782949390688,10.18288516998291
2.854762077331543,4.980226313529004,10.132662773132324
2.826371669769287,4.94563903024287,10.207356452941895
2.8487279415130615,5.0058330952056815,10.161270141601562
2.8288414478302,4.960358804524211,10.126455307006836
2.8166000843048096,4.87781065366497,10.196249008178711
2.783264398574829,4.876603338168934,10.209161758422852
2.7985994815826416,4.9053092889953405,10.188631057739258
2.8232765197753906,4.865478634335367,10.143693923950195
2.8126790523529053,4.951862879030939,10.248204231262207
2.8642356395721436,4.967995054421149,10.206591606140137
2.823446750640869,4.991002803867948,10.207131385803223
2.8384623527526855,4.933134428258719,10.201343536376953
2.806828737258911,4.902802736066015,10.190279006958008
2.815530300140381,4.921505083396499,10.21194076538086
2.83644700050354,4.991972405563242,10.083072662353516
2.834080457687378,4.92120002336534,10.208438873291016
2.816056728363037,4.932715904732634,10.185053825378418
2.8570141792297363,4.912952255723731,10.221834182739258
2.8304927349090576,4.963453748363204,10.141779899597168
2.838408946990967,4.987475521030969,10.164070129394531
2.8427882194519043,4.984116900778775,10.19078254699707
2.779001474380493,4.901036899337279,10.169661521911621
2.800830125808716,4.908387826389767,10.226861000061035
2.84613299369812,4.923271527713431,10.216669082641602
2.85223126411438,4.991970217221283,10.164495468139648
2.7898826599121094,4.935160734258326,10.304523468017578
2.8452396392822266,4.99124855800931,10.172800064086914
2.8024351596832275,4.918361954723618,10.187971115112305
2.79253888130188,4.889087131246924,10.183457374572754
2.719306230545044,4.829853969858958,10.255873680114746
2.8196654319763184,4.996842525333964,10.207128524780273
2.7981035709381104,4.920760365968038,10.249978065490723
2.82501220703125,4.931887454619366,10.257317543029785
2.84214448928833,4.9499059617186765,10.174144744873047
2.8022329807281494,4.942006421441745,10.239013671875
2.8634018898010254,5.0103055218434225,10.17048168182373
2.848036289215088,4.964425957462351,10.244779586791992
2.8082773685455322,4.92797187675855,10.188570022583008
2.820748805999756,5.006291925641043,10.161348342895508
2.8488986492156982,4.9492086345063795,10.248594284057617
2.7507009506225586,4.8867883618721475,10.18232250213623
2.8138225078582764,4.986791686653824,10.16995620727539
2.7706408500671387,4.919191009897206,10.177366256713867
2.8041281700134277,4.94229532033205,10.212810516357422
2.8453989028930664,4.990711016580462,10.173051834106445
2.850247621536255,4.933994738185513,10.239666938781738
2.7988815307617188,4.950081216936399,10.214436531066895
2.8049895763397217,4.919732226724072,10.191567420959473
2.826911687850952,5.008350987386492,10.1218900680542
2.788264513015747,4.946702134895272,10.233856201171875
2.827996253967285,4.982160260036056,10.21049690246582
2.8154048919677734,4.923979836748914,10.117669105529785
2.7944602966308594,4.9211389238147865,10.297938346862793
2.8144869804382324,4.874957694572264,10.25657844543457
2.766490936279297,4.876124046909223,10.247147560119629
2.7986764907836914,4.931182890997401,10.20952320098877
2.8538715839385986,4.9576513894301435,10.224287033081055
2.7979776859283447,4.95822171850263,10.19137191772461
2.7843854427337646,4.942892365157604,10.22900676727295
2.8118057250976562,4.974334405901443,10.151193618774414
2.7434380054473877,4.87844896572642,10.166433334350586
2.8538832664489746,4.934695458072903,10.248590469360352
2.8161206245422363,4.945124658390081,10.224609375
2.8354835510253906,4.963524303798164,10.219865798950195
2.7795772552490234,4.919348835379683,10.216876983642578
2.8503353595733643,4.927423239718857,10.207405090332031
2.7803146839141846,4.944700458752258,10.26656723022461
2.834649085998535,4.971682289947888,10.245558738708496
2.813852310180664,4.891064300867063,10.227301597595215
2.7778608798980713,4.942207074857183,10.215095520019531
2.789398193359375,4.926481097005308,10.228214263916016
2.8235385417938232,4.934748231000932,10.22201919555664
2.777209520339966,4.88292703501481,10.19690227508545
2.818067789077759,4.999088002834468,10.27591609954834
2.7975869178771973,4.950022610536377,10.210153579711914
2.795964241027832,4.92454787772814,10.254803657531738
2.8537049293518066,4.963391724973917,10.222063064575195
2.7823879718780518,4.913256347645073,10.112447738647461
2.7757365703582764,4.975149880296417,10.185729026794434
2.8131327629089355,4.932767780630716,10.167351722717285
2.7431187629699707,4.8520216473178674,10.24777889251709
2.771833658218384,4.908262547903828,10.229097366333008
2.8016767501831055,4.946669219793485,10.250701904296875
2.8642220497131348,5.0088346595543305,10.161042213439941
2.795598268508911,4.933913674305326,10.147790908813477
2.8180763721466064,4.94464271758417,10.237443923950195
2.859459400177002,4.992162689167474,10.223115921020508
2.7718448638916016,4.960187797867028,10.204626083374023
2.8301501274108887,5.009782463079318,10.173800468444824
2.8248164653778076,4.921787920507735,10.263269424438477
2.8317034244537354,4.928106869870264,10.193443298339844
2.7562179565429688,4.857465346410338,10.186531066894531
2.7929911613464355,4.921958350875814,10.182741165161133
2.816058397293091,4.977982153351019,10.202038764953613
2.8204896450042725,4.991158812473128,10.221047401428223
2.7651171684265137,4.89219796654236,10.2031888961792
2.8053267002105713,4.965032198167007,10.171870231628418
2.815715789794922,4.96599882594975,10.184557914733887
2.7856531143188477,4.988138369617186,10.1279935836792
2.826744794845581,5.041922905182998,10.269546508789062
2.8737807273864746,4.9973114970406245,10.27756118774414
2.7986037731170654,4.916434418775939,10.265438079833984
2.776580333709717,5.006013298839596,10.255670547485352
2.7515969276428223,4.929579869212051,10.158590316772461
2.812222480773926,4.95569991942362,10.202309608459473
2.8023862838745117,4.949133777259184,10.20241928100586
2.8064067363739014,4.913931191799097,10.188844680786133
2.8026955127716064,4.920033703624671,10.188129425048828
2.8260464668273926,4.994574578911331,10.172296524047852
2.7962279319763184,5.04491981917194,10.191563606262207
2.8083271980285645,4.940459209993215,10.187345504760742
2.787214517593384,4.943215136216688,10.209299087524414
2.755328416824341,4.966662727329614,10.145370483398438
2.831721782684326,4.9764671924723585,10.116737365722656
2.840643882751465,4.9615956241531025,10.282115936279297
2.832564353942871,4.967523020891738,10.167315483093262
2.7832751274108887,4.9443079800278475,10.194402694702148
2.829713821411133,4.95036432845518,10.219320297241211
2.7871320247650146,4.977442281021337,10.213197708129883
2.8027889728546143,4.940394122619182,10.18865966796875
2.765171766281128,4.911540638854993,10.197404861450195
2.8213043212890625,5.0275445176355005,10.241338729858398
2.700094223022461,4.945565045412097,10.191827774047852
2.787353277206421,4.946245746886624,10.206109046936035
2.8398497104644775,5.030613974601564,10.135286331176758
2.802112102508545,4.960444816754067,10.164443969726562
2.7989883422851562,4.9943504737956195,10.181693077087402
2.7814178466796875,4.93365949026442,10.207209587097168
2.8038125038146973,4.9207464438597,10.293633460998535
2.745936393737793,4.913888032814222,10.198741912841797
2.7970523834228516,4.970406528262954,10.273804664611816
2.784672975540161,4.952442831193497,10.18114948272705
2.807490825653076,5.006399213203363,10.22768497467041
2.8139381408691406,5.044190998588289,10.21574592590332
2.8445377349853516,4.995514807989821,10.246129989624023
2.7968499660491943,4.974666629518782,10.209882736206055
2.784240245819092,4.921160195754576,10.161879539489746
2.800642251968384,4.979486122694132,10.272360801696777
2.8226284980773926,4.992297723523474,10.1922607421875
2.8049631118774414,4.988478400179053,10.200236320495605
2.755666732788086,4.968904539277511,10.15413761138916
2.7933201789855957,4.985026858480913,10.11861801147461
2.7914016246795654,4.927711558993906,10.2332124710083
2.773242712020874,4.912642948462494,10.21546745300293
2.7519021034240723,4.910672714235261,10.219417572021484
2.773005962371826,4.974685173514965,10.237913131713867
2.750563621520996,4.929015427195866,10.165202140808105
2.753671884536743,4.905442023882642,10.164709091186523
2.7650158405303955,4.960020963069318,10.234333992004395
2.7642533779144287,4.927951098452987,10.149484634399414
2.770940065383911,4.9310253984627455,10.226133346557617
2.75732421875,4.91419109256406,10.248779296875
2.737304210662842,4.941346909418436,10.218505859375
2.791102170944214,4.980009221737939,10.164529800415039
2.822359561920166,4.919235128410427,10.199251174926758
2.81740403175354,4.981828619459909,10.190375328063965
2.7619855403900146,4.967151691538415,10.192989349365234
2.7844176292419434,4.98346460214816,10.251994132995605
2.783690929412842,4.9591116727595885,10.17790699005127
2.7519211769104004,4.948164345496999,10.182812690734863
2.8321449756622314,4.9950467122585644,10.192148208618164
2.8060154914855957,4.94130754989705,10.179505348205566
2.7611138820648193,4.943960433393451,10.15364933013916
2.765965461730957,4.91484715101043,10.159868240356445
2.784726858139038,4.945657526109634,10.144868850708008
2.7892675399780273,4.967510585772938,10.214249610900879
2.773214340209961,4.965974008498182,10.20333194732666
2.7299818992614746,4.9264758933734685,10.243192672729492
2.82350492477417,5.0082382021604905,10.214713096618652
2.808850049972534,4.979390176911172,10.188423156738281
2.7499146461486816,4.951613864794905,10.177875518798828
2.792832136154175,4.9728030417713205,10.190938949584961
2.798963785171509,4.974067182679262,10.221659660339355
2.838204860687256,5.017674949685378,10.191967010498047
2.8344054222106934,5.027251499039787,10.184577941894531
2.754577398300171,4.947096235883821,10.219253540039062
2.753159523010254,4.920908001284779,10.235679626464844
2.800694227218628,4.975471205310896,10.206562995910645
2.783129930496216,5.044398570832397,10.271932601928711
2.767559766769409,4.996462951181456,10.178773880004883
2.78043270111084,5.040024914778769,10.200490951538086
2.769789934158325,5.01380045312856,10.213037490844727
2.854494333267212,4.98116939877426,10.209766387939453
2.759340524673462,4.944856740767135,10.177127838134766
2.808062791824341,5.009068763116375,10.097862243652344
2.754807710647583,4.963375422371818,10.219562530517578
2.7794029712677,4.962386574629428,10.125575065612793
2.778250217437744,4.979077168108363,10.234525680541992
2.776171922683716,4.977595839150516,10.261516571044922
2.7661375999450684,5.0308075156395455,10.204663276672363
2.8321309089660645,4.995439480191894,10.214487075805664
2.757864236831665,4.977085502718442,10.2533540725708
2.7695703506469727,5.039380371537326,10.193174362182617
2.878978729248047,4.998827863251791,10.207489013671875
2.7779934406280518,4.9215564576443285,10.221115112304688
2.811006784439087,5.00035429579605,10.196819305419922
2.766300916671753,4.934942672261968,10.193490028381348
2.7424566745758057,4.984936698107049,10.167010307312012
2.757631540298462,4.964384975377469,10.21182632446289
2.7702200412750244,4.946957057940641,10.13194465637207
2.7743239402770996,4.921246973764417,10.2368803024292
2.8082709312438965,4.94375494907477,10.141651153564453
2.719572067260742,4.943267051529672,10.194643020629883
2.69370174407959,4.894385819157053,10.180283546447754
2.8069064617156982,4.9519053079587,10.216621398925781
2.8422067165374756,4.978598370316572,10.140920639038086
2.796304225921631,4.9426883368287235,10.17906665802002
2.7597720623016357,4.950739098313663,10.14235782623291
2.8298747539520264,5.0250729204687685,10.256220817565918
2.786205530166626,5.046215529087931,10.259389877319336
2.793078899383545,5.018020482733846,10.204800605773926
2.8090603351593018,4.932174852816388,10.18405818939209
2.779956817626953,4.996984619148342,10.187243461608887
2.7895491123199463,5.007373441376591,10.177386283874512
2.778703451156616,4.956010336189398,10.19813346862793
2.7780797481536865,4.9996951098686875,10.154173851013184
2.7859725952148438,5.0050271783423215,10.257711410522461
2.72066068649292,5.002729375514068,10.218270301818848
2.7923755645751953,4.95867025759071,10.176830291748047
2.834080696105957,5.026156128251127,10.281465530395508
2.8168911933898926,5.058772178832442,10.157386779785156
2.769366502761841,4.979924465163744,10.155537605285645
2.788095474243164,5.019039433881906,10.178035736083984
2.8039402961730957,4.997170097427444,10.199600219726562
2.772568941116333,4.93047890885334,10.241837501525879
2.80963397026062,5.043450079259595,10.129158020019531
2.748405694961548,5.000410252317255,10.170608520507812
2.7802653312683105,4.910042487583788,10.175655364990234
2.7873401641845703,5.005265498899721,10.24681282043457
2.807194232940674,5.039531134501367,10.320100784301758
2.7708072662353516,4.979889733118139,10.193872451782227
2.8491640090942383,5.06554315804637,10.213475227355957
2.7740683555603027,5.026524197077379,10.149665832519531
2.7943904399871826,5.047500734649866,10.169042587280273
2.7974789142608643,5.0526772285146375,10.166550636291504
2.7684836387634277,5.03137829291102,10.13725471496582
2.7537577152252197,5.003461972610758,10.104742050170898
2.7726035118103027,5.012447733864454,10.165159225463867
2.7729039192199707,5.016831387865491,10.135383605957031
2.786540985107422,5.014299751425694,10.174838066101074
2.7752480506896973,4.9836044575619916,10.111682891845703
2.765366792678833,4.974198915729565,10.188814163208008
2.8109703063964844,5.021222681638651,10.238368034362793
2.750779390335083,5.05725728514205,10.197202682495117
2.8220431804656982,5.082484912526395,10.130158424377441
2.7460522651672363,4.991455836055268,10.2206392288208
2.7517340183258057,4.952234261868787,10.092267036437988
2.744462490081787,4.8928080776905905,10.218124389648438
2.8014986515045166,5.094772975958352,10.257681846618652
2.7718818187713623,5.025388046234315,10.234352111816406
2.7713353633880615,5.10160443539332,10.152567863464355
2.7846689224243164,4.986737302970141,10.213143348693848
2.7820534706115723,4.948748458110328,10.171985626220703
2.7131588459014893,4.897027146437074,10.134954452514648
2.8056769371032715,4.92048135935329,10.217788696289062
2.780876636505127,5.0777425828855485,10.213447570800781
2.8297646045684814,5.064213345791878,10.23944091796875
2.7813282012939453,5.009506752947345,10.179835319519043
2.745147228240967,4.971876277954185,10.2153902053833
2.7420268058776855,4.975033352118252,10.29824447631836
2.7579376697540283,5.013747031068696,10.199605941772461
2.730764865875244,4.946007440066231,10.205265045166016
2.7309908866882324,5.001005609553041,10.28321647644043
2.736177682876587,4.9315532093002865,10.174565315246582
2.8119404315948486,5.052307356082435,10.191923141479492
2.833963632583618,5.028264707087406,10.322210311889648
2.790517568588257,5.012624723803518,10.177854537963867
2.7444820404052734,5.009301928071572,10.133830070495605
2.7840185165405273,5.0448203688221325,10.235139846801758
2.7362711429595947,4.953683904205848,10.301192283630371
2.728811740875244,4.957475534074808,10.209596633911133
2.8222920894622803,5.071636342277218,10.163063049316406
2.7684226036071777,5.0015751312021175,10.22146987915039
2.7644498348236084,5.054544416189725,10.200210571289062
2.7509093284606934,4.986317535596235,10.233793258666992
2.784106492996216,5.012449265923352,10.153066635131836
2.7532918453216553,4.970239554132734,10.193501472473145
2.771390914916992,5.045862532054473,10.261194229125977
2.7210257053375244,4.885209409786123,10.15568733215332
2.7956247329711914,5.07558851858734,10.177468299865723
2.82405686378479,5.090168676106259,10.1824951171875
2.767667770385742,5.049949938331597,10.12158203125
2.821509838104248,5.018024035230545,10.242164611816406
2.7829911708831787,4.9771925104848505,10.18637466430664
2.718355417251587,4.975120999550979,10.213924407958984
2.7900335788726807,5.0422142934652845,10.173908233642578
2.8186120986938477,5.064787158110578,10.190699577331543
2.808319330215454,5.004376590817369,10.206323623657227
2.7797231674194336,4.983150322855051,10.195690155029297
2.7644214630126953,4.91428858889932,10.190200805664062
2.75148868560791,4.961973192735708,10.255895614624023
2.730524778366089,4.916621149816949,10.228111267089844
2.768430709838867,5.039970144163817,10.208044052124023
2.7928709983825684,5.040309573357392,10.224194526672363
2.7471206188201904,4.91809889285027,10.160787582397461
2.7331204414367676,4.992510646082727,10.195194244384766
2.7312371730804443,5.006786907191521,10.214493751525879
2.7680985927581787,5.027678105913635,10.16412353515625
2.746453285217285,5.009198943984562,10.08138656616211
2.795677661895752,5.033150284484561,10.187570571899414
2.772325038909912,5.0299633262412895,10.1627197265625
2.796403646469116,4.9935660258467705,10.261025428771973
2.8002731800079346,5.021819264594732,10.180188179016113
2.7686290740966797,5.03006247916658,10.160497665405273
2.7623374462127686,5.018316558662003,10.21327018737793
2.812124729156494,5.012327262632815,10.163057327270508
2.7992982864379883,5.062156843088035,10.21957778930664
2.7398979663848877,5.000602569697159,10.208137512207031
2.756218433380127,5.0228958702646205,10.156366348266602
2.7560245990753174,4.970524954709357,10.211660385131836
2.755521297454834,4.960777534038893,10.152460098266602
2.7886416912078857,5.072449019511363,10.213180541992188
2.762739896774292,4.9447521852728515,10.17358112335205
2.7863171100616455,5.061766179744154,10.134172439575195
2.749492883682251,5.002126559814704,10.234834671020508
2.774233102798462,4.97988642871912,10.211576461791992
2.748054027557373,5.014921453781425,10.137458801269531
2.7570016384124756,5.06018234822633,10.1681547164917
2.8062145709991455,5.039599422199119,10.197245597839355
2.7552456855773926,4.992613614636606,10.18489933013916
2.788472890853882,5.0545699433090965,10.16214656829834
2.7411491870880127,5.043527365429326,10.222761154174805
2.7532336711883545,4.982586578798614,10.155784606933594
2.7876179218292236,5.019822491465935,10.22622013092041
2.7665300369262695,5.031578773665907,10.199419975280762
2.728078603744507,5.0045272953409174,10.160409927368164
2.7939491271972656,5.0062033941171,10.240160942077637
2.7884960174560547,5.054240414872765,10.21563720703125
2.7446742057800293,4.994904247245619,10.16261100769043
2.7450504302978516,5.047308449966034,10.152356147766113
2.7712271213531494,5.00275680994881,10.183521270751953
2.765350818634033,4.983113391757278,10.148979187011719
2.7056937217712402,4.941133631459837,10.211525917053223
2.7097084522247314,4.920493264216931,10.204036712646484
2.7773149013519287,4.987159178858357,10.23737907409668
2.7641632556915283,5.079405388528747,10.152477264404297
2.766904592514038,5.028087683354637,10.125750541687012
2.767500877380371,5.105136981267216,10.208751678466797
2.750153064727783,4.952530214396704,10.185039520263672
2.742650032043457,4.907316886720115,10.217569351196289
2.720080852508545,5.033195576065086,10.171919822692871
2.749520778656006,4.970052955938237,10.178672790527344
2.783311367034912,5.026445677903082,10.184486389160156
2.773038387298584,4.961618016972872,10.133508682250977
2.7322275638580322,5.0223262508931965,10.068986892700195
2.7375943660736084,5.00457170658878,10.273942947387695
2.7211384773254395,4.971970269223675,10.195367813110352
2.7479634284973145,5.057117217519719,10.171002388000488
2.722811460494995,4.9641497492058475,10.275874137878418
2.725541353225708,5.008480415280377,10.168233871459961
2.7604832649230957,4.9735486655762156,10.158208847045898
2.7235450744628906,4.924055255517097,10.229461669921875
2.7631585597991943,5.05151518168194,10.124651908874512
2.733032703399658,5.047611261019483,10.173660278320312
2.6739327907562256,4.906309512576887,10.109543800354004
2.7561779022216797,4.985087169367554,10.226945877075195
2.758321762084961,5.033527749590576,10.158842086791992
2.7508716583251953,4.981493242218026,10.215415954589844
2.749742269515991,4.992749719714213,10.184946060180664
2.73929500579834,4.987132110167294,10.177353858947754
2.704983711242676,5.006879283248314,10.218332290649414
2.7435262203216553,4.966859555836501,10.161693572998047
2.732454776763916,5.002755683647203,10.215210914611816
2.7546374797821045,5.01301844225132,10.241073608398438
2.7387213706970215,5.026000641718773,10.11728286743164
2.761138677597046,5.056178062821606,10.136068344116211
2.74680495262146,5.024156687481861,10.226907730102539
2.7665443420410156,5.006012118621064,10.269503593444824
2.7789251804351807,5.0275968819790124,10.203742980957031
2.766488552093506,5.02926862136727,10.194039344787598
2.782921314239502,5.078006710990199,10.222241401672363
2.725554943084717,5.047692930492173,10.1785306930542
2.7503015995025635,5.002878957328253,10.17068099975586
2.7810730934143066,5.057225367586527,10.161811828613281
2.7700793743133545,5.071072808999037,10.229965209960938
2.7829370498657227,5.064998206050534,10.208133697509766
2.789358615875244,5.0687508408445865,10.270198822021484
2.6991052627563477,4.956561518666733,10.13731861114502
2.7416062355041504,5.019040892033705,10.182526588439941
2.7466912269592285,5.010556075356103,10.200371742248535
2.8243961334228516,5.073139076952689,10.254927635192871
2.725099802017212,5.020004183453108,10.233620643615723
2.6543352603912354,4.9185218107554,10.108964920043945
2.7358126640319824,4.991587300618578,10.221675872802734
2.697486400604248,4.970096257149375,10.216979026794434
2.698202133178711,4.92742630207379,10.183216094970703
2.7233049869537354,5.016004187686901,10.215995788574219
2.767327308654785,5.045651315179255,10.214163780212402
2.7747714519500732,5.048500536974254,10.213994979858398
2.6870551109313965,5.007105702900194,10.143272399902344
2.734334945678711,5.008554349221023,10.083711624145508
2.7516300678253174,5.012307882741359,10.17859935760498
2.7090024948120117,4.998393705181246,10.239972114562988
2.7671682834625244,5.058465626323596,10.187911987304688
2.7658331394195557,5.055188629510147,10.180973052978516
2.764071464538574,5.031024285326047,10.20767879486084
2.7579185962677,5.014868609673743,10.163369178771973
2.763413906097412,5.1125121965804805,10.326729774475098
2.735886812210083,5.019861727786649,10.172304153442383
2.789384603500366,5.150444429467566,10.198143005371094
2.712933301925659,5.007755703059956,10.1607027053833
2.74346661567688,5.0291320619372915,10.260455131530762
2.726696014404297,4.996515011215316,10.134967803955078
2.812941074371338,5.044017651218122,10.198305130004883
2.7349531650543213,5.058303215042023,10.216958999633789
2.752213478088379,5.055079826253599,10.137030601501465
2.723788261413574,5.046509890551013,10.184712409973145
2.790405511856079,5.051336602108287,10.170024871826172
2.7410528659820557,5.033177451430155,10.13763427734375
2.7395007610321045,5.0175688417761455,10.12373161315918
2.7473998069763184,5.072013450520379,10.244959831237793
2.736342191696167,4.991886837341424,10.284778594970703
2.766937494277954,5.015694860734844,10.21501350402832
2.7538678646087646,5.012053147124658,10.229511260986328
2.729933261871338,5.073099060848887,10.196805000305176
2.760143995285034,5.091385045155351,10.24475383758545
2.751044511795044,5.008974373440391,10.226993560791016
2.8085386753082275,5.084390825226104,10.17497444152832
2.733743906021118,4.997467123437672,10.222591400146484
2.7484939098358154,5.018590429199061,10.234516143798828
2.7348642349243164,5.0336990145234655,10.255304336547852
2.7688891887664795,5.063188009063846,10.17424201965332
2.7735471725463867,5.061802770144173,10.17814826965332
2.793510913848877,5.051904922184933,10.222773551940918
2.7616493701934814,5.078804684603321,10.164131164550781
2.672868251800537,4.978409576063443,10.272833824157715
2.7614150047302246,5.024282927392051,10.17219352722168
2.7517738342285156,4.986413817786213,10.161920547485352
2.770231008529663,5.073619414952451,10.146904945373535
2.7336537837982178,5.025214311334171,10.201156616210938
2.7546024322509766,5.057120108810652,10.16258430480957
2.7676315307617188,5.10997297900862,10.195817947387695
2.720714569091797,5.041133398522756,10.17363166809082
2.7279157638549805,5.0168472760290435,10.205150604248047
2.7030296325683594,5.031991489065279,10.26045036315918
2.731825351715088,5.045786715245673,10.16547679901123
2.7226195335388184,4.948322762868234,10.226615905761719
2.7217369079589844,5.006175940124584,10.255387306213379
2.7947640419006348,5.055070402400036,10.125590324401855
2.662717819213867,4.984074935183993,10.228513717651367
2.7634589672088623,5.1036415778965285,10.211393356323242
2.7500853538513184,5.002793331264652,10.181049346923828
2.7551538944244385,5.043735781418426,10.148626327514648
2.7533130645751953,5.0271743177768915,10.199151039123535
2.7447526454925537,5.013467259472235,10.08739185333252
2.7975072860717773,5.069592120258936,10.22108268737793
2.690418004989624,5.005963549417045,10.132506370544434
2.704861640930176,5.003602100769058,10.204983711242676
2.756720542907715,5.064031524916313,10.270045280456543
2.7205264568328857,5.02124787424691,10.276302337646484
2.7455461025238037,5.046979995477678,10.077247619628906
2.7351043224334717,5.052084692354713,10.233322143554688
2.7865190505981445,5.103689400678767,10.205257415771484
2.7583742141723633,5.015497497981414,10.159156799316406
2.7258307933807373,5.000762177930612,10.139888763427734
2.731135368347168,5.025882184804817,10.20825481414795
2.7119688987731934,4.916415179115055,10.137115478515625
2.705129623413086,4.988781322459025,10.183361053466797
2.76129150390625,5.111235597337197,10.189494132995605
2.7059848308563232,5.00018186055656,10.156627655029297
2.7463278770446777,5.0650332440356065,10.21782112121582
2.689249038696289,4.981539211967694,10.097772598266602
2.7587640285491943,5.0469114788408795,10.247269630432129
2.7028732299804688,4.982971280181248,10.168116569519043
2.766880512237549,5.060486314452386,10.159326553344727
2.7141904830932617,5.084639740376068,10.200960159301758
2.7415201663970947,5.001337744195813,10.136012077331543
2.764191150665283,5.12297233177482,10.177125930786133
2.7367231845855713,5.119992083503998,10.21707534790039
2.7087674140930176,4.972653393068218,10.190093994140625
2.7076773643493652,5.086771577896019,10.198899269104004
2.7294344902038574,4.9926220026931585,10.186483383178711
2.6708827018737793,4.974538991460577,10.189395904541016
2.7394087314605713,5.0783200941514215,10.221430778503418
2.71584153175354,5.042095317172685,10.147811889648438
2.7182374000549316,5.021423354146203,10.186026573181152
2.763307571411133,5.113182555085846,10.237448692321777
2.734402894973755,5.09997892516133,10.196516990661621
2.7513949871063232,5.033845354836168,10.176924705505371
2.718437671661377,4.978971176814022,10.179498672485352
2.685288667678833,5.007681324911703,10.225669860839844
2.7085630893707275,5.042898545341034,10.170130729675293
2.7407302856445312,5.060910578251683,10.112985610961914
2.737968683242798,5.073604630173317,10.147138595581055
2.6865415573120117,5.03350860615527,10.168069839477539
2.6951661109924316,5.051401786273345,10.238481521606445
2.7377305030822754,5.0368964733955055,10.220398902893066
2.783905267715454,5.0931860095089565,10.093449592590332
2.698651075363159,5.050826536724344,10.176032066345215
2.7233939170837402,5.134721718296142,10.178834915161133
2.7476751804351807,5.083677414239251,10.173697471618652
2.7467544078826904,5.0915928320693125,10.236921310424805
2.701899766921997,5.02677825479103,10.257686614990234
2.7093565464019775,5.034429666054036,10.240806579589844
2.712952136993408,5.130652429336417,10.166143417358398
2.736846923828125,5.057001756903316,10.249615669250488
2.7570064067840576,5.053440121601202,10.140005111694336
2.6971898078918457,5.061189059633762,10.201602935791016
2.7491846084594727,5.004142218668545,10.215205192565918
2.695594072341919,5.004140789387748,10.10146427154541
2.7166826725006104,5.062601699493825,10.220239639282227
2.713449239730835,5.033437077388434,10.182855606079102
2.7237017154693604,5.137267824428688,10.190749168395996
2.7132742404937744,5.0542837051076015,10.199889183044434
2.6794190406799316,5.0218419624559045,10.20411205291748
2.713547468185425,5.019272217028109,10.108465194702148
2.779132127761841,5.10984336727831,10.189836502075195
2.7321131229400635,5.093617402516039,10.164395332336426
2.7266573905944824,5.06228514747428,10.30492877960205
2.72196364402771,5.006891797296702,10.22916316986084
2.733494997024536,5.0419248976146,10.240887641906738
2.6990089416503906,5.077716373106731,10.184948921203613
2.7387313842773438,5.114913834757838,10.18660831451416
2.735011339187622,5.131670491969479,10.250204086303711
2.7035253047943115,4.981504090230114,10.174765586853027
2.6861977577209473,5.007827888010069,10.202494621276855
2.7457034587860107,5.073135637046237,10.16063117980957
2.7044529914855957,5.044188030064105,10.216861724853516
2.7084741592407227,5.071439954552001,10.17976188659668
2.6808769702911377,5.015955873232867,10.242650032043457
2.7107455730438232,5.016496832715348,10.17272663116455
2.686450481414795,4.989874730817974,10.185418128967285
2.70284104347229,5.080835549293884,10.235260009765625
2.7209038734436035,4.998586101191385,10.239707946777344
2.737338066101074,5.119110623274797,10.188929557800293
2.7342450618743896,5.052635538923953,10.29052734375
2.729253053665161,5.078684833665777,10.144960403442383
2.652803897857666,5.070781099909385,10.159849166870117
2.7797281742095947,5.125019730501143,10.209790229797363
2.736926555633545,5.067157037888786,10.164413452148438
2.809631109237671,5.150018413152013,10.150716781616211
2.7377591133117676,5.0598773418792655,10.230545997619629
2.750210762023926,5.102535189195935,10.212857246398926
2.691309928894043,5.0463729012491445,10.165252685546875
2.7673532962799072,5.082695444214291,10.122143745422363
2.679008960723877,5.053929878831176,10.212400436401367
2.7479259967803955,5.145438873408628,10.169032096862793
2.726891040802002,5.051845095785601,10.138715744018555
2.702604293823242,5.052340874947341,10.136820793151855
2.705810785293579,5.0815399074261745,10.167988777160645
2.6613903045654297,5.000474230951763,10.23086929321289
2.6274309158325195,4.961625803794179,10.204700469970703
2.721353054046631,5.098501314675169,10.155757904052734
2.708692789077759,5.021710613875517,10.237176895141602
2.7099721431732178,5.069541149107474,10.202840805053711
2.757105588912964,5.100549689361027,10.196621894836426
2.725466251373291,5.02543569968215,10.231695175170898
2.664442777633667,5.039575409842655,10.214115142822266
2.7603437900543213,5.063118289989818,10.129137992858887
2.7324881553649902,5.0877091349767785,10.220112800598145
2.7214291095733643,5.09984801383689,10.119439125061035
2.7237303256988525,5.10132193093055,10.119863510131836
2.722388744354248,5.139120068766975,10.173554420471191
2.7343764305114746,5.099663936732602,10.195889472961426
2.69944429397583,5.0461332491998165,10.161857604980469
2.711824893951416,5.094366449064442,10.19039535522461
2.7044501304626465,5.0433539051695595,10.185714721679688
2.7498366832733154,5.123290055564471,10.169233322143555
2.683189868927002,5.117195826655785,10.173910140991211
2.7132089138031006,5.049626266916416,10.247523307800293
2.7448837757110596,5.110125400292287,10.186288833618164
2.724290370941162,5.121305038254442,10.098435401916504
2.708361864089966,5.0859356564469635,10.214997291564941
2.7355895042419434,5.054412132894088,10.198752403259277
2.6921439170837402,5.08958128899602,10.22292709350586
2.7202212810516357,5.149583627170484,10.120222091674805
2.6863749027252197,5.0822778286611925,10.220473289489746
2.740278720855713,5.077142452056121,10.15831470489502
2.7192037105560303,5.107584428740665,10.171109199523926
2.7661943435668945,5.119919134969157,10.119012832641602
2.689049243927002,5.0263396806881895,10.174575805664062
2.7458813190460205,5.073523104423656,10.2207612991333
2.695216417312622,5.0891546632296265,10.092975616455078
2.707962989807129,5.136651081897851,10.102882385253906
2.730778932571411,5.0832561438770165,10.192201614379883
2.6972708702087402,5.098231601861439,10.191703796386719
2.716090440750122,5.154717744860266,10.174684524536133
2.7066590785980225,5.046871897564935,10.142599105834961
2.6953697204589844,4.98853255472412,10.176090240478516
2.71768856048584,5.01998629800177,10.193428039550781
2.6954808235168457,5.015416487053568,10.186447143554688
2.7250900268554688,5.047014267516455,10.193830490112305
2.6954777240753174,5.041399715568072,10.223711967468262
2.735102653503418,5.148487963946536,10.089611053466797
2.7619071006774902,5.117536677180656,10.138360977172852
2.7149417400360107,5.119380853471479,10.15085506439209
2.7363483905792236,5.100991271768829,10.237135887145996
2.6898226737976074,5.037822152820549,10.198179244995117
2.682023286819458,5.075335493477593,10.191980361938477
2.7013936042785645,5.0922550999426415,10.124244689941406
2.7680578231811523,5.18412005931272,10.221189498901367
2.6590301990509033,5.09275210888258,10.163400650024414
2.7494494915008545,5.225512615471547,10.20437240600586
2.694406509399414,5.1036584382278045,10.271413803100586
2.69877552986145,5.08451368666387,10.186062812805176
2.678635597229004,5.103566197345832,10.226971626281738
2.7063722610473633,4.988029973647956,10.199005126953125
2.714555025100708,5.132681042587916,10.132903099060059
2.711707353591919,5.088785696475367,10.169455528259277
2.683743476867676,5.130303594682897,10.200145721435547
2.682192325592041,5.086682063893282,10.252176284790039
2.69084095954895,5.089415146270768,10.18402099609375
2.7242469787597656,5.187141808448359,10.173669815063477
2.7068331241607666,5.027873925831434,10.242368698120117
2.7048540115356445,5.037747505553332,10.178466796875
2.7816355228424072,5.221383749873244,10.128714561462402
2.6250507831573486,5.026847925502806,10.196786880493164
2.709404945373535,5.0940926169777025,10.131783485412598
2.64373779296875,5.029891548079572,10.206031799316406
2.664440631866455,5.0021610562024375,10.235994338989258
2.6935930252075195,5.069142255499692,10.122757911682129
2.751296281814575,5.1274023462153435,10.237078666687012
2.685845136642456,5.0570737906132965,10.221015930175781
2.7244813442230225,5.110956488676104,10.154252052307129
2.724055767059326,5.0568753576039205,10.228189468383789
2.739931344985962,5.140073938428292,10.109112739562988
2.672741651535034,5.119365035123857,10.17269515991211
2.7434885501861572,5.083660669391975,10.093045234680176
2.7678070068359375,5.118895799786384,10.144720077514648
2.6914563179016113,5.1362169231288135,10.177313804626465
2.717318296432495,5.05477402552164,10.157737731933594
2.722158670425415,5.074920819839463,10.242817878723145
2.722015619277954,5.093893425306305,10.211442947387695
2.664524555206299,5.053267887560651,10.164948463439941
2.7313530445098877,5.069301243804928,10.104585647583008
2.71752667427063,5.054692593336638,10.185447692871094
2.7179906368255615,5.105843215848187,10.188217163085938
2.6734395027160645,5.113839348212684,10.171463966369629
2.7293617725372314,5.1288838158029,10.194597244262695
2.6786692142486572,5.122038668853097,10.200889587402344
2.6671628952026367,5.0716234129920075,10.17381477355957
2.7118093967437744,5.092341636507107,10.160540580749512
2.6780788898468018,5.141523504662992,10.157647132873535
2.71936297416687,5.093205653829501,10.237571716308594
2.751560926437378,5.123175852532898,10.16653823852539
2.696253776550293,5.0524173005417525,10.262413024902344
2.624501943588257,5.041626180189529,10.199724197387695
2.7073440551757812,5.129528001183645,10.182793617248535
2.7398295402526855,5.175656378102889,10.184430122375488
2.7205591201782227,5.140476510427626,10.151249885559082
2.7459709644317627,5.162379236459466,10.153514862060547
2.6411378383636475,5.037278605126111,10.163005828857422
2.661940336227417,5.011574073062678,10.174835205078125
2.69712495803833,5.105913511876548,10.059198379516602
2.699256420135498,5.057576685279075,10.211883544921875
2.726646900177002,5.121803297694507,10.126493453979492
2.7520923614501953,5.177838677008237,10.22488784790039
2.7194125652313232,5.144598514274029,10.107467651367188
2.664116382598877,5.035996995866299,10.19249439239502
2.683284282684326,5.016372658611675,10.232767105102539
2.66994309425354,5.037050050882889,10.176528930664062
2.686514377593994,5.1309112687262575,10.24857234954834
2.71819806098938,5.144372980709055,10.202796936035156
2.6394176483154297,5.051301974969516,10.217710494995117
2.6999051570892334,5.1529752660675765,10.174314498901367
2.674466133117676,5.141083869717217,10.180465698242188
2.7347140312194824,5.107602319014924,10.20758056640625
2.704984426498413,5.106725946334857,10.224407196044922
2.663784980773926,5.086198974766636,10.191831588745117
2.6618776321411133,5.089102766310263,10.175137519836426
2.744239330291748,5.136628151206033,10.22640323638916
2.739096164703369,5.185093919779839,10.23619556427002
2.6848785877227783,5.020758509569402,10.276633262634277
2.6879477500915527,5.074578836726557,10.245166778564453
2.6373369693756104,5.0154712620257795,10.188754081726074
2.681302547454834,5.1285911922875265,10.200072288513184
2.7172532081604004,5.099570393096656,10.156614303588867
2.703457832336426,5.120192174300818,10.162698745727539
2.6645455360412598,5.021120043238624,10.125732421875
2.644376516342163,5.008452975656837,10.172163963317871
2.7097268104553223,5.103459642568071,10.168582916259766
2.6731882095336914,5.156249294988811,10.22134780883789
2.698140859603882,5.035781507147476,10.2022066116333
2.6897199153900146,5.128287290222943,10.17578125
2.669245719909668,5.070370359845193,10.222956657409668
2.6584603786468506,5.109351650412594,10.184784889221191
2.7349162101745605,5.11037657379971,10.142157554626465
2.7450220584869385,5.181788378062525,10.147378921508789
2.6606311798095703,5.062377021315374,10.160355567932129
2.6695783138275146,5.1163686608030865,10.228201866149902
2.7191991806030273,5.115373364716236,10.157944679260254
2.6834678649902344,5.163872207647988,10.242056846618652
2.732412338256836,5.115271273069084,10.197601318359375
2.6715452671051025,5.076462671193959,10.282529830932617
2.6832692623138428,5.083516253557588,10.121530532836914
2.7123231887817383,5.065046813538563,10.198025703430176
2.6730434894561768,5.083238513574804,10.209336280822754
2.716198205947876,5.109459353843704,10.13131332397461
2.711236000061035,5.099410661130345,10.257750511169434
2.7064599990844727,5.103418213415092,10.161857604980469
2.6687204837799072,5.080790905315163,10.18594741821289
2.718059778213501,5.110421764664352,10.127908706665039
2.655575752258301,5.167055785024006,10.132949829101562
2.6491100788116455,5.101025151787326,10.195849418640137
2.6787750720977783,5.097072869639045,10.1754732131958
2.7044079303741455,5.119760288524308,10.178702354431152
2.6425299644470215,5.048218952957541,10.169609069824219
2.6851179599761963,5.00032626684489,10.216235160827637
2.713529109954834,5.173073104848819,10.209922790527344
2.602231025695801,5.089788850995578,10.166428565979004
2.699159622192383,5.14833590411581,10.101468086242676
2.6782829761505127,5.141307510435581,10.179311752319336
2.6803829669952393,5.11748763732612,10.126273155212402
2.710939884185791,5.126471509026098,10.260883331298828
2.7293541431427,5.082926845643669,10.116488456726074
2.7311127185821533,5.2054574086131264,10.210329055786133
2.6644747257232666,5.056445900417332,10.172069549560547
2.689089059829712,5.154156666115991,10.20578670501709
2.6931982040405273,5.099367112786109,10.189508438110352
2.6791250705718994,5.1242892924762735,10.240946769714355
2.708345651626587,5.127768028128361,10.121907234191895
2.652432441711426,5.083388067648879,10.212069511413574
2.6618597507476807,5.135503605141172,10.187002182006836
2.728994131088257,5.145727079328415,10.152556419372559
2.710754156112671,5.1145304930063755,10.214376449584961
2.748553514480591,5.132633366854862,10.194829940795898
2.6708433628082275,5.031945883695569,10.173592567443848
2.680123805999756,5.135154436142849,10.242158889770508
2.7052626609802246,5.086853483359196,10.183479309082031
2.6617271900177,5.102578770236246,10.213340759277344
2.6522741317749023,5.108036177399169,10.195690155029297
2.6626172065734863,5.113538312193539,10.153972625732422
2.6394431591033936,5.12764400197193,10.13457202911377
2.678361415863037,5.115868682640472,10.2039155960083
2.6946303844451904,5.165096493970069,10.196791648864746
2.747415065765381,5.197938100933762,10.14928913116455
2.6938626766204834,5.142879612677332,10.135979652404785
2.642833948135376,5.043671218811401,10.274349212646484
2.690340757369995,5.130700740131683,10.242841720581055
2.695314407348633,5.155577381973022,10.193873405456543
2.692678928375244,5.1036859474677065,10.103336334228516
2.73399019241333,5.181975021426167,10.163875579833984
2.6726396083831787,5.146851668533469,10.113200187683105
2.683622360229492,5.158727303080792,10.19490909576416
2.711664915084839,5.139296148637576,10.220736503601074
2.683328866958618,5.105003813581009,10.16602611541748
2.665541172027588,5.095090001222811,10.170212745666504
2.703974485397339,5.178675699214051,10.192573547363281
2.726182222366333,5.107295773357951,10.272598266601562
2.6638381481170654,5.125383578240871,10.218526840209961
2.669269323348999,5.1294321997556835,10.231023788452148
2.7149903774261475,5.182081112638116,10.155136108398438
2.67124342918396,5.114019142630111,10.165428161621094
2.685002565383911,5.140175516484305,10.125436782836914
2.651801347732544,5.022797189386828,10.232105255126953
2.6913914680480957,5.129059312898399,10.19521427154541
2.7136387825012207,5.12498807853886,10.216477394104004
2.7310447692871094,5.1492336435310015,10.213730812072754
2.701698064804077,5.092231084891994,10.180789947509766
2.667316198348999,5.121397052326106,10.183430671691895
2.661128282546997,5.132899347326851,10.163440704345703
2.672492742538452,5.137249788801585,10.178516387939453
2.6601760387420654,5.020219252810681,10.191123008728027
2.6569554805755615,5.101206809847749,10.090435028076172
2.6900970935821533,5.096499373138483,10.10881233215332
2.7064223289489746,5.1735661655132255,10.123856544494629
2.641247510910034,5.047930939921311,10.180601119995117
2.6762914657592773,5.1538497640618255,10.27723503112793
2.6654791831970215,5.094028707128018,10.243101119995117
2.667362928390503,5.111751371695261,10.207376480102539
2.6571273803710938,5.0764888245945,10.213998794555664
2.6940808296203613,5.168712107132057,10.229032516479492
2.6602065563201904,5.096099747577682,10.200898170471191
2.640183448791504,5.01497767759221,10.204391479492188
2.6426706314086914,5.082283836223983,10.19211196899414
2.7268259525299072,5.136489059776068,10.187859535217285
2.710181951522827,5.155996471809756,10.224527359008789
2.6689765453338623,5.130879165305357,10.181373596191406
2.686722755432129,5.1857010750100025,10.14048957824707
2.6768605709075928,5.15339234601041,10.16396713256836
2.6984097957611084,5.139779385678204,10.233038902282715
2.666717767715454,5.158121234005583,10.090181350708008
2.696765899658203,5.130211182271263,10.195028305053711
2.703447103500366,5.214392567652145,10.16465950012207
2.607048273086548,5.057659924529227,10.188138961791992
2.7235093116760254,5.214002212309944,10.112639427185059
2.693999767303467,5.202665763042336,10.159711837768555
2.6906614303588867,5.205696918336408,10.231940269470215
2.631174087524414,5.144254616262125,10.121428489685059
2.675947427749634,5.141891582669423,10.14300537109375
2.6775083541870117,5.08186566274214,10.254465103149414
2.6296045780181885,5.102677792077884,10.196554183959961
